# File generated by CMD 3.9 (http://stev.oapd.inaf.it/cmd) on Thu Apr 30 03:43:08 UTC 2026
# isochrones based on PARSEC release v1.2S +  COLIBRI S_37 + S_35 + PR16
# Basic references: Bressan et al. (2012), MNRAS, 427, 127 + Chen et al. (2014, 2015), MNRAS, 444, 2525 + MNRAS, 452, 1068 + Tang et al. (2014), MNRAS, 445, 4287 + Marigo et al. (2017), ApJ, 835, 77 + Pastorelli al. (2019), MNRAS, 485, 5666 + Pastorelli al. (2020), MNRAS, in press
# Thermal pulse cycles included 
# On RGB, assumed Reimers mass loss with efficiency eta=0.2
# LPV periods and growth rates added cf. Trabucchi et al. (2019)
# but fundamental-mode LPV periods + transition are from Trabucchi et al. (2021)
# Photometric system: <i>UBVRIJHK</i> (cf. Maiz-Apellaniz 2006 + Bessell 1990)
# Using YBC version of bolometric corrections as in Chen et al. (2019)
# O-rich circumstellar dpmod60alox40 dust from Groenewegen (2006)
# C-rich circumstellar AMCSIC15 dust from Groenewegen (2006)
# IMF: Kroupa (2001, 2002) + Kroupa et al. (2013) canonical two-part-power law IMF corrected for unresolved binaries 
# Kind of output: isochrone tables
# Zini     MH   logAge Mini        int_IMF         Mass   logL    logTe  logg  label   McoreTP C_O  period0  period1  period2  period3  period4  pmode  Mloss  tau1m   X   Y   Xc  Xn  Xo  Cexcess  Z 	 mbolmag  Umag    Bmag    Vmag    Rmag    Imag    Jmag    Hmag    Kmag
0.06 0.69525 9.00000 0.1000000015 1.1711064122    0.100 -3.253  3.3623  5.093    0  0.000  0.545     0.00     0.00     0.00     0.00     0.00 -1 -6.34e-17      0.00 5.839e-01 3.561e-01 1.079e-02 2.911e-03 2.640e-02 -1.000 6.000e-02 12.903 21.323 19.308 17.654 15.678 13.502 10.798 10.218 9.865
0.06 0.69525 9.00000 0.1199999973 1.3193154249    0.120 -3.051  3.3837  5.054    0  0.000  0.545     0.00     0.00     0.00     0.00     0.00 -1 -9.67e-17      0.00 5.838e-01 3.562e-01 1.079e-02 2.911e-03 2.640e-02 -1.000 6.000e-02 12.396 20.741 18.770 17.131 15.166 12.994 10.292 9.714 9.358
0.06 0.69525 9.00000 0.1241446808 1.3460338613    0.124 -3.018  3.3870  5.050    0  0.000  0.545     0.00     0.00     0.00     0.00     0.00 -1 -1.03e-16      0.00 5.838e-01 3.562e-01 1.079e-02 2.911e-03 2.640e-02 -1.000 6.000e-02 12.316 20.653 18.687 17.049 15.085 12.914 10.211 9.634 9.278
0.06 0.69525 9.00000 0.1400000006 1.4384526719    0.140 -2.894  3.3991  5.027    0  0.000  0.545     0.00     0.00     0.00     0.00     0.00 -1 -1.32e-16      0.00 5.838e-01 3.562e-01 1.079e-02 2.911e-03 2.640e-02 -1.000 6.000e-02 12.006 20.295 18.357 16.728 14.771 12.604 9.901 9.326 8.968
0.06 0.69525 9.00000 0.1599999964 1.5372931554    0.160 -2.765  3.4109  5.003    0  0.000  0.545     0.00     0.00     0.00     0.00     0.00 -1 -1.72e-16      0.00 5.838e-01 3.562e-01 1.079e-02 2.911e-03 2.640e-02 -1.000 6.000e-02 11.683 19.926 18.015 16.395 14.445 12.281 9.579 9.005 8.645
0.06 0.69525 9.00000 0.1933609545 1.6708573754    0.193 -2.590  3.4260  4.971    0  0.000  0.545     0.00     0.00     0.00     0.00     0.00 -1 -2.41e-16      0.00 5.837e-01 3.563e-01 1.079e-02 2.911e-03 2.640e-02 -1.000 6.000e-02 11.246 18.987 17.230 15.654 13.807 11.712 9.159 8.587 8.233
0.06 0.69525 9.00000 0.2000000030 1.6938790862    0.200 -2.559  3.4287  4.965    0  0.000  0.545     0.00     0.00     0.00     0.00     0.00 -1 -2.56e-16      0.00 5.837e-01 3.563e-01 1.079e-02 2.911e-03 2.640e-02 -1.000 6.000e-02 11.168 18.760 17.046 15.483 13.666 11.592 9.086 8.515 8.163
0.06 0.69525 9.00000 0.2085665017 1.7221575399    0.209 -2.519  3.4327  4.959    0  0.000  0.545     0.00     0.00     0.00     0.00     0.00 -1 -2.76e-16      0.00 5.837e-01 3.563e-01 1.079e-02 2.911e-03 2.640e-02 -1.000 6.000e-02 11.068 18.462 16.801 15.255 13.480 11.435 8.993 8.422 8.074
0.06 0.69525 9.00000 0.2586411834 1.8617793633    0.259 -2.314  3.4526  4.927    0  0.000  0.545     0.00     0.00     0.00     0.00     0.00 -1 -4.13e-16      0.00 5.835e-01 3.565e-01 1.079e-02 2.911e-03 2.640e-02 -1.000 6.000e-02 10.555 17.082 15.641 14.168 12.569 10.670 8.519 7.947 7.618
0.06 0.69525 9.00000 0.2623204589 1.8706330542    0.262 -2.300  3.4536  4.923    0  0.000  0.545     0.00     0.00     0.00     0.00     0.00 -1 -4.25e-16      0.00 5.835e-01 3.565e-01 1.079e-02 2.911e-03 2.640e-02 -1.000 6.000e-02 10.521 17.007 15.576 14.106 12.515 10.624 8.487 7.914 7.586
0.06 0.69525 9.00000 0.2879477739 1.9281273748    0.288 -2.217  3.4603  4.907    0  0.000  0.545     0.00     0.00     0.00     0.00     0.00 -1 -5.01e-16      0.00 5.836e-01 3.564e-01 1.079e-02 2.911e-03 2.640e-02 -1.000 6.000e-02 10.312 16.540 15.169 13.712 12.175 10.339 8.292 7.718 7.397
0.06 0.69525 9.00000 0.3000000417 1.9529140366    0.300 -2.182  3.4635  4.903    0  0.000  0.545     0.00     0.00     0.00     0.00     0.00 -1 -5.36e-16      0.00 5.836e-01 3.564e-01 1.079e-02 2.911e-03 2.640e-02 -1.000 6.000e-02 10.225 16.344 14.996 13.547 12.033 10.220 8.212 7.636 7.319
0.06 0.69525 9.00000 0.3132155240 1.9786467247    0.313 -2.135  3.4672  4.890    0  0.000  0.545     0.00     0.00     0.00     0.00     0.00 -1 -5.91e-16      0.00 5.837e-01 3.563e-01 1.079e-02 2.911e-03 2.640e-02 -1.000 6.000e-02 10.109 16.098 14.780 13.343 11.856 10.068 8.103 7.526 7.213
0.06 0.69525 9.00000 0.3499999940 2.0434174644    0.350 -2.018  3.4768  4.859    0  0.000  0.545     0.00     0.00     0.00     0.00     0.00 -1 -7.58e-16      0.00 5.839e-01 3.561e-01 1.079e-02 2.911e-03 2.640e-02 -1.000 6.000e-02 9.815 15.495 14.243 12.832 11.410 9.689 7.830 7.247 6.947
0.06 0.69525 9.00000 0.3589610457 2.0578646484    0.359 -1.989  3.4796  4.852    0  0.000  0.545     0.00     0.00     0.00     0.00     0.00 -1 -8.07e-16      0.00 5.839e-01 3.561e-01 1.079e-02 2.911e-03 2.640e-02 -1.000 6.000e-02 9.742 15.336 14.102 12.698 11.293 9.591 7.762 7.178 6.881
0.06 0.69525 9.00000 0.4000000060 2.1185024399    0.400 -1.865  3.4916  4.824    0  0.000  0.545     0.00     0.00     0.00     0.00     0.00 -1 -1.05e-15      0.00 5.840e-01 3.560e-01 1.079e-02 2.911e-03 2.640e-02 -1.000 6.000e-02 9.434 14.718 13.534 12.144 10.806 9.194 7.482 6.886 6.605
0.06 0.69525 9.00000 0.4500000179 2.1822809362    0.450 -1.717  3.5066  4.787    0  0.000  0.545     0.00     0.00     0.00     0.00     0.00 -1 -1.45e-15      0.00 5.840e-01 3.560e-01 1.079e-02 2.911e-03 2.640e-02 -1.000 6.000e-02 9.063 14.028 12.887 11.535 10.269 8.736 7.145 6.528 6.266
0.06 0.69525 9.00000 0.5000000596 2.2374542144    0.500 -1.567  3.5228  4.747    0  0.000  0.545     0.00     0.00     0.00     0.00     0.00 -1 -2.04e-15      0.00 5.840e-01 3.560e-01 1.079e-02 2.911e-03 2.640e-02 -1.000 6.000e-02 8.687 13.381 12.250 10.921 9.726 8.280 6.811 6.167 5.922
0.06 0.69525 9.00000 0.5440570712 2.2786760266    0.544 -1.433  3.5384  4.712    0  0.000  0.545     0.00     0.00     0.00     0.00     0.00 -1 -2.77e-15      0.00 5.866e-01 3.538e-01 1.072e-02 2.892e-03 2.623e-02 -1.000 5.965e-02 8.353 12.845 11.696 10.401 9.268 7.881 6.514 5.845 5.617
0.06 0.69525 9.00000 0.5500000715 2.2836583126    0.550 -1.416  3.5404  4.708    0  0.000  0.545     0.00     0.00     0.00     0.00     0.00 -1 -2.88e-15      0.00 5.867e-01 3.537e-01 1.072e-02 2.891e-03 2.622e-02 -1.000 5.962e-02 8.311 12.779 11.626 10.334 9.209 7.830 6.476 5.804 5.578
0.06 0.69525 9.00000 0.5559781790 2.2885466517    0.556 -1.397  3.5432  4.704    0  0.000  0.545     0.00     0.00     0.00     0.00     0.00 -1    -3e-15      0.00 5.868e-01 3.536e-01 1.071e-02 2.891e-03 2.622e-02 -1.000 5.962e-02 8.263 12.702 11.540 10.251 9.137 7.771 6.435 5.760 5.536
0.06 0.69525 9.00000 0.6000000238 2.3211213258    0.600 -1.262  3.5629  4.681    0  0.000  0.545     0.00     0.00     0.00     0.00     0.00 -1 -4.05e-15      0.00 5.871e-01 3.533e-01 1.071e-02 2.889e-03 2.620e-02 -1.000 5.956e-02 7.925 12.181 10.936 9.647 8.609 7.357 6.150 5.451 5.248
0.06 0.69525 9.00000 0.6130819917 2.3297707719    0.613 -1.220  3.5699  4.677    0  0.000  0.545     0.00     0.00     0.00     0.00     0.00 -1 -4.44e-15      0.00 5.873e-01 3.532e-01 1.071e-02 2.888e-03 2.619e-02 -1.000 5.952e-02 7.820 12.019 10.734 9.435 8.423 7.226 6.067 5.361 5.166
0.06 0.69525 9.00000 0.6368222833 2.3444284931    0.637 -1.146  3.5823  4.669    0  0.000  0.545     0.00     0.00     0.00     0.00     0.00 -1 -5.21e-15      0.00 5.875e-01 3.531e-01 1.070e-02 2.887e-03 2.618e-02 -1.000 5.947e-02 7.635 11.734 10.384 9.079 8.109 7.002 5.915 5.205 5.025
0.06 0.69525 9.00000 0.6499999762 2.3520353107    0.650 -1.106  3.5892  4.665    0  0.000  0.545     0.00     0.00     0.00     0.00     0.00 -1 -5.68e-15      0.00 5.875e-01 3.530e-01 1.070e-02 2.887e-03 2.618e-02 -1.000 5.946e-02 7.535 11.580 10.193 8.883 7.934 6.882 5.835 5.125 4.953
0.06 0.69525 9.00000 0.7000000477 2.3779267258    0.700 -0.957  3.6151  4.653    1  0.000  0.545     0.00     0.00     0.00     0.00     0.00 -1 -7.82e-15      0.00 5.879e-01 3.527e-01 1.069e-02 2.884e-03 2.616e-02 -1.000 5.946e-02 7.163 10.980 9.490 8.193 7.309 6.458 5.532 4.841 4.700
0.06 0.69525 9.00000 0.7068547010 2.3811494560    0.707 -0.935  3.6200  4.654    1  0.000  0.544     0.00     0.00     0.00     0.00     0.00 -1 -8.17e-15      0.00 5.880e-01 3.526e-01 1.067e-02 2.882e-03 2.615e-02 -1.000 5.944e-02 7.108 10.877 9.374 8.083 7.209 6.396 5.491 4.802 4.668
0.06 0.69525 9.00000 0.7500000000 2.3998889087    0.750 -0.801  3.6500  4.666    1  0.000  0.538     0.00     0.00     0.00     0.00     0.00 -1 -1.06e-14      0.00 5.881e-01 3.525e-01 1.055e-02 2.879e-03 2.615e-02 -1.000 5.939e-02 6.773 10.095 8.667 7.447 6.642 6.033 5.242 4.607 4.503
0.06 0.69525 9.00000 0.7956522107 2.4171943591    0.795 -0.689  3.6650  4.640    1  0.000  0.538     0.00     0.00     0.00     0.00     0.00 -1 -1.38e-14      0.00 5.886e-01 3.520e-01 1.053e-02 2.876e-03 2.612e-02 -1.000 5.938e-02 6.492 9.493 8.192 7.036 6.280 5.743 5.007 4.419 4.324
0.06 0.69525 9.00000 0.8413043618 2.4323579464    0.841 -0.577  3.6806  4.614    1  0.000  0.538     0.00     0.00     0.00     0.00     0.00 -1 -1.78e-14      0.00 5.891e-01 3.516e-01 1.052e-02 2.872e-03 2.609e-02 -1.000 5.926e-02 6.212 8.867 7.718 6.636 5.938 5.454 4.774 4.237 4.149
0.06 0.69525 9.00000 0.8869565725 2.4457406105    0.886 -0.471  3.6954  4.590    1  0.000  0.538     0.00     0.00     0.00     0.00     0.00 -1 -2.28e-14      0.00 5.897e-01 3.511e-01 1.050e-02 2.868e-03 2.605e-02 -1.000 5.922e-02 5.948 8.293 7.290 6.276 5.635 5.186 4.558 4.065 3.984
0.06 0.69525 9.00000 0.9310361147 2.4572405870    0.930 -0.369  3.7093  4.564    1  0.000  0.538     0.00     0.00     0.00     0.00     0.00 -1  -2.9e-14      0.00 5.904e-01 3.505e-01 1.049e-02 2.864e-03 2.601e-02 -1.000 5.915e-02 5.691 7.755 6.893 5.941 5.350 4.931 4.349 3.896 3.822
0.06 0.69525 9.00000 0.9326086640 2.4576278163    0.932 -0.365  3.7097  4.563    1  0.000  0.538     0.00     0.00     0.00     0.00     0.00 -1 -2.93e-14      0.00 5.904e-01 3.504e-01 1.049e-02 2.864e-03 2.601e-02 -1.000 5.915e-02 5.682 7.737 6.880 5.930 5.340 4.922 4.342 3.890 3.817
0.06 0.69525 9.00000 0.9782608747 2.4682482635    0.978 -0.263  3.7229  4.535    1  0.000  0.537     0.00     0.00     0.00     0.00     0.00 -1 -3.74e-14      0.00 5.912e-01 3.498e-01 1.046e-02 2.858e-03 2.596e-02 -1.000 5.901e-02 5.428 7.241 6.511 5.614 5.067 4.673 4.135 3.718 3.652
0.06 0.69525 9.00000 0.9797664285 2.4685791753    0.979 -0.260  3.7233  4.534    1  0.000  0.537     0.00     0.00     0.00     0.00     0.00 -1 -3.76e-14      0.00 5.913e-01 3.497e-01 1.046e-02 2.858e-03 2.596e-02 -1.000 5.901e-02 5.420 7.226 6.499 5.604 5.058 4.665 4.129 3.713 3.646
0.06 0.69525 9.00000 1.0239129066 2.4777869913    1.023 -0.165  3.7348  4.505    1  0.000  0.537     0.00     0.00     0.00     0.00     0.00 -1 -4.58e-14      0.00 5.923e-01 3.489e-01 1.044e-02 2.851e-03 2.590e-02 -1.000 5.883e-02 5.183 6.790 6.170 5.321 4.809 4.435 3.936 3.549 3.488
0.06 0.69525 9.00000 1.0695651770 2.4863954431    1.069 -0.070  3.7457  4.472    1  0.000  0.538     0.00     0.00     0.00     0.00     0.00 -1 -5.39e-14      0.00 5.934e-01 3.479e-01 1.042e-02 2.845e-03 2.584e-02 -1.000 5.871e-02 4.946 6.368 5.851 5.044 4.564 4.209 3.742 3.382 3.326
0.06 0.69525 9.00000 1.1152173281 2.4941984324    1.114  0.021  3.7556  4.439    1  0.000  0.537     0.00     0.00     0.00     0.00     0.00 -1 -6.28e-14      0.00 5.944e-01 3.470e-01 1.040e-02 2.839e-03 2.579e-02 -1.000 5.862e-02 4.718 5.980 5.552 4.785 4.334 3.995 3.557 3.220 3.169
0.06 0.69525 9.00000 1.1608695984 2.5012998952    1.160  0.108  3.7643  4.404    1  0.000  0.537     0.00     0.00     0.00     0.00     0.00 -1 -7.21e-14      0.00 5.960e-01 3.455e-01 1.036e-02 2.830e-03 2.571e-02 -1.000 5.848e-02 4.501 5.630 5.274 4.542 4.116 3.792 3.379 3.062 3.016
0.06 0.69525 9.00000 1.2065217495 2.5077868843    1.206  0.190  3.7723  4.370    1  0.000  0.537     0.00     0.00     0.00     0.00     0.00 -1 -8.15e-14      0.00 5.981e-01 3.437e-01 1.031e-02 2.818e-03 2.560e-02 -1.000 5.826e-02 4.294 5.314 5.013 4.315 3.911 3.600 3.209 2.910 2.868
0.06 0.69525 9.00000 1.2206022739 2.5096754170    1.220  0.215  3.7746  4.360    1  0.000  0.537     0.00     0.00     0.00     0.00     0.00 -1 -8.42e-14      0.00 5.989e-01 3.429e-01 1.029e-02 2.813e-03 2.556e-02 -1.000 5.815e-02 4.232 5.222 4.937 4.248 3.850 3.543 3.159 2.864 2.823
0.06 0.69525 9.00000 1.2521737814 2.5137329177    1.252  0.269  3.7794  4.336    1  0.000  0.537     0.00     0.00     0.00     0.00     0.00 -1 -9.06e-14      0.00 6.008e-01 3.413e-01 1.025e-02 2.802e-03 2.546e-02 -1.000 5.790e-02 4.097 5.022 4.768 4.101 3.716 3.418 3.046 2.763 2.724
0.06 0.69525 9.00000 1.2978260517 2.5192004941    1.298  0.345  3.7861  4.303    1  0.000  0.537     0.00     0.00     0.00     0.00     0.00 -1 -9.87e-14      0.00 6.049e-01 3.377e-01 1.017e-02 2.778e-03 2.525e-02 -1.000 5.735e-02 3.908 4.755 4.538 3.899 3.532 3.245 2.891 2.622 2.586
0.06 0.69525 9.00000 1.3434782028 2.5242429455    1.343  0.417  3.7923  4.270    1  0.000  0.537     0.00     0.00     0.00     0.00     0.00 -1 -1.06e-13      0.00 6.061e-01 3.367e-01 1.014e-02 2.772e-03 2.519e-02 -1.000 5.727e-02 3.727 4.504 4.318 3.706 3.354 3.079 2.741 2.486 2.452
0.06 0.69525 9.00000 1.3891304731 2.5289061702    1.389  0.488  3.7980  4.237    1  0.000  0.537     0.00     0.00     0.00     0.00     0.00 -1  -1.1e-13      0.00 6.064e-01 3.364e-01 1.014e-02 2.770e-03 2.518e-02 -1.000 5.723e-02 3.551 4.269 4.106 3.520 3.183 2.917 2.594 2.352 2.320
0.06 0.69525 9.00000 1.4065065384 2.5305898736    1.406  0.514  3.8001  4.225    1  0.000  0.537     0.00     0.00     0.00     0.00     0.00 -1 -1.11e-13      0.00 6.065e-01 3.363e-01 1.014e-02 2.770e-03 2.517e-02 -1.000 5.722e-02 3.485 4.182 4.028 3.451 3.119 2.857 2.539 2.302 2.271
0.06 0.69525 9.00000 1.4347825050 2.5332297594    1.435  0.556  3.8033  4.204    1  0.000  0.537     0.00     0.00     0.00     0.00     0.00 -1 -1.13e-13      0.00 6.066e-01 3.361e-01 1.013e-02 2.769e-03 2.517e-02 -1.000 5.723e-02 3.380 4.047 3.904 3.342 3.017 2.761 2.452 2.221 2.191
0.06 0.69525 9.00000 1.4716483355 2.5364970154    1.472  0.609  3.8073  4.178    1  0.000  0.537     0.00     0.00     0.00     0.00     0.00 -1 -1.11e-13      0.00 6.066e-01 3.361e-01 1.014e-02 2.769e-03 2.517e-02 -1.000 5.723e-02 3.247 3.877 3.746 3.202 2.888 2.639 2.339 2.118 2.090
0.06 0.69525 9.00000 1.4804346561 2.5372481451    1.480  0.622  3.8082  4.171    1  0.000  0.537     0.00     0.00     0.00     0.00     0.00 -1 -1.11e-13      0.00 6.066e-01 3.362e-01 1.014e-02 2.769e-03 2.517e-02 -1.000 5.723e-02 3.216 3.838 3.710 3.170 2.857 2.610 2.313 2.093 2.066
0.06 0.69525 9.00000 1.5176144838 2.5403161883    1.517  0.674  3.8119  4.145    1  0.000  0.537     0.00     0.00     0.00     0.00     0.00 -1 -1.05e-13      0.00 6.061e-01 3.366e-01 1.015e-02 2.772e-03 2.520e-02 -1.000 5.728e-02 3.085 3.676 3.557 3.034 2.731 2.490 2.202 1.991 1.965
0.06 0.69525 9.00000 1.5260870457 2.5409913270    1.526  0.686  3.8127  4.139    1  0.000  0.537     0.00     0.00     0.00     0.00     0.00 -1 -1.03e-13      0.00 6.060e-01 3.367e-01 1.015e-02 2.773e-03 2.521e-02 -1.000 5.730e-02 3.056 3.640 3.523 3.004 2.702 2.463 2.177 1.968 1.942
0.06 0.69525 9.00000 1.5717389584 2.5444855119    1.571  0.748  3.8168  4.106    1  0.000  0.537     0.00     0.00     0.00     0.00     0.00 -1 -8.91e-14      0.00 6.054e-01 3.373e-01 1.016e-02 2.777e-03 2.524e-02 -1.000 5.735e-02 2.901 3.456 3.346 2.843 2.551 2.319 2.043 1.842 1.817
0.06 0.69525 9.00000 1.5931365490 2.5460442332    1.593  0.776  3.8185  4.090    1  0.000  0.537     0.00     0.00     0.00     0.00     0.00 -1  -7.7e-14      0.00 6.053e-01 3.373e-01 1.016e-02 2.777e-03 2.524e-02 -1.000 5.737e-02 2.830 3.373 3.265 2.770 2.482 2.253 1.981 1.784 1.759
0.06 0.69525 9.00000 1.6173913479 2.5477538624    1.617  0.808  3.8204  4.072    1  0.000  0.537     0.00     0.00     0.00     0.00     0.00 -1 -6.56e-14      0.00 6.052e-01 3.374e-01 1.016e-02 2.777e-03 2.524e-02 -1.000 5.740e-02 2.750 3.281 3.175 2.688 2.404 2.178 1.911 1.717 1.693
0.06 0.69525 9.00000 1.6433210373 2.5495175109    1.643  0.842  3.8223  4.053    1  0.000  0.537     0.00     0.00     0.00     0.00     0.00 -1 -1.78e-16      0.00 6.052e-01 3.374e-01 1.016e-02 2.777e-03 2.524e-02 -1.000 5.739e-02 2.666 3.185 3.081 2.601 2.321 2.099 1.837 1.647 1.622
0.06 0.69525 9.00000 1.6630434990 2.5508167011    1.662  0.867  3.8235  4.038    1  0.000  0.537     0.00     0.00     0.00     0.00     0.00 -1 -2.12e-18      0.00 6.052e-01 3.375e-01 1.016e-02 2.777e-03 2.524e-02 -1.000 5.738e-02 2.602 3.113 3.010 2.536 2.259 2.040 1.780 1.592 1.568
0.06 0.69525 9.00000 1.6947408915 2.5528320478    1.694  0.908  3.8254  4.013    1  0.000  0.537     0.00     0.00     0.00     0.00     0.00 -1 -5.43e-27      0.00 6.052e-01 3.374e-01 1.017e-02 2.777e-03 2.524e-02 -1.000 5.738e-02 2.501 3.001 2.899 2.432 2.159 1.943 1.688 1.505 1.481
0.06 0.69525 9.00000 1.7086954117 2.5536920753    1.708  0.925  3.8261  4.001    1  0.000  0.537     0.00     0.00     0.00     0.00     0.00 -1    -1e-30      0.00 6.052e-01 3.374e-01 1.017e-02 2.777e-03 2.524e-02 -1.000 5.739e-02 2.456 2.952 2.850 2.387 2.116 1.901 1.647 1.465 1.441
0.06 0.69525 9.00000 1.7307972908 2.5550216523    1.730  0.953  3.8271  3.983    1  0.000  0.537     0.00     0.00     0.00     0.00     0.00 -1    -1e-30      0.00 6.051e-01 3.375e-01 1.017e-02 2.777e-03 2.524e-02 -1.000 5.740e-02 2.387 2.877 2.775 2.316 2.047 1.834 1.583 1.403 1.379
0.06 0.69525 9.00000 1.7543478012 2.5563960618    1.753  0.983  3.8280  3.963    1  0.000  0.537     0.00     0.00     0.00     0.00     0.00 -1    -1e-30      0.00 6.050e-01 3.375e-01 1.017e-02 2.778e-03 2.524e-02 -1.000 5.743e-02 2.313 2.799 2.696 2.241 1.974 1.763 1.513 1.336 1.312
0.06 0.69525 9.00000 1.7549738884 2.5564320219    1.754  0.984  3.8280  3.962    1  0.000  0.537     0.00     0.00     0.00     0.00     0.00 -1    -1e-30      0.00 6.050e-01 3.375e-01 1.017e-02 2.778e-03 2.524e-02 -1.000 5.743e-02 2.311 2.796 2.694 2.239 1.972 1.761 1.512 1.334 1.310
0.06 0.69525 9.00000 1.7891024351 2.5583485289    1.788  1.026  3.8291  3.933    1  0.000  0.537     0.00     0.00     0.00     0.00     0.00 -1    -1e-30      0.00 6.050e-01 3.376e-01 1.017e-02 2.779e-03 2.525e-02 -1.000 5.740e-02 2.205 2.684 2.580 2.131 1.867 1.658 1.411 1.236 1.213
0.06 0.69525 9.00000 1.7999999523 2.5589429085    1.799  1.039  3.8293  3.923    1  0.000  0.537     0.00     0.00     0.00     0.00     0.00 -1    -1e-30      0.00 6.049e-01 3.377e-01 1.017e-02 2.779e-03 2.526e-02 -1.000 5.743e-02 2.171 2.650 2.545 2.097 1.833 1.625 1.379 1.204 1.180
0.06 0.69525 9.00000 1.8142337799 2.5597069055    1.813  1.057  3.8299  3.911    1  0.000  0.537     0.00     0.00     0.00     0.00     0.00 -1    -1e-30      0.00 6.048e-01 3.377e-01 1.017e-02 2.779e-03 2.526e-02 -1.000 5.744e-02 2.127 2.603 2.498 2.052 1.790 1.583 1.338 1.164 1.141
0.06 0.69525 9.00000 1.8500000238 2.5615671203    1.849  1.101  3.8304  3.878    1  0.000  0.537     0.00     0.00     0.00     0.00     0.00 -1    -1e-30      0.00 6.046e-01 3.379e-01 1.017e-02 2.781e-03 2.526e-02 -1.000 5.743e-02 2.018 2.493 2.384 1.941 1.681 1.475 1.231 1.059 1.035
0.06 0.69525 9.00000 1.8768426180 2.5629097841    1.876  1.134  3.8306  3.852    1  0.000  0.537     0.00     0.00     0.00     0.00     0.00 -1    -1e-30      0.00 6.030e-01 3.393e-01 1.022e-02 2.791e-03 2.536e-02 -1.000 5.767e-02 1.936 2.411 2.300 1.858 1.599 1.394 1.151 0.980 0.956
0.06 0.69525 9.00000 1.8999999762 2.5640331260    1.899  1.162  3.8300  3.827    1  0.000  0.537     0.00     0.00     0.00     0.00     0.00 -1    -1e-30      0.00 6.017e-01 3.405e-01 1.024e-02 2.800e-03 2.545e-02 -1.000 5.782e-02 1.866 2.346 2.232 1.788 1.528 1.322 1.077 0.906 0.881
0.06 0.69525 9.00000 1.9057438374 2.5643069005    1.905  1.169  3.8299  3.821    1  0.000  0.537     0.00     0.00     0.00     0.00     0.00 -1    -1e-30      0.00 6.016e-01 3.406e-01 1.025e-02 2.800e-03 2.545e-02 -1.000 5.783e-02 1.849 2.330 2.215 1.771 1.510 1.304 1.059 0.887 0.863
0.06 0.69525 9.00000 1.9412368536 2.5659573886    1.941  1.211  3.8282  3.780    1  0.000  0.537     0.00     0.00     0.00     0.00     0.00 -1    -1e-30      0.00 6.005e-01 3.415e-01 1.028e-02 2.808e-03 2.551e-02 -1.000 5.799e-02 1.743 2.237 2.115 1.665 1.402 1.194 0.945 0.771 0.746
0.06 0.69525 9.00000 1.9500000477 2.5663542714    1.950  1.221  3.8276  3.769    1  0.000  0.537     0.00     0.00     0.00     0.00     0.00 -1    -1e-30      0.00 6.002e-01 3.418e-01 1.028e-02 2.810e-03 2.553e-02 -1.000 5.802e-02 1.717 2.216 2.091 1.640 1.375 1.167 0.916 0.741 0.715
0.06 0.69525 9.00000 1.9631233215 2.5669410077    1.963  1.237  3.8267  3.753    1  0.000  0.537     0.00     0.00     0.00     0.00     0.00 -1    -1e-30      0.00 6.002e-01 3.418e-01 1.028e-02 2.810e-03 2.553e-02 -1.000 5.802e-02 1.679 2.185 2.057 1.602 1.336 1.126 0.873 0.696 0.671
0.06 0.69525 9.00000 1.9905127287 2.5681369641    1.991  1.268  3.8239  3.717    1  0.000  0.537     0.00     0.00     0.00     0.00     0.00 -1    -1e-30      0.00 6.001e-01 3.418e-01 1.028e-02 2.810e-03 2.553e-02 -1.000 5.804e-02 1.600 2.126 1.990 1.525 1.254 1.039 0.780 0.598 0.572
0.06 0.69525 9.00000 2.0000000000 2.5685424513    2.000  1.279  3.8227  3.703    1  0.000  0.537     0.00     0.00     0.00     0.00     0.00 -1    -1e-30      0.00 6.000e-01 3.419e-01 1.029e-02 2.811e-03 2.554e-02 -1.000 5.805e-02 1.573 2.109 1.969 1.499 1.225 1.008 0.746 0.562 0.536
0.06 0.69525 9.00000 2.0052015781 2.5687628955    2.005  1.285  3.8221  3.695    1  0.000  0.537     0.00     0.00     0.00     0.00     0.00 -1    -1e-30      0.00 6.000e-01 3.419e-01 1.029e-02 2.811e-03 2.554e-02 -1.000 5.805e-02 1.558 2.098 1.956 1.484 1.209 0.991 0.728 0.543 0.516
0.06 0.69525 9.00000 2.0316255093 2.5698627300    2.031  1.315  3.8180  3.655    1  0.000  0.537     0.00     0.00     0.00     0.00     0.00 -1    -1e-30      0.00 6.000e-01 3.419e-01 1.029e-02 2.810e-03 2.553e-02 -1.000 5.808e-02 1.482 2.054 1.901 1.413 1.129 0.905 0.631 0.439 0.411
0.06 0.69525 9.00000 2.0499999523 2.5706083333    2.050  1.336  3.8144  3.623    1  0.000  0.537     0.00     0.00     0.00     0.00     0.00 -1    -1e-30      0.00 5.999e-01 3.420e-01 1.029e-02 2.811e-03 2.554e-02 -1.000 5.810e-02 1.431 2.030 1.867 1.365 1.074 0.843 0.561 0.362 0.333
0.06 0.69525 9.00000 2.0506000519 2.5706324253    2.050  1.336  3.8143  3.622    1  0.000  0.537     0.00     0.00     0.00     0.00     0.00 -1    -1e-30      0.00 5.999e-01 3.420e-01 1.029e-02 2.811e-03 2.554e-02 -1.000 5.810e-02 1.429 2.029 1.866 1.363 1.072 0.841 0.559 0.360 0.331
0.06 0.69525 9.00000 2.0726969242 2.5715083821    2.072  1.361  3.8099  3.585    1  0.000  0.537     0.00     0.00     0.00     0.00     0.00 -1    -1e-30      0.00 5.999e-01 3.420e-01 1.029e-02 2.811e-03 2.554e-02 -1.000 5.810e-02 1.368 2.004 1.828 1.306 1.006 0.767 0.474 0.267 0.237
0.06 0.69525 9.00000 2.0944850445 2.5723513206    2.093  1.385  3.8047  3.545    1  0.000  0.537     0.00     0.00     0.00     0.00     0.00 -1    -1e-30      0.00 5.999e-01 3.420e-01 1.029e-02 2.811e-03 2.554e-02 -1.000 5.809e-02 1.308 1.993 1.799 1.253 0.940 0.692 0.386 0.167 0.134
0.06 0.69525 9.00000 2.0999999046 2.5725614918    2.099  1.391  3.8033  3.534    1  0.000  0.537     0.00     0.00     0.00     0.00     0.00 -1    -1e-30      0.00 5.999e-01 3.420e-01 1.029e-02 2.811e-03 2.554e-02 -1.000 5.809e-02 1.292 1.990 1.792 1.239 0.923 0.673 0.362 0.141 0.107
0.06 0.69525 9.00000 2.1093945503 2.5729166131    2.108  1.402  3.8010  3.516    1  0.000  0.537     0.00     0.00     0.00     0.00     0.00 -1    -1e-30      0.00 5.999e-01 3.420e-01 1.029e-02 2.811e-03 2.554e-02 -1.000 5.808e-02 1.265 1.985 1.779 1.216 0.894 0.639 0.323 0.097 0.062
0.06 0.69525 9.00000 2.1291646957 2.5736521739    2.128  1.428  3.7968  3.477    1  0.000  0.537     0.00     0.00     0.00     0.00     0.00 -1    -1e-30      0.00 6.000e-01 3.420e-01 1.029e-02 2.811e-03 2.554e-02 -1.000 5.804e-02 1.201 1.964 1.741 1.158 0.827 0.565 0.237 0.002 -0.035
0.06 0.69525 9.00000 2.1392588615 2.5740217101    2.138  1.444  3.7957  3.458    1  0.000  0.537     0.00     0.00     0.00     0.00     0.00 -1    -1e-30      0.00 6.000e-01 3.420e-01 1.029e-02 2.810e-03 2.554e-02 -1.000 5.800e-02 1.159 1.935 1.706 1.119 0.785 0.520 0.190 -0.048 -0.085
0.06 0.69525 9.00000 2.1500000954 2.5744105556    2.149  1.483  3.8024  3.449    1  0.000  0.537     0.00     0.00     0.00     0.00     0.00 -1    -1e-30      0.00 6.001e-01 3.419e-01 1.028e-02 2.810e-03 2.553e-02 -1.000 5.800e-02 1.064 1.776 1.567 1.011 0.694 0.442 0.129 -0.093 -0.127
0.06 0.69525 9.00000 2.1503264904 2.5744223016    2.149  1.484  3.8026  3.449    1  0.000  0.537     0.00     0.00     0.00     0.00     0.00 -1    -1e-30      0.00 6.001e-01 3.419e-01 1.028e-02 2.810e-03 2.553e-02 -1.000 5.800e-02 1.061 1.771 1.562 1.008 0.691 0.440 0.128 -0.094 -0.128
0.06 0.69525 9.00000 2.1530086994 2.5745186711    2.152  1.508  3.8112  3.460    1  0.000  0.537     0.00     0.00     0.00     0.00     0.00 -1    -1e-30      0.00 6.001e-01 3.419e-01 1.028e-02 2.809e-03 2.553e-02 -1.000 5.800e-02 1.000 1.633 1.448 0.934 0.638 0.404 0.114 -0.089 -0.120
0.06 0.69525 9.00000 2.1541986465 2.5745613365    2.153  1.529  3.8200  3.474    1  0.000  0.537     0.00     0.00     0.00     0.00     0.00 -1    -1e-30      0.00 6.001e-01 3.419e-01 1.028e-02 2.809e-03 2.553e-02 -1.000 5.800e-02 0.948 1.514 1.347 0.871 0.595 0.376 0.107 -0.078 -0.107
0.06 0.69525 9.00000 2.1548569202 2.5745849156    2.154  1.550  3.8290  3.489    1  0.000  0.537     0.00     0.00     0.00     0.00     0.00 -1    -1e-30      0.00 6.001e-01 3.419e-01 1.028e-02 2.809e-03 2.553e-02 -1.000 5.800e-02 0.896 1.402 1.248 0.809 0.552 0.350 0.102 -0.066 -0.093
0.06 0.69525 9.00000 2.1552536488 2.5745991182    2.154  1.572  3.8380  3.504    1  0.000  0.537     0.00     0.00     0.00     0.00     0.00 -1    -1e-30      0.00 6.001e-01 3.419e-01 1.028e-02 2.809e-03 2.553e-02 -1.000 5.800e-02 0.841 1.296 1.151 0.746 0.509 0.323 0.096 -0.056 -0.081
0.06 0.69525 9.00000 2.1554996967 2.5746079236    2.154  1.595  3.8467  3.515    1  0.000  0.537     0.00     0.00     0.00     0.00     0.00 -1    -1e-30      0.00 6.001e-01 3.419e-01 1.028e-02 2.809e-03 2.553e-02 -1.000 5.800e-02 0.783 1.194 1.054 0.682 0.464 0.294 0.086 -0.050 -0.074
0.06 0.69525 9.00000 2.1556653976 2.5746138522    2.154  1.620  3.8552  3.524    1  0.000  0.537     0.00     0.00     0.00     0.00     0.00 -1    -1e-30      0.00 6.001e-01 3.419e-01 1.028e-02 2.809e-03 2.553e-02 -1.000 5.800e-02 0.720 1.093 0.955 0.614 0.415 0.261 0.071 -0.050 -0.073
0.06 0.69525 9.00000 2.1558136940 2.5746191573    2.155  1.646  3.8637  3.532    1  0.000  0.537     0.00     0.00     0.00     0.00     0.00 -1    -1e-30      0.00 6.001e-01 3.419e-01 1.028e-02 2.809e-03 2.553e-02 -1.000 5.800e-02 0.656 0.994 0.856 0.546 0.366 0.227 0.055 -0.052 -0.073
0.06 0.69525 9.00000 2.1558449268 2.5746202745    2.155  1.647  3.8646  3.534    1  0.000  0.537     0.00     0.00     0.00     0.00     0.00 -1    -1e-30      0.00 6.001e-01 3.419e-01 1.028e-02 2.809e-03 2.553e-02 -1.000 5.800e-02 0.651 0.986 0.848 0.542 0.363 0.227 0.056 -0.050 -0.071
0.06 0.69525 9.00000 2.1559443474 2.5746238305    2.155  1.611  3.8567  3.539    2  0.000  0.537     0.00     0.00     0.00     0.00     0.00 -1    -1e-30      0.00 6.001e-01 3.419e-01 1.028e-02 2.809e-03 2.553e-02 -1.000 5.800e-02 0.742 1.107 0.971 0.636 0.440 0.288 0.101 -0.018 -0.040
0.06 0.69525 9.00000 2.1560120583 2.5746262521    2.155  1.589  3.8474  3.525    2  0.000  0.537     0.00     0.00     0.00     0.00     0.00 -1    -1e-30      0.00 6.001e-01 3.419e-01 1.028e-02 2.809e-03 2.553e-02 -1.000 5.800e-02 0.799 1.206 1.067 0.698 0.481 0.312 0.106 -0.029 -0.053
0.06 0.69525 9.00000 2.1561024189 2.5746294835    2.155  1.584  3.8361  3.484    2  0.000  0.537     0.00     0.00     0.00     0.00     0.00 -1    -1e-30      0.00 6.001e-01 3.419e-01 1.028e-02 2.809e-03 2.553e-02 -1.000 5.800e-02 0.810 1.277 1.128 0.717 0.476 0.287 0.056 -0.099 -0.125
0.06 0.69525 9.00000 2.1562080383 2.5746332602    2.155  1.594  3.8257  3.432    2  0.000  0.537     0.00     0.00     0.00     0.00     0.00 -1    -1e-30      0.00 6.001e-01 3.419e-01 1.028e-02 2.809e-03 2.553e-02 -1.000 5.800e-02 0.784 1.315 1.151 0.699 0.436 0.229 -0.027 -0.200 -0.228
0.06 0.69525 9.00000 2.1563374996 2.5746378888    2.155  1.604  3.8152  3.380    2  0.000  0.537     0.00     0.00     0.00     0.00     0.00 -1    -1e-30      0.00 6.001e-01 3.419e-01 1.028e-02 2.809e-03 2.553e-02 -1.000 5.800e-02 0.759 1.368 1.181 0.686 0.401 0.174 -0.106 -0.300 -0.330
0.06 0.69525 9.00000 2.1564872265 2.5746432411    2.155  1.609  3.8050  3.335    2  0.000  0.537     0.00     0.00     0.00     0.00     0.00 -1    -1e-30      0.00 6.001e-01 3.419e-01 1.028e-02 2.809e-03 2.553e-02 -1.000 5.800e-02 0.749 1.445 1.231 0.689 0.380 0.134 -0.172 -0.386 -0.420
0.06 0.69525 9.00000 2.1566572189 2.5746493169    2.155  1.609  3.7954  3.296    2  0.000  0.537     0.00     0.00     0.00     0.00     0.00 -1    -1e-30      0.00 6.001e-01 3.419e-01 1.028e-02 2.809e-03 2.553e-02 -1.000 5.800e-02 0.747 1.535 1.291 0.704 0.371 0.108 -0.224 -0.459 -0.497
0.06 0.69525 9.00000 2.1568558216 2.5746564139    2.156  1.607  3.7865  3.263    2  0.000  0.537     0.00     0.00     0.00     0.00     0.00 -1    -1e-30      0.00 6.001e-01 3.419e-01 1.028e-02 2.809e-03 2.553e-02 -1.000 5.800e-02 0.753 1.632 1.355 0.727 0.372 0.092 -0.263 -0.519 -0.560
0.06 0.69525 9.00000 2.1570909023 2.5746648124    2.156  1.601  3.7778  3.233    2  0.000  0.537     0.00     0.00     0.00     0.00     0.00 -1    -1e-30      0.00 6.001e-01 3.419e-01 1.028e-02 2.809e-03 2.553e-02 -1.000 5.800e-02 0.767 1.739 1.428 0.760 0.383 0.086 -0.293 -0.569 -0.613
0.06 0.69525 9.00000 2.1573956013 2.5746756950    2.156  1.591  3.7681  3.205    2  0.000  0.537     0.00     0.00     0.00     0.00     0.00 -1    -1e-30      0.00 6.001e-01 3.419e-01 1.028e-02 2.809e-03 2.553e-02 -1.000 5.800e-02 0.791 1.877 1.522 0.810 0.409 0.092 -0.314 -0.615 -0.662
0.06 0.69525 9.00000 2.1577646732 2.5746888720    2.156  1.575  3.7576  3.179    2  0.000  0.537     0.00     0.00     0.00     0.00     0.00 -1    -1e-30      0.00 6.001e-01 3.419e-01 1.028e-02 2.809e-03 2.553e-02 -1.000 5.800e-02 0.832 2.042 1.637 0.881 0.453 0.116 -0.321 -0.648 -0.699
0.06 0.69525 9.00000 2.1581838131 2.5747038303    2.157  1.551  3.7466  3.159    2  0.000  0.537     0.00     0.00     0.00     0.00     0.00 -1    -1e-30      0.00 6.001e-01 3.419e-01 1.028e-02 2.809e-03 2.553e-02 -1.000 5.800e-02 0.891 2.243 1.776 0.976 0.520 0.163 -0.309 -0.665 -0.721
0.06 0.69525 9.00000 2.1585233212 2.5747159418    2.157  1.526  3.7382  3.151    2  0.000  0.537     0.00     0.00     0.00     0.00     0.00 -1    -1e-30      0.00 5.989e-01 3.429e-01 1.031e-02 2.816e-03 2.559e-02 -1.000 5.816e-02 0.955 2.422 1.901 1.070 0.592 0.219 -0.280 -0.659 -0.718
0.06 0.69525 9.00000 2.1588490009 2.5747275559    2.158  1.496  3.7304  3.149    2  0.000  0.537     0.00     0.00     0.00     0.00     0.00 -1    -1e-30      0.00 5.962e-01 3.453e-01 1.037e-02 2.832e-03 2.573e-02 -1.000 5.850e-02 1.029 2.615 2.035 1.171 0.674 0.288 -0.236 -0.635 -0.697
0.06 0.69525 9.00000 2.1591269970 2.5747374663    2.158  1.467  3.7240  3.153    2  0.000  0.537     0.00     0.00     0.00     0.00     0.00 -1    -1e-30      0.00 5.935e-01 3.477e-01 1.043e-02 2.849e-03 2.588e-02 -1.000 5.882e-02 1.102 2.794 2.160 1.268 0.755 0.358 -0.187 -0.603 -0.668
0.06 0.69525 9.00000 2.1594648361 2.5747495062    2.158  1.429  3.7165  3.161    2  0.000  0.537     0.00     0.00     0.00     0.00     0.00 -1    -1e-30      0.00 5.909e-01 3.499e-01 1.049e-02 2.865e-03 2.602e-02 -1.000 5.915e-02 1.198 3.016 2.317 1.394 0.862 0.451 -0.119 -0.554 -0.623
0.06 0.69525 9.00000 2.1597986221 2.5747613974    2.158  1.393  3.7095  3.169    2  0.000  0.537     0.00     0.00     0.00     0.00     0.00 -1    -1e-30      0.00 5.891e-01 3.516e-01 1.053e-02 2.876e-03 2.613e-02 -1.000 5.936e-02 1.288 3.231 2.467 1.515 0.964 0.541 -0.053 -0.507 -0.579
0.06 0.69525 9.00000 2.1598818302 2.5747643610    2.159  1.384  3.7077  3.171    2  0.000  0.537     0.00     0.00     0.00     0.00     0.00 -1    -1e-30      0.00 5.887e-01 3.519e-01 1.054e-02 2.878e-03 2.615e-02 -1.000 5.940e-02 1.311 3.286 2.505 1.546 0.990 0.564 -0.036 -0.495 -0.568
0.06 0.69525 9.00000 2.1603062153 2.5747794724    2.159  1.360  3.6996  3.163    3  0.000  0.537     0.00     0.00     0.00     0.00     0.00 -1    -1e-30      0.00 5.874e-01 3.530e-01 1.057e-02 2.886e-03 2.622e-02 -1.000 5.959e-02 1.371 3.500 2.639 1.645 1.066 0.625 -0.004 -0.485 -0.563
0.06 0.69525 9.00000 2.1608991623 2.5748005743    2.160  1.375  3.6891  3.105    3  0.000  0.537     0.00     0.00     0.00     0.00     0.00 -1    -1e-30      0.00 5.862e-01 3.541e-01 1.058e-02 2.895e-03 2.627e-02 -1.000 5.970e-02 1.332 3.671 2.701 1.661 1.052 0.589 -0.078 -0.588 -0.672
0.06 0.69525 9.00000 2.1612377167 2.5748126170    2.160  1.409  3.6838  3.050    3  0.000  0.532     0.00     0.00     0.00     0.00     0.00 -1    -1e-30      0.00 5.855e-01 3.547e-01 1.049e-02 2.934e-03 2.630e-02 -1.000 5.980e-02 1.247 3.696 2.672 1.607 0.982 0.507 -0.179 -0.704 -0.791
0.06 0.69525 9.00000 2.1615517139 2.5748237822    2.160  1.451  3.6792  2.991    3  0.000  0.504     0.00     0.00     0.00     0.00     0.00 -1    -1e-30      0.00 5.847e-01 3.554e-01 9.937e-03 3.414e-03 2.631e-02 -1.000 5.990e-02 1.143 3.686 2.615 1.529 0.890 0.406 -0.297 -0.835 -0.925
0.06 0.69525 9.00000 2.1618225574 2.5748334099    2.160  1.492  3.6755  2.935    3  0.000  0.464     0.00     0.00     0.00     0.00     0.00 -1    -1e-30      0.00 5.840e-01 3.559e-01 9.157e-03 4.338e-03 2.632e-02 -1.000 6.009e-02 1.041 3.667 2.555 1.451 0.800 0.307 -0.410 -0.959 -1.051
0.06 0.69525 9.00000 2.1620748043 2.5748423741    2.161  1.533  3.6722  2.881    3  0.000  0.436     0.00     0.00     0.00     0.00     0.00 -1    -1e-30      0.00 5.834e-01 3.564e-01 8.618e-03 5.003e-03 2.633e-02 -1.000 6.020e-02 0.938 3.641 2.490 1.370 0.708 0.207 -0.522 -1.081 -1.175
0.06 0.69525 9.00000 2.1623134613 2.5748508531    2.161  1.573  3.6690  2.827    3  0.000  0.418     0.00     0.00     0.00     0.00     0.00 -1    -1e-30      0.00 5.829e-01 3.569e-01 8.265e-03 5.445e-03 2.634e-02 -1.000 6.022e-02 0.837 3.614 2.425 1.290 0.618 0.109 -0.633 -1.201 -1.298
0.06 0.69525 9.00000 2.1625399590 2.5748588982    2.161  1.613  3.6659  2.775    3  0.000  0.407     0.00     0.00     0.00     0.00     0.00 -1    -1e-30      0.00 5.822e-01 3.574e-01 8.040e-03 5.736e-03 2.636e-02 -1.000 6.039e-02 0.737 3.585 2.361 1.211 0.529 0.012 -0.742 -1.318 -1.418
0.06 0.69525 9.00000 2.1627604961 2.5748667296    2.161  1.653  3.6629  2.723    3  0.000  0.399     0.00     0.00     0.00     0.00     0.00 -1    -1e-30      0.00 5.815e-01 3.581e-01 7.888e-03 5.951e-03 2.636e-02 -1.000 6.040e-02 0.637 3.558 2.296 1.131 0.440 -0.085 -0.850 -1.436 -1.538
0.06 0.69525 9.00000 2.1629769802 2.5748744154    2.162  1.692  3.6601  2.673    3  0.000  0.394     0.00     0.00     0.00     0.00     0.00 -1    -1e-30      0.00 5.796e-01 3.599e-01 7.760e-03 6.193e-03 2.625e-02 -1.000 6.049e-02 0.539 3.526 2.231 1.053 0.352 -0.179 -0.955 -1.549 -1.653
0.06 0.69525 9.00000 2.1631932259 2.5748820909    2.162  1.732  3.6573  2.622    3  0.000  0.391     0.00     0.00     0.00     0.00     0.00 -1    -1e-30      0.00 5.776e-01 3.619e-01 7.659e-03 6.413e-03 2.612e-02 -1.000 6.048e-02 0.440 3.497 2.167 0.975 0.265 -0.275 -1.062 -1.664 -1.770
0.06 0.69525 9.00000 2.1632463932 2.5748839778    2.162  1.742  3.6567  2.610    3  0.000  0.390     0.00     0.00     0.00     0.00     0.00 -1    -1e-30      0.00 5.771e-01 3.624e-01 7.636e-03 6.467e-03 2.609e-02 -1.000 6.047e-02 0.416 3.489 2.151 0.955 0.243 -0.298 -1.088 -1.693 -1.799
0.06 0.69525 9.00000 2.1634612083 2.5748916004    2.162  1.782  3.6538  2.558    3  0.000  0.388     0.00     0.00     0.00     0.00     0.00 -1    -1e-30      0.00 5.750e-01 3.646e-01 7.559e-03 6.662e-03 2.596e-02 -1.000 6.046e-02 0.316 3.462 2.087 0.877 0.155 -0.394 -1.195 -1.809 -1.917
0.06 0.69525 9.00000 2.1635673046 2.5748953645    2.162  1.802  3.6524  2.533    3  0.000  0.387     0.00     0.00     0.00     0.00     0.00 -1    -1e-30      0.00 5.740e-01 3.656e-01 7.524e-03 6.753e-03 2.590e-02 -1.000 6.043e-02 0.266 3.447 2.054 0.837 0.111 -0.442 -1.249 -1.866 -1.976
0.06 0.69525 9.00000 2.1636195183 2.5748972168    2.162  1.812  3.6518  2.520    3  0.000  0.387     0.00     0.00     0.00     0.00     0.00 -1    -1e-30      0.00 5.735e-01 3.660e-01 7.511e-03 6.791e-03 2.588e-02 -1.000 6.050e-02 0.241 3.440 2.037 0.817 0.089 -0.467 -1.276 -1.895 -2.006
0.06 0.69525 9.00000 2.1638252735 2.5749045150    2.163  1.851  3.6488  2.469    3  0.000  0.386     0.00     0.00     0.00     0.00     0.00 -1    -1e-30      0.00 5.717e-01 3.678e-01 7.457e-03 6.938e-03 2.578e-02 -1.000 6.048e-02 0.141 3.424 1.979 0.741 0.003 -0.562 -1.383 -2.011 -2.124
0.06 0.69525 9.00000 2.1640262604 2.5749116425    2.163  1.891  3.6460  2.418    3  0.000  0.385     0.00     0.00     0.00     0.00     0.00 -1    -1e-30      0.00 5.702e-01 3.694e-01 7.416e-03 7.057e-03 2.570e-02 -1.000 6.042e-02 0.042 3.413 1.923 0.666 -0.083 -0.659 -1.491 -2.126 -2.242
0.06 0.69525 9.00000 2.1642227173 2.5749186080    2.163  1.931  3.6430  2.366    3  0.000  0.384     0.00     0.00     0.00     0.00     0.00 -1    -1e-30      0.00 5.689e-01 3.707e-01 7.383e-03 7.156e-03 2.563e-02 -1.000 6.041e-02 -0.058 3.406 1.869 0.592 -0.168 -0.754 -1.599 -2.241 -2.360
0.06 0.69525 9.00000 2.1644158363 2.5749254536    2.163  1.971  3.6401  2.315    3  0.000  0.384     0.00     0.00     0.00     0.00     0.00 -1    -1e-30      0.00 5.677e-01 3.719e-01 7.356e-03 7.237e-03 2.557e-02 -1.000 6.042e-02 -0.157 3.398 1.814 0.517 -0.255 -0.851 -1.707 -2.357 -2.478
0.06 0.69525 9.00000 2.1646044254 2.5749321374    2.163  2.011  3.6371  2.263    3  0.000  0.383     0.00     0.00     0.00     0.00     0.00 -1    -1e-30      0.00 5.667e-01 3.728e-01 7.335e-03 7.302e-03 2.552e-02 -1.000 6.050e-02 -0.257 3.390 1.762 0.446 -0.336 -0.946 -1.814 -2.472 -2.597
0.06 0.69525 9.00000 2.1647906303 2.5749387353    2.163  2.051  3.6341  2.211    3  0.000  0.383     0.00     0.00     0.00     0.00     0.00 -1    -1e-30      0.00 5.660e-01 3.736e-01 7.318e-03 7.356e-03 2.548e-02 -1.000 6.043e-02 -0.356 3.384 1.710 0.376 -0.417 -1.041 -1.922 -2.588 -2.715
0.06 0.69525 9.00000 2.1649723053 2.5749451714    2.164  2.090  3.6311  2.159    3  0.000  0.383     0.00     0.00     0.00     0.00     0.00 -1    -1e-30      0.00 5.654e-01 3.742e-01 7.305e-03 7.398e-03 2.545e-02 -1.000 6.041e-02 -0.456 3.378 1.659 0.304 -0.499 -1.136 -2.030 -2.703 -2.834
0.06 0.69525 9.00000 2.1651473045 2.5749513699    2.164  2.130  3.6280  2.108    3  0.000  0.382     0.00     0.00     0.00     0.00     0.00 -1    -1e-30      0.00 5.649e-01 3.746e-01 7.294e-03 7.429e-03 2.543e-02 -1.000 6.047e-02 -0.554 3.374 1.610 0.238 -0.575 -1.230 -2.136 -2.818 -2.951
0.06 0.69525 9.00000 2.1653404236 2.5749582089    2.164  2.173  3.6246  2.051    3  0.000  0.382     0.00     0.00     0.00     0.00     0.00 -1    -1e-30      0.00 5.645e-01 3.751e-01 7.286e-03 7.456e-03 2.541e-02 -1.000 6.040e-02 -0.663 3.370 1.558 0.167 -0.658 -1.333 -2.254 -2.944 -3.081
0.06 0.69525 9.00000 2.1655070782 2.5749641095    2.164  2.211  3.6216  2.001    3  0.000  0.382     0.00     0.00     0.00     0.00     0.00 -1    -1e-30      0.00 5.643e-01 3.753e-01 7.282e-03 7.471e-03 2.540e-02 -1.000 6.042e-02 -0.758 3.365 1.511 0.103 -0.731 -1.423 -2.357 -3.055 -3.195
0.06 0.69525 9.00000 2.1656796932 2.5749702201    2.164  2.251  3.6184  1.948    3  0.000  0.382     0.00     0.00     0.00     0.00     0.00 -1    -1e-30      0.00 5.642e-01 3.754e-01 7.279e-03 7.479e-03 2.540e-02 -1.000 6.043e-02 -0.857 3.342 1.468 0.039 -0.802 -1.516 -2.465 -3.163 -3.311
0.06 0.69525 9.00000 2.1658577919 2.5749765236    2.164  2.293  3.6149  1.892    3  0.000  0.382     0.00     0.00     0.00     0.00     0.00 -1    -1e-30      0.00 5.641e-01 3.754e-01 7.278e-03 7.482e-03 2.539e-02 -1.000 6.043e-02 -0.963 3.310 1.422 -0.026 -0.875 -1.615 -2.581 -3.278 -3.435
0.06 0.69525 9.00000 2.1660540104 2.5749834670    2.165  2.340  3.6111  1.830    3  0.000  0.382     0.00     0.00     0.00     0.00     0.00 -1    -1e-30      0.00 5.641e-01 3.754e-01 7.278e-03 7.483e-03 2.539e-02 -1.000 6.043e-02 -1.080 3.272 1.369 -0.099 -0.958 -1.723 -2.710 -3.406 -3.572
0.06 0.69525 9.00000 2.1662395000 2.5749900295    2.165  2.382  3.6076  1.774    3  0.000  0.382     0.00     0.00     0.00     0.00     0.00 -1    -1e-30      0.00 5.641e-01 3.754e-01 7.278e-03 7.483e-03 2.539e-02 -1.000 6.043e-02 -1.185 3.227 1.323 -0.159 -1.027 -1.819 -2.825 -3.520 -3.696
0.06 0.69525 9.00000 2.1664607525 2.5749978555    2.165  2.426  3.6039  1.715    3  0.000  0.382     0.00     0.00     0.00     0.00     0.00 -1    -1e-30      0.00 5.641e-01 3.754e-01 7.278e-03 7.483e-03 2.539e-02 -1.000 6.043e-02 -1.294 3.179 1.277 -0.216 -1.097 -1.917 -2.945 -3.640 -3.825
0.06 0.69525 9.00000 2.1665327549 2.5750004020    2.165  2.436  3.6031  1.702    3  0.000  0.382     0.00     0.00     0.00     0.00     0.00 -1    -1e-30      0.00 5.641e-01 3.754e-01 7.278e-03 7.483e-03 2.539e-02 -1.000 6.043e-02 -1.320 3.166 1.265 -0.231 -1.114 -1.940 -2.973 -3.667 -3.855
0.06 0.69525 9.00000 2.1665947437 2.5750025941    2.165  2.407  3.6055  1.741    4  0.000  0.382     0.00     0.00     0.00     0.00     0.00 -1    -1e-30      0.00 5.641e-01 3.754e-01 7.278e-03 7.483e-03 2.539e-02 -1.000 6.043e-02 -1.248 3.199 1.296 -0.192 -1.068 -1.875 -2.893 -3.588 -3.769
0.06 0.69525 9.00000 2.1666305065 2.5750038588    2.165  2.377  3.6081  1.781    4  0.000  0.382     0.00     0.00     0.00     0.00     0.00 -1    -1e-30      0.00 5.641e-01 3.754e-01 7.278e-03 7.483e-03 2.539e-02 -1.000 6.043e-02 -1.173 3.233 1.328 -0.152 -1.020 -1.808 -2.811 -3.507 -3.681
0.06 0.69525 9.00000 2.1666793823 2.5750055870    2.165  2.328  3.6123  1.846    4  0.000  0.382     0.00     0.00     0.00     0.00     0.00 -1    -1e-30      0.00 5.641e-01 3.754e-01 7.278e-03 7.483e-03 2.539e-02 -1.000 6.043e-02 -1.051 3.277 1.379 -0.083 -0.939 -1.696 -2.677 -3.373 -3.536
0.06 0.69525 9.00000 2.1667432785 2.5750078462    2.165  2.277  3.6165  1.914    4  0.000  0.382     0.00     0.00     0.00     0.00     0.00 -1    -1e-30      0.00 5.641e-01 3.754e-01 7.278e-03 7.484e-03 2.539e-02 -1.000 6.043e-02 -0.923 3.317 1.435 -0.005 -0.850 -1.578 -2.537 -3.234 -3.387
0.06 0.69525 9.00000 2.1668055058 2.5750100463    2.165  2.237  3.6197  1.967    4  0.000  0.382     0.00     0.00     0.00     0.00     0.00 -1    -1e-30      0.00 5.641e-01 3.754e-01 7.278e-03 7.484e-03 2.539e-02 -1.000 6.043e-02 -0.823 3.346 1.479 0.057 -0.782 -1.485 -2.427 -3.125 -3.270
0.06 0.69525 9.00000 2.1668744087 2.5750124823    2.166  2.200  3.6228  2.017    4  0.000  0.382     0.00     0.00     0.00     0.00     0.00 -1    -1e-30      0.00 5.641e-01 3.754e-01 7.278e-03 7.484e-03 2.539e-02 -1.000 6.043e-02 -0.730 3.359 1.521 0.119 -0.711 -1.397 -2.326 -3.021 -3.160
0.06 0.69525 9.00000 2.1669485569 2.5750151034    2.166  2.164  3.6257  2.065    4  0.000  0.382     0.00     0.00     0.00     0.00     0.00 -1    -1e-30      0.00 5.641e-01 3.754e-01 7.278e-03 7.484e-03 2.539e-02 -1.000 6.043e-02 -0.639 3.359 1.563 0.177 -0.643 -1.312 -2.228 -2.915 -3.051
0.06 0.69525 9.00000 2.1670293808 2.5750179604    2.166  2.127  3.6286  2.113    4  0.000  0.382     0.00     0.00     0.00     0.00     0.00 -1    -1e-30      0.00 5.641e-01 3.754e-01 7.278e-03 7.484e-03 2.539e-02 -1.000 6.043e-02 -0.548 3.364 1.607 0.237 -0.575 -1.225 -2.129 -2.809 -2.942
0.06 0.69525 9.00000 2.1671187878 2.5750211204    2.166  2.091  3.6315  2.161    4  0.000  0.382     0.00     0.00     0.00     0.00     0.00 -1    -1e-30      0.00 5.641e-01 3.754e-01 7.278e-03 7.484e-03 2.539e-02 -1.000 6.043e-02 -0.457 3.366 1.652 0.300 -0.503 -1.138 -2.029 -2.702 -2.832
0.06 0.69525 9.00000 2.1672227383 2.5750247941    2.166  2.053  3.6345  2.210    4  0.000  0.382     0.00     0.00     0.00     0.00     0.00 -1    -1e-30      0.00 5.641e-01 3.754e-01 7.278e-03 7.484e-03 2.539e-02 -1.000 6.043e-02 -0.363 3.368 1.699 0.365 -0.426 -1.048 -1.928 -2.593 -2.720
0.06 0.69525 9.00000 2.1673452854 2.5750291245    2.166  2.016  3.6374  2.259    4  0.000  0.382     0.00     0.00     0.00     0.00     0.00 -1    -1e-30      0.00 5.641e-01 3.754e-01 7.278e-03 7.484e-03 2.539e-02 -1.000 6.043e-02 -0.270 3.372 1.746 0.431 -0.350 -0.959 -1.827 -2.484 -2.608
0.06 0.69525 9.00000 2.1674871445 2.5750341366    2.166  1.980  3.6402  2.307    4  0.000  0.382     0.00     0.00     0.00     0.00     0.00 -1    -1e-30      0.00 5.641e-01 3.754e-01 7.278e-03 7.484e-03 2.539e-02 -1.000 6.044e-02 -0.180 3.376 1.792 0.494 -0.277 -0.873 -1.729 -2.378 -2.500
0.06 0.69525 9.00000 2.1676404476 2.5750395521    2.166  1.948  3.6427  2.349    4  0.000  0.382     0.00     0.00     0.00     0.00     0.00 -1    -1e-30      0.00 5.641e-01 3.754e-01 7.278e-03 7.484e-03 2.539e-02 -1.000 6.044e-02 -0.099 3.379 1.835 0.554 -0.209 -0.796 -1.642 -2.285 -2.404
0.06 0.69525 9.00000 2.1677975655 2.5750451016    2.166  1.920  3.6448  2.385    4  0.000  0.382     0.00     0.00     0.00     0.00     0.00 -1    -1e-30      0.00 5.641e-01 3.754e-01 7.277e-03 7.485e-03 2.539e-02 -1.000 6.044e-02 -0.029 3.383 1.872 0.605 -0.148 -0.728 -1.565 -2.203 -2.320
0.06 0.69525 9.00000 2.1679656506 2.5750510373    2.167  1.892  3.6470  2.422    4  0.000  0.382     0.00     0.00     0.00     0.00     0.00 -1    -1e-30      0.00 5.641e-01 3.754e-01 7.277e-03 7.485e-03 2.539e-02 -1.000 6.044e-02 0.041 3.386 1.909 0.657 -0.089 -0.661 -1.490 -2.121 -2.236
0.06 0.69525 9.00000 2.1681532860 2.5750576623    2.167  1.862  3.6492  2.460    4  0.000  0.382     0.00     0.00     0.00     0.00     0.00 -1    -1e-30      0.00 5.641e-01 3.754e-01 7.277e-03 7.485e-03 2.539e-02 -1.000 6.044e-02 0.114 3.389 1.947 0.710 -0.027 -0.590 -1.410 -2.036 -2.149
0.06 0.69525 9.00000 2.1684374809 2.5750676940    2.167  1.821  3.6524  2.514    4  0.000  0.382     0.00     0.00     0.00     0.00     0.00 -1    -1e-30      0.00 5.641e-01 3.754e-01 7.277e-03 7.485e-03 2.539e-02 -1.000 6.044e-02 0.218 3.400 2.006 0.789 0.063 -0.490 -1.297 -1.915 -2.025
0.06 0.69525 9.00000 2.1688044071 2.5750806415    2.167  1.775  3.6559  2.574    4  0.000  0.382     0.00     0.00     0.00     0.00     0.00 -1    -1e-30      0.00 5.641e-01 3.755e-01 7.277e-03 7.486e-03 2.539e-02 -1.000 6.044e-02 0.332 3.426 2.077 0.877 0.163 -0.381 -1.174 -1.781 -1.888
0.06 0.69525 9.00000 2.1692855358 2.5750976111    2.168  1.730  3.6595  2.634    4  0.000  0.382     0.00     0.00     0.00     0.00     0.00 -1    -1e-30      0.00 5.641e-01 3.755e-01 7.277e-03 7.486e-03 2.539e-02 -1.000 6.044e-02 0.446 3.449 2.146 0.964 0.262 -0.272 -1.051 -1.646 -1.751
0.06 0.69525 9.00000 2.1698594093 2.5751178406    2.168  1.692  3.6624  2.683    4  0.000  0.382     0.00     0.00     0.00     0.00     0.00 -1    -1e-30      0.00 5.641e-01 3.755e-01 7.277e-03 7.487e-03 2.539e-02 -1.000 6.044e-02 0.539 3.472 2.205 1.037 0.344 -0.182 -0.949 -1.536 -1.638
0.06 0.69525 9.00000 2.1705935001 2.5751437000    2.169  1.658  3.6650  2.728    4  0.000  0.382     0.00     0.00     0.00     0.00     0.00 -1    -1e-30      0.00 5.641e-01 3.755e-01 7.277e-03 7.488e-03 2.539e-02 -1.000 6.044e-02 0.625 3.495 2.259 1.104 0.420 -0.099 -0.856 -1.436 -1.536
0.06 0.69525 9.00000 2.2000000477 2.5761632879    2.199  1.704  3.6644  2.686    5  0.000  0.382     0.00     0.00     0.00     0.00     0.00 -1    -1e-30      0.00 5.638e-01 3.757e-01 7.273e-03 7.518e-03 2.536e-02 -1.000 6.050e-02 0.510 3.396 2.152 0.993 0.308 -0.213 -0.973 -1.554 -1.654
0.06 0.69525 9.00000 2.2162055969 2.5767118888    2.215  1.731  3.6640  2.661    5  0.000  0.383     0.00     0.00     0.00     0.00     0.00 -1    -1e-30      0.00 5.637e-01 3.759e-01 7.271e-03 7.535e-03 2.534e-02 -1.000 6.047e-02 0.444 3.340 2.091 0.929 0.243 -0.279 -1.041 -1.623 -1.724
0.06 0.69525 9.00000 2.2429525852 2.5775974361    2.241  1.779  3.6629  2.613    5  0.000  0.383     0.00     0.00     0.00     0.00     0.00 -1    -1e-30      0.00 5.635e-01 3.761e-01 7.268e-03 7.563e-03 2.532e-02 -1.000 6.041e-02 0.322 3.244 1.981 0.814 0.125 -0.399 -1.165 -1.750 -1.852
0.06 0.69525 9.00000 2.2500000000 2.5778267375    2.249  1.794  3.6624  2.597    5  0.000  0.383     0.00     0.00     0.00     0.00     0.00 -1    -1e-30      0.00 5.634e-01 3.762e-01 7.267e-03 7.570e-03 2.531e-02 -1.000 6.040e-02 0.284 3.217 1.949 0.779 0.089 -0.436 -1.205 -1.791 -1.893
0.06 0.69525 9.00000 2.2629258633 2.5782430399    2.262  1.823  3.6615  2.567    5  0.000  0.383     0.00     0.00     0.00     0.00     0.00 -1    -1e-30      0.00 5.633e-01 3.763e-01 7.266e-03 7.579e-03 2.530e-02 -1.000 6.040e-02 0.212 3.169 1.889 0.714 0.021 -0.507 -1.279 -1.868 -1.972
0.06 0.69525 9.00000 2.2795896530 2.5787717263    2.278  1.870  3.6589  2.514    5  0.000  0.383     0.00     0.00     0.00     0.00     0.00 -1    -1e-30      0.00 5.633e-01 3.763e-01 7.265e-03 7.590e-03 2.530e-02 -1.000 6.040e-02 0.096 3.114 1.802 0.615 -0.086 -0.620 -1.403 -1.999 -2.104
0.06 0.69525 9.00000 2.2865085602 2.5789886383    2.285  1.888  3.6580  2.493    5  0.000  0.383     0.00     0.00     0.00     0.00     0.00 -1    -1e-30      0.00 5.633e-01 3.763e-01 7.264e-03 7.595e-03 2.530e-02 -1.000 6.040e-02 0.050 3.094 1.769 0.576 -0.127 -0.664 -1.451 -2.049 -2.156
0.06 0.69525 9.00000 2.2887756824 2.5790593860    2.287  1.897  3.6574  2.482    5  0.000  0.383     0.00     0.00     0.00     0.00     0.00 -1    -1e-30      0.00 5.632e-01 3.764e-01 7.264e-03 7.596e-03 2.529e-02 -1.000 6.040e-02 0.027 3.089 1.755 0.558 -0.148 -0.687 -1.476 -2.076 -2.183
0.06 0.69525 9.00000 2.2908635139 2.5791243963    2.289  1.916  3.6559  2.458    6  0.000  0.383     0.00     0.00     0.00     0.00     0.00 -1    -1e-30      0.00 5.632e-01 3.764e-01 7.264e-03 7.598e-03 2.529e-02 -1.000 6.040e-02 -0.019 3.088 1.731 0.524 -0.188 -0.731 -1.526 -2.130 -2.239
0.06 0.69525 9.00000 2.2941145897 2.5792253565    2.293  1.950  3.6530  2.412    6  0.000  0.383     0.00     0.00     0.00     0.00     0.00 -1    -1e-30      0.00 5.632e-01 3.764e-01 7.263e-03 7.600e-03 2.529e-02 -1.000 6.040e-02 -0.104 3.090 1.688 0.461 -0.262 -0.813 -1.620 -2.232 -2.343
0.06 0.69525 9.00000 2.2962560654 2.5792916792    2.295  2.011  3.6476  2.330    6  0.000  0.383     0.00     0.00     0.00     0.00     0.00 -1    -1e-30      0.00 5.632e-01 3.764e-01 7.263e-03 7.601e-03 2.529e-02 -1.000 6.040e-02 -0.257 3.099 1.614 0.353 -0.391 -0.960 -1.788 -2.415 -2.530
0.06 0.69525 9.00000 2.2969572544 2.5793133645    2.295  2.054  3.6439  2.273    6  0.000  0.383     0.00     0.00     0.00     0.00     0.00 -1    -1e-30      0.00 5.632e-01 3.764e-01 7.263e-03 7.602e-03 2.529e-02 -1.000 6.040e-02 -0.364 3.104 1.562 0.277 -0.481 -1.063 -1.905 -2.541 -2.661
0.06 0.69525 9.00000 2.2973256111 2.5793247504    2.296  2.098  3.6401  2.213    6  0.000  0.383     0.00     0.00     0.00     0.00     0.00 -1    -1e-30      0.00 5.632e-01 3.764e-01 7.263e-03 7.602e-03 2.529e-02 -1.000 6.040e-02 -0.475 3.110 1.509 0.198 -0.574 -1.169 -2.026 -2.672 -2.795
0.06 0.69525 9.00000 2.2975156307 2.5793306223    2.296  2.139  3.6366  2.159    6  0.000  0.383     0.00     0.00     0.00     0.00     0.00 -1    -1e-30      0.00 5.632e-01 3.764e-01 7.263e-03 7.602e-03 2.529e-02 -1.000 6.040e-02 -0.577 3.116 1.462 0.130 -0.655 -1.265 -2.138 -2.793 -2.919
0.06 0.69525 9.00000 2.2976310253 2.5793341876    2.296  2.186  3.6326  2.095    6  0.000  0.383     0.00     0.00     0.00     0.00     0.00 -1    -1e-30      0.00 5.632e-01 3.764e-01 7.263e-03 7.602e-03 2.529e-02 -1.000 6.040e-02 -0.695 3.122 1.407 0.050 -0.751 -1.378 -2.267 -2.933 -3.063
0.06 0.69525 9.00000 2.2976832390 2.5793358006    2.296  2.221  3.6297  2.049    6  0.000  0.383     0.00     0.00     0.00     0.00     0.00 -1    -1e-30      0.00 5.632e-01 3.764e-01 7.263e-03 7.602e-03 2.529e-02 -1.000 6.040e-02 -0.781 3.125 1.366 -0.009 -0.820 -1.460 -2.360 -3.034 -3.167
0.06 0.69525 9.00000 2.2977108955 2.5793366550    2.296  2.245  3.6277  2.017    6  0.000  0.383     0.00     0.00     0.00     0.00     0.00 -1    -1e-30      0.00 5.632e-01 3.764e-01 7.263e-03 7.602e-03 2.529e-02 -1.000 6.040e-02 -0.842 3.125 1.339 -0.048 -0.865 -1.517 -2.426 -3.105 -3.240
0.06 0.69525 9.00000 2.2977139950 2.5793367508    2.296  2.247  3.6274  2.013    6  0.000  0.383     0.00     0.00     0.00     0.00     0.00 -1    -1e-30      0.00 5.632e-01 3.764e-01 7.263e-03 7.602e-03 2.529e-02 -1.000 6.040e-02 -0.849 3.126 1.336 -0.052 -0.870 -1.523 -2.433 -3.113 -3.248
0.06 0.69525 9.00000 2.2977628708 2.5793382606    2.296  2.300  3.6229  1.942    7  0.000  0.383     0.00     0.00     0.00     0.00     0.00 -1    -1e-30      0.00 5.632e-01 3.764e-01 7.263e-03 7.602e-03 2.529e-02 -1.000 6.040e-02 -0.981 3.112 1.280 -0.138 -0.968 -1.647 -2.578 -3.260 -3.405
0.06 0.69525 9.00000 2.2977995872 2.5793393948    2.296  2.338  3.6196  1.892    7  0.000  0.383     0.00     0.00     0.00     0.00     0.00 -1    -1e-30      0.00 5.632e-01 3.764e-01 7.263e-03 7.603e-03 2.529e-02 -1.000 6.040e-02 -1.075 3.097 1.242 -0.198 -1.037 -1.735 -2.681 -3.363 -3.516
0.06 0.69525 9.00000 2.2978892326 2.5793421638    2.296  2.347  3.6189  1.879    7  0.000  0.383     0.00     0.00     0.00     0.00     0.00 -1    -1e-30      0.00 5.632e-01 3.764e-01 7.263e-03 7.603e-03 2.529e-02 -1.000 6.040e-02 -1.098 3.090 1.231 -0.213 -1.054 -1.757 -2.707 -3.389 -3.543
0.06 0.69525 9.00000 2.2979619503 2.5793444097    2.296  2.300  3.6230  1.943    7  0.000  0.383     0.00     0.00     0.00     0.00     0.00 -1    -1e-30      0.00 5.632e-01 3.764e-01 7.263e-03 7.603e-03 2.529e-02 -1.000 6.040e-02 -0.981 3.109 1.279 -0.139 -0.969 -1.648 -2.578 -3.260 -3.404
0.06 0.69525 9.00000 2.2981030941 2.5793487686    2.297  2.259  3.6266  1.999    7  0.000  0.383     0.00     0.00     0.00     0.00     0.00 -1    -1e-30      0.00 5.632e-01 3.764e-01 7.263e-03 7.603e-03 2.529e-02 -1.000 6.040e-02 -0.876 3.123 1.322 -0.071 -0.891 -1.550 -2.463 -3.145 -3.281
0.06 0.69525 9.00000 2.2984080315 2.5793581837    2.297  2.219  3.6299  2.051    7  0.000  0.383     0.00     0.00     0.00     0.00     0.00 -1    -1e-30      0.00 5.632e-01 3.764e-01 7.263e-03 7.603e-03 2.529e-02 -1.000 6.040e-02 -0.779 3.122 1.366 -0.009 -0.819 -1.457 -2.357 -3.030 -3.163
0.06 0.69525 9.00000 2.2999999523 2.5794072884    2.299  2.203  3.6314  2.074    7  0.000  0.383     0.00     0.00     0.00     0.00     0.00 -1    -1e-30      0.00 5.632e-01 3.764e-01 7.263e-03 7.604e-03 2.529e-02 -1.000 6.040e-02 -0.738 3.117 1.384 0.018 -0.786 -1.419 -2.312 -2.982 -3.113
0.06 0.69525 9.00000 2.3003849983 2.5794191538    2.299  2.200  3.6317  2.079    7  0.000  0.383     0.00     0.00     0.00     0.00     0.00 -1    -1e-30      0.00 5.632e-01 3.764e-01 7.263e-03 7.604e-03 2.529e-02 -1.000 6.040e-02 -0.729 3.116 1.387 0.024 -0.779 -1.410 -2.303 -2.971 -3.102
0.06 0.69525 9.00000 2.3021008968 2.5794719750    2.301  2.248  3.6276  2.015    7  0.000  0.383     0.00     0.00     0.00     0.00     0.00 -1    -1e-30      0.00 5.632e-01 3.764e-01 7.263e-03 7.606e-03 2.529e-02 -1.000 6.040e-02 -0.849 3.120 1.333 -0.054 -0.872 -1.524 -2.433 -3.113 -3.248
0.06 0.69525 9.00000 2.3030858040 2.5795022528    2.302  2.292  3.6238  1.955    7  0.000  0.383     0.00     0.00     0.00     0.00     0.00 -1    -1e-30      0.00 5.632e-01 3.764e-01 7.263e-03 7.607e-03 2.529e-02 -1.000 6.041e-02 -0.960 3.111 1.287 -0.126 -0.954 -1.628 -2.555 -3.237 -3.380
0.06 0.69525 9.00000 2.3037936687 2.5795239955    2.303  2.336  3.6200  1.897    7  0.000  0.383     0.00     0.00     0.00     0.00     0.00 -1    -1e-30      0.00 5.632e-01 3.764e-01 7.263e-03 7.608e-03 2.529e-02 -1.000 6.041e-02 -1.069 3.094 1.241 -0.197 -1.035 -1.730 -2.674 -3.356 -3.507
0.06 0.69525 9.00000 2.3043422699 2.5795408357    2.303  2.378  3.6165  1.840    7  0.000  0.383     0.00     0.00     0.00     0.00     0.00 -1    -1e-30      0.00 5.632e-01 3.764e-01 7.263e-03 7.608e-03 2.529e-02 -1.000 6.041e-02 -1.176 3.062 1.193 -0.263 -1.109 -1.829 -2.791 -3.472 -3.633
0.06 0.69525 9.00000 2.3047912121 2.5795546099    2.303  2.421  3.6128  1.783    7  0.000  0.383     0.00     0.00     0.00     0.00     0.00 -1    -1e-30      0.00 5.632e-01 3.764e-01 7.263e-03 7.608e-03 2.529e-02 -1.000 6.041e-02 -1.281 3.033 1.149 -0.326 -1.181 -1.926 -2.907 -3.589 -3.758
0.06 0.69525 9.00000 2.3051726818 2.5795663090    2.304  2.462  3.6091  1.726    7  0.000  0.383     0.00     0.00     0.00     0.00     0.00 -1    -1e-30      0.00 5.631e-01 3.764e-01 7.262e-03 7.609e-03 2.528e-02 -1.000 6.041e-02 -1.386 2.999 1.106 -0.385 -1.251 -2.020 -3.022 -3.704 -3.883
0.06 0.69525 9.00000 2.3055052757 2.5795765056    2.304  2.504  3.6055  1.671    7  0.000  0.383     7.33     5.14     3.75     2.79     2.27  4    -1e-30      0.00 5.631e-01 3.764e-01 7.262e-03 7.609e-03 2.528e-02 -1.000 6.041e-02 -1.489 2.953 1.062 -0.439 -1.317 -2.114 -3.136 -3.818 -4.006
0.06 0.69525 9.00000 2.3058030605 2.5795856321    2.305  2.545  3.6020  1.616    7  0.000  0.383     8.17     5.68     4.13     3.07     2.50  4    -1e-30      0.00 5.631e-01 3.764e-01 7.262e-03 7.609e-03 2.528e-02 -1.000 6.041e-02 -1.592 2.905 1.017 -0.494 -1.384 -2.206 -3.249 -3.931 -4.128
0.06 0.69525 9.00000 2.3060705662 2.5795938283    2.305  2.587  3.5981  1.558    7  0.000  0.383     9.15     6.30     4.56     3.39     2.77  4    -1e-30      0.00 5.631e-01 3.764e-01 7.262e-03 7.610e-03 2.528e-02 -1.000 6.041e-02 -1.697 2.854 0.979 -0.539 -1.446 -2.297 -3.365 -4.047 -4.254
0.06 0.69525 9.00000 2.3063676357 2.5796029278    2.305  2.638  3.5934  1.488    7  0.000  0.383    10.50     7.15     5.14     3.84     3.13  4    -1e-30      0.00 5.631e-01 3.765e-01 7.262e-03 7.610e-03 2.528e-02 -1.000 6.041e-02 -1.825 2.789 0.935 -0.588 -1.518 -2.408 -3.508 -4.191 -4.410
0.06 0.69525 9.00000 2.3065850735 2.5796095864    2.305  2.679  3.5896  1.432    7  0.000  0.383    11.73     7.92     5.67     4.23     3.46  4    -1e-30      0.00 5.631e-01 3.765e-01 7.262e-03 7.610e-03 2.528e-02 -1.000 6.041e-02 -1.927 2.772 0.907 -0.621 -1.570 -2.498 -3.622 -4.313 -4.538
0.06 0.69525 9.00000 2.3067872524 2.5796157764    2.306  2.720  3.5858  1.376    7  0.000  0.383    13.10     8.76     6.24     4.67     3.81  4    -1e-30      0.00 5.631e-01 3.765e-01 7.261e-03 7.610e-03 2.528e-02 -1.000 6.041e-02 -2.029 2.751 0.887 -0.640 -1.610 -2.586 -3.737 -4.435 -4.666
0.06 0.69525 9.00000 2.3069770336 2.5796215857    2.306  2.761  3.5820  1.320    7  0.000  0.383    14.63     9.70     6.88     5.15     4.21  4    -1e-30      0.00 5.631e-01 3.765e-01 7.261e-03 7.611e-03 2.528e-02 -1.000 6.041e-02 -2.132 2.731 0.867 -0.660 -1.652 -2.673 -3.852 -4.557 -4.793
0.06 0.69525 9.00000 2.3071560860 2.5796270656    2.306  2.801  3.5779  1.263    7  0.000  0.383    16.37    10.75     7.59     5.70     4.65  4    -1e-30      0.00 5.631e-01 3.765e-01 7.259e-03 7.612e-03 2.528e-02 -1.000 6.041e-02 -2.233 2.714 0.863 -0.660 -1.679 -2.755 -3.967 -4.680 -4.923
0.06 0.69525 9.00000 2.3073275089 2.5796323111    2.306  2.842  3.5739  1.206    7  0.000  0.383    18.30    11.91     8.37     6.29     5.14  4    -1e-30      0.00 5.631e-01 3.765e-01 7.256e-03 7.615e-03 2.528e-02 -1.000 6.041e-02 -2.335 2.694 0.864 -0.650 -1.699 -2.835 -4.083 -4.803 -5.051
0.06 0.69525 9.00000 2.3074951172 2.5796374390    2.306  2.882  3.5698  1.150    7  0.000  0.382    20.46    13.19     9.22     6.95     5.68  4    -1e-30      0.00 5.631e-01 3.765e-01 7.252e-03 7.619e-03 2.528e-02 -1.000 6.042e-02 -2.436 2.676 0.867 -0.638 -1.717 -2.913 -4.197 -4.925 -5.179
0.06 0.69525 9.00000 2.3076615334 2.5796425295    2.306  2.922  3.5658  1.094    7  0.000  0.382    22.85    14.60    10.16     7.66     6.26  4    -1e-30      0.00 5.631e-01 3.765e-01 7.248e-03 7.623e-03 2.528e-02 -1.000 6.042e-02 -2.536 2.655 0.888 -0.604 -1.721 -2.981 -4.311 -5.046 -5.306
0.06 0.69525 9.00000 2.3078274727 2.5796476047    2.307  2.963  3.5617  1.036    7  0.000  0.382    25.58    16.20    11.22     8.47     6.93  4    -1e-30      0.00 5.631e-01 3.765e-01 7.245e-03 7.628e-03 2.528e-02 -1.000 6.042e-02 -2.638 2.636 0.911 -0.565 -1.722 -3.050 -4.428 -5.169 -5.436
0.06 0.69525 9.00000 2.3079698086 2.5796519572    2.307  3.007  3.5570  0.974    7  0.000  0.382    28.93    18.13    12.50     9.45     7.73  4    -1e-30      0.00 5.631e-01 3.765e-01 7.242e-03 7.632e-03 2.528e-02 -1.000 6.042e-02 -2.747 2.616 0.959 -0.496 -1.706 -3.110 -4.554 -5.303 -5.577
0.06 0.69525 9.00000 2.3080523014 2.5796544796    2.307  3.055  3.5517  0.905    7  0.000  0.382    33.15    20.55    14.08    10.67     8.73  4    -1e-30      0.00 5.631e-01 3.765e-01 7.240e-03 7.636e-03 2.528e-02 -1.000 6.042e-02 -2.868 2.592 1.026 -0.402 -1.677 -3.166 -4.693 -5.450 -5.733
0.06 0.69525 9.00000 2.3080959320 2.5796558135    2.307  3.092  3.5477  0.852    7  0.000  0.382    36.79    22.61    15.43    11.71     9.58  4    -1e-30      0.00 5.631e-01 3.765e-01 7.238e-03 7.637e-03 2.528e-02 -1.000 6.042e-02 -2.959 2.574 1.090 -0.315 -1.646 -3.197 -4.799 -5.562 -5.852
0.06 0.69525 9.00000 2.3081371784 2.5796570745    2.307  3.131  3.5432  0.795    7  0.000  0.382    41.15    25.06    17.02    12.94    10.59  4    -1e-30      0.00 5.631e-01 3.765e-01 7.237e-03 7.639e-03 2.528e-02 -1.000 6.042e-02 -3.057 2.558 1.175 -0.205 -1.602 -3.222 -4.912 -5.682 -5.980
0.06 0.69525 9.00000 2.3081731796 2.5796581752    2.307  3.168  3.5389  0.741    7  0.000  0.382    45.79    27.64    18.69    14.23    11.65  4    -1e-30      0.00 5.631e-01 3.765e-01 7.236e-03 7.640e-03 2.528e-02 -1.000 6.042e-02 -3.150 2.544 1.263 -0.092 -1.554 -3.238 -5.019 -5.796 -6.102
0.06 0.69525 9.00000 2.3082106113 2.5796593195    2.307  3.208  3.5342  0.682    7  0.000  0.382    51.41    30.74    20.69    15.77    12.92  4    -1e-30      0.00 5.631e-01 3.765e-01 7.236e-03 7.640e-03 2.528e-02 -1.000 6.042e-02 -3.249 2.530 1.380 0.055 -1.486 -3.229 -5.134 -5.919 -6.233
0.06 0.69525 9.00000 2.3082487583 2.5796604856    2.307  3.248  3.5295  0.623    7  0.000  0.382    57.74    34.19    22.90    17.49    14.33  4    -1e-30      0.00 5.631e-01 3.765e-01 7.236e-03 7.640e-03 2.528e-02 -1.000 6.042e-02 -3.349 2.517 1.500 0.204 -1.417 -3.219 -5.249 -6.041 -6.365
0.06 0.69525 9.00000 2.3082876205 2.5796616736    2.307  3.287  3.5247  0.565    7  0.000  0.382    64.76    37.99    25.33    19.37    15.87  3    -1e-30      0.00 5.631e-01 3.765e-01 7.235e-03 7.640e-03 2.528e-02 -1.000 6.042e-02 -3.447 2.532 1.658 0.389 -1.322 -3.175 -5.361 -6.160 -6.495
0.06 0.69525 9.00000 2.3083300591 2.5796629708    2.307  3.326  3.5199  0.506    7  0.000  0.382    72.66    42.22    28.02    21.46    17.59  3    -1e-30      0.00 5.631e-01 3.765e-01 7.235e-03 7.640e-03 2.528e-02 -1.000 6.042e-02 -3.545 2.564 1.824 0.574 -1.228 -3.133 -5.473 -6.278 -6.625
0.06 0.69525 9.00000 2.3083765507 2.5796643918    2.307  3.364  3.5151  0.449    7  0.000  0.382    81.35    46.83    30.93    23.73    19.45  3    -1e-30      0.00 5.631e-01 3.765e-01 7.235e-03 7.640e-03 2.528e-02 -1.000 6.042e-02 -3.641 2.564 2.010 0.817 -1.083 -3.040 -5.579 -6.395 -6.752
0.06 0.69525 9.00000 2.3084285259 2.5796659804    2.307  3.403  3.5101  0.391    7  0.000  0.382    91.24    52.04    34.21    26.28    21.55  3    -1e-30      0.00 5.631e-01 3.765e-01 7.235e-03 7.640e-03 2.528e-02 -1.000 6.042e-02 -3.737 2.565 2.213 1.082 -0.924 -2.938 -5.686 -6.514 -6.881
0.06 0.69525 9.00000 2.3084843159 2.5796676855    2.307  3.441  3.5052  0.333    7  0.000  0.382   102.16    57.73    37.77    29.06    23.83  3    -1e-30      0.00 5.631e-01 3.765e-01 7.235e-03 7.640e-03 2.528e-02 -1.000 6.042e-02 -3.831 2.564 2.374 1.268 -0.807 -2.856 -5.789 -6.630 -7.006
0.06 0.69525 9.00000 2.3085439205 2.5796695071    2.307  3.478  3.5003  0.276    7  0.000  0.382   114.36    64.02    41.69    32.13    26.36  3    -1e-30      0.00 5.631e-01 3.765e-01 7.235e-03 7.640e-03 2.528e-02 -1.000 6.042e-02 -3.925 2.569 2.542 1.459 -0.686 -2.769 -5.891 -6.746 -7.131
0.06 0.69525 9.00000 2.3086071014 2.5796714378    2.307  3.515  3.4953  0.219    7  0.000  0.382   127.90    70.95    45.99    35.50    29.13  3    -1e-30      0.00 5.631e-01 3.765e-01 7.235e-03 7.640e-03 2.528e-02 -1.000 6.042e-02 -4.018 2.582 2.688 1.587 -0.595 -2.695 -5.990 -6.860 -7.254
0.06 0.69525 9.00000 2.3086724281 2.5796734340    2.307  3.552  3.4904  0.163    7  0.564  0.382   142.98    78.59    50.71    39.20    32.17  2    -1e-30      0.00 5.631e-01 3.765e-01 7.235e-03 7.640e-03 2.528e-02 -1.000 6.042e-02 -4.110 2.605 2.850 1.730 -0.491 -2.608 -6.087 -6.972 -7.377
0.06 0.69525 9.00000 2.3087384701 2.5796754519    2.307  3.588  3.4853  0.106    7  0.561  0.382   159.88    87.08    55.93    43.30    35.55  2    -1e-30      0.00 5.631e-01 3.765e-01 7.235e-03 7.640e-03 2.528e-02 -1.000 6.042e-02 -4.201 2.610 2.934 1.750 -0.478 -2.596 -6.182 -7.084 -7.498
0.06 0.69525 9.00000 2.3088061810 2.5796775207    2.308  3.625  3.4803  0.050    7  0.561  0.382   178.63    96.41    61.63    47.79    39.24  2    -1e-30      0.00 5.631e-01 3.765e-01 7.235e-03 7.640e-03 2.528e-02 -1.000 6.042e-02 -4.291 2.616 3.016 1.761 -0.468 -2.586 -6.276 -7.196 -7.619
0.06 0.69525 9.00000 2.3088731766 2.5796795674    2.308  3.658  3.4755 -0.003    7  0.563  0.382   198.04   105.98    67.46    52.38    43.02  2    -1e-30      0.00 5.631e-01 3.765e-01 7.235e-03 7.640e-03 2.528e-02 -1.000 6.042e-02 -4.375 2.619 3.068 1.752 -0.484 -2.605 -6.360 -7.298 -7.728
0.06 0.69525 9.00000 2.3088762760 2.5796796621    2.308  3.666  3.4744 -0.015    7  0.576  0.382   203.07   108.45    68.97    53.57    44.00  2    -1e-30      0.00 5.631e-01 3.765e-01 7.235e-03 7.640e-03 2.528e-02 -1.000 6.042e-02 -4.395 2.619 3.078 1.748 -0.490 -2.611 -6.382 -7.323 -7.755
0.06 0.69525 9.00000 2.3088800907 2.5796797787    2.308  3.674  3.4731 -0.028    7  0.576  0.382   208.40   111.06    70.55    54.82    45.03  2    -1e-30      0.00 5.631e-01 3.765e-01 7.235e-03 7.640e-03 2.528e-02 -1.000 6.042e-02 -4.415 2.621 3.093 1.746 -0.494 -2.615 -6.402 -7.348 -7.782
0.06 0.69525 9.00000 2.3088808060 2.5796798005    2.307  3.674  3.4656 -0.059    8  0.576  0.401   221.15   117.28    74.32    57.79    47.48  2 -1.13e-07      0.00 5.631e-01 3.765e-01 7.654e-03 7.646e-03 2.545e-02 -1.000 6.042e-02 -4.415 2.713 3.249 1.822 -0.423 -2.548 -6.401 -7.375 -7.818
0.06 0.69525 9.00000 2.3088810444 2.5796798078    2.307  3.520  3.4870  0.181    8  0.576  0.401   137.86    76.01    49.11    37.95    31.14  3 -5.83e-08      0.00 5.631e-01 3.765e-01 7.654e-03 7.646e-03 2.545e-02 -1.000 6.042e-02 -4.029 2.702 3.010 1.858 -0.356 -2.469 -6.008 -6.907 -7.315
0.06 0.69525 9.00000 2.3088810444 2.5796798078    2.307  3.494  3.4906  0.221    8  0.576  0.401   127.50    70.74    45.86    35.40    29.04  3 -5.25e-08      0.00 5.631e-01 3.765e-01 7.654e-03 7.646e-03 2.545e-02 -1.000 6.042e-02 -3.966 2.697 2.943 1.833 -0.373 -2.484 -5.942 -6.830 -7.232
0.06 0.69525 9.00000 2.3088815212 2.5796798224    2.307  3.301  3.5180  0.524    8  0.576  0.401    70.17    40.90    27.17    20.80    17.05  3  -2.5e-08      0.00 5.631e-01 3.765e-01 7.654e-03 7.646e-03 2.545e-02 -1.000 6.042e-02 -3.482 2.625 1.979 0.764 -1.071 -2.993 -5.413 -6.225 -6.574
0.06 0.69525 9.00000 2.3088819981 2.5796798369    2.306  3.276  3.5215  0.563    8  0.576  0.401    64.99    38.12    25.41    19.43    15.92  3 -2.28e-08      0.00 5.631e-01 3.765e-01 7.654e-03 7.646e-03 2.545e-02 -1.000 6.042e-02 -3.420 2.598 1.847 0.609 -1.160 -3.046 -5.341 -6.148 -6.489
0.06 0.69525 9.00000 2.3088827133 2.5796798588    2.306  3.343  3.5117  0.456    8  0.577  0.401    80.23    46.24    30.56    23.44    19.21  3 -2.91e-08      0.00 5.631e-01 3.765e-01 7.654e-03 7.646e-03 2.545e-02 -1.000 6.042e-02 -3.589 2.652 2.249 1.108 -0.858 -2.851 -5.533 -6.360 -6.722
0.06 0.69525 9.00000 2.3088839054 2.5796798952    2.306  3.455  3.4956  0.281    8  0.577  0.401   113.36    63.51    41.37    31.88    26.15  3 -4.45e-08      0.00 5.631e-01 3.765e-01 7.654e-03 7.646e-03 2.545e-02 -1.000 6.042e-02 -3.867 2.682 2.793 1.704 -0.465 -2.558 -5.837 -6.709 -7.101
0.06 0.69525 9.00000 2.3088853359 2.5796799389    2.306  3.560  3.4803  0.115    8  0.577  0.401   157.21    85.74    55.10    42.65    35.01  2 -6.83e-08      0.00 5.631e-01 3.765e-01 7.654e-03 7.646e-03 2.545e-02 -1.000 6.042e-02 -4.129 2.722 3.128 1.887 -0.330 -2.441 -6.112 -7.035 -7.454
0.06 0.69525 9.00000 2.3088867664 2.5796799826    2.306  3.630  3.4699  0.002    8  0.577  0.401   196.23   105.09    66.92    51.96    42.67  2 -9.22e-08      0.00 5.631e-01 3.765e-01 7.654e-03 7.646e-03 2.545e-02 -1.000 6.042e-02 -4.306 2.734 3.245 1.871 -0.362 -2.480 -6.291 -7.251 -7.687
0.06 0.69525 9.00000 2.3088886738 2.5796800409    2.305  3.666  3.4645 -0.055    8  0.577  0.401   219.51   116.48    73.83    57.41    47.16  2 -1.07e-07      0.00 5.631e-01 3.765e-01 7.654e-03 7.646e-03 2.545e-02 -1.000 6.042e-02 -4.394 2.738 3.284 1.849 -0.396 -2.521 -6.379 -7.358 -7.801
0.06 0.69525 9.00000 2.3088908195 2.5796801064    2.305  3.678  3.4622 -0.077    8  0.577  0.401   229.06   121.12    76.64    59.62    48.99  2 -1.13e-07      0.00 5.631e-01 3.765e-01 7.654e-03 7.646e-03 2.545e-02 -1.000 6.042e-02 -4.425 2.743 3.304 1.844 -0.406 -2.534 -6.411 -7.397 -7.844
0.06 0.69525 9.00000 2.3088934422 2.5796801866    2.304  3.682  3.4611 -0.085    8  0.577  0.401   232.89   122.98    77.76    60.51    49.72  2 -1.14e-07      0.00 5.631e-01 3.765e-01 7.654e-03 7.646e-03 2.545e-02 -1.000 6.042e-02 -4.435 2.749 3.319 1.847 -0.405 -2.535 -6.420 -7.411 -7.859
0.06 0.69525 9.00000 2.3088934422 2.5796801866    2.304  3.616  3.4700  0.017    8  0.577  0.401   190.51   102.27    65.21    50.61    41.56  2 -8.52e-08      0.00 5.631e-01 3.765e-01 7.654e-03 7.646e-03 2.545e-02 -1.000 6.042e-02 -4.269 2.756 3.268 1.899 -0.331 -2.447 -6.254 -7.214 -7.649
0.06 0.69525 9.00000 2.3088936806 2.5796801938    2.304  3.504  3.4859  0.192    8  0.577  0.401   135.02    74.57    48.22    37.25    30.57  3 -5.33e-08      0.00 5.631e-01 3.765e-01 7.654e-03 7.646e-03 2.545e-02 -1.000 6.042e-02 -3.991 2.741 3.068 1.905 -0.304 -2.415 -5.970 -6.874 -7.283
0.06 0.69525 9.00000 2.3088941574 2.5796802084    2.304  3.311  3.5132  0.494    8  0.577  0.401    74.43    43.17    28.61    21.92    17.97  3 -2.52e-08      0.00 5.631e-01 3.765e-01 7.654e-03 7.646e-03 2.545e-02 -1.000 6.042e-02 -3.508 2.689 2.228 1.070 -0.860 -2.833 -5.449 -6.273 -6.631
0.06 0.69525 9.00000 2.3088946342 2.5796802230    2.304  3.286  3.5167  0.533    8  0.577  0.401    68.90    40.22    26.74    20.47    16.77  3  -2.3e-08      0.00 5.631e-01 3.765e-01 7.654e-03 7.646e-03 2.545e-02 -1.000 6.042e-02 -3.445 2.664 2.081 0.889 -0.969 -2.903 -5.378 -6.195 -6.546
0.06 0.69525 9.00000 2.3088955879 2.5796802521    2.304  3.354  3.5070  0.427    8  0.577  0.401    84.99    48.76    32.14    24.67    20.23  3 -2.94e-08      0.00 5.631e-01 3.765e-01 7.654e-03 7.646e-03 2.545e-02 -1.000 6.042e-02 -3.614 2.698 2.469 1.368 -0.671 -2.701 -5.566 -6.407 -6.778
0.06 0.69525 9.00000 2.3088967800 2.5796802885    2.304  3.465  3.4911  0.252    8  0.578  0.401   119.87    66.85    43.45    33.51    27.49  3 -4.52e-08      0.00 5.631e-01 3.765e-01 7.654e-03 7.646e-03 2.545e-02 -1.000 6.042e-02 -3.891 2.738 2.976 1.872 -0.324 -2.430 -5.866 -6.754 -7.154
0.06 0.69525 9.00000 2.3088982105 2.5796803322    2.303  3.569  3.4759  0.087    8  0.578  0.401   165.93    90.10    57.77    44.75    36.74  2 -6.95e-08      0.00 5.631e-01 3.765e-01 7.654e-03 7.646e-03 2.545e-02 -1.000 6.042e-02 -4.153 2.760 3.214 1.921 -0.298 -2.411 -6.136 -7.075 -7.500
0.06 0.69525 9.00000 2.3088998795 2.5796803832    2.303  3.640  3.4656 -0.025    8  0.578  0.401   206.91   110.33    70.10    54.47    44.74  2 -9.41e-08      0.00 5.631e-01 3.765e-01 7.654e-03 7.646e-03 2.545e-02 -1.000 6.042e-02 -4.330 2.765 3.307 1.890 -0.349 -2.471 -6.315 -7.290 -7.730
0.06 0.69525 9.00000 2.3089017868 2.5796804415    2.303  3.675  3.4603 -0.082    8  0.578  0.401   231.33   122.22    77.30    60.15    49.42  2  -1.1e-07      0.00 5.631e-01 3.765e-01 7.654e-03 7.646e-03 2.545e-02 -1.000 6.042e-02 -4.418 2.768 3.345 1.868 -0.384 -2.513 -6.403 -7.397 -7.845
0.06 0.69525 9.00000 2.3089041710 2.5796805143    2.303  3.688  3.4581 -0.103    8  0.578  0.401   241.44   127.11    80.25    62.48    51.34  2 -1.16e-07      0.00 5.631e-01 3.765e-01 7.654e-03 7.646e-03 2.545e-02 -1.000 6.042e-02 -4.450 2.769 3.356 1.862 -0.398 -2.534 -6.435 -7.435 -7.886
0.06 0.69525 9.00000 2.3089067936 2.5796805944    2.302  3.692  3.4571 -0.112    8  0.578  0.401   245.53   129.08    81.44    63.42    52.12  2 -1.18e-07      0.00 5.631e-01 3.765e-01 7.654e-03 7.646e-03 2.545e-02 -1.000 6.042e-02 -4.461 2.772 3.363 1.863 -0.401 -2.540 -6.446 -7.449 -7.901
0.06 0.69525 9.00000 2.3089067936 2.5796805944    2.302  3.628  3.4658 -0.013    8  0.578  0.401   201.99   107.91    68.64    53.31    43.79  2 -8.84e-08      0.00 5.631e-01 3.765e-01 7.654e-03 7.646e-03 2.545e-02 -1.000 6.042e-02 -4.300 2.782 3.325 1.913 -0.324 -2.446 -6.285 -7.260 -7.699
0.06 0.69525 9.00000 2.3089070320 2.5796806017    2.302  3.517  3.4817  0.162    8  0.578  0.401   143.10    78.65    50.74    39.23    32.20  3 -5.51e-08      0.00 5.631e-01 3.765e-01 7.654e-03 7.646e-03 2.545e-02 -1.000 6.042e-02 -4.022 2.773 3.163 1.948 -0.262 -2.370 -6.004 -6.923 -7.338
0.06 0.69525 9.00000 2.3089075089 2.5796806163    2.302  3.325  3.5091  0.464    8  0.578  0.401    78.95    45.57    30.13    23.11    18.94  3 -2.59e-08      0.00 5.631e-01 3.765e-01 7.654e-03 7.646e-03 2.545e-02 -1.000 6.042e-02 -3.542 2.723 2.426 1.316 -0.691 -2.705 -5.490 -6.326 -6.691
0.06 0.69525 9.00000 2.3089082241 2.5796806381    2.302  3.300  3.5127  0.503    8  0.578  0.401    73.07    42.44    28.15    21.57    17.68  3 -2.37e-08      0.00 5.631e-01 3.765e-01 7.655e-03 7.646e-03 2.545e-02 -1.000 6.042e-02 -3.479 2.717 2.283 1.135 -0.803 -2.781 -5.420 -6.247 -6.606
0.06 0.69525 9.00000 2.3089089394 2.5796806600    2.301  3.367  3.5030  0.397    8  0.578  0.401    90.12    51.46    33.84    26.00    21.31  3 -3.04e-08      0.00 5.631e-01 3.765e-01 7.655e-03 7.646e-03 2.545e-02 -1.000 6.042e-02 -3.648 2.728 2.633 1.554 -0.537 -2.593 -5.607 -6.460 -6.837
0.06 0.69525 9.00000 2.3089101315 2.5796806964    2.301  3.478  3.4872  0.222    8  0.579  0.401   127.04    70.51    45.72    35.29    28.95  3 -4.71e-08      0.00 5.631e-01 3.765e-01 7.655e-03 7.646e-03 2.545e-02 -1.000 6.042e-02 -3.926 2.767 3.076 1.934 -0.270 -2.379 -5.904 -6.804 -7.210
0.06 0.69525 9.00000 2.3089118004 2.5796807474    2.301  3.583  3.4722  0.057    8  0.579  0.401   175.85    95.02    60.79    47.13    38.70  2 -7.29e-08      0.00 5.631e-01 3.765e-01 7.655e-03 7.646e-03 2.545e-02 -1.000 6.042e-02 -4.188 2.783 3.276 1.937 -0.285 -2.399 -6.172 -7.125 -7.555
0.06 0.69525 9.00000 2.3089134693 2.5796807984    2.301  3.654  3.4620 -0.055    8  0.579  0.401   219.30   116.37    73.76    57.36    47.12  2 -9.92e-08      0.00 5.631e-01 3.765e-01 7.656e-03 7.646e-03 2.545e-02 -1.000 6.042e-02 -4.366 2.782 3.350 1.894 -0.352 -2.479 -6.351 -7.339 -7.784
0.06 0.69525 9.00000 2.3089156151 2.5796808639    2.300  3.691  3.4568 -0.112    8  0.579  0.401   245.40   129.02    81.40    63.39    52.09  2 -1.16e-07      0.00 5.631e-01 3.765e-01 7.656e-03 7.646e-03 2.545e-02 -1.000 6.042e-02 -4.457 2.778 3.371 1.870 -0.395 -2.535 -6.441 -7.446 -7.898
0.06 0.69525 9.00000 2.3089179993 2.5796809367    2.300  3.705  3.4547 -0.134    8  0.579  0.401   256.47   134.34    84.61    65.93    54.18  2 -1.24e-07      0.00 5.630e-01 3.765e-01 7.656e-03 7.646e-03 2.545e-02 -1.000 6.043e-02 -4.492 2.775 3.376 1.860 -0.413 -2.560 -6.477 -7.487 -7.941
0.06 0.69525 9.00000 2.3089208603 2.5796810241    2.300  3.711  3.4539 -0.144    8  0.579  0.401   261.20   136.62    85.97    67.01    55.07  2 -1.27e-07      0.00 5.630e-01 3.765e-01 7.657e-03 7.646e-03 2.545e-02 -1.000 6.043e-02 -4.507 2.774 3.378 1.856 -0.421 -2.570 -6.491 -7.504 -7.960
0.06 0.69525 9.00000 2.3089208603 2.5796810241    2.299  3.649  3.4624 -0.047    8  0.579  0.401   216.10   114.81    72.82    56.61    46.51  2 -9.66e-08      0.00 5.630e-01 3.765e-01 7.657e-03 7.646e-03 2.545e-02 -1.000 6.043e-02 -4.352 2.786 3.351 1.901 -0.343 -2.469 -6.337 -7.323 -7.767
0.06 0.69525 9.00000 2.3089210987 2.5796810314    2.299  3.537  3.4786  0.129    8  0.579  0.401   152.78    83.52    53.74    41.58    34.13  3    -6e-08      0.00 5.630e-01 3.765e-01 7.657e-03 7.646e-03 2.545e-02 -1.000 6.043e-02 -4.073 2.779 3.209 1.952 -0.260 -2.369 -6.056 -6.986 -7.406
0.06 0.69525 9.00000 2.3089215755 2.5796810460    2.299  3.346  3.5063  0.431    8  0.579  0.401    84.20    48.34    31.88    24.47    20.06  3 -2.81e-08      0.00 5.630e-01 3.766e-01 7.657e-03 7.646e-03 2.545e-02 -1.000 6.043e-02 -3.594 2.723 2.520 1.424 -0.622 -2.656 -5.547 -6.391 -6.762
0.06 0.69525 9.00000 2.3089222908 2.5796810678    2.299  3.320  3.5100  0.471    8  0.579  0.401    77.83    44.98    29.76    22.82    18.70  3 -2.56e-08      0.00 5.630e-01 3.766e-01 7.657e-03 7.646e-03 2.545e-02 -1.000 6.043e-02 -3.531 2.720 2.394 1.280 -0.716 -2.725 -5.478 -6.311 -6.676
0.06 0.69525 9.00000 2.3089232445 2.5796810970    2.299  3.388  3.5002  0.364    8  0.579  0.401    96.03    54.54    35.77    27.51    22.56  3  -3.3e-08      0.00 5.630e-01 3.766e-01 7.658e-03 7.645e-03 2.545e-02 -1.000 6.043e-02 -3.700 2.731 2.728 1.662 -0.467 -2.543 -5.663 -6.524 -6.906
0.06 0.69525 9.00000 2.3089244366 2.5796811334    2.298  3.498  3.4842  0.190    8  0.580  0.401   135.44    74.78    48.35    37.35    30.65  3 -5.12e-08      0.00 5.630e-01 3.766e-01 7.658e-03 7.645e-03 2.545e-02 -1.000 6.043e-02 -3.976 2.772 3.125 1.943 -0.264 -2.373 -5.956 -6.866 -7.277
0.06 0.69525 9.00000 2.3089258671 2.5796811771    2.298  3.603  3.4691  0.025    8  0.580  0.401   187.36   100.71    64.25    49.86    40.95  2 -7.92e-08      0.00 5.630e-01 3.766e-01 7.659e-03 7.645e-03 2.545e-02 -1.000 6.043e-02 -4.237 2.788 3.308 1.933 -0.295 -2.412 -6.221 -7.185 -7.620
0.06 0.69525 9.00000 2.3089277744 2.5796812354    2.298  3.674  3.4588 -0.087    8  0.580  0.401   233.71   123.36    77.99    60.70    49.87  2 -1.08e-07      0.00 5.630e-01 3.766e-01 7.659e-03 7.645e-03 2.545e-02 -1.000 6.043e-02 -4.414 2.786 3.372 1.885 -0.370 -2.503 -6.399 -7.397 -7.847
0.06 0.69525 9.00000 2.3089299202 2.5796813009    2.297  3.710  3.4535 -0.144    8  0.580  0.401   261.57   136.79    86.08    67.09    55.14  2 -1.26e-07      0.00 5.630e-01 3.766e-01 7.660e-03 7.645e-03 2.545e-02 -1.000 6.043e-02 -4.504 2.780 3.386 1.862 -0.416 -2.566 -6.488 -7.502 -7.958
0.06 0.69525 9.00000 2.3089325428 2.5796813810    2.297  3.724  3.4515 -0.167    8  0.580  0.401   273.45   142.48    89.49    69.80    57.37  0 -1.35e-07      0.00 5.630e-01 3.766e-01 7.661e-03 7.645e-03 2.545e-02 -1.000 6.043e-02 -4.540 2.779 3.393 1.854 -0.433 -2.590 -6.523 -7.544 -8.002
0.06 0.69525 9.00000 2.3089354038 2.5796814684    2.297  3.730  3.4506 -0.176    8  0.580  0.401   278.64   144.96    90.98    70.98    58.34  0 -1.38e-07      0.00 5.629e-01 3.766e-01 7.662e-03 7.645e-03 2.545e-02 -1.000 6.043e-02 -4.555 2.779 3.395 1.850 -0.441 -2.600 -6.538 -7.561 -8.021
0.06 0.69525 9.00000 2.3089354038 2.5796814684    2.296  3.670  3.4590 -0.083    8  0.580  0.401   231.85   122.45    77.44    60.27    49.51  2 -1.06e-07      0.00 5.629e-01 3.766e-01 7.662e-03 7.645e-03 2.545e-02 -1.000 6.043e-02 -4.405 2.789 3.374 1.890 -0.364 -2.496 -6.390 -7.388 -7.837
0.06 0.69525 9.00000 2.3089356422 2.5796814757    2.296  3.559  3.4753  0.094    8  0.580  0.401   163.63    88.94    57.06    44.20    36.29  2 -6.58e-08      0.00 5.629e-01 3.766e-01 7.662e-03 7.645e-03 2.545e-02 -1.000 6.043e-02 -4.126 2.785 3.247 1.949 -0.268 -2.380 -6.110 -7.052 -7.477
0.06 0.69525 9.00000 2.3089361191 2.5796814903    2.296  3.368  3.5033  0.397    8  0.580  0.401    90.09    51.44    33.83    25.99    21.31  3 -3.07e-08      0.00 5.629e-01 3.766e-01 7.662e-03 7.645e-03 2.545e-02 -1.000 6.043e-02 -3.649 2.724 2.619 1.538 -0.549 -2.604 -5.607 -6.459 -6.836
0.06 0.69525 9.00000 2.3089368343 2.5796815121    2.296  3.342  3.5070  0.437    8  0.581  0.401    83.25    47.85    31.56    24.23    19.86  3 -2.79e-08      0.00 5.629e-01 3.766e-01 7.662e-03 7.645e-03 2.545e-02 -1.000 6.044e-02 -3.586 2.719 2.492 1.392 -0.645 -2.674 -5.538 -6.379 -6.749
0.06 0.69525 9.00000 2.3089380264 2.5796815485    2.296  3.410  3.4972  0.330    8  0.581  0.402   102.77    58.05    37.96    29.22    23.96  3 -3.61e-08      0.00 5.629e-01 3.766e-01 7.663e-03 7.644e-03 2.545e-02 -1.000 6.044e-02 -3.755 2.736 2.813 1.735 -0.415 -2.501 -5.722 -6.592 -6.979
0.06 0.69525 9.00000 2.3089392185 2.5796815850    2.295  3.520  3.4810  0.155    8  0.581  0.402   144.95    79.58    51.31    39.68    32.57  3  -5.6e-08      0.00 5.629e-01 3.767e-01 7.663e-03 7.644e-03 2.545e-02 -1.000 6.044e-02 -4.030 2.777 3.176 1.952 -0.257 -2.366 -6.012 -6.933 -7.349
0.06 0.69525 9.00000 2.3089408875 2.5796816359    2.295  3.624  3.4658 -0.010    8  0.581  0.402   200.57   107.21    68.20    52.97    43.51  2 -8.69e-08      0.00 5.629e-01 3.767e-01 7.664e-03 7.644e-03 2.545e-02 -1.000 6.044e-02 -4.289 2.790 3.332 1.922 -0.315 -2.436 -6.274 -7.249 -7.688
0.06 0.69525 9.00000 2.3089430332 2.5796817015    2.294  3.694  3.4555 -0.122    8  0.581  0.402   250.21   131.32    82.78    64.49    53.00  2 -1.18e-07      0.00 5.629e-01 3.767e-01 7.665e-03 7.644e-03 2.544e-02 -1.000 6.044e-02 -4.466 2.786 3.384 1.875 -0.395 -2.539 -6.451 -7.459 -7.912
0.06 0.69525 9.00000 2.3089454174 2.5796817743    2.294  3.731  3.4502 -0.179    8  0.581  0.402   280.12   145.65    91.39    71.31    58.61  0 -1.39e-07      0.00 5.629e-01 3.767e-01 7.666e-03 7.644e-03 2.544e-02 -1.000 6.044e-02 -4.557 2.782 3.401 1.853 -0.439 -2.600 -6.540 -7.564 -8.025
0.06 0.69525 9.00000 2.3089482784 2.5796818617    2.293  3.745  3.4482 -0.202    8  0.581  0.402   293.04   151.80    95.07    74.23    61.02  0 -1.48e-07      0.00 5.628e-01 3.767e-01 7.667e-03 7.644e-03 2.544e-02 -1.000 6.044e-02 -4.593 2.777 3.401 1.845 -0.459 -2.627 -6.576 -7.606 -8.068
0.06 0.69525 9.00000 2.3089513779 2.5796819564    2.293  3.752  3.4473 -0.212    8  0.582  0.402   298.91   154.59    96.74    75.55    62.11  0 -1.53e-07      0.00 5.628e-01 3.767e-01 7.668e-03 7.643e-03 2.544e-02 -1.000 6.045e-02 -4.610 2.773 3.400 1.841 -0.468 -2.641 -6.593 -7.625 -8.088
0.06 0.69525 9.00000 2.3089513779 2.5796819564    2.292  3.695  3.4555 -0.123    8  0.582  0.402   250.51   131.46    82.86    64.56    53.05  2 -1.19e-07      0.00 5.628e-01 3.767e-01 7.668e-03 7.643e-03 2.544e-02 -1.000 6.045e-02 -4.467 2.786 3.384 1.874 -0.395 -2.539 -6.451 -7.460 -7.913
0.06 0.69525 9.00000 2.3089516163 2.5796819637    2.292  3.583  3.4720  0.055    8  0.582  0.402   176.51    95.35    60.98    47.28    38.82  2 -7.33e-08      0.00 5.628e-01 3.767e-01 7.669e-03 7.643e-03 2.544e-02 -1.000 6.045e-02 -4.188 2.787 3.282 1.940 -0.283 -2.396 -6.172 -7.125 -7.556
0.06 0.69525 9.00000 2.3089520931 2.5796819782    2.292  3.393  3.5002  0.358    8  0.582  0.402    97.20    55.16    36.15    27.81    22.80  3  -3.4e-08      0.00 5.628e-01 3.768e-01 7.669e-03 7.643e-03 2.544e-02 -1.000 6.045e-02 -3.713 2.723 2.721 1.654 -0.477 -2.554 -5.676 -6.537 -6.919
0.06 0.69525 9.00000 2.3089530468 2.5796820074    2.292  3.368  3.5039  0.398    8  0.582  0.402    89.82    51.30    33.74    25.92    21.25  3  -3.1e-08      0.00 5.628e-01 3.768e-01 7.670e-03 7.643e-03 2.544e-02 -1.000 6.045e-02 -3.650 2.716 2.591 1.505 -0.575 -2.626 -5.607 -6.457 -6.833
0.06 0.69525 9.00000 2.3089540005 2.5796820365    2.291  3.436  3.4938  0.290    8  0.582  0.402   111.14    62.37    40.66    31.33    25.70  3 -4.02e-08      0.00 5.628e-01 3.768e-01 7.671e-03 7.643e-03 2.544e-02 -1.000 6.045e-02 -3.819 2.744 2.908 1.817 -0.358 -2.454 -5.791 -6.670 -7.065
0.06 0.69525 9.00000 2.3089554310 2.5796820802    2.291  3.546  3.4775  0.114    8  0.582  0.402   157.04    85.65    55.04    42.61    34.98  2 -6.27e-08      0.00 5.628e-01 3.768e-01 7.672e-03 7.643e-03 2.544e-02 -1.000 6.045e-02 -4.094 2.781 3.221 1.950 -0.265 -2.375 -6.077 -7.011 -7.433
0.06 0.69525 9.00000 2.3089573383 2.5796821385    2.290  3.650  3.4620 -0.052    8  0.582  0.402   217.75   115.60    73.29    56.99    46.82  2 -9.74e-08      0.00 5.628e-01 3.768e-01 7.673e-03 7.642e-03 2.544e-02 -1.000 6.045e-02 -4.354 2.791 3.359 1.904 -0.341 -2.467 -6.339 -7.327 -7.771
0.06 0.69525 9.00000 2.3089594841 2.5796822040    2.290  3.721  3.4513 -0.166    8  0.582  0.402   272.51   142.00    89.20    69.58    57.19  0 -1.33e-07      0.00 5.627e-01 3.768e-01 7.675e-03 7.642e-03 2.544e-02 -1.000 6.046e-02 -4.532 2.786 3.401 1.862 -0.425 -2.582 -6.515 -7.536 -7.995
0.06 0.69525 9.00000 2.3089621067 2.5796822841    2.289  3.758  3.4458 -0.225    8  0.583  0.402   306.33   158.09    98.83    77.21    63.47  0 -1.57e-07      0.00 5.627e-01 3.768e-01 7.677e-03 7.642e-03 2.544e-02 -1.000 6.046e-02 -4.624 2.777 3.408 1.845 -0.472 -2.650 -6.608 -7.643 -8.108
0.06 0.69525 9.00000 2.3089649677 2.5796823715    2.288  3.774  3.4435 -0.250    8  0.583  0.402   322.12   165.54   103.27    80.74    66.38  0 -1.69e-07      0.00 5.627e-01 3.769e-01 7.679e-03 7.641e-03 2.544e-02 -1.000 6.046e-02 -4.664 2.772 3.410 1.839 -0.492 -2.680 -6.648 -7.689 -8.156
0.06 0.69525 9.00000 2.3089683056 2.5796824735    2.287  3.782  3.4423 -0.263    8  0.583  0.403   330.37   169.43   105.58    82.57    67.90  0 -1.75e-07      0.00 5.626e-01 3.769e-01 7.682e-03 7.641e-03 2.544e-02 -1.000 6.047e-02 -4.685 2.770 3.411 1.836 -0.502 -2.696 -6.668 -7.712 -8.181
0.06 0.69525 9.00000 2.3089683056 2.5796824735    2.286  3.728  3.4502 -0.177    8  0.583  0.403   278.89   145.04    91.02    71.02    58.38  0 -1.37e-07      0.00 5.626e-01 3.769e-01 7.682e-03 7.641e-03 2.544e-02 -1.000 6.047e-02 -4.549 2.788 3.407 1.859 -0.433 -2.593 -6.532 -7.557 -8.017
0.06 0.69525 9.00000 2.3089685440 2.5796824808    2.286  3.616  3.4671  0.002    8  0.583  0.403   195.89   104.90    66.79    51.87    42.60  2 -8.45e-08      0.00 5.626e-01 3.769e-01 7.683e-03 7.641e-03 2.544e-02 -1.000 6.047e-02 -4.269 2.790 3.325 1.927 -0.306 -2.426 -6.254 -7.224 -7.662
0.06 0.69525 9.00000 2.3089692593 2.5796825026    2.286  3.426  3.4956  0.306    8  0.583  0.403   107.63    60.57    39.53    30.45    24.98  3 -3.89e-08      0.00 5.626e-01 3.769e-01 7.683e-03 7.641e-03 2.544e-02 -1.000 6.047e-02 -3.795 2.734 2.850 1.765 -0.398 -2.489 -5.764 -6.638 -7.029
0.06 0.69525 9.00000 2.3089699745 2.5796825245    2.286  3.400  3.4995  0.347    8  0.583  0.403    99.16    56.18    36.79    28.31    23.21  3 -3.52e-08      0.00 5.626e-01 3.769e-01 7.684e-03 7.641e-03 2.544e-02 -1.000 6.047e-02 -3.730 2.721 2.736 1.667 -0.470 -2.550 -5.694 -6.556 -6.940
0.06 0.69525 9.00000 2.3089711666 2.5796825609    2.285  3.466  3.4895  0.241    8  0.583  0.403   122.35    68.12    44.23    34.13    28.00  3 -4.57e-08      0.00 5.626e-01 3.769e-01 7.686e-03 7.640e-03 2.544e-02 -1.000 6.047e-02 -3.896 2.761 3.037 1.923 -0.281 -2.390 -5.873 -6.765 -7.168
0.06 0.69525 9.00000 2.3089725971 2.5796826046    2.285  3.574  3.4732  0.067    8  0.583  0.403   172.17    93.18    59.65    46.24    37.97  2 -7.11e-08      0.00 5.626e-01 3.769e-01 7.688e-03 7.640e-03 2.544e-02 -1.000 6.047e-02 -4.166 2.787 3.270 1.944 -0.278 -2.391 -6.150 -7.099 -7.528
0.06 0.69525 9.00000 2.3089745045 2.5796826628    2.284  3.676  3.4579 -0.096    8  0.584  0.403   237.48   125.15    79.06    61.56    50.58  2  -1.1e-07      0.00 5.626e-01 3.770e-01 7.690e-03 7.640e-03 2.544e-02 -1.000 6.048e-02 -4.420 2.793 3.383 1.890 -0.369 -2.505 -6.405 -7.406 -7.857
0.06 0.69525 9.00000 2.3089768887 2.5796827357    2.283  3.745  3.4475 -0.207    8  0.584  0.403   295.32   152.85    95.69    74.73    61.43  0 -1.49e-07      0.00 5.625e-01 3.770e-01 7.693e-03 7.640e-03 2.544e-02 -1.000 6.048e-02 -4.593 2.784 3.411 1.854 -0.453 -2.625 -6.576 -7.607 -8.070
0.06 0.69525 9.00000 2.3089795113 2.5796828158    2.282  3.780  3.4422 -0.263    8  0.584  0.403   329.73   169.10   105.38    82.42    67.77  0 -1.74e-07      0.00 5.625e-01 3.770e-01 7.696e-03 7.639e-03 2.544e-02 -1.000 6.049e-02 -4.680 2.775 3.416 1.841 -0.497 -2.691 -6.663 -7.707 -8.176
0.06 0.69525 9.00000 2.3089826107 2.5796829105    2.281  3.793  3.4402 -0.284    8  0.584  0.404   344.16   175.87   109.41    85.62    70.41  0 -1.85e-07      0.00 5.625e-01 3.770e-01 7.700e-03 7.639e-03 2.543e-02 -1.000 6.049e-02 -4.714 2.774 3.420 1.838 -0.513 -2.715 -6.696 -7.746 -8.217
0.06 0.69525 9.00000 2.3089861870 2.5796830197    2.280  3.799  3.4395 -0.293    8  0.585  0.404   350.05   178.62   111.04    86.92    71.48  0  -1.9e-07      0.00 5.624e-01 3.771e-01 7.704e-03 7.638e-03 2.543e-02 -1.000 6.050e-02 -4.727 2.772 3.420 1.835 -0.520 -2.726 -6.710 -7.762 -8.234
0.06 0.69525 9.00000 2.3089861870 2.5796830197    2.279  3.748  3.4471 -0.211    8  0.585  0.404   297.87   154.04    96.40    75.30    61.90  0 -1.51e-07      0.00 5.624e-01 3.771e-01 7.704e-03 7.638e-03 2.543e-02 -1.000 6.050e-02 -4.599 2.784 3.411 1.853 -0.457 -2.630 -6.582 -7.614 -8.078
0.06 0.69525 9.00000 2.3089864254 2.5796830270    2.279  3.635  3.4642 -0.031    8  0.585  0.404   208.72   111.17    70.60    54.88    45.08  2 -9.26e-08      0.00 5.624e-01 3.771e-01 7.705e-03 7.638e-03 2.543e-02 -1.000 6.050e-02 -4.318 2.791 3.344 1.914 -0.327 -2.450 -6.303 -7.283 -7.725
0.06 0.69525 9.00000 2.3089871407 2.5796830488    2.279  3.446  3.4930  0.274    8  0.585  0.404   114.51    64.11    41.73    32.18    26.40  3 -4.25e-08      0.00 5.624e-01 3.771e-01 7.706e-03 7.638e-03 2.543e-02 -1.000 6.050e-02 -3.845 2.741 2.925 1.829 -0.353 -2.453 -5.818 -6.699 -7.096
0.06 0.69525 9.00000 2.3089878559 2.5796830707    2.278  3.419  3.4971  0.317    8  0.585  0.404   105.22    59.32    38.75    29.85    24.48  3 -3.84e-08      0.00 5.624e-01 3.771e-01 7.707e-03 7.638e-03 2.543e-02 -1.000 6.050e-02 -3.778 2.724 2.800 1.720 -0.434 -2.521 -5.746 -6.615 -7.004
0.06 0.69525 9.00000 2.3089890480 2.5796831071    2.278  3.485  3.4871  0.211    8  0.585  0.404   129.59    71.81    46.51    35.92    29.47  3 -4.96e-08      0.00 5.624e-01 3.771e-01 7.710e-03 7.638e-03 2.543e-02 -1.000 6.050e-02 -3.943 2.761 3.071 1.926 -0.282 -2.391 -5.921 -6.821 -7.228
0.06 0.69525 9.00000 2.3089907169 2.5796831581    2.277  3.591  3.4708  0.039    8  0.585  0.404   181.76    97.93    62.54    48.53    39.85  2 -7.69e-08      0.00 5.624e-01 3.771e-01 7.712e-03 7.637e-03 2.543e-02 -1.000 6.051e-02 -4.209 2.790 3.295 1.938 -0.287 -2.402 -6.193 -7.151 -7.583
0.06 0.69525 9.00000 2.3089926243 2.5796832163    2.276  3.691  3.4556 -0.122    8  0.585  0.405   249.64   131.00    82.58    64.35    52.88  2 -1.18e-07      0.00 5.623e-01 3.771e-01 7.716e-03 7.637e-03 2.543e-02 -1.000 6.051e-02 -4.458 2.792 3.390 1.881 -0.388 -2.531 -6.443 -7.451 -7.904
0.06 0.69525 9.00000 2.3089950085 2.5796832892    2.275  3.758  3.4453 -0.230    8  0.585  0.405   309.09   159.34    99.56    77.81    63.96  0 -1.59e-07      0.00 5.623e-01 3.772e-01 7.720e-03 7.637e-03 2.543e-02 -1.000 6.052e-02 -4.626 2.782 3.415 1.851 -0.469 -2.650 -6.609 -7.646 -8.111
0.06 0.69525 9.00000 2.3089976311 2.5796833693    2.274  3.792  3.4403 -0.284    8  0.586  0.405   343.53   175.54   109.20    85.47    70.28  0 -1.84e-07      0.00 5.623e-01 3.772e-01 7.725e-03 7.636e-03 2.543e-02 -1.000 6.052e-02 -4.709 2.778 3.424 1.842 -0.509 -2.711 -6.691 -7.741 -8.212
0.06 0.69525 9.00000 2.3090009689 2.5796834712    2.272  3.803  3.4385 -0.303    8  0.586  0.405   356.85   181.76   112.89    88.41    72.70  0 -2.02e-07      0.00 5.622e-01 3.772e-01 7.731e-03 7.636e-03 2.543e-02 -1.000 6.053e-02 -4.739 2.776 3.425 1.839 -0.523 -2.734 -6.721 -7.775 -8.248
0.06 0.69525 9.00000 2.3090045452 2.5796835805    2.270  3.807  3.4380 -0.309    8  0.586  0.406   361.04   183.71   114.05    89.32    73.46  0 -2.23e-07      0.00 5.622e-01 3.773e-01 7.737e-03 7.635e-03 2.543e-02 -1.000 6.054e-02 -4.748 2.777 3.426 1.838 -0.528 -2.741 -6.730 -7.786 -8.259
0.06 0.69525 9.00000 2.3090045452 2.5796835805    2.270  3.759  3.4453 -0.232    8  0.586  0.406   309.99   159.75    99.79    78.00    64.12  0  -1.6e-07      0.00 5.622e-01 3.773e-01 7.737e-03 7.635e-03 2.543e-02 -1.000 6.054e-02 -4.627 2.783 3.415 1.851 -0.470 -2.651 -6.611 -7.647 -8.113
0.06 0.69525 9.00000 2.3090047836 2.5796835878    2.270  3.647  3.4626 -0.050    8  0.586  0.406   216.74   115.07    72.95    56.75    46.61  2  -9.8e-08      0.00 5.622e-01 3.773e-01 7.738e-03 7.635e-03 2.543e-02 -1.000 6.054e-02 -4.347 2.793 3.357 1.907 -0.338 -2.464 -6.332 -7.317 -7.762
0.06 0.69525 9.00000 2.3090054989 2.5796836096    2.269  3.458  3.4916  0.254    8  0.586  0.406   118.89    66.36    43.12    33.27    27.29  3 -4.51e-08      0.00 5.622e-01 3.773e-01 7.740e-03 7.635e-03 2.543e-02 -1.000 6.054e-02 -3.875 2.746 2.969 1.866 -0.327 -2.432 -5.850 -6.736 -7.135
0.06 0.69525 9.00000 2.3090064526 2.5796836387    2.269  3.431  3.4957  0.298    8  0.586  0.406   109.12    61.34    40.00    30.83    25.29  3 -4.06e-08      0.00 5.622e-01 3.773e-01 7.742e-03 7.635e-03 2.543e-02 -1.000 6.055e-02 -3.808 2.726 2.836 1.750 -0.414 -2.505 -5.777 -6.650 -7.042
0.06 0.69525 9.00000 2.3090076447 2.5796836752    2.268  3.496  3.4856  0.192    8  0.586  0.406   134.41    74.25    48.01    37.11    30.45  3 -5.25e-08      0.00 5.622e-01 3.773e-01 7.745e-03 7.634e-03 2.543e-02 -1.000 6.055e-02 -3.971 2.762 3.092 1.928 -0.282 -2.392 -5.951 -6.855 -7.264
0.06 0.69525 9.00000 2.3090090752 2.5796837189    2.267  3.602  3.4693  0.021    8  0.587  0.406   188.34   101.16    64.51    50.08    41.13  2 -8.12e-08      0.00 5.621e-01 3.773e-01 7.749e-03 7.634e-03 2.542e-02 -1.000 6.056e-02 -4.235 2.791 3.310 1.935 -0.294 -2.411 -6.220 -7.183 -7.617
0.06 0.69525 9.00000 2.3090112209 2.5796837844    2.266  3.701  3.4540 -0.140    8  0.587  0.407   258.44   135.20    85.09    66.35    54.52  2 -1.24e-07      0.00 5.621e-01 3.773e-01 7.754e-03 7.634e-03 2.542e-02 -1.000 6.056e-02 -4.483 2.795 3.398 1.878 -0.398 -2.547 -6.467 -7.479 -7.935
0.06 0.69525 9.00000 2.3090136051 2.5796838572    2.264  3.767  3.4437 -0.248    8  0.587  0.407   319.76   164.33   102.52    80.18    65.91  0 -1.67e-07      0.00 5.621e-01 3.774e-01 7.760e-03 7.633e-03 2.542e-02 -1.000 6.057e-02 -4.649 2.784 3.421 1.852 -0.478 -2.666 -6.632 -7.673 -8.140
0.06 0.69525 9.00000 2.3090164661 2.5796839446    2.263  3.800  3.4385 -0.302    8  0.587  0.407   355.41   181.04   112.46    88.07    72.42  0 -1.97e-07      0.00 5.620e-01 3.774e-01 7.767e-03 7.633e-03 2.542e-02 -1.000 6.058e-02 -4.731 2.781 3.430 1.845 -0.516 -2.726 -6.713 -7.767 -8.240
0.06 0.69525 9.00000 2.3090195656 2.5796840393    2.261  3.812  3.4367 -0.321    8  0.587  0.408   369.45   187.57   116.33    91.15    74.96  0 -2.72e-07      0.01 5.620e-01 3.774e-01 7.776e-03 7.632e-03 2.542e-02 -1.000 6.059e-02 -4.761 2.794 3.441 1.850 -0.527 -2.747 -6.741 -7.800 -8.276
0.06 0.69525 9.00000 2.3090233803 2.5796841558    2.258  3.816  3.4361 -0.328    8  0.588  0.408   374.32   189.82   117.65    92.21    75.83  0 -3.04e-07      0.01 5.619e-01 3.775e-01 7.785e-03 7.631e-03 2.542e-02 -1.000 6.060e-02 -4.770 2.801 3.447 1.852 -0.530 -2.753 -6.750 -7.811 -8.288
0.06 0.69525 9.00000 2.3090233803 2.5796841558    2.258  3.771  3.4430 -0.255    8  0.588  0.408   324.39   166.48   103.80    81.19    66.75  0  -1.7e-07      0.00 5.619e-01 3.775e-01 7.786e-03 7.631e-03 2.542e-02 -1.000 6.060e-02 -4.657 2.787 3.426 1.853 -0.481 -2.672 -6.641 -7.683 -8.151
0.06 0.69525 9.00000 2.3090236187 2.5796841631    2.257  3.659  3.4604 -0.073    8  0.588  0.408   226.38   119.73    75.76    58.98    48.45  2 -1.04e-07      0.00 5.619e-01 3.775e-01 7.787e-03 7.631e-03 2.542e-02 -1.000 6.060e-02 -4.376 2.800 3.378 1.904 -0.346 -2.475 -6.361 -7.355 -7.802
0.06 0.69525 9.00000 2.3090243340 2.5796841849    2.257  3.471  3.4896  0.231    8  0.588  0.409   124.16    69.05    44.79    34.58    28.37  3 -4.78e-08      0.00 5.619e-01 3.775e-01 7.789e-03 7.631e-03 2.542e-02 -1.000 6.061e-02 -3.907 2.757 3.029 1.916 -0.291 -2.401 -5.884 -6.775 -7.178
0.06 0.69525 9.00000 2.3090250492 2.5796842068    2.256  3.443  3.4938  0.275    8  0.588  0.409   113.81    63.75    41.50    32.01    26.25  3  -4.3e-08      0.00 5.619e-01 3.775e-01 7.792e-03 7.631e-03 2.542e-02 -1.000 6.061e-02 -3.838 2.736 2.897 1.803 -0.375 -2.473 -5.810 -6.689 -7.084
0.06 0.69525 9.00000 2.3090262413 2.5796842432    2.255  3.508  3.4837  0.170    8  0.588  0.409   140.19    77.17    49.81    38.53    31.61  3 -5.56e-08      0.00 5.619e-01 3.775e-01 7.797e-03 7.631e-03 2.542e-02 -1.000 6.061e-02 -4.001 2.770 3.129 1.937 -0.274 -2.384 -5.981 -6.893 -7.305
0.06 0.69525 9.00000 2.3090279102 2.5796842942    2.254  3.613  3.4673 -0.001    8  0.588  0.409   196.27   105.04    66.86    51.95    42.66  2 -8.56e-08      0.00 5.619e-01 3.775e-01 7.803e-03 7.630e-03 2.542e-02 -1.000 6.062e-02 -4.262 2.798 3.331 1.935 -0.300 -2.419 -6.247 -7.217 -7.654
0.06 0.69525 9.00000 2.3090298176 2.5796843524    2.252  3.711  3.4519 -0.161    8  0.588  0.410   268.94   140.19    88.08    68.73    56.48  0  -1.3e-07      0.00 5.618e-01 3.775e-01 7.810e-03 7.630e-03 2.542e-02 -1.000 6.063e-02 -4.507 2.803 3.415 1.880 -0.405 -2.560 -6.491 -7.510 -7.968
0.06 0.69525 9.00000 2.3090322018 2.5796844253    2.250  3.776  3.4415 -0.268    8  0.588  0.410   332.46   170.24   106.02    82.98    68.22  0 -1.74e-07      0.00 5.618e-01 3.776e-01 7.819e-03 7.630e-03 2.542e-02 -1.000 6.064e-02 -4.671 2.793 3.436 1.860 -0.483 -2.679 -6.654 -7.700 -8.170
0.06 0.69525 9.00000 2.3090348244 2.5796845054    2.248  3.809  3.4363 -0.322    8  0.589  0.411   369.38   187.47   116.25    91.11    74.92  0 -2.74e-07      0.01 5.618e-01 3.776e-01 7.830e-03 7.629e-03 2.542e-02 -1.000 6.065e-02 -4.752 2.805 3.453 1.862 -0.517 -2.738 -6.733 -7.792 -8.269
0.06 0.69525 9.00000 2.3090381622 2.5796846073    2.245  3.820  3.4344 -0.342    8  0.589  0.411   383.12   194.24   120.25    94.30    77.55  0 -3.77e-07      0.01 5.617e-01 3.776e-01 7.842e-03 7.628e-03 2.541e-02 -1.000 6.067e-02 -4.781 2.836 3.477 1.876 -0.522 -2.754 -6.758 -7.824 -8.305
0.06 0.69525 9.00000 2.3090417385 2.5796847166    2.242  3.824  3.4338 -0.348    8  0.589  0.412   386.28   196.51   121.59    95.37    78.43  0 -4.19e-07      0.02 5.617e-01 3.777e-01 7.856e-03 7.628e-03 2.541e-02 -1.000 6.069e-02 -4.790 2.852 3.488 1.882 -0.522 -2.757 -6.765 -7.833 -8.316
0.06 0.69525 9.00000 2.3090417385 2.5796847166    2.241  3.782  3.4403 -0.280    8  0.589  0.412   340.10   173.78   108.12    84.65    69.60  0  -1.8e-07      0.00 5.617e-01 3.777e-01 7.857e-03 7.628e-03 2.541e-02 -1.000 6.069e-02 -4.685 2.797 3.444 1.863 -0.486 -2.688 -6.668 -7.717 -8.188
0.06 0.69525 9.00000 2.3090422153 2.5796847311    2.241  3.669  3.4580 -0.097    8  0.589  0.412   236.86   124.76    78.79    61.39    50.43  2  -1.1e-07      0.00 5.616e-01 3.777e-01 7.859e-03 7.628e-03 2.541e-02 -1.000 6.069e-02 -4.404 2.810 3.398 1.906 -0.353 -2.489 -6.389 -7.389 -7.840
0.06 0.69525 9.00000 2.3090426922 2.5796847457    2.240  3.483  3.4874  0.207    8  0.589  0.413   129.90    71.97    46.59    36.01    29.54  3 -5.06e-08      0.00 5.616e-01 3.777e-01 7.864e-03 7.627e-03 2.541e-02 -1.000 6.069e-02 -3.937 2.768 3.072 1.930 -0.279 -2.389 -5.915 -6.814 -7.220
0.06 0.69525 9.00000 2.3090436459 2.5796847748    2.240  3.455  3.4917  0.252    8  0.589  0.413   118.97    66.40    43.14    33.30    27.32  3 -4.55e-08      0.00 5.616e-01 3.777e-01 7.871e-03 7.627e-03 2.541e-02 -1.000 6.070e-02 -3.868 2.754 2.973 1.870 -0.323 -2.428 -5.842 -6.727 -7.126
0.06 0.69525 9.00000 2.3090448380 2.5796848112    2.238  3.520  3.4814  0.146    8  0.590  0.413   146.66    80.42    51.80    40.10    32.91  2 -5.88e-08      0.00 5.616e-01 3.777e-01 7.881e-03 7.627e-03 2.541e-02 -1.000 6.071e-02 -4.030 2.782 3.175 1.953 -0.259 -2.369 -6.012 -6.931 -7.347
0.06 0.69525 9.00000 2.3090465069 2.5796848622    2.236  3.624  3.4649 -0.025    8  0.590  0.414   205.32   109.44    69.52    54.07    44.40  2 -9.06e-08      0.00 5.616e-01 3.777e-01 7.892e-03 7.626e-03 2.541e-02 -1.000 6.073e-02 -4.290 2.809 3.357 1.935 -0.305 -2.428 -6.275 -7.253 -7.693
0.06 0.69525 9.00000 2.3090484142 2.5796849205    2.234  3.721  3.4494 -0.185    8  0.590  0.415   281.35   146.04    91.57    71.52    58.77  0 -1.38e-07      0.00 5.615e-01 3.777e-01 7.905e-03 7.626e-03 2.541e-02 -1.000 6.074e-02 -4.533 2.814 3.435 1.885 -0.411 -2.574 -6.516 -7.543 -8.004
0.06 0.69525 9.00000 2.3090510368 2.5796850006    2.231  3.787  3.4390 -0.292    8  0.590  0.416   347.97   177.40   110.26    86.37    71.01  0 -1.84e-07      0.00 5.615e-01 3.778e-01 7.919e-03 7.625e-03 2.541e-02 -1.000 6.076e-02 -4.697 2.802 3.453 1.870 -0.488 -2.695 -6.680 -7.732 -8.204
0.06 0.69525 9.00000 2.3090538979 2.5796850880    2.228  3.819  3.4337 -0.346    8  0.590  0.416   384.32   195.59   121.03    94.94    78.08  0 -4.07e-07      0.02 5.614e-01 3.778e-01 7.932e-03 7.625e-03 2.541e-02 -1.000 6.077e-02 -4.778 2.858 3.496 1.893 -0.511 -2.747 -6.754 -7.822 -8.304
0.06 0.69525 9.00000 2.3090572357 2.5796851899    2.224  3.831  3.4317 -0.367    8  0.591  0.417   394.87   203.00   125.40    98.43    80.96  0 -5.65e-07      0.03 5.614e-01 3.778e-01 7.943e-03 7.624e-03 2.541e-02 -1.000 6.079e-02 -4.809 2.935 3.551 1.926 -0.503 -2.753 -6.774 -7.852 -8.342
0.06 0.69525 9.00000 2.3090610504 2.5796853064    2.220  3.836  3.4310 -0.375    8  0.591  0.417   398.78   205.86   127.08    99.78    82.06  0 -6.39e-07      0.04 5.614e-01 3.778e-01 7.951e-03 7.624e-03 2.541e-02 -1.000 6.080e-02 -4.820 2.977 3.580 1.944 -0.496 -2.752 -6.779 -7.862 -8.355
0.06 0.69525 9.00000 2.3090610504 2.5796853064    2.220  3.797  3.4371 -0.312    8  0.591  0.421   361.52   183.65   113.95    89.32    73.44  0 -2.33e-07      0.01 5.612e-01 3.779e-01 8.023e-03 7.621e-03 2.540e-02 -1.000 6.088e-02 -4.723 2.810 3.461 1.874 -0.497 -2.714 -6.705 -7.762 -8.236
0.06 0.69525 9.00000 2.3090615273 2.5796853210    2.219  3.684  3.4551 -0.128    8  0.591  0.421   251.23   131.62    82.90    64.67    53.13  2 -1.19e-07      0.00 5.612e-01 3.779e-01 8.026e-03 7.621e-03 2.540e-02 -1.000 6.088e-02 -4.441 2.818 3.418 1.905 -0.366 -2.511 -6.426 -7.435 -7.889
0.06 0.69525 9.00000 2.3090620041 2.5796853356    2.218  3.498  3.4847  0.176    8  0.591  0.421   137.75    75.93    49.02    37.93    31.12  3 -5.48e-08      0.00 5.612e-01 3.779e-01 8.030e-03 7.621e-03 2.540e-02 -1.000 6.088e-02 -3.976 2.779 3.123 1.944 -0.267 -2.377 -5.956 -6.864 -7.275
0.06 0.69525 9.00000 2.3090629578 2.5796853647    2.217  3.471  3.4890  0.221    8  0.591  0.422   126.04    70.00    45.36    35.06    28.76  3 -4.91e-08      0.00 5.612e-01 3.779e-01 8.036e-03 7.621e-03 2.540e-02 -1.000 6.089e-02 -3.907 2.771 3.051 1.929 -0.278 -2.389 -5.884 -6.777 -7.181
0.06 0.69525 9.00000 2.3090641499 2.5796854011    2.215  3.535  3.4787  0.115    8  0.591  0.422   155.50    84.84    54.50    42.24    34.67  2 -6.37e-08      0.00 5.611e-01 3.780e-01 8.044e-03 7.621e-03 2.540e-02 -1.000 6.090e-02 -4.068 2.796 3.223 1.964 -0.251 -2.362 -6.051 -6.981 -7.402
0.06 0.69525 9.00000 2.3090658188 2.5796854521    2.213  3.639  3.4620 -0.056    8  0.591  0.423   217.71   115.44    73.13    56.94    46.77  2  -9.8e-08      0.00 5.611e-01 3.780e-01 8.053e-03 7.620e-03 2.540e-02 -1.000 6.091e-02 -4.327 2.822 3.389 1.933 -0.313 -2.440 -6.312 -7.300 -7.745
0.06 0.69525 9.00000 2.3090677261 2.5796855103    2.210  3.735  3.4464 -0.215    8  0.592  0.423   298.33   153.99    96.30    75.31    61.89  0 -1.49e-07      0.00 5.611e-01 3.780e-01 8.062e-03 7.620e-03 2.540e-02 -1.000 6.092e-02 -4.569 2.820 3.450 1.891 -0.422 -2.598 -6.552 -7.586 -8.049
0.06 0.69525 9.00000 2.3090703487 2.5796855904    2.206  3.800  3.4358 -0.323    8  0.592  0.424   369.20   187.13   116.00    90.98    74.80  0  -2.8e-07      0.01 5.611e-01 3.780e-01 8.070e-03 7.620e-03 2.540e-02 -1.000 6.093e-02 -4.731 2.831 3.480 1.889 -0.493 -2.716 -6.712 -7.772 -8.249
0.06 0.69525 9.00000 2.3090732098 2.5796856778    2.202  3.833  3.4304 -0.378    8  0.592  0.424   399.06   206.60   127.49   100.14    82.36  0  -6.7e-07      0.04 5.611e-01 3.780e-01 8.075e-03 7.620e-03 2.540e-02 -1.000 6.094e-02 -4.813 3.006 3.605 1.965 -0.481 -2.740 -6.770 -7.855 -8.350
0.06 0.69525 9.00000 2.3090765476 2.5796857798    2.197  3.846  3.4283 -0.401    8  0.592  0.424   410.68   214.90   132.38   104.04    85.57  0 -9.38e-07      0.07 5.610e-01 3.780e-01 8.074e-03 7.619e-03 2.540e-02 -1.000 6.094e-02 -4.844 3.176 3.721 2.047 -0.444 -2.724 -6.778 -7.878 -8.387
0.06 0.69525 9.00000 2.3090803623 2.5796858963    2.192  3.851  3.4274 -0.410    8  0.593  0.423   415.58   218.53   134.50   105.75    86.98  0 -1.08e-06      0.09 5.611e-01 3.780e-01 8.066e-03 7.620e-03 2.540e-02 -1.000 6.093e-02 -4.856 3.275 3.788 2.095 -0.420 -2.710 -6.778 -7.885 -8.402
0.06 0.69525 9.00000 2.3090803623 2.5796858963    2.191  3.815  3.4331 -0.352    8  0.593  0.433   384.36   196.74   121.66    95.51    78.53  0 -4.43e-07      0.02 5.607e-01 3.782e-01 8.245e-03 7.614e-03 2.539e-02 -1.000 6.113e-02 -4.768 2.890 3.525 1.918 -0.492 -2.731 -6.741 -7.812 -8.296
0.06 0.69525 9.00000 2.3090808392 2.5796859109    2.191  3.702  3.4512 -0.167    8  0.593  0.433   270.51   140.74    88.35    69.02    56.71  0 -1.31e-07      0.00 5.607e-01 3.782e-01 8.245e-03 7.614e-03 2.539e-02 -1.000 6.113e-02 -4.486 2.834 3.449 1.909 -0.378 -2.535 -6.469 -7.491 -7.949
0.06 0.69525 9.00000 2.3090813160 2.5796859254    2.189  3.517  3.4811  0.137    8  0.593  0.433   148.24    81.19    52.25    40.49    33.22  2 -6.02e-08      0.00 5.607e-01 3.782e-01 8.244e-03 7.614e-03 2.539e-02 -1.000 6.113e-02 -4.023 2.800 3.197 1.969 -0.244 -2.354 -6.006 -6.926 -7.343
0.06 0.69525 9.00000 2.3090822697 2.5796859546    2.188  3.489  3.4855  0.183    8  0.593  0.433   135.48    74.78    48.30    37.38    30.67  3 -5.39e-08      0.00 5.607e-01 3.782e-01 8.244e-03 7.614e-03 2.539e-02 -1.000 6.113e-02 -3.953 2.790 3.121 1.953 -0.258 -2.369 -5.933 -6.838 -7.247
0.06 0.69525 9.00000 2.3090834618 2.5796859910    2.185  3.553  3.4750  0.076    8  0.593  0.433   167.27    90.67    58.06    45.06    36.98  2 -6.98e-08      0.00 5.607e-01 3.782e-01 8.242e-03 7.615e-03 2.539e-02 -1.000 6.112e-02 -4.114 2.817 3.281 1.975 -0.246 -2.358 -6.097 -7.040 -7.466
0.06 0.69525 9.00000 2.3090851307 2.5796860419    2.182  3.656  3.4582 -0.094    8  0.593  0.433   234.15   123.31    77.87    60.72    49.87  2 -1.07e-07      0.00 5.607e-01 3.782e-01 8.240e-03 7.615e-03 2.539e-02 -1.000 6.112e-02 -4.370 2.840 3.427 1.937 -0.321 -2.456 -6.355 -7.355 -7.805
0.06 0.69525 9.00000 2.3090870380 2.5796861002    2.178  3.752  3.4425 -0.254    8  0.593  0.432   320.79   164.42   102.48    80.26    65.96  0 -1.63e-07      0.00 5.607e-01 3.782e-01 8.236e-03 7.615e-03 2.539e-02 -1.000 6.112e-02 -4.609 2.834 3.476 1.904 -0.431 -2.623 -6.593 -7.636 -8.104
0.06 0.69525 9.00000 2.3090894222 2.5796861730    2.173  3.816  3.4318 -0.362    8  0.594  0.432   387.99   199.79   123.44    96.96    79.72  0 -5.15e-07      0.02 5.607e-01 3.782e-01 8.232e-03 7.615e-03 2.539e-02 -1.000 6.111e-02 -4.770 2.937 3.564 1.948 -0.475 -2.723 -6.740 -7.815 -8.303
0.06 0.69525 9.00000 2.3090922832 2.5796862604    2.167  3.848  3.4263 -0.417    8  0.594  0.432   417.63   220.73   135.76   106.80    87.84  0  -1.2e-06      0.11 5.607e-01 3.782e-01 8.225e-03 7.615e-03 2.539e-02 -1.000 6.111e-02 -4.851 3.379 3.865 2.158 -0.381 -2.681 -6.760 -7.875 -8.398
0.06 0.69525 9.00000 2.3090956211 2.5796863624    2.160  3.861  3.4240 -0.440    8  0.594  0.431   430.23   229.92   141.14   111.11    91.39  0 -1.68e-06      0.19 5.607e-01 3.782e-01 8.216e-03 7.615e-03 2.539e-02 -1.000 6.110e-02 -4.882 3.823 4.161 2.368 -0.263 -2.599 -6.733 -7.879 -8.433
0.06 0.69525 9.00000 2.3090994358 2.5796864789    2.153  3.866  3.4230 -0.451    8  0.595  0.431   435.90   234.22   143.65   113.14    93.06  0 -1.97e-06      0.22 5.607e-01 3.782e-01 8.204e-03 7.615e-03 2.539e-02 -1.000 6.108e-02 -4.895 3.946 4.243 2.429 -0.231 -2.579 -6.729 -7.885 -8.448
0.06 0.69525 9.00000 2.3090994358 2.5796864789    2.152  3.834  3.4282 -0.398    8  0.595  0.442   405.73   212.79   131.07   103.08    84.77  0 -8.97e-07      0.07 5.604e-01 3.783e-01 8.408e-03 7.610e-03 2.539e-02 -1.000 6.131e-02 -4.814 3.172 3.728 2.063 -0.423 -2.702 -6.753 -7.851 -8.357
0.06 0.69525 9.00000 2.3090996742 2.5796864861    2.151  3.721  3.4466 -0.212    8  0.595  0.441   294.35   151.87    94.98    74.33    61.07  0 -1.45e-07      0.00 5.604e-01 3.783e-01 8.407e-03 7.610e-03 2.539e-02 -1.000 6.131e-02 -4.532 2.852 3.482 1.924 -0.387 -2.562 -6.515 -7.548 -8.012
0.06 0.69525 9.00000 2.3091003895 2.5796865080    2.149  3.536  3.4767  0.093    8  0.595  0.441   161.05    87.56    56.13    43.57    35.75  2 -6.65e-08      0.00 5.604e-01 3.783e-01 8.405e-03 7.610e-03 2.539e-02 -1.000 6.131e-02 -4.070 2.831 3.278 1.993 -0.225 -2.337 -6.053 -6.990 -7.414
0.06 0.69525 9.00000 2.3091013432 2.5796865371    2.146  3.507  3.4812  0.139    8  0.595  0.441   146.83    80.47    51.78    40.15    32.93  2 -5.92e-08      0.00 5.604e-01 3.783e-01 8.402e-03 7.610e-03 2.539e-02 -1.000 6.130e-02 -3.997 2.822 3.217 1.992 -0.222 -2.332 -5.980 -6.900 -7.317
0.06 0.69525 9.00000 2.3091025352 2.5796865735    2.141  3.570  3.4706  0.033    8  0.595  0.441   181.13    97.46    62.17    48.35    39.68  2 -7.66e-08      0.00 5.604e-01 3.783e-01 8.398e-03 7.611e-03 2.539e-02 -1.000 6.130e-02 -4.155 2.851 3.358 1.998 -0.228 -2.344 -6.139 -7.097 -7.531
0.06 0.69525 9.00000 2.3091039658 2.5796866172    2.135  3.670  3.4537 -0.136    8  0.595  0.441   253.03   132.23    83.20    64.99    53.38  2 -1.17e-07      0.00 5.604e-01 3.783e-01 8.393e-03 7.611e-03 2.539e-02 -1.000 6.129e-02 -4.406 2.869 3.475 1.955 -0.322 -2.470 -6.390 -7.404 -7.859
0.06 0.69525 9.00000 2.3091061115 2.5796866828    2.128  3.764  3.4379 -0.294    8  0.595  0.440   345.67   175.75   109.16    85.65    70.39  0 -1.76e-07      0.00 5.604e-01 3.783e-01 8.387e-03 7.611e-03 2.539e-02 -1.000 6.129e-02 -4.639 2.864 3.518 1.938 -0.425 -2.637 -6.622 -7.676 -8.149
0.06 0.69525 9.00000 2.3091084957 2.5796867556    2.119  3.825  3.4272 -0.400    8  0.595  0.440   404.47   212.88   131.08   103.15    84.81  0 -9.27e-07      0.07 5.604e-01 3.783e-01 8.380e-03 7.611e-03 2.539e-02 -1.000 6.128e-02 -4.793 3.224 3.775 2.110 -0.388 -2.673 -6.729 -7.829 -8.338
0.06 0.69525 9.00000 2.3091113567 2.5796868430    2.109  3.855  3.4216 -0.455    8  0.596  0.440   434.43   234.48   143.74   113.29    93.17  0 -2.05e-06      0.24 5.604e-01 3.783e-01 8.372e-03 7.611e-03 2.539e-02 -1.000 6.127e-02 -4.868 4.122 4.373 2.538 -0.155 -2.516 -6.683 -7.849 -8.422
0.06 0.69525 9.00000 2.3091144562 2.5796869376    2.097  3.865  3.4193 -0.476    8  0.596  0.439   446.40   243.48   148.98   117.51    96.65  0 -2.79e-06      0.38 5.605e-01 3.783e-01 8.363e-03 7.611e-03 2.539e-02 -1.000 6.126e-02 -4.893 4.874 4.864 2.886 0.055 -2.357 -6.605 -7.824 -8.445
0.06 0.69525 9.00000 2.3091182709 2.5796870541    2.083  3.867  3.4183 -0.486    8  0.596  0.439   450.95   247.18   151.12   119.25    98.08  0 -3.17e-06      0.44 5.605e-01 3.783e-01 8.354e-03 7.612e-03 2.539e-02 -1.000 6.125e-02 -4.898 5.207 5.082 3.039 0.149 -2.282 -6.566 -7.808 -8.450
0.06 0.69525 9.00000 2.3091182709 2.5796870541    2.082  3.838  3.4230 -0.438    8  0.596  0.449   422.54   226.74   139.16   109.68    90.19  0  -1.6e-06      0.18 5.601e-01 3.784e-01 8.548e-03 7.607e-03 2.539e-02 -1.000 6.147e-02 -4.826 3.824 4.185 2.411 -0.218 -2.555 -6.684 -7.828 -8.378
0.06 0.69525 9.00000 2.3091185093 2.5796870614    2.081  3.725  3.4417 -0.250    8  0.597  0.449   315.58   161.48   100.64    78.92    64.84  0 -1.53e-07      0.00 5.601e-01 3.784e-01 8.547e-03 7.607e-03 2.539e-02 -1.000 6.146e-02 -4.543 2.899 3.545 1.975 -0.363 -2.557 -6.527 -7.572 -8.040
0.06 0.69525 9.00000 2.3091192245 2.5796870833    2.078  3.542  3.4721  0.054    8  0.597  0.449   172.39    93.08    59.46    46.26    37.95  2 -7.03e-08      0.00 5.601e-01 3.784e-01 8.544e-03 7.607e-03 2.539e-02 -1.000 6.146e-02 -4.084 2.890 3.384 2.043 -0.180 -2.294 -6.068 -7.021 -7.452
0.06 0.69525 9.00000 2.3091199398 2.5796871051    2.073  3.512  3.4767  0.101    8  0.597  0.448   157.01    85.47    54.81    42.59    34.93  2 -6.25e-08      0.00 5.601e-01 3.784e-01 8.539e-03 7.607e-03 2.539e-02 -1.000 6.146e-02 -4.011 2.883 3.330 2.048 -0.169 -2.280 -5.994 -6.930 -7.354
0.06 0.69525 9.00000 2.3091211319 2.5796871415    2.066  3.575  3.4659 -0.006    8  0.597  0.448   194.07   103.66    65.89    51.35    42.14  2 -8.09e-08      0.00 5.602e-01 3.784e-01 8.533e-03 7.607e-03 2.539e-02 -1.000 6.145e-02 -4.167 2.908 3.451 2.042 -0.194 -2.315 -6.152 -7.126 -7.565
0.06 0.69525 9.00000 2.3091228008 2.5796871925    2.058  3.674  3.4488 -0.176    8  0.597  0.448   271.58   140.74    88.23    69.08    56.73  0 -1.24e-07      0.00 5.602e-01 3.784e-01 8.526e-03 7.608e-03 2.539e-02 -1.000 6.144e-02 -4.416 2.925 3.551 2.003 -0.293 -2.458 -6.399 -7.427 -7.887
0.06 0.69525 9.00000 2.3091247082 2.5796872507    2.047  3.766  3.4327 -0.334    8  0.597  0.447   364.29   187.21   115.85    91.11    74.87  0 -3.28e-07      0.01 5.602e-01 3.784e-01 8.519e-03 7.608e-03 2.539e-02 -1.000 6.143e-02 -4.646 2.952 3.606 2.015 -0.386 -2.623 -6.625 -7.693 -8.173
0.06 0.69525 9.00000 2.3091270924 2.5796873236    2.034  3.827  3.4217 -0.442    8  0.597  0.447   421.10   227.12   139.31   109.90    90.35  0 -1.69e-06      0.20 5.602e-01 3.784e-01 8.511e-03 7.608e-03 2.539e-02 -1.000 6.142e-02 -4.798 3.942 4.279 2.494 -0.158 -2.506 -6.646 -7.796 -8.353
0.06 0.69525 9.00000 2.3091299534 2.5796874109    2.019  3.857  3.4159 -0.498    8  0.598  0.447   453.37   250.79   153.12   121.00    99.49  0 -3.72e-06      0.58 5.602e-01 3.784e-01 8.504e-03 7.608e-03 2.539e-02 -1.000 6.142e-02 -4.872 5.957 5.576 3.403 0.390 -2.083 -6.442 -7.732 -8.418
0.06 0.69525 9.00000 2.3091330528 2.5796875056    2.001  3.867  3.4133 -0.522    8  0.598  0.446   467.10   261.33   159.23   125.94   103.56  0 -5.14e-06      0.90 5.602e-01 3.784e-01 8.498e-03 7.608e-03 2.539e-02 -1.000 6.141e-02 -4.897 7.651 6.642 4.154 0.869 -1.695 -6.232 -7.633 -8.421
0.06 0.69525 9.00000 2.3091368675 2.5796876221    1.981  3.869  3.4120 -0.534    8  0.599  0.446   473.29   266.44   162.17   128.35   105.54  0 -6.02e-06      1.15 5.602e-01 3.784e-01 8.496e-03 7.608e-03 2.539e-02 -1.000 6.141e-02 -4.902 8.992 7.467 4.745 1.261 -1.372 -6.050 -7.536 -8.400
0.06 0.69525 9.00000 2.3091368675 2.5796876221    1.981  3.844  3.4162 -0.492    8  0.599  0.454   446.53   246.88   150.78   119.20    98.00  0  -3.4e-06      0.50 5.600e-01 3.784e-01 8.639e-03 7.605e-03 2.539e-02 -1.000 6.157e-02 -4.839 5.579 5.348 3.250 0.302 -2.149 -6.465 -7.729 -8.390
0.06 0.69525 9.00000 2.3091371059 2.5796876294    1.979  3.730  3.4353 -0.303    8  0.599  0.454   343.93   175.38   108.77    85.56    70.28  0 -1.95e-07      0.00 5.600e-01 3.784e-01 8.638e-03 7.605e-03 2.539e-02 -1.000 6.156e-02 -4.556 2.968 3.629 2.051 -0.326 -2.549 -6.540 -7.599 -8.073
0.06 0.69525 9.00000 2.3091378212 2.5796876512    1.975  3.548  3.4660  0.002    8  0.599  0.454   189.04   101.03    64.23    50.12    41.11  2 -7.61e-08      0.00 5.600e-01 3.784e-01 8.635e-03 7.605e-03 2.539e-02 -1.000 6.156e-02 -4.099 2.967 3.510 2.104 -0.130 -2.250 -6.084 -7.058 -7.497
0.06 0.69525 9.00000 2.3091385365 2.5796876731    1.969  3.518  3.4707  0.049    8  0.599  0.453   172.00    92.71    59.16    46.11    37.82  2 -6.76e-08      0.00 5.600e-01 3.784e-01 8.631e-03 7.605e-03 2.539e-02 -1.000 6.156e-02 -4.025 2.965 3.473 2.117 -0.106 -2.220 -6.010 -6.968 -7.400
0.06 0.69525 9.00000 2.3091397285 2.5796877095    1.960  3.580  3.4597 -0.059    8  0.599  0.453   213.23   112.65    71.26    55.71    45.71  2 -8.78e-08      0.00 5.600e-01 3.784e-01 8.625e-03 7.605e-03 2.539e-02 -1.000 6.155e-02 -4.181 2.986 3.572 2.097 -0.151 -2.280 -6.166 -7.162 -7.609
0.06 0.69525 9.00000 2.3091411591 2.5796877532    1.949  3.679  3.4422 -0.230    8  0.599  0.453   299.35   153.19    95.55    75.06    61.63  0 -1.34e-07      0.00 5.600e-01 3.784e-01 8.620e-03 7.606e-03 2.539e-02 -1.000 6.154e-02 -4.428 2.991 3.638 2.075 -0.257 -2.448 -6.412 -7.455 -7.921
0.06 0.69525 9.00000 2.3091430664 2.5796878114    1.935  3.770  3.4258 -0.390    8  0.599  0.452   384.43   204.14   125.68    99.17    81.47  0 -7.72e-07      0.05 5.600e-01 3.784e-01 8.614e-03 7.606e-03 2.539e-02 -1.000 6.154e-02 -4.656 3.237 3.834 2.206 -0.280 -2.564 -6.607 -7.701 -8.201
0.06 0.69525 9.00000 2.3091454506 2.5796878843    1.919  3.831  3.4145 -0.500    8  0.600  0.452   446.15   248.32   151.51   119.93    98.57  0 -3.74e-06      0.62 5.600e-01 3.784e-01 8.610e-03 7.606e-03 2.539e-02 -1.000 6.153e-02 -4.807 6.246 5.785 3.574 0.522 -1.964 -6.346 -7.652 -8.351
0.06 0.69525 9.00000 2.3091480732 2.5796879644    1.899  3.860  3.4083 -0.558    8  0.600  0.452   482.24   275.30   167.15   132.56   108.98  0 -8.12e-06      1.73 5.600e-01 3.784e-01 8.609e-03 7.606e-03 2.539e-02 -1.000 6.153e-02 -4.880 12.043 9.350 6.107 2.179 -0.607 -5.604 -7.279 -8.313
0.06 0.69525 9.00000 2.3091511726 2.5796880590    1.877  3.870  3.4053 -0.586    8  0.600  0.452   499.04   288.39   174.69   138.70   114.02  0 -1.01e-05      2.36 5.600e-01 3.784e-01 8.613e-03 7.606e-03 2.539e-02 -1.000 6.154e-02 -4.905 15.247 11.272 7.464 3.111 0.173 -5.166 -7.039 -8.240
0.06 0.69525 9.00000 2.3091547489 2.5796881682    1.852  3.873  3.4034 -0.602    8  0.601  0.453   508.23   295.93   178.99   142.24   116.93  0 -1.02e-05      2.37 5.600e-01 3.784e-01 8.624e-03 7.605e-03 2.539e-02 -1.000 6.155e-02 -4.912 15.290 11.298 7.479 3.119 0.177 -5.169 -7.044 -8.248
0.06 0.69525 9.00000 2.3091547489 2.5796881682    1.851  3.851  3.4070 -0.566    8  0.601  0.456   483.16   277.25   168.19   133.52   109.75  0 -8.86e-06      2.02 5.599e-01 3.785e-01 8.679e-03 7.604e-03 2.538e-02 -1.000 6.161e-02 -4.858 13.564 10.276 6.772 2.646 -0.212 -5.367 -7.134 -8.246
0.06 0.69525 9.00000 2.3091549873 2.5796881755    1.849  3.738  3.4265 -0.375    8  0.601  0.456   369.84   196.42   121.01    95.59    78.50  0 -6.07e-07      0.04 5.599e-01 3.785e-01 8.678e-03 7.604e-03 2.538e-02 -1.000 6.161e-02 -4.575 3.223 3.845 2.237 -0.230 -2.506 -6.537 -7.624 -8.118
0.06 0.69525 9.00000 2.3091557026 2.5796881974    1.843  3.557  3.4577 -0.070    8  0.601  0.456   214.88   113.05    71.40    55.95    45.88  2 -8.52e-08      0.00 5.599e-01 3.785e-01 8.677e-03 7.604e-03 2.538e-02 -1.000 6.161e-02 -4.121 3.066 3.661 2.176 -0.079 -2.213 -6.106 -7.108 -7.556
0.06 0.69525 9.00000 2.3091564178 2.5796882192    1.836  3.527  3.4625 -0.023    8  0.601  0.456   195.39   103.72    65.75    51.47    42.20  2 -7.56e-08      0.00 5.599e-01 3.785e-01 8.675e-03 7.604e-03 2.539e-02 -1.000 6.161e-02 -4.047 3.067 3.636 2.194 -0.046 -2.170 -6.032 -7.018 -7.460
0.06 0.69525 9.00000 2.3091576099 2.5796882556    1.825  3.589  3.4510 -0.134    8  0.601  0.455   243.41   126.44    79.43    62.37    51.16  0 -9.86e-08      0.00 5.599e-01 3.785e-01 8.672e-03 7.604e-03 2.539e-02 -1.000 6.160e-02 -4.202 3.086 3.707 2.177 -0.105 -2.260 -6.186 -7.208 -7.664
0.06 0.69525 9.00000 2.3091590405 2.5796882993    1.810  3.687  3.4331 -0.307    8  0.601  0.455   332.99   172.52   106.86    84.31    69.21  0 -2.03e-07      0.00 5.599e-01 3.785e-01 8.669e-03 7.605e-03 2.539e-02 -1.000 6.160e-02 -4.447 3.091 3.758 2.184 -0.205 -2.437 -6.430 -7.494 -7.969
0.06 0.69525 9.00000 2.3091609478 2.5796883576    1.793  3.777  3.4161 -0.469    8  0.601  0.455   417.08   230.86   141.10   111.85    91.87  0 -2.38e-06      0.36 5.599e-01 3.785e-01 8.665e-03 7.605e-03 2.539e-02 -1.000 6.160e-02 -4.673 4.984 5.019 3.074 0.249 -2.162 -6.400 -7.614 -8.228
0.06 0.69525 9.00000 2.3091633320 2.5796884304    1.772  3.837  3.4041 -0.582    8  0.602  0.455   487.37   282.41   171.01   136.02   111.77  0 -9.35e-06      2.27 5.600e-01 3.785e-01 8.663e-03 7.605e-03 2.539e-02 -1.000 6.159e-02 -4.823 14.864 11.074 7.348 3.056 0.139 -5.150 -6.995 -8.172
0.06 0.69525 9.00000 2.3091659546 2.5796885105    1.747  3.866  3.3971 -0.645    8  0.602  0.455   513.47    -1.00    -1.00    -1.00    -1.00  0    -1e-05      2.35 5.600e-01 3.785e-01 8.661e-03 7.605e-03 2.539e-02 -1.000 6.159e-02 -4.896 15.245 11.285 7.469 3.113 0.173 -5.167 -7.038 -8.240
0.06 0.69525 9.00000 2.3091690540 2.5796886051    1.719  3.877  3.3931 -0.679    8  0.603  0.455   509.33    -1.00    -1.00    -1.00    -1.00  0 -1.03e-05      2.38 5.600e-01 3.785e-01 8.661e-03 7.605e-03 2.539e-02 -1.000 6.159e-02 -4.922 15.387 11.366 7.515 3.134 0.185 -5.174 -7.055 -8.265
0.06 0.69525 9.00000 2.3091726303 2.5796887144    1.688  3.880  3.3900 -0.703    8  0.603  0.455   504.66    -1.00    -1.00    -1.00    -1.00  0 -1.03e-05      2.38 5.599e-01 3.785e-01 8.665e-03 7.605e-03 2.539e-02 -1.000 6.159e-02 -4.931 15.442 11.399 7.533 3.142 0.190 -5.177 -7.061 -8.275
0.06 0.69525 9.00000 2.3091726303 2.5796887144    1.687  3.863  3.3931 -0.674    8  0.603  0.456   504.51    -1.00    -1.00    -1.00    -1.00  0 -9.93e-06      2.34 5.599e-01 3.785e-01 8.680e-03 7.604e-03 2.538e-02 -1.000 6.161e-02 -4.888 15.226 11.282 7.466 3.111 0.172 -5.167 -7.036 -8.236
0.06 0.69525 9.00000 2.3091728687 2.5796887216    1.684  3.750  3.4132 -0.481    8  0.603  0.456   414.82   232.04   141.59   112.51    92.37  0 -2.75e-06      0.45 5.599e-01 3.785e-01 8.680e-03 7.604e-03 2.538e-02 -1.000 6.161e-02 -4.604 5.534 5.405 3.366 0.458 -1.980 -6.268 -7.514 -8.158
0.06 0.69525 9.00000 2.3091735840 2.5796887435    1.679  3.569  3.4452 -0.174    8  0.603  0.456   259.52   133.10    83.27    65.63    53.81  0 -9.92e-08      0.00 5.599e-01 3.785e-01 8.680e-03 7.604e-03 2.538e-02 -1.000 6.161e-02 -4.153 3.197 3.839 2.294 -0.016 -2.193 -6.138 -7.173 -7.634
0.06 0.69525 9.00000 2.3091742992 2.5796887653    1.670  3.539  3.4501 -0.126    8  0.603  0.456   235.33   121.86    76.53    60.25    49.39  0 -8.79e-08      0.00 5.599e-01 3.785e-01 8.679e-03 7.604e-03 2.538e-02 -1.000 6.161e-02 -4.077 3.208 3.836 2.304 0.021 -2.135 -6.061 -7.086 -7.541
0.06 0.69525 9.00000 2.3091754913 2.5796888017    1.659  3.600  3.4383 -0.237    8  0.604  0.456   291.26   148.87    92.64    73.17    60.00  0 -1.15e-07      0.00 5.599e-01 3.785e-01 8.678e-03 7.604e-03 2.538e-02 -1.000 6.161e-02 -4.231 3.208 3.870 2.310 -0.040 -2.246 -6.216 -7.267 -7.735
0.06 0.69525 9.00000 2.3091769218 2.5796888454    1.643  3.697  3.4199 -0.412    8  0.604  0.456   372.53   203.53   124.86    99.11    81.32  0 -1.01e-06      0.09 5.599e-01 3.785e-01 8.678e-03 7.604e-03 2.538e-02 -1.000 6.161e-02 -4.472 3.682 4.223 2.575 0.008 -2.316 -6.395 -7.510 -8.028
0.06 0.69525 9.00000 2.3091785908 2.5796888964    1.625  3.786  3.4024 -0.575    8  0.604  0.456   469.42   272.86   165.15   131.72   108.15  0 -8.31e-06      2.13 5.599e-01 3.785e-01 8.677e-03 7.604e-03 2.538e-02 -1.000 6.161e-02 -4.694 14.267 10.766 7.166 2.969 0.087 -5.126 -6.926 -8.066
0.06 0.69525 9.00000 2.3091809750 2.5796889692    1.602  3.844  3.3899 -0.690    8  0.604  0.456   491.58    -1.00    -1.00    -1.00    -1.00  0 -9.51e-06      2.29 5.599e-01 3.785e-01 8.677e-03 7.604e-03 2.538e-02 -1.000 6.161e-02 -4.841 15.034 11.189 7.411 3.086 0.157 -5.158 -7.011 -8.200
0.06 0.69525 9.00000 2.3091835976 2.5796890493    1.576  3.873  3.3825 -0.756    8  0.605  0.456   487.54    -1.00    -1.00    -1.00    -1.00  0 -1.02e-05      2.37 5.599e-01 3.785e-01 8.677e-03 7.604e-03 2.538e-02 -1.000 6.161e-02 -4.913 15.394 11.385 7.524 3.137 0.186 -5.175 -7.054 -8.265
0.06 0.69525 9.00000 2.3091864586 2.5796891367    1.546  3.883  3.3780 -0.792    8  0.605  0.456   482.90    -1.00    -1.00    -1.00    -1.00  0 -1.04e-05      2.39 5.599e-01 3.785e-01 8.678e-03 7.604e-03 2.538e-02 -1.000 6.161e-02 -4.938 15.527 11.460 7.567 3.156 0.196 -5.183 -7.069 -8.290
0.06 0.69525 9.00000 2.3091900349 2.5796892459    1.513  3.886  3.3744 -0.819    8  0.606  0.456   477.66    -1.00    -1.00    -1.00    -1.00  0 -1.05e-05      2.40 5.599e-01 3.785e-01 8.680e-03 7.604e-03 2.538e-02 -1.000 6.161e-02 -4.945 15.581 11.496 7.591 3.166 0.200 -5.186 -7.076 -8.300
0.06 0.69525 9.00000 2.3091900349 2.5796892459    1.512  3.873  3.3768 -0.796    8  0.606  0.456   477.55    -1.00    -1.00    -1.00    -1.00  0 -1.02e-05      2.37 5.599e-01 3.785e-01 8.681e-03 7.604e-03 2.538e-02 -1.000 6.161e-02 -4.913 15.422 11.408 7.537 3.142 0.188 -5.177 -7.056 -8.270
0.06 0.69525 9.00000 2.3091902733 2.5796892532    1.509  3.760  3.3978 -0.600    8  0.606  0.456   475.33   279.93   168.96   135.17   110.93  0 -7.83e-06      2.06 5.599e-01 3.785e-01 8.681e-03 7.604e-03 2.538e-02 -1.000 6.161e-02 -4.630 13.987 10.629 7.086 2.931 0.063 -5.115 -6.894 -8.017
0.06 0.69525 9.00000 2.3091907501 2.5796892678    1.504  3.581  3.4309 -0.290    8  0.606  0.456   302.31   159.64    98.81    78.41    64.26  0 -1.47e-07      0.00 5.599e-01 3.785e-01 8.681e-03 7.604e-03 2.538e-02 -1.000 6.161e-02 -4.182 3.337 4.018 2.457 0.062 -2.178 -6.167 -7.233 -7.708
0.06 0.69525 9.00000 2.3091917038 2.5796892969    1.495  3.550  3.4361 -0.241    8  0.606  0.456   280.76   145.82    90.62    71.83    58.85  0 -1.04e-07      0.00 5.599e-01 3.785e-01 8.681e-03 7.604e-03 2.538e-02 -1.000 6.161e-02 -4.104 3.343 4.014 2.458 0.098 -2.117 -6.090 -7.145 -7.613
0.06 0.69525 9.00000 2.3091926575 2.5796893260    1.483  3.611  3.4237 -0.354    8  0.606  0.456   330.44   178.78   110.06    87.53    71.74  0 -4.13e-07      0.02 5.599e-01 3.785e-01 8.681e-03 7.604e-03 2.538e-02 -1.000 6.161e-02 -4.256 3.413 4.085 2.529 0.065 -2.216 -6.234 -7.314 -7.799
0.06 0.69525 9.00000 2.3091940880 2.5796893697    1.468  3.706  3.4045 -0.531    8  0.606  0.456   426.09   245.36   148.88   118.99    97.60  0 -5.15e-06      1.28 5.599e-01 3.785e-01 8.681e-03 7.604e-03 2.538e-02 -1.000 6.161e-02 -4.494 10.075 8.289 5.452 1.869 -0.797 -5.546 -7.074 -7.976
0.06 0.69525 9.00000 2.3091959953 2.5796894279    1.449  3.793  3.3862 -0.697    8  0.607  0.456   467.32    -1.00    -1.00    -1.00    -1.00  0 -8.45e-06      2.15 5.599e-01 3.785e-01 8.681e-03 7.604e-03 2.538e-02 -1.000 6.161e-02 -4.712 14.454 10.893 7.237 3.003 0.107 -5.132 -6.943 -8.095
0.06 0.69525 9.00000 2.3091981411 2.5796894935    1.426  3.851  3.3731 -0.814    8  0.607  0.456   463.60    -1.00    -1.00    -1.00    -1.00  0 -9.65e-06      2.31 5.599e-01 3.785e-01 8.681e-03 7.604e-03 2.538e-02 -1.000 6.161e-02 -4.856 15.188 11.294 7.473 3.112 0.169 -5.166 -7.027 -8.226
0.06 0.69525 9.00000 2.3092007637 2.5796895736    1.399  3.878  3.3651 -0.882    8  0.607  0.456   459.25    -1.00    -1.00    -1.00    -1.00  0 -1.03e-05      2.38 5.599e-01 3.785e-01 8.681e-03 7.604e-03 2.538e-02 -1.000 6.161e-02 -4.926 15.554 11.504 7.608 3.170 0.197 -5.187 -7.072 -8.295
0.06 0.69525 9.00000 2.3092036247 2.5796896609    1.369  3.888  3.3602 -0.921    8  0.608  0.456   454.27    -1.00    -1.00    -1.00    -1.00  0 -1.05e-05      2.40 5.599e-01 3.785e-01 8.681e-03 7.604e-03 2.538e-02 -1.000 6.161e-02 -4.950 15.675 11.572 7.651 3.189 0.206 -5.194 -7.087 -8.319
0.06 0.69525 9.00000 2.3092069626 2.5796897629    1.335  3.891  3.3562 -0.951    8  0.608  0.456   448.63    -1.00    -1.00    -1.00    -1.00  0 -1.06e-05      2.41 5.599e-01 3.785e-01 8.681e-03 7.604e-03 2.538e-02 -1.000 6.161e-02 -4.958 15.706 11.588 7.660 3.193 0.208 -5.196 -7.091 -8.324
0.06 0.69525 9.00000 2.3092069626 2.5796897629    1.335  3.882  3.3578 -0.936    8  0.608  0.456   448.50    -1.00    -1.00    -1.00    -1.00  0 -1.04e-05      2.39 5.599e-01 3.785e-01 8.681e-03 7.604e-03 2.538e-02 -1.000 6.161e-02 -4.936 15.613 11.540 7.633 3.181 0.201 -5.191 -7.079 -8.307
0.06 0.69525 9.00000 2.3092072010 2.5796897702    1.332  3.769  3.3799 -0.735    8  0.608  0.456   447.98    -1.00    -1.00    -1.00    -1.00  0    -8e-06      2.08 5.599e-01 3.785e-01 8.681e-03 7.604e-03 2.538e-02 -1.000 6.161e-02 -4.653 14.199 10.770 7.163 2.967 0.085 -5.123 -6.913 -8.050
0.06 0.69525 9.00000 2.3092076778 2.5796897847    1.325  3.591  3.4147 -0.420    8  0.608  0.456   349.72   195.44   119.54    95.58    78.29  0 -1.06e-06      0.12 5.599e-01 3.785e-01 8.681e-03 7.604e-03 2.538e-02 -1.000 6.161e-02 -4.207 4.081 4.589 2.929 0.323 -2.019 -6.114 -7.241 -7.767
0.06 0.69525 9.00000 2.3092083931 2.5796898066    1.316  3.559  3.4204 -0.369    8  0.609  0.456   323.46   177.90   109.26    87.26    71.46  0 -4.97e-07      0.03 5.599e-01 3.785e-01 8.681e-03 7.604e-03 2.538e-02 -1.000 6.161e-02 -4.129 3.625 4.287 2.733 0.234 -2.067 -6.099 -7.187 -7.678
0.06 0.69525 9.00000 2.3092095852 2.5796898430    1.303  3.620  3.4074 -0.485    8  0.609  0.456   383.23   219.03   133.23   106.77    87.48  0 -2.66e-06      0.55 5.599e-01 3.785e-01 8.681e-03 7.604e-03 2.538e-02 -1.000 6.161e-02 -4.280 6.411 6.081 3.939 0.943 -1.524 -5.867 -7.150 -7.827
0.06 0.69525 9.00000 2.3092107773 2.5796898794    1.286  3.714  3.3874 -0.665    8  0.609  0.456   440.23    -1.00    -1.00    -1.00    -1.00  0 -7.04e-06      1.92 5.599e-01 3.785e-01 8.681e-03 7.604e-03 2.538e-02 -1.000 6.161e-02 -4.514 13.484 10.385 6.937 2.857 0.017 -5.099 -6.838 -7.930
0.06 0.69525 9.00000 2.3092124462 2.5796899303    1.265  3.800  3.3683 -0.834    8  0.609  0.456   436.65    -1.00    -1.00    -1.00    -1.00  0 -8.58e-06      2.17 5.599e-01 3.785e-01 8.681e-03 7.604e-03 2.538e-02 -1.000 6.161e-02 -4.729 14.630 11.015 7.313 3.035 0.122 -5.143 -6.960 -8.125
0.06 0.69525 9.00000 2.3092145920 2.5796899959    1.241  3.856  3.3548 -0.954    8  0.610  0.456   432.36    -1.00    -1.00    -1.00    -1.00  0 -9.78e-06      2.32 5.599e-01 3.785e-01 8.681e-03 7.604e-03 2.538e-02 -1.000 6.161e-02 -4.871 15.327 11.395 7.548 3.142 0.179 -5.177 -7.044 -8.253
0.06 0.69525 9.00000 2.3092169762 2.5796900687    1.212  3.884  3.3468 -1.023    8  0.610  0.456   427.35    -1.00    -1.00    -1.00    -1.00  0 -1.04e-05      2.39 5.599e-01 3.785e-01 8.681e-03 7.604e-03 2.538e-02 -1.000 6.161e-02 -4.939 15.627 11.548 7.637 3.182 0.202 -5.192 -7.081 -8.309
0.06 0.69525 9.00000 2.3092198372 2.5796901561    1.180  3.893  3.3422 -1.063    8  0.610  0.456   421.62    -1.00    -1.00    -1.00    -1.00  0 -1.06e-05      2.42 5.599e-01 3.785e-01 8.681e-03 7.604e-03 2.538e-02 -1.000 6.161e-02 -4.963 15.731 11.600 7.668 3.196 0.210 -5.197 -7.095 -8.329
0.06 0.69525 9.00000 2.3092229366 2.5796902507    1.144  3.896  3.3389 -1.092    8  0.611  0.456   415.16    -1.00    -1.00    -1.00    -1.00  0 -1.07e-05      2.43 5.599e-01 3.785e-01 8.681e-03 7.604e-03 2.538e-02 -1.000 6.161e-02 -4.971 15.762 11.616 7.677 3.200 0.213 -5.199 -7.099 -8.335
0.06 0.69525 9.00000 2.3092229366 2.5796902507    1.143  3.892  3.3397 -1.085    8  0.611  0.456   414.97    -1.00    -1.00    -1.00    -1.00  0 -1.06e-05      2.41 5.599e-01 3.785e-01 8.681e-03 7.604e-03 2.538e-02 -1.000 6.161e-02 -4.959 15.713 11.591 7.662 3.194 0.209 -5.196 -7.092 -8.326
0.06 0.69525 9.00000 2.3092231750 2.5796902580    1.140  3.778  3.3637 -0.877    8  0.611  0.456   414.36    -1.00    -1.00    -1.00    -1.00  0 -8.17e-06      2.11 5.599e-01 3.785e-01 8.681e-03 7.604e-03 2.538e-02 -1.000 6.161e-02 -4.676 14.418 10.921 7.266 3.010 0.102 -5.136 -6.937 -8.089
0.06 0.69525 9.00000 2.3092236519 2.5796902726    1.133  3.601  3.4011 -0.552    8  0.611  0.456   405.80   238.62   144.14   116.25    95.16  0 -5.44e-06      1.67 5.599e-01 3.785e-01 8.681e-03 7.604e-03 2.538e-02 -1.000 6.161e-02 -4.233 12.345 9.785 6.601 2.724 -0.045 -5.005 -6.659 -7.673
0.06 0.69525 9.00000 2.3092243671 2.5796902944    1.123  3.569  3.4071 -0.500    8  0.611  0.456   373.95   216.61   131.39   105.85    86.62  0 -3.08e-06      0.78 5.599e-01 3.785e-01 8.681e-03 7.604e-03 2.538e-02 -1.000 6.161e-02 -4.153 7.746 6.972 4.606 1.423 -1.106 -5.575 -6.935 -7.684
0.06 0.69525 9.00000 2.3092253208 2.5796903235    1.109  3.629  3.3929 -0.622    8  0.611  0.456   408.77    -1.00    -1.00    -1.00    -1.00  0 -5.79e-06      1.71 5.599e-01 3.785e-01 8.681e-03 7.604e-03 2.538e-02 -1.000 6.161e-02 -4.302 12.590 9.922 6.673 2.745 -0.042 -5.040 -6.712 -7.746
0.06 0.69525 9.00000 2.3092267513 2.5796903672    1.092  3.722  3.3711 -0.809    8  0.612  0.456   405.46    -1.00    -1.00    -1.00    -1.00  0 -7.17e-06      1.95 5.599e-01 3.785e-01 8.681e-03 7.604e-03 2.538e-02 -1.000 6.161e-02 -4.534 13.681 10.518 7.014 2.892 0.035 -5.107 -6.856 -7.962
0.06 0.69525 9.00000 2.3092284203 2.5796904182    1.070  3.806  3.3506 -0.984    8  0.612  0.456   401.37    -1.00    -1.00    -1.00    -1.00  0 -8.71e-06      2.18 5.599e-01 3.785e-01 8.681e-03 7.604e-03 2.538e-02 -1.000 6.161e-02 -4.745 14.760 11.105 7.379 3.062 0.131 -5.151 -6.976 -8.149
0.06 0.69525 9.00000 2.3092303276 2.5796904764    1.044  3.861  3.3364 -1.107    8  0.612  0.456   396.49    -1.00    -1.00    -1.00    -1.00  0 -9.89e-06      2.33 5.599e-01 3.785e-01 8.681e-03 7.604e-03 2.538e-02 -1.000 6.161e-02 -4.884 15.384 11.424 7.565 3.149 0.183 -5.179 -7.051 -8.263
0.06 0.69525 9.00000 2.3092327118 2.5796905492    1.014  3.888  3.3288 -1.177    8  0.612  0.456   390.80    -1.00    -1.00    -1.00    -1.00  0 -1.05e-05      2.40 5.599e-01 3.785e-01 8.681e-03 7.604e-03 2.538e-02 -1.000 6.161e-02 -4.950 15.675 11.572 7.651 3.189 0.206 -5.194 -7.087 -8.318
0.06 0.69525 9.00000 2.3092353344 2.5796906293    0.981  3.897  3.3258 -1.212    8  0.613  0.456   374.79    -1.00    -1.00    -1.00    -1.00  0 -1.07e-05      2.43 5.599e-01 3.785e-01 8.681e-03 7.604e-03 2.538e-02 -1.000 6.161e-02 -4.973 15.773 11.622 7.680 3.202 0.213 -5.199 -7.100 -8.337
0.06 0.69525 9.00000 2.3092384338 2.5796907240    0.944  3.900  3.3253 -1.233    8  0.613  0.456   349.72    -1.00    -1.00    -1.00    -1.00  0 -1.08e-05      2.44 5.599e-01 3.785e-01 8.681e-03 7.604e-03 2.538e-02 -1.000 6.161e-02 -4.979 15.800 11.635 7.688 3.205 0.215 -5.201 -7.104 -8.342
0.06 0.69525 9.00000 2.3092384338 2.5796907240    0.943  3.899  3.3255 -1.233    8  0.613  0.456   349.12    -1.00    -1.00    -1.00    -1.00  0 -1.08e-05      2.43 5.599e-01 3.785e-01 8.681e-03 7.604e-03 2.538e-02 -1.000 6.161e-02 -4.978 15.792 11.631 7.686 3.205 0.215 -5.200 -7.103 -8.341
0.06 0.69525 9.00000 2.3092386723 2.5796907313    0.940  3.786  3.3526 -1.012    8  0.613  0.456   347.21    -1.00    -1.00    -1.00    -1.00  0 -8.31e-06      2.13 5.599e-01 3.785e-01 8.681e-03 7.604e-03 2.538e-02 -1.000 6.161e-02 -4.694 14.525 10.984 7.307 3.028 0.111 -5.141 -6.949 -8.108
0.06 0.69525 9.00000 2.3092391491 2.5796907458    0.935  3.610  3.3948 -0.670    8  0.613  0.456   343.49    -1.00    -1.00    -1.00    -1.00  0 -5.54e-06      1.68 5.599e-01 3.785e-01 8.681e-03 7.604e-03 2.538e-02 -1.000 6.161e-02 -4.254 12.504 9.896 6.661 2.749 -0.032 -5.018 -6.680 -7.707
0.06 0.69525 9.00000 2.3092398643 2.5796907677    0.926  3.577  3.4033 -0.607    8  0.614  0.456   337.78    -1.00    -1.00    -1.00    -1.00  0 -5.14e-06      1.62 5.599e-01 3.785e-01 8.681e-03 7.604e-03 2.538e-02 -1.000 6.161e-02 -4.173 12.236 9.753 6.589 2.733 -0.029 -4.976 -6.619 -7.625
0.06 0.69525 9.00000 2.3092408180 2.5796907968    0.914  3.636  3.3900 -0.725    8  0.614  0.456   329.97    -1.00    -1.00    -1.00    -1.00  0 -5.89e-06      1.73 5.599e-01 3.785e-01 8.681e-03 7.604e-03 2.538e-02 -1.000 6.161e-02 -4.321 12.718 10.009 6.718 2.761 -0.035 -5.052 -6.731 -7.774
0.06 0.69525 9.00000 2.3092420101 2.5796908332    0.899  3.728  3.3693 -0.907    8  0.614  0.456   320.05    -1.00    -1.00    -1.00    -1.00  0 -7.27e-06      1.96 5.599e-01 3.785e-01 8.681e-03 7.604e-03 2.538e-02 -1.000 6.161e-02 -4.549 13.836 10.629 7.097 2.925 0.047 -5.117 -6.874 -7.990
0.06 0.69525 9.00000 2.3092434406 2.5796908769    0.880  3.811  3.3509 -1.073    8  0.614  0.456   308.10    -1.00    -1.00    -1.00    -1.00  0  -8.8e-06      2.20 5.599e-01 3.785e-01 8.681e-03 7.604e-03 2.538e-02 -1.000 6.161e-02 -4.757 14.814 11.133 7.395 3.070 0.136 -5.153 -6.982 -8.159
0.06 0.69525 9.00000 2.3092453480 2.5796909351    0.858  3.865  3.3401 -1.181    8  0.614  0.456   294.25    -1.00    -1.00    -1.00    -1.00  0 -9.98e-06      2.34 5.599e-01 3.785e-01 8.681e-03 7.604e-03 2.538e-02 -1.000 6.161e-02 -4.893 15.424 11.444 7.577 3.155 0.186 -5.181 -7.056 -8.271
0.06 0.69525 9.00000 2.3092474937 2.5796910007    0.833  3.891  3.3374 -1.231    8  0.615  0.456   278.71    -1.00    -1.00    -1.00    -1.00  0 -1.06e-05      2.41 5.599e-01 3.785e-01 8.681e-03 7.604e-03 2.538e-02 -1.000 6.161e-02 -4.958 15.707 11.588 7.661 3.193 0.208 -5.196 -7.092 -8.325
0.06 0.69525 9.00000 2.3092498779 2.5796910735    0.804  3.900  3.3404 -1.243    8  0.615  0.456   261.71    -1.00    -1.00    -1.00    -1.00  0 -1.08e-05      2.44 5.599e-01 3.785e-01 8.681e-03 7.604e-03 2.538e-02 -1.000 6.161e-02 -4.980 15.802 11.636 7.688 3.206 0.216 -5.201 -7.104 -8.343
0.06 0.69525 9.00000 2.3092527390 2.5796911608    0.773  3.902  3.3471 -1.235    8  0.616  0.456   243.57    -1.00    -1.00    -1.00    -1.00  0 -1.09e-05      2.44 5.599e-01 3.785e-01 8.681e-03 7.604e-03 2.538e-02 -1.000 6.161e-02 -4.986 15.826 11.649 7.695 3.209 0.217 -5.202 -7.107 -8.348
0.06 0.69525 9.00000 2.3092670441 2.5796915977    0.617 -9.999  4.0000  1.378    9  0.617  0.000     0.00     0.00     0.00     0.00     0.00 -1    -1e-30      0.00 5.599e-01 3.785e-01 8.681e-03 7.604e-03 2.538e-02 -1.000 6.161e-02 29.767 29.659 29.932 29.989 29.976 29.980 30.037 30.040 30.061
#isochrone terminated
