# File generated by CMD 3.9 (http://stev.oapd.inaf.it/cmd) on Mon May  4 18:45:19 UTC 2026
# isochrones based on PARSEC release v1.2S +  COLIBRI S_37 + S_35 + PR16
# Basic references: Bressan et al. (2012), MNRAS, 427, 127 + Chen et al. (2014, 2015), MNRAS, 444, 2525 + MNRAS, 452, 1068 + Tang et al. (2014), MNRAS, 445, 4287 + Marigo et al. (2017), ApJ, 835, 77 + Pastorelli al. (2019), MNRAS, 485, 5666 + Pastorelli al. (2020), MNRAS, in press
# Thermal pulse cycles included 
# On RGB, assumed Reimers mass loss with efficiency eta=0.2
# LPV periods and growth rates added cf. Trabucchi et al. (2019)
# but fundamental-mode LPV periods + transition are from Trabucchi et al. (2021)
# Photometric system: <i>UBVRIJHK</i> (cf. Maiz-Apellaniz 2006 + Bessell 1990)
# Using YBC version of bolometric corrections as in Chen et al. (2019)
# O-rich circumstellar dpmod60alox40 dust from Groenewegen (2006)
# C-rich circumstellar AMCSIC15 dust from Groenewegen (2006)
# IMF: Kroupa (2001, 2002) + Kroupa et al. (2013) canonical two-part-power law IMF corrected for unresolved binaries 
# Kind of output: isochrone tables
# Zini     MH   logAge Mini        int_IMF         Mass   logL    logTe  logg  label   McoreTP C_O  period0  period1  period2  period3  period4  pmode  Mloss  tau1m   X   Y   Xc  Xn  Xo  Cexcess  Z 	 mbolmag  Umag    Bmag    Vmag    Rmag    Imag    Jmag    Hmag    Kmag
0.06 0.69525 9.60206 0.1000000015 1.1711064122    0.100 -3.262  3.3618  5.099    1  0.000  0.545     0.00     0.00     0.00     0.00     0.00 -1 -6.14e-17      0.00 5.834e-01 3.566e-01 1.079e-02 2.911e-03 2.640e-02 -1.000 6.000e-02 12.925 21.357 19.335 17.679 15.701 13.523 10.819 10.239 9.887
0.06 0.69525 9.60206 0.1199999973 1.3193154249    0.120 -3.055  3.3837  5.058    1  0.000  0.545     0.00     0.00     0.00     0.00     0.00 -1 -9.46e-17      0.00 5.832e-01 3.568e-01 1.079e-02 2.911e-03 2.640e-02 -1.000 6.000e-02 12.407 20.759 18.784 17.143 15.177 13.005 10.302 9.724 9.368
0.06 0.69525 9.60206 0.1244770065 1.3481258644    0.124 -3.017  3.3874  5.051    1  0.000  0.545     0.00     0.00     0.00     0.00     0.00 -1    -1e-16      0.00 5.832e-01 3.568e-01 1.079e-02 2.911e-03 2.640e-02 -1.000 6.000e-02 12.312 20.650 18.683 17.045 15.081 12.910 10.207 9.630 9.273
0.06 0.69525 9.60206 0.1400000006 1.4384526719    0.140 -2.895  3.3993  5.028    0  0.000  0.545     0.00     0.00     0.00     0.00     0.00 -1 -1.16e-16      0.00 5.830e-01 3.570e-01 1.079e-02 2.911e-03 2.640e-02 -1.000 6.000e-02 12.007 20.298 18.359 16.729 14.772 12.604 9.902 9.326 8.969
0.06 0.69525 9.60206 0.1599999964 1.5372931554    0.160 -2.764  3.4111  5.003    0  0.000  0.545     0.00     0.00     0.00     0.00     0.00 -1 -1.71e-16      0.00 5.828e-01 3.572e-01 1.079e-02 2.911e-03 2.640e-02 -1.000 6.000e-02 11.681 19.924 18.013 16.393 14.443 12.279 9.577 9.003 8.643
0.06 0.69525 9.60206 0.2000000030 1.6938790862    0.200 -2.557  3.4289  4.963    1  0.000  0.545     0.00     0.00     0.00     0.00     0.00 -1 -2.57e-16      0.00 5.825e-01 3.575e-01 1.079e-02 2.911e-03 2.640e-02 -1.000 6.000e-02 11.162 18.740 17.031 15.468 13.655 11.583 9.080 8.509 8.157
0.06 0.69525 9.60206 0.2500000000 1.8403257998    0.250 -2.337  3.4503  4.927    1  0.000  0.545     0.00     0.00     0.00     0.00     0.00 -1 -3.97e-16      0.00 5.821e-01 3.579e-01 1.079e-02 2.911e-03 2.640e-02 -1.000 6.000e-02 10.614 17.223 15.765 14.289 12.672 10.755 8.573 8.001 7.669
0.06 0.69525 9.60206 0.2741816342 1.8981113256    0.274 -2.252  3.4569  4.907    1  0.000  0.545     0.00     0.00     0.00     0.00     0.00 -1 -4.73e-16      0.00 5.820e-01 3.580e-01 1.079e-02 2.911e-03 2.640e-02 -1.000 6.000e-02 10.399 16.749 15.353 13.891 12.328 10.465 8.373 7.799 7.474
0.06 0.69525 9.60206 0.3000000417 1.9529140366    0.300 -2.169  3.4633  4.889    1  0.000  0.545     0.00     0.00     0.00     0.00     0.00 -1 -5.59e-16      0.00 5.819e-01 3.581e-01 1.079e-02 2.911e-03 2.640e-02 -1.000 6.000e-02 10.192 16.306 14.964 13.518 12.004 10.190 8.178 7.603 7.285
0.06 0.69525 9.60206 0.3499999940 2.0434174644    0.350 -2.006  3.4760  4.844    0  0.000  0.545     0.00     0.00     0.00     0.00     0.00 -1 -7.91e-16      0.00 5.838e-01 3.562e-01 1.079e-02 2.911e-03 2.640e-02 -1.000 6.000e-02 9.785 15.476 14.228 12.819 11.392 9.667 7.798 7.216 6.914
0.06 0.69525 9.60206 0.3815103173 2.0922339953    0.381 -1.909  3.4856  4.823    1  0.000  0.545     0.00     0.00     0.00     0.00     0.00 -1 -9.71e-16      0.00 5.839e-01 3.561e-01 1.079e-02 2.911e-03 2.640e-02 -1.000 6.000e-02 9.543 14.970 13.768 12.373 11.002 9.347 7.578 6.988 6.698
0.06 0.69525 9.60206 0.4000000060 2.1185024399    0.400 -1.856  3.4909  4.811    1  0.000  0.545     0.00     0.00     0.00     0.00     0.00 -1 -1.09e-15      0.00 5.839e-01 3.561e-01 1.079e-02 2.911e-03 2.640e-02 -1.000 6.000e-02 9.410 14.705 13.524 12.135 10.793 9.176 7.457 6.862 6.579
0.06 0.69525 9.60206 0.4250373840 2.1516591358    0.425 -1.780  3.4984  4.792    1  0.000  0.545     0.00     0.00     0.00     0.00     0.00 -1 -1.29e-15      0.00 5.840e-01 3.560e-01 1.079e-02 2.911e-03 2.640e-02 -1.000 6.000e-02 9.220 14.343 13.189 11.822 10.518 8.940 7.283 6.677 6.405
0.06 0.69525 9.60206 0.4500000179 2.1822809362    0.450 -1.708  3.5055  4.773    1  0.000  0.545     0.00     0.00     0.00     0.00     0.00 -1 -1.51e-15      0.00 5.840e-01 3.560e-01 1.079e-02 2.911e-03 2.640e-02 -1.000 6.000e-02 9.041 14.021 12.883 11.532 10.262 8.721 7.121 6.504 6.241
0.06 0.69525 9.60206 0.4774301946 2.2134806860    0.477 -1.624  3.5150  4.753    1  0.000  0.545     0.00     0.00     0.00     0.00     0.00 -1 -1.82e-15      0.00 5.840e-01 3.560e-01 1.079e-02 2.911e-03 2.640e-02 -1.000 6.000e-02 8.830 13.643 12.514 11.176 9.948 8.461 6.934 6.302 6.049
0.06 0.69525 9.60206 0.5118420720 2.2493375982    0.512 -1.519  3.5268  4.726    1  0.000  0.545     0.00     0.00     0.00     0.00     0.00 -1  -2.3e-15      0.00 5.873e-01 3.532e-01 1.071e-02 2.889e-03 2.620e-02 -1.000 5.953e-02 8.568 13.204 12.074 10.757 9.578 8.145 6.701 6.050 5.809
0.06 0.69525 9.60206 0.5488970280 2.2827429551    0.548 -1.406  3.5398  4.694    1  0.000  0.545     0.00     0.00     0.00     0.00     0.00 -1    -3e-15      0.00 5.948e-01 3.467e-01 1.051e-02 2.836e-03 2.572e-02 -1.000 5.843e-02 8.284 12.758 11.608 10.317 9.190 7.807 6.448 5.775 5.548
0.06 0.69525 9.60206 0.5500000715 2.2836583126    0.550 -1.402  3.5402  4.693    1  0.000  0.545     0.00     0.00     0.00     0.00     0.00 -1 -3.02e-15      0.00 5.950e-01 3.466e-01 1.051e-02 2.835e-03 2.571e-02 -1.000 5.840e-02 8.276 12.746 11.595 10.305 9.179 7.798 6.441 5.768 5.541
0.06 0.69525 9.60206 0.5717486739 2.3008800415    0.571 -1.332  3.5506  4.681    1  0.000  0.545     0.00     0.00     0.00     0.00     0.00 -1 -3.53e-15      0.00 5.957e-01 3.460e-01 1.049e-02 2.830e-03 2.567e-02 -1.000 5.830e-02 8.100 12.465 11.279 9.999 8.914 7.581 6.291 5.604 5.388
0.06 0.69525 9.60206 0.6000000238 2.3211213258    0.600 -1.244  3.5636  4.666    1  0.000  0.545     0.00     0.00     0.00     0.00     0.00 -1  -4.3e-15      0.00 5.966e-01 3.452e-01 1.047e-02 2.824e-03 2.561e-02 -1.000 5.818e-02 7.880 12.133 10.883 9.595 8.559 7.311 6.107 5.406 5.204
0.06 0.69525 9.60206 0.6272400618 2.3386657541    0.627 -1.155  3.5787  4.657    1  0.000  0.545     0.00     0.00     0.00     0.00     0.00 -1 -5.21e-15      0.00 5.974e-01 3.445e-01 1.045e-02 2.819e-03 2.557e-02 -1.000 5.811e-02 7.657 11.789 10.456 9.155 8.174 7.036 5.927 5.216 5.032
0.06 0.69525 9.60206 0.6499999762 2.3520353107    0.650 -1.083  3.5910  4.650    1  0.000  0.545     0.00     0.00     0.00     0.00     0.00 -1 -6.09e-15      0.00 5.980e-01 3.440e-01 1.043e-02 2.815e-03 2.553e-02 -1.000 5.803e-02 7.478 11.512 10.114 8.804 7.860 6.821 5.782 5.071 4.902
0.06 0.69525 9.60206 0.7000000477 2.3779267258    0.700 -0.928  3.6182  4.636    1  0.000  0.545     0.00     0.00     0.00     0.00     0.00 -1 -8.53e-15      0.00 5.995e-01 3.426e-01 1.039e-02 2.805e-03 2.545e-02 -1.000 5.790e-02 7.089 10.880 9.378 8.085 7.209 6.381 5.467 4.776 4.640
0.06 0.69525 9.60206 0.7104440331 2.3828084876    0.710 -0.893  3.6257  4.637    1  0.000  0.543     0.00     0.00     0.00     0.00     0.00 -1 -9.16e-15      0.00 5.997e-01 3.424e-01 1.036e-02 2.803e-03 2.543e-02 -1.000 5.788e-02 7.002 10.708 9.200 7.918 7.057 6.286 5.401 4.717 4.590
0.06 0.69525 9.60206 0.7500000000 2.3998889087    0.750 -0.765  3.6529  4.642    1  0.000  0.537     0.00     0.00     0.00     0.00     0.00 -1 -1.19e-14      0.00 6.006e-01 3.417e-01 1.023e-02 2.795e-03 2.539e-02 -1.000 5.775e-02 6.683 9.943 8.538 7.331 6.535 5.942 5.161 4.535 4.432
0.06 0.69525 9.60206 0.7623646259 2.4048116435    0.762 -0.732  3.6573  4.634    1  0.000  0.537     0.00     0.00     0.00     0.00     0.00 -1 -1.28e-14      0.00 6.011e-01 3.412e-01 1.022e-02 2.791e-03 2.536e-02 -1.000 5.766e-02 6.600 9.766 8.397 7.208 6.426 5.856 5.092 4.480 4.380
0.06 0.69525 9.60206 0.7956522107 2.4171943591    0.795 -0.645  3.6691  4.612    1  0.000  0.537     0.00     0.00     0.00     0.00     0.00 -1 -1.57e-14      0.00 6.025e-01 3.400e-01 1.019e-02 2.782e-03 2.527e-02 -1.000 5.744e-02 6.383 9.290 8.029 6.892 6.152 5.631 4.910 4.336 4.242
0.06 0.69525 9.60206 0.7987295389 2.4182793155    0.798 -0.637  3.6703  4.610    1  0.000  0.537     0.00     0.00     0.00     0.00     0.00 -1  -1.6e-14      0.00 6.027e-01 3.399e-01 1.018e-02 2.781e-03 2.526e-02 -1.000 5.742e-02 6.363 9.245 7.994 6.863 6.126 5.610 4.893 4.323 4.230
0.06 0.69525 9.60206 0.8329948783 2.4297399431    0.832 -0.548  3.6826  4.588    1  0.000  0.537     0.00     0.00     0.00     0.00     0.00 -1 -1.98e-14      0.00 6.043e-01 3.385e-01 1.014e-02 2.771e-03 2.517e-02 -1.000 5.722e-02 6.140 8.749 7.621 6.549 5.860 5.381 4.708 4.177 4.090
0.06 0.69525 9.60206 0.8413043618 2.4323579464    0.841 -0.527  3.6855  4.583    1  0.000  0.537     0.00     0.00     0.00     0.00     0.00 -1 -2.08e-14      0.00 6.047e-01 3.382e-01 1.014e-02 2.768e-03 2.515e-02 -1.000 5.717e-02 6.086 8.634 7.535 6.477 5.799 5.327 4.664 4.142 4.057
0.06 0.69525 9.60206 0.8675575256 2.4402517083    0.867 -0.459  3.6946  4.565    1  0.000  0.537     0.00     0.00     0.00     0.00     0.00 -1 -2.45e-14      0.00 6.061e-01 3.370e-01 1.010e-02 2.759e-03 2.507e-02 -1.000 5.698e-02 5.917 8.274 7.266 6.249 5.606 5.156 4.524 4.029 3.949
0.06 0.69525 9.60206 0.8869565725 2.4457406105    0.886 -0.410  3.7011  4.551    1  0.000  0.537     0.00     0.00     0.00     0.00     0.00 -1 -2.75e-14      0.00 6.071e-01 3.361e-01 1.008e-02 2.752e-03 2.501e-02 -1.000 5.685e-02 5.794 8.015 7.074 6.088 5.469 5.033 4.423 3.947 3.870
0.06 0.69525 9.60206 0.9012237787 2.4496045169    0.900 -0.373  3.7057  4.540    1  0.000  0.537     0.00     0.00     0.00     0.00     0.00 -1 -3.01e-14      0.00 6.080e-01 3.353e-01 1.006e-02 2.747e-03 2.496e-02 -1.000 5.675e-02 5.703 7.834 6.939 5.972 5.369 4.943 4.349 3.885 3.810
0.06 0.69525 9.60206 0.9273738861 2.4563329321    0.926 -0.308  3.7138  4.520    1  0.000  0.537     0.00     0.00     0.00     0.00     0.00 -1 -3.53e-14      0.00 6.096e-01 3.339e-01 1.002e-02 2.737e-03 2.486e-02 -1.000 5.654e-02 5.539 7.512 6.699 5.766 5.192 4.781 4.214 3.773 3.701
0.06 0.69525 9.60206 0.9326086640 2.4576278163    0.932 -0.295  3.7154  4.516    1  0.000  0.537     0.00     0.00     0.00     0.00     0.00 -1 -3.64e-14      0.00 6.099e-01 3.336e-01 1.001e-02 2.734e-03 2.485e-02 -1.000 5.650e-02 5.507 7.450 6.652 5.726 5.157 4.749 4.187 3.750 3.680
0.06 0.69525 9.60206 0.9496638179 2.4617329729    0.949 -0.252  3.7203  4.501    1  0.000  0.537     0.00     0.00     0.00     0.00     0.00 -1 -4.05e-14      0.00 6.111e-01 3.326e-01 9.980e-03 2.726e-03 2.477e-02 -1.000 5.633e-02 5.401 7.253 6.503 5.597 5.043 4.645 4.099 3.675 3.607
0.06 0.69525 9.60206 0.9705696702 2.4665393454    0.970 -0.201  3.7261  4.482    1  0.000  0.537     0.00     0.00     0.00     0.00     0.00 -1  -4.6e-14      0.00 6.127e-01 3.312e-01 9.943e-03 2.716e-03 2.468e-02 -1.000 5.611e-02 5.273 7.023 6.327 5.444 4.908 4.519 3.992 3.583 3.518
0.06 0.69525 9.60206 0.9782608747 2.4682482635    0.978 -0.182  3.7282  4.475    1  0.000  0.537     0.00     0.00     0.00     0.00     0.00 -1 -4.82e-14      0.00 6.132e-01 3.307e-01 9.929e-03 2.713e-03 2.465e-02 -1.000 5.604e-02 5.226 6.940 6.264 5.389 4.859 4.474 3.953 3.550 3.485
0.06 0.69525 9.60206 0.9825236797 2.4691821801    0.982 -0.172  3.7293  4.471    1  0.000  0.537     0.00     0.00     0.00     0.00     0.00 -1 -4.93e-14      0.00 6.136e-01 3.304e-01 9.920e-03 2.711e-03 2.463e-02 -1.000 5.599e-02 5.200 6.895 6.229 5.358 4.832 4.449 3.931 3.531 3.467
0.06 0.69525 9.60206 1.0025078058 2.4734388948    1.002 -0.124  3.7342  4.452    1  0.000  0.537     0.00     0.00     0.00     0.00     0.00 -1 -5.49e-14      0.00 6.153e-01 3.289e-01 9.878e-03 2.699e-03 2.453e-02 -1.000 5.578e-02 5.080 6.692 6.071 5.220 4.707 4.332 3.830 3.442 3.380
0.06 0.69525 9.60206 1.0214756727 2.4773024706    1.021 -0.079  3.7386  4.433    1  0.000  0.537     0.00     0.00     0.00     0.00     0.00 -1 -6.07e-14      0.00 6.170e-01 3.274e-01 9.838e-03 2.688e-03 2.443e-02 -1.000 5.556e-02 4.969 6.507 5.925 5.092 4.592 4.224 3.736 3.358 3.298
0.06 0.69525 9.60206 1.0239129066 2.4777869913    1.023 -0.074  3.7391  4.430    1  0.000  0.537     0.00     0.00     0.00     0.00     0.00 -1 -6.15e-14      0.00 6.172e-01 3.273e-01 9.833e-03 2.687e-03 2.442e-02 -1.000 5.553e-02 4.954 6.483 5.907 5.076 4.577 4.210 3.724 3.347 3.288
0.06 0.69525 9.60206 1.0272295475 2.4784420922    1.026 -0.066  3.7398  4.427    1  0.000  0.537     0.00     0.00     0.00     0.00     0.00 -1 -6.25e-14      0.00 6.175e-01 3.270e-01 9.827e-03 2.685e-03 2.440e-02 -1.000 5.549e-02 4.935 6.453 5.882 5.054 4.557 4.191 3.707 3.332 3.273
0.06 0.69525 9.60206 1.0554568768 2.4838264573    1.054 -0.002  3.7450  4.395    1  0.000  0.537     0.00     0.00     0.00     0.00     0.00 -1 -7.09e-14      0.00 6.199e-01 3.249e-01 9.775e-03 2.671e-03 2.428e-02 -1.000 5.521e-02 4.775 6.203 5.684 4.876 4.395 4.038 3.569 3.206 3.150
0.06 0.69525 9.60206 1.0695651770 2.4863954431    1.068  0.029  3.7473  4.379    1  0.000  0.537     0.00     0.00     0.00     0.00     0.00 -1 -7.54e-14      0.00 6.211e-01 3.239e-01 9.752e-03 2.665e-03 2.422e-02 -1.000 5.508e-02 4.698 6.087 5.590 4.790 4.317 3.963 3.501 3.144 3.089
0.06 0.69525 9.60206 1.1152173281 2.4941984324    1.114  0.123  3.7528  4.325    1  0.000  0.536     0.00     0.00     0.00     0.00     0.00 -1 -9.07e-14      0.00 6.236e-01 3.215e-01 9.710e-03 2.654e-03 2.414e-02 -1.000 5.489e-02 4.462 5.759 5.313 4.536 4.080 3.735 3.289 2.946 2.894
0.06 0.69525 9.60206 1.1291197538 2.4964310163    1.128  0.150  3.7539  4.308    1  0.000  0.536     0.00     0.00     0.00     0.00     0.00 -1 -9.55e-14      0.00 6.245e-01 3.207e-01 9.695e-03 2.649e-03 2.410e-02 -1.000 5.481e-02 4.394 5.673 5.238 4.465 4.012 3.669 3.226 2.885 2.834
0.06 0.69525 9.60206 1.1595811844 2.5011082765    1.158  0.208  3.7556  4.269    1  0.000  0.536     0.00     0.00     0.00     0.00     0.00 -1 -1.07e-13      0.00 6.258e-01 3.195e-01 9.673e-03 2.642e-03 2.406e-02 -1.000 5.471e-02 4.251 5.502 5.082 4.316 3.868 3.529 3.091 2.754 2.703
0.06 0.69525 9.60206 1.1608695984 2.5012998952    1.160  0.210  3.7557  4.267    1  0.000  0.536     0.00     0.00     0.00     0.00     0.00 -1 -1.07e-13      0.00 6.259e-01 3.194e-01 9.672e-03 2.641e-03 2.406e-02 -1.000 5.470e-02 4.245 5.495 5.075 4.310 3.862 3.523 3.085 2.748 2.697
0.06 0.69525 9.60206 1.1692831516 2.5025392659    1.168  0.225  3.7559  4.256    1  0.000  0.536     0.00     0.00     0.00     0.00     0.00 -1  -1.1e-13      0.00 6.264e-01 3.189e-01 9.666e-03 2.639e-03 2.405e-02 -1.000 5.468e-02 4.207 5.453 5.035 4.271 3.824 3.485 3.047 2.711 2.661
0.06 0.69525 9.60206 1.2065217495 2.5077868843    1.206  0.291  3.7561  4.205    1  0.000  0.535     0.00     0.00     0.00     0.00     0.00 -1 -1.24e-13      0.00 6.278e-01 3.175e-01 9.655e-03 2.632e-03 2.408e-02 -1.000 5.469e-02 4.042 5.282 4.868 4.105 3.660 3.321 2.884 2.548 2.498
0.06 0.69525 9.60206 1.2105003595 2.5083256329    1.210  0.298  3.7562  4.199    1  0.000  0.535     0.00     0.00     0.00     0.00     0.00 -1 -1.26e-13      0.00 6.280e-01 3.174e-01 9.652e-03 2.631e-03 2.407e-02 -1.000 5.468e-02 4.024 5.264 4.850 4.087 3.642 3.304 2.866 2.531 2.480
0.06 0.69525 9.60206 1.2458486557 2.5129389554    1.245  0.360  3.7560  4.149    1  0.000  0.534     0.00     0.00     0.00     0.00     0.00 -1 -1.41e-13      0.00 6.285e-01 3.169e-01 9.643e-03 2.624e-03 2.408e-02 -1.000 5.462e-02 3.870 5.109 4.696 3.933 3.489 3.149 2.712 2.376 2.325
0.06 0.69525 9.60206 1.2521737814 2.5137329177    1.251  0.371  3.7560  4.140    1  0.000  0.534     0.00     0.00     0.00     0.00     0.00 -1 -1.44e-13      0.00 6.285e-01 3.169e-01 9.643e-03 2.622e-03 2.409e-02 -1.000 5.462e-02 3.843 5.082 4.669 3.906 3.461 3.122 2.684 2.348 2.298
0.06 0.69525 9.60206 1.2563045025 2.5142464671    1.256  0.378  3.7558  4.134    1  0.000  0.534     0.00     0.00     0.00     0.00     0.00 -1 -1.45e-13      0.00 6.286e-01 3.168e-01 9.641e-03 2.621e-03 2.408e-02 -1.000 5.461e-02 3.825 5.065 4.652 3.888 3.443 3.104 2.665 2.329 2.278
0.06 0.69525 9.60206 1.2778812647 2.5168670409    1.277  0.415  3.7546  4.100    1  0.000  0.534     0.00     0.00     0.00     0.00     0.00 -1 -1.55e-13      0.00 6.287e-01 3.167e-01 9.641e-03 2.626e-03 2.405e-02 -1.000 5.463e-02 3.732 4.989 4.567 3.799 3.352 3.010 2.567 2.228 2.177
0.06 0.69525 9.60206 1.2978260517 2.5192004941    1.297  0.448  3.7529  4.066    1  0.000  0.535     0.00     0.00     0.00     0.00     0.00 -1 -1.65e-13      0.00 6.283e-01 3.170e-01 9.655e-03 2.636e-03 2.406e-02 -1.000 5.470e-02 3.649 4.929 4.496 3.721 3.269 2.925 2.477 2.133 2.081
0.06 0.69525 9.60206 1.3193563223 2.5216285978    1.319  0.486  3.7513  4.030    1  0.000  0.534     0.00     0.00     0.00     0.00     0.00 -1 -1.76e-13      0.00 6.270e-01 3.181e-01 9.678e-03 2.644e-03 2.416e-02 -1.000 5.487e-02 3.556 4.856 4.413 3.632 3.177 2.830 2.377 2.030 1.977
0.06 0.69525 9.60206 1.3434782028 2.5242429455    1.343  0.527  3.7489  3.987    1  0.000  0.533     0.00     0.00     0.00     0.00     0.00 -1 -1.88e-13      0.00 6.248e-01 3.201e-01 9.719e-03 2.658e-03 2.430e-02 -1.000 5.513e-02 3.453 4.786 4.327 3.537 3.076 2.724 2.264 1.911 1.857
0.06 0.69525 9.60206 1.3459570408 2.5245055045    1.345  0.530  3.7485  3.983    1  0.000  0.533     0.00     0.00     0.00     0.00     0.00 -1 -1.89e-13      0.00 6.245e-01 3.204e-01 9.727e-03 2.660e-03 2.432e-02 -1.000 5.516e-02 3.444 4.783 4.320 3.529 3.067 2.715 2.253 1.899 1.845
0.06 0.69525 9.60206 1.3626778126 2.5262479127    1.362  0.561  3.7464  3.948    1  0.000  0.534     0.00     0.00     0.00     0.00     0.00 -1    -2e-13      0.00 6.228e-01 3.219e-01 9.767e-03 2.670e-03 2.438e-02 -1.000 5.535e-02 3.366 4.737 4.257 3.458 2.991 2.635 2.167 1.807 1.752
0.06 0.69525 9.60206 1.3687343597 2.5268669772    1.368  0.574  3.7459  3.935    1  0.000  0.534     0.00     0.00     0.00     0.00     0.00 -1 -2.05e-13      0.00 6.223e-01 3.222e-01 9.778e-03 2.673e-03 2.440e-02 -1.000 5.543e-02 3.334 4.713 4.230 3.428 2.960 2.602 2.133 1.771 1.716
0.06 0.69525 9.60206 1.3709204197 2.5270888789    1.370  0.585  3.7465  3.928    1  0.000  0.534     0.00     0.00     0.00     0.00     0.00 -1  -2.1e-13      0.00 6.224e-01 3.222e-01 9.777e-03 2.673e-03 2.439e-02 -1.000 5.542e-02 3.309 4.677 4.199 3.400 2.934 2.577 2.109 1.750 1.695
0.06 0.69525 9.60206 1.3781630993 2.5278182853    1.378  0.639  3.7516  3.896    1  0.000  0.535     0.00     0.00     0.00     0.00     0.00 -1  -2.4e-13      0.00 6.225e-01 3.221e-01 9.775e-03 2.672e-03 2.438e-02 -1.000 5.539e-02 3.172 4.463 4.025 3.246 2.794 2.447 1.994 1.648 1.595
0.06 0.69525 9.60206 1.3795026541 2.5279522263    1.379  0.679  3.7564  3.876    1  0.000  0.535     0.00     0.00     0.00     0.00     0.00 -1 -2.68e-13      0.00 6.225e-01 3.221e-01 9.776e-03 2.672e-03 2.437e-02 -1.000 5.539e-02 3.072 4.295 3.891 3.132 2.692 2.354 1.915 1.581 1.531
0.06 0.69525 9.60206 1.3799729347 2.5279991784    1.379  0.721  3.7610  3.852    1  0.000  0.535     0.00     0.00     0.00     0.00     0.00 -1 -3.02e-13      0.00 6.225e-01 3.221e-01 9.776e-03 2.672e-03 2.437e-02 -1.000 5.539e-02 2.967 4.126 3.754 3.012 2.586 2.255 1.830 1.507 1.459
0.06 0.69525 9.60206 1.3801761866 2.5280194593    1.380  0.761  3.7645  3.827    1  0.000  0.535     0.00     0.00     0.00     0.00     0.00 -1 -3.42e-13      0.00 6.225e-01 3.221e-01 9.776e-03 2.672e-03 2.437e-02 -1.000 5.539e-02 2.867 3.982 3.630 2.903 2.486 2.161 1.746 1.432 1.385
0.06 0.69525 9.60206 1.3802410364 2.5280259288    1.380  0.773  3.7654  3.818    1  0.000  0.535     0.00     0.00     0.00     0.00     0.00 -1 -3.56e-13      0.00 6.225e-01 3.221e-01 9.776e-03 2.672e-03 2.437e-02 -1.000 5.540e-02 2.838 3.941 3.595 2.871 2.456 2.133 1.721 1.409 1.362
0.06 0.69525 9.60206 1.3803336620 2.5280351679    1.380  0.748  3.7624  3.832    2  0.000  0.535     0.00     0.00     0.00     0.00     0.00 -1 -3.33e-13      0.00 6.225e-01 3.221e-01 9.776e-03 2.672e-03 2.437e-02 -1.000 5.540e-02 2.900 4.041 3.678 2.942 2.519 2.191 1.770 1.451 1.403
0.06 0.69525 9.60206 1.3804737329 2.5280491368    1.380  0.737  3.7572  3.822    2  0.000  0.535     0.00     0.00     0.00     0.00     0.00 -1 -3.27e-13      0.00 6.225e-01 3.221e-01 9.776e-03 2.672e-03 2.437e-02 -1.000 5.540e-02 2.929 4.140 3.742 2.985 2.549 2.212 1.776 1.443 1.393
0.06 0.69525 9.60206 1.3808277845 2.5280844310    1.380  0.739  3.7495  3.789    2  0.000  0.535     0.00     0.00     0.00     0.00     0.00 -1 -3.39e-13      0.00 6.221e-01 3.224e-01 9.784e-03 2.674e-03 2.439e-02 -1.000 5.544e-02 2.923 4.242 3.791 3.004 2.547 2.196 1.737 1.386 1.332
0.06 0.69525 9.60206 1.3816828728 2.5281695861    1.381  0.737  3.7399  3.753    2  0.000  0.535     0.00     0.00     0.00     0.00     0.00 -1 -3.52e-13      0.00 6.190e-01 3.252e-01 9.855e-03 2.694e-03 2.457e-02 -1.000 5.582e-02 2.928 4.388 3.864 3.041 2.559 2.190 1.701 1.325 1.266
0.06 0.69525 9.60206 1.3828691244 2.5282875200    1.382  0.721  3.7313  3.735    2  0.000  0.535     0.00     0.00     0.00     0.00     0.00 -1 -3.46e-13      0.00 6.124e-01 3.309e-01 1.000e-02 2.734e-03 2.493e-02 -1.000 5.664e-02 2.968 4.561 3.969 3.111 2.608 2.225 1.708 1.310 1.248
0.06 0.69525 9.60206 1.3840440512 2.5284040989    1.384  0.700  3.7234  3.725    2  0.000  0.535     0.00     0.00     0.00     0.00     0.00 -1 -3.33e-13      0.00 6.058e-01 3.368e-01 1.016e-02 2.775e-03 2.529e-02 -1.000 5.746e-02 3.021 4.739 4.082 3.194 2.671 2.275 1.732 1.313 1.248
0.06 0.69525 9.60206 1.3850632906 2.5285050459    1.385  0.678  3.7157  3.716    2  0.000  0.536     0.00     0.00     0.00     0.00     0.00 -1 -3.19e-13      0.00 6.012e-01 3.408e-01 1.026e-02 2.803e-03 2.554e-02 -1.000 5.800e-02 3.075 4.923 4.198 3.280 2.737 2.327 1.758 1.319 1.250
0.06 0.69525 9.60206 1.3860741854 2.5286049979    1.386  0.661  3.7073  3.699    2  0.000  0.536     0.00     0.00     0.00     0.00     0.00 -1 -3.11e-13      0.00 5.972e-01 3.443e-01 1.034e-02 2.826e-03 2.574e-02 -1.000 5.844e-02 3.117 5.115 4.311 3.361 2.794 2.369 1.771 1.309 1.236
0.06 0.69525 9.60206 1.3872196674 2.5287180546    1.387  0.666  3.6975  3.656    2  0.000  0.535     0.00     0.00     0.00     0.00     0.00 -1 -3.28e-13      0.00 5.931e-01 3.481e-01 1.040e-02 2.851e-03 2.593e-02 -1.000 5.886e-02 3.105 5.286 4.388 3.398 2.802 2.358 1.726 1.237 1.159
0.06 0.69525 9.60206 1.3882133961 2.5288159599    1.388  0.693  3.6895  3.598    2  0.000  0.530     0.00     0.00     0.00     0.00     0.00 -1  -3.7e-13      0.00 5.893e-01 3.515e-01 1.035e-02 2.905e-03 2.607e-02 -1.000 5.920e-02 3.039 5.375 4.399 3.374 2.754 2.294 1.634 1.122 1.039
0.06 0.69525 9.60206 1.3883653879 2.5288309204    1.388  0.702  3.6886  3.584    2  0.000  0.523     0.00     0.00     0.00     0.00     0.00 -1 -3.84e-13      0.00 5.886e-01 3.521e-01 1.023e-02 3.019e-03 2.608e-02 -1.000 5.926e-02 3.014 5.369 4.384 3.355 2.732 2.269 1.606 1.091 1.008
0.06 0.69525 9.60206 1.3889644146 2.5288898456    1.388  0.746  3.6850  3.526    3  0.000  0.486     0.00     0.00     0.00     0.00     0.00 -1 -4.52e-13      0.00 5.857e-01 3.548e-01 9.525e-03 3.794e-03 2.614e-02 -1.000 5.950e-02 2.904 5.327 4.309 3.266 2.633 2.162 1.485 0.960 0.875
0.06 0.69525 9.60206 1.3891304731 2.5289061702    1.389  0.759  3.6840  3.509    3  0.000  0.475     0.00     0.00     0.00     0.00     0.00 -1 -4.75e-13      0.00 5.849e-01 3.555e-01 9.325e-03 4.025e-03 2.615e-02 -1.000 5.957e-02 2.872 5.313 4.286 3.239 2.603 2.130 1.450 0.922 0.836
0.06 0.69525 9.60206 1.3895053864 2.5289430100    1.389  0.793  3.6819  3.468    3  0.000  0.452     0.00     0.00     0.00     0.00     0.00 -1 -5.36e-13      0.00 5.831e-01 3.572e-01 8.880e-03 4.579e-03 2.618e-02 -1.000 5.971e-02 2.788 5.272 4.224 3.167 2.525 2.048 1.360 0.826 0.739
0.06 0.69525 9.60206 1.3899047375 2.5289822259    1.389  0.831  3.6798  3.421    3  0.000  0.433     0.00     0.00     0.00     0.00     0.00 -1 -6.17e-13      0.00 5.812e-01 3.589e-01 8.509e-03 5.050e-03 2.621e-02 -1.000 5.983e-02 2.693 5.221 4.152 3.084 2.436 1.954 1.258 0.718 0.630
0.06 0.69525 9.60206 1.3902841806 2.5290194629    1.390  0.869  3.6779  3.375    3  0.000  0.421     0.00     0.00     0.00     0.00     0.00 -1  -7.1e-13      0.00 5.797e-01 3.604e-01 8.278e-03 5.348e-03 2.623e-02 -1.000 5.991e-02 2.597 5.170 4.079 3.001 2.347 1.859 1.156 0.610 0.521
0.06 0.69525 9.60206 1.3906542063 2.5290557532    1.390  0.908  3.6759  3.329    3  0.000  0.412     0.00     0.00     0.00     0.00     0.00 -1 -8.17e-13      0.00 5.785e-01 3.616e-01 8.121e-03 5.553e-03 2.625e-02 -1.000 5.995e-02 2.500 5.117 4.005 2.916 2.256 1.764 1.054 0.502 0.411
0.06 0.69525 9.60206 1.3910169601 2.5290913087    1.390  0.946  3.6740  3.283    3  0.000  0.407     0.00     0.00     0.00     0.00     0.00 -1  -9.4e-13      0.00 5.774e-01 3.625e-01 8.013e-03 5.700e-03 2.627e-02 -1.000 6.004e-02 2.404 5.063 3.931 2.832 2.166 1.670 0.952 0.395 0.303
0.06 0.69525 9.60206 1.3914611340 2.5291348157    1.391  0.994  3.6717  3.226    3  0.000  0.402     0.00     0.00     0.00     0.00     0.00 -1 -1.12e-12      0.00 5.763e-01 3.636e-01 7.923e-03 5.829e-03 2.630e-02 -1.000 6.015e-02 2.286 4.997 3.839 2.728 2.055 1.553 0.826 0.263 0.169
0.06 0.69525 9.60206 1.3918142319 2.5291693789    1.391  1.031  3.6698  3.181    3  0.000  0.399     0.00     0.00     0.00     0.00     0.00 -1 -1.28e-12      0.00 5.755e-01 3.643e-01 7.870e-03 5.910e-03 2.632e-02 -1.000 6.020e-02 2.192 4.947 3.767 2.646 1.967 1.461 0.726 0.157 0.062
0.06 0.69525 9.60206 1.3922307491 2.5292101241    1.392  1.076  3.6675  3.127    3  0.000  0.396     0.00     0.00     0.00     0.00     0.00 -1 -1.51e-12      0.00 5.748e-01 3.650e-01 7.824e-03 5.982e-03 2.635e-02 -1.000 6.024e-02 2.079 4.887 3.682 2.549 1.863 1.350 0.607 0.031 -0.065
0.06 0.69525 9.60206 1.3926512003 2.5292512257    1.392  1.123  3.6651  3.071    3  0.000  0.394     0.00     0.00     0.00     0.00     0.00 -1 -1.79e-12      0.00 5.742e-01 3.655e-01 7.791e-03 6.034e-03 2.636e-02 -1.000 6.032e-02 1.963 4.828 3.595 2.449 1.756 1.236 0.483 -0.100 -0.198
0.06 0.69525 9.60206 1.3930162191 2.5292868854    1.392  1.164  3.6629  3.021    3  0.000  0.393     0.00     0.00     0.00     0.00     0.00 -1 -2.08e-12      0.00 5.737e-01 3.659e-01 7.769e-03 6.072e-03 2.637e-02 -1.000 6.038e-02 1.859 4.776 3.518 2.361 1.660 1.135 0.374 -0.215 -0.315
0.06 0.69525 9.60206 1.3933836222 2.5293227562    1.393  1.206  3.6606  2.970    3  0.000  0.392     0.00     0.00     0.00     0.00     0.00 -1 -2.43e-12      0.00 5.734e-01 3.662e-01 7.754e-03 6.097e-03 2.637e-02 -1.000 6.038e-02 1.755 4.726 3.441 2.271 1.564 1.033 0.263 -0.333 -0.435
0.06 0.69525 9.60206 1.3937947750 2.5293628727    1.393  1.253  3.6580  2.913    3  0.000  0.392     0.00     0.00     0.00     0.00     0.00 -1 -2.89e-12      0.00 5.731e-01 3.665e-01 7.743e-03 6.116e-03 2.637e-02 -1.000 6.046e-02 1.636 4.671 3.355 2.172 1.457 0.918 0.138 -0.466 -0.570
0.06 0.69525 9.60206 1.3941841125 2.5294008356    1.394  1.299  3.6554  2.856    3  0.000  0.391     0.00     0.00     0.00     0.00     0.00 -1 -3.42e-12      0.00 5.730e-01 3.666e-01 7.739e-03 6.124e-03 2.637e-02 -1.000 6.040e-02 1.521 4.624 3.273 2.077 1.354 0.807 0.015 -0.597 -0.702
0.06 0.69525 9.60206 1.3945561647 2.5294370903    1.394  1.344  3.6528  2.801    3  0.000  0.391     0.00     0.00     0.00     0.00     0.00 -1 -4.03e-12      0.00 5.729e-01 3.667e-01 7.737e-03 6.127e-03 2.637e-02 -1.000 6.040e-02 1.409 4.576 3.193 1.984 1.253 0.698 -0.104 -0.723 -0.831
0.06 0.69525 9.60206 1.3949346542 2.5294739494    1.394  1.390  3.6501  2.745    3  0.000  0.391     0.00     0.00     0.00     0.00     0.00 -1 -4.77e-12      0.00 5.729e-01 3.667e-01 7.736e-03 6.128e-03 2.637e-02 -1.000 6.041e-02 1.295 4.531 3.113 1.891 1.150 0.588 -0.225 -0.852 -0.962
0.06 0.69525 9.60206 1.3953089714 2.5295103796    1.395  1.433  3.6476  2.692    3  0.000  0.391     0.00     0.00     0.00     0.00     0.00 -1 -5.59e-12      0.00 5.729e-01 3.667e-01 7.735e-03 6.129e-03 2.637e-02 -1.000 6.041e-02 1.188 4.489 3.039 1.805 1.056 0.484 -0.339 -0.974 -1.086
0.06 0.69525 9.60206 1.3956719637 2.5295456862    1.395  1.474  3.6451  2.641    3  0.000  0.391     0.00     0.00     0.00     0.00     0.00 -1 -6.51e-12      0.00 5.729e-01 3.667e-01 7.735e-03 6.130e-03 2.637e-02 -1.000 6.041e-02 1.085 4.453 2.970 1.723 0.967 0.385 -0.448 -1.091 -1.205
0.06 0.69525 9.60206 1.3961081505 2.5295880841    1.395  1.515  3.6426  2.590    3  0.000  0.391     0.00     0.00     0.00     0.00     0.00 -1 -7.58e-12      0.00 5.729e-01 3.667e-01 7.734e-03 6.131e-03 2.637e-02 -1.000 6.041e-02 0.983 4.416 2.900 1.642 0.878 0.286 -0.557 -1.207 -1.324
0.06 0.69525 9.60206 1.3964858055 2.5296247680    1.396  1.539  3.6411  2.561    3  0.000  0.391     0.00     0.00     0.00     0.00     0.00 -1 -8.33e-12      0.00 5.729e-01 3.667e-01 7.734e-03 6.132e-03 2.637e-02 -1.000 6.041e-02 0.924 4.395 2.860 1.594 0.826 0.229 -0.619 -1.274 -1.392
0.06 0.69525 9.60206 1.3968120813 2.5296564428    1.396  1.515  3.6428  2.591    3  0.000  0.391     0.00     0.00     0.00     0.00     0.00 -1 -7.67e-12      0.00 5.729e-01 3.667e-01 7.733e-03 6.133e-03 2.637e-02 -1.000 6.041e-02 0.982 4.410 2.897 1.639 0.876 0.285 -0.556 -1.206 -1.323
0.06 0.69525 9.60206 1.3970135450 2.5296759924    1.396  1.494  3.6442  2.618    3  0.000  0.391     0.00     0.00     0.00     0.00     0.00 -1 -7.11e-12      0.00 5.729e-01 3.667e-01 7.733e-03 6.134e-03 2.637e-02 -1.000 6.041e-02 1.035 4.424 2.930 1.679 0.921 0.335 -0.501 -1.146 -1.261
0.06 0.69525 9.60206 1.3971647024 2.5296906561    1.396  1.468  3.6460  2.651    3  0.000  0.391     0.00     0.00     0.00     0.00     0.00 -1 -6.45e-12      0.00 5.729e-01 3.667e-01 7.733e-03 6.134e-03 2.637e-02 -1.000 6.041e-02 1.100 4.442 2.972 1.729 0.977 0.398 -0.431 -1.071 -1.185
0.06 0.69525 9.60206 1.3972932100 2.5297031197    1.396  1.443  3.6477  2.683    3  0.000  0.391     0.00     0.00     0.00     0.00     0.00 -1 -5.87e-12      0.00 5.729e-01 3.667e-01 7.732e-03 6.134e-03 2.637e-02 -1.000 6.041e-02 1.162 4.462 3.012 1.778 1.030 0.458 -0.364 -0.999 -1.111
0.06 0.69525 9.60206 1.3974305391 2.5297164359    1.397  1.416  3.6494  2.717    3  0.000  0.391     0.00     0.00     0.00     0.00     0.00 -1  -5.3e-12      0.00 5.729e-01 3.667e-01 7.732e-03 6.135e-03 2.637e-02 -1.000 6.041e-02 1.230 4.483 3.056 1.831 1.088 0.523 -0.292 -0.922 -1.032
0.06 0.69525 9.60206 1.3975787163 2.5297308007    1.397  1.389  3.6512  2.751    3  0.000  0.391     0.00     0.00     0.00     0.00     0.00 -1 -4.78e-12      0.00 5.729e-01 3.667e-01 7.732e-03 6.135e-03 2.637e-02 -1.000 6.041e-02 1.297 4.505 3.101 1.884 1.147 0.588 -0.220 -0.844 -0.953
0.06 0.69525 9.60206 1.3976517916 2.5297378836    1.397  1.400  3.6506  2.738    3  0.000  0.391     0.00     0.00     0.00     0.00     0.00 -1 -4.92e-12      0.00 5.729e-01 3.667e-01 7.732e-03 6.135e-03 2.637e-02 -1.000 6.041e-02 1.271 4.495 3.083 1.863 1.124 0.562 -0.248 -0.874 -0.984
0.06 0.69525 9.60206 1.3979928493 2.5297709295    1.397  1.451  3.6474  2.674    3  0.000  0.391     0.00     0.00     0.00     0.00     0.00 -1  -5.9e-12      0.00 5.729e-01 3.667e-01 7.731e-03 6.136e-03 2.637e-02 -1.000 6.041e-02 1.142 4.449 2.996 1.760 1.012 0.439 -0.385 -1.020 -1.133
0.06 0.69525 9.60206 1.3983840942 2.5298088154    1.398  1.499  3.6444  2.614    3  0.000  0.391     0.00     0.00     0.00     0.00     0.00 -1 -7.04e-12      0.00 5.729e-01 3.667e-01 7.731e-03 6.137e-03 2.637e-02 -1.000 6.041e-02 1.023 4.408 2.916 1.666 0.909 0.324 -0.512 -1.156 -1.271
0.06 0.69525 9.60206 1.3987845182 2.5298475649    1.398  1.548  3.6413  2.553    3  0.000  0.391     0.00     0.00     0.00     0.00     0.00 -1 -8.44e-12      0.00 5.729e-01 3.667e-01 7.730e-03 6.138e-03 2.637e-02 -1.000 6.041e-02 0.901 4.367 2.834 1.569 0.802 0.206 -0.642 -1.296 -1.414
0.06 0.69525 9.60206 1.3991498947 2.5298829005    1.398  1.594  3.6383  2.495    3  0.000  0.391     0.00     0.00     0.00     0.00     0.00 -1    -1e-11      0.00 5.729e-01 3.667e-01 7.730e-03 6.139e-03 2.637e-02 -1.000 6.042e-02 0.785 4.331 2.759 1.480 0.704 0.095 -0.765 -1.427 -1.548
0.06 0.69525 9.60206 1.3995035887 2.5299170861    1.399  1.640  3.6353  2.437    3  0.000  0.391     0.00     0.00     0.00     0.00     0.00 -1 -1.19e-11      0.00 5.729e-01 3.667e-01 7.729e-03 6.140e-03 2.637e-02 -1.000 6.042e-02 0.670 4.309 2.692 1.394 0.608 -0.017 -0.889 -1.560 -1.684
0.06 0.69525 9.60206 1.3998355865 2.5299491567    1.399  1.686  3.6322  2.379    3  0.000  0.391     0.00     0.00     0.00     0.00     0.00 -1 -1.41e-11      0.00 5.729e-01 3.667e-01 7.729e-03 6.141e-03 2.637e-02 -1.000 6.042e-02 0.555 4.290 2.627 1.309 0.513 -0.127 -1.012 -1.691 -1.817
0.06 0.69525 9.60206 1.4001501799 2.5299795298    1.399  1.732  3.6291  2.320    3  0.000  0.391     0.00     0.00     0.00     0.00     0.00 -1 -1.68e-11      0.00 5.729e-01 3.667e-01 7.728e-03 6.142e-03 2.636e-02 -1.000 6.042e-02 0.440 4.271 2.562 1.225 0.419 -0.237 -1.136 -1.822 -1.952
0.06 0.69525 9.60206 1.4004408121 2.5300075756    1.399  1.777  3.6260  2.263    3  0.000  0.391     0.00     0.00     0.00     0.00     0.00 -1 -1.99e-11      0.00 5.729e-01 3.667e-01 7.728e-03 6.142e-03 2.636e-02 -1.000 6.042e-02 0.327 4.251 2.499 1.146 0.331 -0.346 -1.258 -1.952 -2.085
0.06 0.69525 9.60206 1.4007098675 2.5300335274    1.400  1.822  3.6229  2.206    3  0.000  0.391     0.00     0.00     0.00     0.00     0.00 -1 -2.35e-11      0.00 5.729e-01 3.667e-01 7.727e-03 6.143e-03 2.636e-02 -1.000 6.042e-02 0.216 4.234 2.439 1.068 0.244 -0.453 -1.378 -2.080 -2.216
0.06 0.69525 9.60206 1.4009602070 2.5300576636    1.400  1.866  3.6197  2.149    3  0.000  0.391     0.00     0.00     0.00     0.00     0.00 -1 -2.78e-11      0.00 5.729e-01 3.667e-01 7.727e-03 6.144e-03 2.636e-02 -1.000 6.042e-02 0.104 4.219 2.380 0.991 0.158 -0.559 -1.498 -2.207 -2.347
0.06 0.69525 9.60206 1.4011892080 2.5300797338    1.400  1.910  3.6165  2.092    3  0.000  0.391     0.00     0.00     0.00     0.00     0.00 -1 -3.28e-11      0.00 5.729e-01 3.667e-01 7.726e-03 6.144e-03 2.636e-02 -1.000 6.042e-02 -0.005 4.201 2.324 0.922 0.082 -0.663 -1.616 -2.333 -2.477
0.06 0.69525 9.60206 1.4014027119 2.5301003030    1.400  1.954  3.6133  2.036    3  0.000  0.391     0.00     0.00     0.00     0.00     0.00 -1 -3.87e-11      0.00 5.729e-01 3.667e-01 7.726e-03 6.145e-03 2.636e-02 -1.000 6.042e-02 -0.114 4.185 2.269 0.853 0.006 -0.767 -1.735 -2.459 -2.606
0.06 0.69525 9.60206 1.4016005993 2.5301193612    1.400  1.997  3.6101  1.980    3  0.000  0.391     0.00     0.00     0.00     0.00     0.00 -1 -4.56e-11      0.00 5.729e-01 3.667e-01 7.726e-03 6.145e-03 2.636e-02 -1.000 6.042e-02 -0.222 4.162 2.216 0.784 -0.071 -0.869 -1.852 -2.582 -2.734
0.06 0.69525 9.60206 1.4017791748 2.5301365542    1.400  2.039  3.6069  1.925    3  0.000  0.391     0.00     0.00     0.00     0.00     0.00 -1 -5.34e-11      0.00 5.729e-01 3.667e-01 7.726e-03 6.146e-03 2.636e-02 -1.000 6.042e-02 -0.328 4.111 2.169 0.724 -0.139 -0.966 -1.968 -2.695 -2.856
0.06 0.69525 9.60206 1.4019466639 2.5301526753    1.400  2.081  3.6036  1.869    3  0.000  0.391     0.00     0.00     0.00     0.00     0.00 -1 -6.28e-11      0.00 5.729e-01 3.667e-01 7.725e-03 6.146e-03 2.636e-02 -1.000 6.042e-02 -0.433 4.060 2.122 0.663 -0.209 -1.063 -2.083 -2.809 -2.979
0.06 0.69525 9.60206 1.4021023512 2.5301676564    1.400  2.124  3.6002  1.814    3  0.000  0.391     0.00     0.00     0.00     0.00     0.00 -1 -7.38e-11      0.00 5.729e-01 3.667e-01 7.725e-03 6.147e-03 2.636e-02 -1.000 6.042e-02 -0.539 4.007 2.074 0.603 -0.280 -1.159 -2.199 -2.924 -3.102
0.06 0.69525 9.60206 1.4022462368 2.5301814985    1.400  2.166  3.5969  1.758    3  0.000  0.391     0.00     0.00     0.00     0.00     0.00 -1 -8.67e-11      0.00 5.729e-01 3.667e-01 7.725e-03 6.147e-03 2.636e-02 -1.000 6.042e-02 -0.645 3.946 2.031 0.553 -0.344 -1.252 -2.315 -3.038 -3.225
0.06 0.69525 9.60206 1.4023791552 2.5301942827    1.400  2.208  3.5935  1.703    3  0.000  0.391     0.00     0.00     0.00     0.00     0.00 -1 -1.02e-10      0.00 5.729e-01 3.667e-01 7.725e-03 6.147e-03 2.636e-02 -1.000 6.042e-02 -0.749 3.884 1.990 0.506 -0.406 -1.344 -2.430 -3.152 -3.348
0.06 0.69525 9.60206 1.4025007486 2.5302059751    1.400  2.249  3.5901  1.648    3  0.000  0.391     0.00     0.00     0.00     0.00     0.00 -1 -1.19e-10      0.00 5.729e-01 3.667e-01 7.725e-03 6.148e-03 2.636e-02 -1.000 6.042e-02 -0.852 3.822 1.950 0.462 -0.468 -1.433 -2.543 -3.264 -3.470
0.06 0.69525 9.60206 1.4026112556 2.5302165995    1.400  2.289  3.5867  1.594    3  0.000  0.391     0.00     0.00     0.00     0.00     0.00 -1 -1.39e-10      0.00 5.729e-01 3.667e-01 7.724e-03 6.148e-03 2.636e-02 -1.000 6.042e-02 -0.952 3.754 1.920 0.432 -0.519 -1.517 -2.655 -3.374 -3.589
0.06 0.69525 9.60206 1.4027147293 2.5302265459    1.400  2.329  3.5832  1.540    3  0.000  0.391     0.00     0.00     0.00     0.00     0.00 -1 -1.62e-10      0.00 5.729e-01 3.667e-01 7.724e-03 6.148e-03 2.636e-02 -1.000 6.042e-02 -1.053 3.684 1.890 0.403 -0.572 -1.600 -2.766 -3.485 -3.709
0.06 0.69525 9.60206 1.4028111696 2.5302358147    1.400  2.369  3.5797  1.486    3  0.000  0.391     0.00     0.00     0.00     0.00     0.00 -1 -1.89e-10      0.00 5.729e-01 3.667e-01 7.724e-03 6.148e-03 2.636e-02 -1.000 6.042e-02 -1.153 3.625 1.866 0.380 -0.620 -1.683 -2.878 -3.598 -3.831
0.06 0.69525 9.60206 1.4028970003 2.5302440626    1.400  2.407  3.5763  1.434    3  0.000  0.391     0.00     0.00     0.00     0.00     0.00 -1  -2.2e-10      0.00 5.729e-01 3.667e-01 7.724e-03 6.149e-03 2.636e-02 -1.000 6.042e-02 -1.248 3.601 1.859 0.380 -0.646 -1.758 -2.986 -3.711 -3.949
0.06 0.69525 9.60206 1.4029794931 2.5302519887    1.400  2.446  3.5728  1.381    3  0.000  0.391     0.00     0.00     0.00     0.00     0.00 -1 -2.56e-10      0.00 5.729e-01 3.667e-01 7.724e-03 6.149e-03 2.636e-02 -1.000 6.042e-02 -1.346 3.577 1.852 0.382 -0.671 -1.835 -3.096 -3.828 -4.071
0.06 0.69525 9.60206 1.4030556679 2.5302593068    1.400  2.485  3.5692  1.328    3  0.000  0.391     0.00     0.00     0.00     0.00     0.00 -1 -2.97e-10      0.00 5.729e-01 3.667e-01 7.724e-03 6.149e-03 2.636e-02 -1.000 6.042e-02 -1.443 3.556 1.853 0.391 -0.690 -1.909 -3.205 -3.943 -4.192
0.06 0.69525 9.60206 1.4031248093 2.5302659483    1.400  2.522  3.5656  1.276    3  0.000  0.391    13.06     9.24     6.49     4.95     4.03  4 -3.44e-10      0.00 5.729e-01 3.667e-01 7.724e-03 6.149e-03 2.636e-02 -1.000 6.042e-02 -1.536 3.535 1.869 0.420 -0.697 -1.972 -3.311 -4.055 -4.309
0.06 0.69525 9.60206 1.4031885862 2.5302720739    1.400  2.559  3.5621  1.225    3  0.000  0.391    14.48    10.13     7.09     5.41     4.40  4 -3.97e-10      0.00 5.729e-01 3.667e-01 7.723e-03 6.149e-03 2.636e-02 -1.000 6.042e-02 -1.628 3.515 1.883 0.446 -0.704 -2.035 -3.415 -4.164 -4.424
0.06 0.69525 9.60206 1.4032495022 2.5302779242    1.400  2.596  3.5584  1.173    3  0.000  0.391    16.09    11.12     7.75     5.93     4.82  4 -4.59e-10      0.00 5.729e-01 3.667e-01 7.723e-03 6.150e-03 2.636e-02 -1.000 6.042e-02 -1.721 3.495 1.908 0.485 -0.704 -2.093 -3.521 -4.276 -4.542
0.06 0.69525 9.60206 1.4033050537 2.5302832587    1.399  2.632  3.5548  1.123    3  0.000  0.391    17.83    12.18     8.45     6.47     5.27  4 -5.28e-10      0.00 5.729e-01 3.667e-01 7.723e-03 6.150e-03 2.636e-02 -1.000 6.042e-02 -1.810 3.477 1.946 0.540 -0.693 -2.139 -3.623 -4.383 -4.656
0.06 0.69525 9.60206 1.4033696651 2.5302894626    1.399  2.677  3.5503  1.061    3  0.000  0.391    20.25    13.64     9.42     7.22     5.88  4  -6.3e-10      0.00 5.729e-01 3.667e-01 7.723e-03 6.150e-03 2.636e-02 -1.000 6.042e-02 -1.921 3.455 1.995 0.611 -0.677 -2.196 -3.750 -4.517 -4.797
0.06 0.69525 9.60206 1.4034285545 2.5302951165    1.399  2.720  3.5458  0.999    3  0.000  0.391    22.96    15.25    10.47     8.05     6.55  4 -7.47e-10      0.00 5.729e-01 3.667e-01 7.723e-03 6.150e-03 2.636e-02 -1.000 6.042e-02 -2.030 3.437 2.070 0.709 -0.644 -2.228 -3.874 -4.647 -4.936
0.06 0.69525 9.60206 1.4034827948 2.5303003236    1.398  2.763  3.5412  0.938    3  0.000  0.391    26.01    17.03    11.64     8.96     7.30  4 -8.86e-10      0.00 5.729e-01 3.667e-01 7.723e-03 6.150e-03 2.636e-02 -1.000 6.042e-02 -2.136 3.414 2.149 0.814 -0.607 -2.258 -3.996 -4.777 -5.074
0.06 0.69525 9.60206 1.4035331011 2.5303051526    1.398  2.805  3.5366  0.877    3  0.000  0.391    29.44    19.00    12.92     9.97     8.12  4 -1.05e-09      0.00 5.729e-01 3.667e-01 7.723e-03 6.150e-03 2.636e-02 -1.000 6.042e-02 -2.243 3.393 2.247 0.939 -0.556 -2.267 -4.118 -4.905 -5.211
0.06 0.69525 9.60206 1.4035789967 2.5303095579    1.397  2.846  3.5321  0.817    3  0.000  0.391    33.25    21.17    14.32    11.06     9.02  3 -1.24e-09      0.00 5.729e-01 3.667e-01 7.723e-03 6.150e-03 2.636e-02 -1.000 6.042e-02 -2.346 3.374 2.351 1.071 -0.500 -2.267 -4.236 -5.030 -5.345
0.06 0.69525 9.60206 1.4036215544 2.5303136425    1.397  2.887  3.5275  0.758    3  0.000  0.391    37.52    23.56    15.87    12.27    10.01  3 -1.46e-09      0.00 5.729e-01 3.667e-01 7.723e-03 6.151e-03 2.636e-02 -1.000 6.042e-02 -2.448 3.358 2.474 1.228 -0.424 -2.243 -4.351 -5.154 -5.477
0.06 0.69525 9.60206 1.4036610126 2.5303174293    1.396  2.927  3.5229  0.699    3  0.000  0.391    42.28    26.19    17.56    13.60    11.09  3 -1.71e-09      0.00 5.729e-01 3.667e-01 7.723e-03 6.151e-03 2.636e-02 -1.000 6.042e-02 -2.548 3.345 2.614 1.403 -0.333 -2.201 -4.464 -5.275 -5.608
0.06 0.69525 9.60206 1.4036971331 2.5303208956    1.396  2.966  3.5183  0.642    3  0.000  0.391    47.49    29.03    19.37    15.03    12.26  3 -2.01e-09      0.00 5.729e-01 3.667e-01 7.723e-03 6.151e-03 2.636e-02 -1.000 6.042e-02 -2.644 3.333 2.755 1.583 -0.235 -2.149 -4.572 -5.393 -5.735
0.06 0.69525 9.60206 1.4037312269 2.5303241673    1.395  3.005  3.5137  0.585    3  0.000  0.391    53.41    32.22    21.39    16.63    13.56  3 -2.35e-09      0.00 5.729e-01 3.667e-01 7.723e-03 6.151e-03 2.636e-02 -1.000 6.042e-02 -2.741 3.333 2.916 1.789 -0.115 -2.075 -4.678 -5.510 -5.862
0.06 0.69525 9.60206 1.4037626982 2.5303271871    1.394  3.042  3.5091  0.528    3  0.000  0.391    59.92    35.67    23.58    18.35    14.98  3 -2.75e-09      0.00 5.729e-01 3.667e-01 7.723e-03 6.151e-03 2.636e-02 -1.000 6.042e-02 -2.836 3.365 3.095 2.002 0.008 -1.999 -4.783 -5.623 -5.986
0.06 0.69525 9.60206 1.4037915468 2.5303299551    1.394  3.079  3.5045  0.473    3  0.000  0.391    67.08    39.42    25.94    20.22    16.51  3 -3.19e-09      0.00 5.728e-01 3.667e-01 7.723e-03 6.151e-03 2.636e-02 -1.000 6.042e-02 -2.928 3.380 3.252 2.176 0.116 -1.925 -4.882 -5.734 -6.107
0.06 0.69525 9.60206 1.4038189650 2.5303325857    1.393  3.116  3.4999  0.418    3  0.000  0.391    75.07    43.56    28.53    22.28    18.19  3 -3.71e-09      0.00 5.728e-01 3.667e-01 7.723e-03 6.151e-03 2.636e-02 -1.000 6.042e-02 -3.019 3.376 3.398 2.343 0.221 -1.852 -4.982 -5.846 -6.227
0.06 0.69525 9.60206 1.4038442373 2.5303350104    1.392  3.151  3.4953  0.364    3  0.000  0.391    83.82    48.03    31.32    24.49    20.00  2  -4.3e-09      0.00 5.728e-01 3.667e-01 7.723e-03 6.151e-03 2.636e-02 -1.000 6.042e-02 -3.108 3.378 3.514 2.439 0.287 -1.799 -5.076 -5.955 -6.344
0.06 0.69525 9.60206 1.4038681984 2.5303373092    1.391  3.186  3.4907  0.310    3  0.000  0.391    93.54    52.93    34.37    26.91    21.98  2 -4.99e-09      0.00 5.728e-01 3.667e-01 7.722e-03 6.151e-03 2.636e-02 -1.000 6.042e-02 -3.196 3.387 3.644 2.549 0.364 -1.735 -5.170 -6.062 -6.460
0.06 0.69525 9.60206 1.4038903713 2.5303394363    1.390  3.220  3.4862  0.257    3  0.000  0.391   104.09    58.18    37.62    29.50    24.10  2 -5.75e-09      0.00 5.728e-01 3.667e-01 7.722e-03 6.151e-03 2.636e-02 -1.000 6.042e-02 -3.281 3.388 3.718 2.572 0.377 -1.727 -5.259 -6.165 -6.570
0.06 0.69525 9.60206 1.4039111137 2.5303414261    1.388  3.254  3.4817  0.205    3  0.000  0.391   115.68    63.88    41.13    32.30    26.39  2 -6.62e-09      0.00 5.728e-01 3.667e-01 7.722e-03 6.151e-03 2.636e-02 -1.000 6.042e-02 -3.364 3.390 3.786 2.579 0.380 -1.724 -5.345 -6.266 -6.679
0.06 0.69525 9.60206 1.4039309025 2.5303433244    1.387  3.286  3.4772  0.154    3  0.000  0.391   128.35    70.04    44.91    35.31    28.86  2  -7.6e-09      0.00 5.728e-01 3.667e-01 7.722e-03 6.151e-03 2.636e-02 -1.000 6.042e-02 -3.446 3.393 3.842 2.576 0.371 -1.735 -5.428 -6.365 -6.785
0.06 0.69525 9.60206 1.4039500952 2.5303451654    1.385  3.318  3.4727  0.104    3  0.000  0.391   142.14    76.66    48.96    38.54    31.51  2 -8.72e-09      0.00 5.728e-01 3.667e-01 7.722e-03 6.151e-03 2.636e-02 -1.000 6.042e-02 -3.525 3.398 3.891 2.567 0.355 -1.755 -5.508 -6.461 -6.888
0.06 0.69525 9.60206 1.4039586782 2.5303459887    1.385  3.330  3.4710  0.085    3  0.000  0.391   147.81    79.36    50.60    39.86    32.59  2 -9.25e-09      0.00 5.728e-01 3.667e-01 7.722e-03 6.151e-03 2.636e-02 -1.000 6.042e-02 -3.556 3.398 3.908 2.562 0.347 -1.763 -5.539 -6.498 -6.928
0.06 0.69525 9.60206 1.4039586782 2.5303459887    1.385  1.710  3.6416  2.388    4  0.000  0.393     0.00     0.00     0.00     0.00     0.00 -1    -1e-30      0.00 5.714e-01 3.681e-01 7.785e-03 6.094e-03 2.640e-02 -1.000 6.047e-02 0.496 3.990 2.439 1.159 0.393 -0.199 -1.048 -1.696 -1.815
0.06 0.69525 9.60206 1.4043296576 2.5303815627    1.385  1.729  3.6402  2.363    4  0.000  0.393     0.00     0.00     0.00     0.00     0.00 -1    -1e-30      0.00 5.714e-01 3.681e-01 7.784e-03 6.095e-03 2.640e-02 -1.000 6.047e-02 0.446 3.986 2.411 1.121 0.350 -0.247 -1.102 -1.754 -1.874
0.06 0.69525 9.60206 1.4047178030 2.5304187597    1.386  1.730  3.6403  2.362    4  0.000  0.393     0.00     0.00     0.00     0.00     0.00 -1    -1e-30      0.00 5.714e-01 3.681e-01 7.783e-03 6.096e-03 2.640e-02 -1.000 6.047e-02 0.444 3.980 2.407 1.118 0.347 -0.249 -1.104 -1.755 -1.876
0.06 0.69525 9.60206 1.4051054716 2.5304558873    1.386  1.730  3.6406  2.364    4  0.000  0.393     0.00     0.00     0.00     0.00     0.00 -1    -1e-30      0.00 5.714e-01 3.681e-01 7.782e-03 6.097e-03 2.640e-02 -1.000 6.047e-02 0.445 3.974 2.405 1.117 0.347 -0.248 -1.102 -1.753 -1.873
0.06 0.69525 9.60206 1.4055006504 2.5304937100    1.387  1.729  3.6408  2.366    4  0.000  0.393     0.00     0.00     0.00     0.00     0.00 -1    -1e-30      0.00 5.714e-01 3.681e-01 7.781e-03 6.098e-03 2.640e-02 -1.000 6.047e-02 0.446 3.967 2.402 1.115 0.347 -0.248 -1.100 -1.750 -1.870
0.06 0.69525 9.60206 1.4059005976 2.5305319642    1.387  1.729  3.6411  2.367    4  0.000  0.393     0.00     0.00     0.00     0.00     0.00 -1    -1e-30      0.00 5.714e-01 3.681e-01 7.780e-03 6.099e-03 2.640e-02 -1.000 6.047e-02 0.447 3.961 2.399 1.114 0.346 -0.247 -1.098 -1.747 -1.867
0.06 0.69525 9.60206 1.4062840939 2.5305686214    1.387  1.729  3.6414  2.369    4  0.000  0.393     0.00     0.00     0.00     0.00     0.00 -1    -1e-30      0.00 5.714e-01 3.681e-01 7.780e-03 6.100e-03 2.640e-02 -1.000 6.047e-02 0.448 3.955 2.397 1.113 0.346 -0.246 -1.097 -1.745 -1.865
0.06 0.69525 9.60206 1.4066603184 2.5306045612    1.388  1.728  3.6416  2.371    4  0.000  0.393     0.00     0.00     0.00     0.00     0.00 -1    -1e-30      0.00 5.715e-01 3.681e-01 7.779e-03 6.101e-03 2.640e-02 -1.000 6.048e-02 0.450 3.948 2.394 1.112 0.346 -0.245 -1.095 -1.742 -1.862
0.06 0.69525 9.60206 1.4070428610 2.5306410818    1.388  1.728  3.6419  2.372    4  0.000  0.393     0.00     0.00     0.00     0.00     0.00 -1    -1e-30      0.00 5.715e-01 3.681e-01 7.778e-03 6.102e-03 2.640e-02 -1.000 6.048e-02 0.451 3.942 2.392 1.110 0.346 -0.245 -1.093 -1.740 -1.859
0.06 0.69525 9.60206 1.4074187279 2.5306769429    1.389  1.727  3.6421  2.374    4  0.000  0.393     0.00     0.00     0.00     0.00     0.00 -1    -1e-30      0.00 5.715e-01 3.681e-01 7.777e-03 6.103e-03 2.640e-02 -1.000 6.048e-02 0.451 3.936 2.389 1.109 0.345 -0.244 -1.092 -1.738 -1.857
0.06 0.69525 9.60206 1.4077892303 2.5307122706    1.389  1.727  3.6424  2.375    4  0.000  0.393     0.00     0.00     0.00     0.00     0.00 -1    -1e-30      0.00 5.715e-01 3.681e-01 7.776e-03 6.104e-03 2.640e-02 -1.000 6.048e-02 0.452 3.930 2.386 1.108 0.345 -0.244 -1.090 -1.736 -1.855
0.06 0.69525 9.60206 1.4081801176 2.5307495189    1.390  1.727  3.6426  2.376    4  0.000  0.393     0.00     0.00     0.00     0.00     0.00 -1    -1e-30      0.00 5.715e-01 3.680e-01 7.775e-03 6.105e-03 2.640e-02 -1.000 6.048e-02 0.453 3.924 2.383 1.106 0.344 -0.244 -1.089 -1.734 -1.852
0.06 0.69525 9.60206 1.4085862637 2.5307881960    1.390  1.727  3.6429  2.378    4  0.000  0.393     0.00     0.00     0.00     0.00     0.00 -1    -1e-30      0.00 5.715e-01 3.680e-01 7.774e-03 6.107e-03 2.640e-02 -1.000 6.048e-02 0.453 3.917 2.380 1.104 0.343 -0.244 -1.089 -1.732 -1.851
0.06 0.69525 9.60206 1.4089499712 2.5308228100    1.390  1.727  3.6430  2.378    4  0.000  0.393     0.00     0.00     0.00     0.00     0.00 -1    -1e-30      0.00 5.715e-01 3.680e-01 7.774e-03 6.107e-03 2.640e-02 -1.000 6.048e-02 0.451 3.912 2.377 1.101 0.341 -0.245 -1.089 -1.732 -1.851
0.06 0.69525 9.60206 1.4093192816 2.5308579361    1.391  1.728  3.6432  2.378    4  0.000  0.393     0.00     0.00     0.00     0.00     0.00 -1    -1e-30      0.00 5.715e-01 3.680e-01 7.773e-03 6.108e-03 2.640e-02 -1.000 6.048e-02 0.450 3.906 2.373 1.099 0.339 -0.247 -1.090 -1.733 -1.851
0.06 0.69525 9.60206 1.4093656540 2.5308623452    1.391  1.728  3.6432  2.378    4  0.000  0.393     0.00     0.00     0.00     0.00     0.00 -1    -1e-30      0.00 5.715e-01 3.680e-01 7.773e-03 6.109e-03 2.640e-02 -1.000 6.048e-02 0.450 3.906 2.373 1.098 0.339 -0.247 -1.090 -1.733 -1.851
0.06 0.69525 9.60206 1.4097636938 2.5309001773    1.391  1.729  3.6434  2.378    4  0.000  0.393     0.00     0.00     0.00     0.00     0.00 -1    -1e-30      0.00 5.715e-01 3.680e-01 7.772e-03 6.110e-03 2.640e-02 -1.000 6.048e-02 0.449 3.900 2.369 1.095 0.336 -0.249 -1.091 -1.733 -1.852
0.06 0.69525 9.60206 1.4101725817 2.5309390150    1.392  1.729  3.6435  2.378    4  0.000  0.392     0.00     0.00     0.00     0.00     0.00 -1    -1e-30      0.00 5.715e-01 3.680e-01 7.771e-03 6.111e-03 2.640e-02 -1.000 6.048e-02 0.447 3.894 2.365 1.092 0.333 -0.251 -1.093 -1.735 -1.853
0.06 0.69525 9.60206 1.4105589390 2.5309756888    1.392  1.730  3.6437  2.378    4  0.000  0.392     0.00     0.00     0.00     0.00     0.00 -1    -1e-30      0.00 5.715e-01 3.680e-01 7.770e-03 6.112e-03 2.640e-02 -1.000 6.048e-02 0.444 3.888 2.361 1.088 0.330 -0.254 -1.095 -1.736 -1.854
0.06 0.69525 9.60206 1.4109430313 2.5310121247    1.393  1.732  3.6437  2.377    4  0.000  0.392     0.00     0.00     0.00     0.00     0.00 -1    -1e-30      0.00 5.715e-01 3.680e-01 7.769e-03 6.113e-03 2.640e-02 -1.000 6.048e-02 0.440 3.883 2.357 1.084 0.326 -0.257 -1.099 -1.739 -1.858
0.06 0.69525 9.60206 1.4113368988 2.5310494642    1.393  1.734  3.6438  2.375    4  0.000  0.392     0.00     0.00     0.00     0.00     0.00 -1    -1e-30      0.00 5.715e-01 3.680e-01 7.768e-03 6.114e-03 2.640e-02 -1.000 6.049e-02 0.436 3.878 2.352 1.079 0.321 -0.262 -1.103 -1.744 -1.862
0.06 0.69525 9.60206 1.4117180109 2.5310855716    1.393  1.736  3.6438  2.374    4  0.000  0.392     0.00     0.00     0.00     0.00     0.00 -1    -1e-30      0.00 5.715e-01 3.680e-01 7.767e-03 6.115e-03 2.640e-02 -1.000 6.049e-02 0.431 3.873 2.347 1.074 0.316 -0.267 -1.108 -1.749 -1.867
0.06 0.69525 9.60206 1.4121049643 2.5311222096    1.394  1.738  3.6438  2.371    4  0.000  0.392     0.00     0.00     0.00     0.00     0.00 -1    -1e-30      0.00 5.715e-01 3.680e-01 7.767e-03 6.116e-03 2.640e-02 -1.000 6.049e-02 0.425 3.868 2.341 1.068 0.310 -0.273 -1.115 -1.755 -1.873
0.06 0.69525 9.60206 1.4121842384 2.5311297127    1.394  1.739  3.6437  2.370    4  0.000  0.392     0.00     0.00     0.00     0.00     0.00 -1    -1e-30      0.00 5.715e-01 3.680e-01 7.766e-03 6.116e-03 2.640e-02 -1.000 6.049e-02 0.423 3.867 2.340 1.067 0.309 -0.275 -1.116 -1.757 -1.875
0.06 0.69525 9.60206 1.4124116898 2.5311512349    1.394  1.741  3.6437  2.368    4  0.000  0.392     0.00     0.00     0.00     0.00     0.00 -1    -1e-30      0.00 5.715e-01 3.680e-01 7.766e-03 6.117e-03 2.640e-02 -1.000 6.049e-02 0.419 3.864 2.336 1.063 0.304 -0.279 -1.121 -1.762 -1.880
0.06 0.69525 9.60206 1.4128050804 2.5311884401    1.395  1.744  3.6436  2.365    4  0.000  0.392     0.00     0.00     0.00     0.00     0.00 -1    -1e-30      0.00 5.715e-01 3.680e-01 7.765e-03 6.118e-03 2.640e-02 -1.000 6.049e-02 0.410 3.860 2.330 1.055 0.297 -0.287 -1.130 -1.770 -1.889
0.06 0.69525 9.60206 1.4131908417 2.5312249006    1.395  1.748  3.6434  2.361    4  0.000  0.392     0.00     0.00     0.00     0.00     0.00 -1    -1e-30      0.00 5.715e-01 3.680e-01 7.764e-03 6.119e-03 2.640e-02 -1.000 6.049e-02 0.401 3.856 2.323 1.047 0.288 -0.296 -1.139 -1.780 -1.899
0.06 0.69525 9.60206 1.4135813713 2.5312617885    1.396  1.752  3.6432  2.355    4  0.000  0.392     0.00     0.00     0.00     0.00     0.00 -1    -1e-30      0.00 5.715e-01 3.680e-01 7.763e-03 6.120e-03 2.640e-02 -1.000 6.049e-02 0.390 3.853 2.316 1.038 0.278 -0.307 -1.151 -1.793 -1.912
0.06 0.69525 9.60206 1.4139571190 2.5312972581    1.396  1.757  3.6429  2.349    4  0.000  0.392     0.00     0.00     0.00     0.00     0.00 -1    -1e-30      0.00 5.715e-01 3.680e-01 7.763e-03 6.121e-03 2.640e-02 -1.000 6.049e-02 0.377 3.849 2.307 1.028 0.266 -0.320 -1.165 -1.808 -1.927
0.06 0.69525 9.60206 1.4143345356 2.5313328633    1.396  1.764  3.6424  2.341    4  0.000  0.392     0.00     0.00     0.00     0.00     0.00 -1    -1e-30      0.00 5.716e-01 3.680e-01 7.762e-03 6.122e-03 2.640e-02 -1.000 6.049e-02 0.360 3.847 2.298 1.015 0.252 -0.336 -1.183 -1.826 -1.946
0.06 0.69525 9.60206 1.4147064686 2.5313679299    1.397  1.772  3.6419  2.331    4  0.000  0.392     0.00     0.00     0.00     0.00     0.00 -1    -1e-30      0.00 5.716e-01 3.679e-01 7.761e-03 6.123e-03 2.640e-02 -1.000 6.049e-02 0.340 3.844 2.286 0.999 0.234 -0.356 -1.205 -1.850 -1.970
0.06 0.69525 9.60206 1.4151039124 2.5314053782    1.397  1.783  3.6411  2.317    4  0.000  0.392     0.00     0.00     0.00     0.00     0.00 -1    -1e-30      0.00 5.716e-01 3.679e-01 7.760e-03 6.124e-03 2.640e-02 -1.000 6.049e-02 0.313 3.843 2.272 0.979 0.211 -0.382 -1.234 -1.881 -2.002
0.06 0.69525 9.60206 1.4154841900 2.5314411865    1.398  1.797  3.6400  2.298    4  0.000  0.392     0.00     0.00     0.00     0.00     0.00 -1    -1e-30      0.00 5.716e-01 3.679e-01 7.759e-03 6.125e-03 2.640e-02 -1.000 6.049e-02 0.278 3.842 2.253 0.954 0.181 -0.415 -1.272 -1.922 -2.044
0.06 0.69525 9.60206 1.4158912897 2.5314794959    1.398  1.819  3.6381  2.269    4  0.000  0.392     0.00     0.00     0.00     0.00     0.00 -1    -1e-30      0.00 5.716e-01 3.679e-01 7.758e-03 6.126e-03 2.640e-02 -1.000 6.050e-02 0.222 3.841 2.226 0.915 0.136 -0.469 -1.333 -1.988 -2.112
0.06 0.69525 9.60206 1.4162701368 2.5315151239    1.399  1.859  3.6348  2.216    4  0.000  0.392     0.00     0.00     0.00     0.00     0.00 -1    -1e-30      0.00 5.716e-01 3.679e-01 7.757e-03 6.127e-03 2.640e-02 -1.000 6.050e-02 0.123 3.844 2.179 0.848 0.058 -0.563 -1.441 -2.105 -2.231
0.06 0.69525 9.60206 1.4164596796 2.5315329408    1.399  1.894  3.6319  2.170    4  0.000  0.392     0.00     0.00     0.00     0.00     0.00 -1    -1e-30      0.00 5.716e-01 3.679e-01 7.757e-03 6.127e-03 2.640e-02 -1.000 6.050e-02 0.036 3.847 2.139 0.789 -0.012 -0.646 -1.536 -2.207 -2.337
0.06 0.69525 9.60206 1.4165742397 2.5315437068    1.399  1.932  3.6286  2.118    4  0.000  0.392     0.00     0.00     0.00     0.00     0.00 -1    -1e-30      0.00 5.716e-01 3.679e-01 7.757e-03 6.128e-03 2.640e-02 -1.000 6.050e-02 -0.060 3.850 2.095 0.726 -0.086 -0.737 -1.641 -2.321 -2.454
0.06 0.69525 9.60206 1.4166475534 2.5315505955    1.399  1.973  3.6251  2.064    4  0.000  0.392     0.00     0.00     0.00     0.00     0.00 -1    -1e-30      0.00 5.716e-01 3.679e-01 7.757e-03 6.128e-03 2.640e-02 -1.000 6.050e-02 -0.162 3.853 2.050 0.662 -0.160 -0.833 -1.751 -2.441 -2.577
0.06 0.69525 9.60206 1.4166909456 2.5315546724    1.399  2.014  3.6215  2.008    4  0.000  0.392     0.00     0.00     0.00     0.00     0.00 -1    -1e-30      0.00 5.716e-01 3.679e-01 7.756e-03 6.128e-03 2.640e-02 -1.000 6.050e-02 -0.264 3.858 2.005 0.598 -0.236 -0.930 -1.863 -2.562 -2.702
0.06 0.69525 9.60206 1.4167157412 2.5315570019    1.399  2.052  3.6182  1.957    4  0.000  0.392     0.00     0.00     0.00     0.00     0.00 -1    -1e-30      0.00 5.716e-01 3.679e-01 7.756e-03 6.128e-03 2.640e-02 -1.000 6.050e-02 -0.359 3.843 1.966 0.539 -0.302 -1.019 -1.968 -2.668 -2.815
0.06 0.69525 9.60206 1.4167293310 2.5315582786    1.399  2.090  3.6149  1.905    4  0.000  0.392     0.00     0.00     0.00     0.00     0.00 -1    -1e-30      0.00 5.716e-01 3.679e-01 7.756e-03 6.128e-03 2.640e-02 -1.000 6.050e-02 -0.456 3.818 1.926 0.482 -0.367 -1.108 -2.074 -2.774 -2.929
0.06 0.69525 9.60206 1.4167382717 2.5315591185    1.399  2.130  3.6115  1.852    4  0.000  0.392     0.00     0.00     0.00     0.00     0.00 -1    -1e-30      0.00 5.716e-01 3.679e-01 7.756e-03 6.128e-03 2.640e-02 -1.000 6.050e-02 -0.554 3.790 1.886 0.423 -0.434 -1.199 -2.182 -2.882 -3.046
0.06 0.69525 9.60206 1.4167445898 2.5315597120    1.399  2.167  3.6082  1.801    4  0.000  0.392     0.00     0.00     0.00     0.00     0.00 -1    -1e-30      0.00 5.716e-01 3.679e-01 7.756e-03 6.128e-03 2.640e-02 -1.000 6.050e-02 -0.648 3.757 1.848 0.372 -0.494 -1.284 -2.285 -2.985 -3.157
0.06 0.69525 9.60206 1.4167457819 2.5315598240    1.399  2.176  3.6074  1.790    4  0.000  0.392     0.00     0.00     0.00     0.00     0.00 -1    -1e-30      0.00 5.716e-01 3.679e-01 7.756e-03 6.128e-03 2.640e-02 -1.000 6.050e-02 -0.670 3.747 1.839 0.361 -0.508 -1.304 -2.310 -3.009 -3.183
0.06 0.69525 9.60206 1.4167459011 2.5315598352    1.399  2.177  3.6074  1.789    7  0.000  0.392     0.00     0.00     0.00     0.00     0.00 -1    -1e-30      0.00 5.716e-01 3.679e-01 7.756e-03 6.128e-03 2.640e-02 -1.000 6.050e-02 -0.671 3.747 1.838 0.360 -0.509 -1.305 -2.311 -3.011 -3.185
0.06 0.69525 9.60206 1.4167497158 2.5315601936    1.399  2.205  3.6049  1.750    7  0.000  0.392     0.00     0.00     0.00     0.00     0.00 -1    -1e-30      0.00 5.716e-01 3.679e-01 7.756e-03 6.128e-03 2.640e-02 -1.000 6.050e-02 -0.742 3.717 1.810 0.324 -0.553 -1.369 -2.390 -3.089 -3.269
0.06 0.69525 9.60206 1.4167547226 2.5315606639    1.399  2.244  3.6014  1.698    7  0.000  0.392     0.00     0.00     0.00     0.00     0.00 -1    -1e-30      0.00 5.716e-01 3.679e-01 7.756e-03 6.128e-03 2.640e-02 -1.000 6.050e-02 -0.839 3.675 1.771 0.275 -0.613 -1.455 -2.496 -3.195 -3.385
0.06 0.69525 9.60206 1.4167598486 2.5315611454    1.399  2.283  3.5978  1.644    7  0.000  0.392     0.00     0.00     0.00     0.00     0.00 -1    -1e-30      0.00 5.716e-01 3.679e-01 7.756e-03 6.128e-03 2.640e-02 -1.000 6.050e-02 -0.937 3.626 1.737 0.234 -0.669 -1.541 -2.605 -3.304 -3.502
0.06 0.69525 9.60206 1.4167714119 2.5315622317    1.399  2.304  3.5959  1.615    7  0.000  0.392     0.00     0.00     0.00     0.00     0.00 -1    -1e-30      0.00 5.716e-01 3.679e-01 7.756e-03 6.128e-03 2.640e-02 -1.000 6.050e-02 -0.990 3.596 1.717 0.212 -0.700 -1.587 -2.665 -3.363 -3.567
0.06 0.69525 9.60206 1.4167776108 2.5315628140    1.399  2.257  3.6002  1.679    7  0.000  0.392     0.00     0.00     0.00     0.00     0.00 -1    -1e-30      0.00 5.716e-01 3.679e-01 7.756e-03 6.128e-03 2.640e-02 -1.000 6.050e-02 -0.874 3.658 1.756 0.256 -0.637 -1.486 -2.534 -3.233 -3.425
0.06 0.69525 9.60206 1.4167863131 2.5315636315    1.399  2.216  3.6039  1.735    7  0.000  0.392     0.00     0.00     0.00     0.00     0.00 -1    -1e-30      0.00 5.716e-01 3.679e-01 7.756e-03 6.128e-03 2.640e-02 -1.000 6.050e-02 -0.771 3.703 1.797 0.308 -0.572 -1.395 -2.421 -3.120 -3.303
0.06 0.69525 9.60206 1.4167987108 2.5315647960    1.399  2.177  3.6074  1.789    7  0.000  0.392     0.00     0.00     0.00     0.00     0.00 -1    -1e-30      0.00 5.716e-01 3.679e-01 7.756e-03 6.128e-03 2.640e-02 -1.000 6.050e-02 -0.672 3.745 1.836 0.358 -0.511 -1.306 -2.312 -3.011 -3.185
0.06 0.69525 9.60206 1.4168208838 2.5315668788    1.399  2.133  3.6113  1.848    7  0.000  0.392     0.00     0.00     0.00     0.00     0.00 -1    -1e-30      0.00 5.716e-01 3.679e-01 7.756e-03 6.128e-03 2.640e-02 -1.000 6.050e-02 -0.564 3.785 1.880 0.417 -0.442 -1.207 -2.192 -2.891 -3.056
0.06 0.69525 9.60206 1.4168924093 2.5315735968    1.399  2.094  3.6146  1.900    7  0.000  0.392     0.00     0.00     0.00     0.00     0.00 -1    -1e-30      0.00 5.716e-01 3.679e-01 7.756e-03 6.129e-03 2.640e-02 -1.000 6.050e-02 -0.466 3.814 1.922 0.475 -0.374 -1.117 -2.085 -2.784 -2.941
0.06 0.69525 9.60206 1.4172557592 2.5316077123    1.400  2.140  3.6106  1.838    7  0.000  0.392     0.00     0.00     0.00     0.00     0.00 -1    -1e-30      0.00 5.716e-01 3.679e-01 7.755e-03 6.130e-03 2.640e-02 -1.000 6.050e-02 -0.581 3.781 1.874 0.407 -0.453 -1.223 -2.211 -2.911 -3.077
0.06 0.69525 9.60206 1.4174487591 2.5316258252    1.400  2.183  3.6068  1.780    7  0.000  0.392     0.00     0.00     0.00     0.00     0.00 -1    -1e-30      0.00 5.716e-01 3.679e-01 7.755e-03 6.130e-03 2.640e-02 -1.000 6.050e-02 -0.688 3.739 1.831 0.351 -0.519 -1.320 -2.330 -3.029 -3.204
0.06 0.69525 9.60206 1.4175976515 2.5316397948    1.400  2.226  3.6030  1.722    7  0.000  0.392     0.00     0.00     0.00     0.00     0.00 -1    -1e-30      0.00 5.716e-01 3.679e-01 7.754e-03 6.130e-03 2.640e-02 -1.000 6.050e-02 -0.795 3.693 1.788 0.297 -0.586 -1.416 -2.447 -3.146 -3.331
0.06 0.69525 9.60206 1.4177129269 2.5316506080    1.400  2.268  3.5992  1.664    7  0.000  0.392     0.00     0.00     0.00     0.00     0.00 -1    -1e-30      0.00 5.716e-01 3.679e-01 7.754e-03 6.131e-03 2.640e-02 -1.000 6.050e-02 -0.901 3.645 1.747 0.246 -0.651 -1.510 -2.565 -3.264 -3.459
0.06 0.69525 9.60206 1.4178040028 2.5316591497    1.400  2.311  3.5953  1.607    7  0.000  0.392     0.00     0.00     0.00     0.00     0.00 -1    -1e-30      0.00 5.716e-01 3.679e-01 7.754e-03 6.131e-03 2.640e-02 -1.000 6.050e-02 -1.006 3.587 1.712 0.207 -0.708 -1.601 -2.683 -3.381 -3.586
0.06 0.69525 9.60206 1.4178205729 2.5316607037    1.400  2.320  3.5944  1.594    7  0.000  0.392     0.00     0.00     0.00     0.00     0.00 -1    -1e-30      0.00 5.716e-01 3.679e-01 7.754e-03 6.131e-03 2.640e-02 -1.000 6.050e-02 -1.030 3.574 1.704 0.198 -0.721 -1.621 -2.708 -3.407 -3.615
0.06 0.69525 9.60206 1.4178820848 2.5316664718    1.400  2.352  3.5914  1.549    7  0.000  0.392     0.00     0.00     0.00     0.00     0.00 -1    -1e-30      0.00 5.716e-01 3.679e-01 7.754e-03 6.131e-03 2.640e-02 -1.000 6.050e-02 -1.111 3.528 1.677 0.167 -0.767 -1.691 -2.799 -3.498 -3.713
0.06 0.69525 9.60206 1.4179491997 2.5316727648    1.400  2.394  3.5875  1.493    7  0.000  0.392     0.00     0.00     0.00     0.00     0.00 -1    -1e-30      0.00 5.716e-01 3.679e-01 7.754e-03 6.131e-03 2.640e-02 -1.000 6.050e-02 -1.214 3.469 1.649 0.139 -0.819 -1.777 -2.915 -3.615 -3.839
0.06 0.69525 9.60206 1.4180079699 2.5316782747    1.400  2.435  3.5836  1.436    7  0.000  0.392     0.00     0.00     0.00     0.00     0.00 -1    -1e-30      0.00 5.716e-01 3.679e-01 7.754e-03 6.132e-03 2.640e-02 -1.000 6.050e-02 -1.317 3.450 1.633 0.124 -0.856 -1.864 -3.031 -3.738 -3.969
0.06 0.69525 9.60206 1.4180607796 2.5316832254    1.400  2.476  3.5796  1.379    7  0.000  0.392     0.00     0.00     0.00     0.00     0.00 -1    -1e-30      0.00 5.716e-01 3.679e-01 7.753e-03 6.132e-03 2.640e-02 -1.000 6.050e-02 -1.420 3.431 1.617 0.110 -0.894 -1.951 -3.147 -3.861 -4.098
0.06 0.69525 9.60206 1.4181087017 2.5316877175    1.401  2.517  3.5755  1.322    7  0.000  0.392    11.90     8.51     6.00     4.57     3.72  4    -1e-30      0.00 5.716e-01 3.679e-01 7.753e-03 6.132e-03 2.640e-02 -1.000 6.050e-02 -1.522 3.411 1.620 0.122 -0.912 -2.029 -3.263 -3.985 -4.227
0.06 0.69525 9.60206 1.4181525707 2.5316918294    1.401  2.558  3.5715  1.264    7  0.000  0.392    13.37     9.44     6.63     5.06     4.11  4    -1e-30      0.00 5.716e-01 3.679e-01 7.753e-03 6.132e-03 2.640e-02 -1.000 6.050e-02 -1.625 3.391 1.622 0.133 -0.932 -2.109 -3.380 -4.109 -4.358
0.06 0.69525 9.60206 1.4181905985 2.5316953935    1.401  2.599  3.5672  1.206    7  0.000  0.392    15.06    10.49     7.33     5.60     4.56  4    -1e-30      0.00 5.716e-01 3.679e-01 7.753e-03 6.132e-03 2.640e-02 -1.000 6.050e-02 -1.728 3.373 1.640 0.164 -0.938 -2.181 -3.498 -4.234 -4.489
0.06 0.69525 9.60206 1.4182258844 2.5316987005    1.401  2.639  3.5630  1.149    7  0.000  0.392    16.92    11.63     8.09     6.19     5.04  4    -1e-30      0.00 5.716e-01 3.679e-01 7.753e-03 6.132e-03 2.640e-02 -1.000 6.050e-02 -1.828 3.356 1.667 0.207 -0.936 -2.247 -3.613 -4.357 -4.618
0.06 0.69525 9.60206 1.4182599783 2.5317018955    1.401  2.680  3.5587  1.091    7  0.000  0.392    19.03    12.91     8.93     6.85     5.57  4    -1e-30      0.00 5.716e-01 3.679e-01 7.753e-03 6.132e-03 2.640e-02 -1.000 6.050e-02 -1.929 3.339 1.703 0.259 -0.928 -2.309 -3.729 -4.480 -4.748
0.06 0.69525 9.60206 1.4182926416 2.5317049564    1.401  2.720  3.5543  1.034    7  0.000  0.392    21.41    14.33     9.87     7.58     6.17  4    -1e-30      0.00 5.716e-01 3.679e-01 7.752e-03 6.132e-03 2.640e-02 -1.000 6.050e-02 -2.030 3.323 1.755 0.333 -0.907 -2.357 -3.845 -4.603 -4.879
0.06 0.69525 9.60206 1.4183241129 2.5317079053    1.401  2.760  3.5499  0.976    7  0.000  0.391    24.10    15.91    10.91     8.39     6.83  4    -1e-30      0.00 5.716e-01 3.679e-01 7.749e-03 6.133e-03 2.640e-02 -1.000 6.050e-02 -2.131 3.306 1.813 0.413 -0.882 -2.404 -3.962 -4.726 -5.009
0.06 0.69525 9.60206 1.4183549881 2.5317107983    1.401  2.801  3.5453  0.917    7  0.000  0.391    27.16    17.69    12.07     9.30     7.57  4    -1e-30      0.00 5.716e-01 3.679e-01 7.746e-03 6.137e-03 2.640e-02 -1.000 6.050e-02 -2.232 3.288 1.898 0.525 -0.838 -2.427 -4.079 -4.850 -5.141
0.06 0.69525 9.60206 1.4183849096 2.5317136018    1.401  2.841  3.5406  0.858    7  0.000  0.391    30.64    19.69    13.37    10.31     8.40  4    -1e-30      0.00 5.716e-01 3.679e-01 7.741e-03 6.142e-03 2.640e-02 -1.000 6.050e-02 -2.333 3.272 1.989 0.643 -0.790 -2.450 -4.196 -4.974 -5.274
0.06 0.69525 9.60206 1.4184122086 2.5317161594    1.401  2.884  3.5357  0.795    7  0.000  0.391    34.81    22.04    14.89    11.51     9.38  3    -1e-30      0.00 5.716e-01 3.679e-01 7.734e-03 6.149e-03 2.640e-02 -1.000 6.050e-02 -2.439 3.256 2.107 0.791 -0.723 -2.446 -4.318 -5.105 -5.414
0.06 0.69525 9.60206 1.4184311628 2.5317179352    1.401  2.929  3.5303  0.728    7  0.000  0.390    39.91    24.88    16.72    12.94    10.55  3    -1e-30      0.00 5.716e-01 3.679e-01 7.727e-03 6.158e-03 2.640e-02 -1.000 6.050e-02 -2.553 3.240 2.238 0.956 -0.647 -2.438 -4.450 -5.244 -5.564
0.06 0.69525 9.60206 1.4184428453 2.5317190297    1.401  2.972  3.5249  0.664    7  0.000  0.390    45.52    27.96    18.69    14.49    11.82  3    -1e-30      0.00 5.716e-01 3.679e-01 7.719e-03 6.166e-03 2.640e-02 -1.000 6.050e-02 -2.661 3.231 2.405 1.165 -0.536 -2.383 -4.572 -5.377 -5.708
0.06 0.69525 9.60206 1.4184521437 2.5317199008    1.401  3.014  3.5198  0.602    7  0.000  0.390    51.62    31.26    20.79    16.14    13.17  3    -1e-30      0.00 5.716e-01 3.679e-01 7.713e-03 6.173e-03 2.640e-02 -1.000 6.050e-02 -2.764 3.223 2.571 1.369 -0.426 -2.328 -4.689 -5.504 -5.845
0.06 0.69525 9.60206 1.4184606075 2.5317206937    1.401  3.054  3.5146  0.540    7  0.000  0.389    58.54    34.94    23.12    17.99    14.68  3    -1e-30      0.00 5.716e-01 3.679e-01 7.709e-03 6.179e-03 2.640e-02 -1.000 6.050e-02 -2.866 3.258 2.770 1.611 -0.285 -2.240 -4.803 -5.627 -5.980
0.06 0.69525 9.60206 1.4184685946 2.5317214419    1.401  3.095  3.5093  0.479    7  0.000  0.389    66.34    39.04    25.71    20.03    16.35  3    -1e-30      0.00 5.716e-01 3.679e-01 7.706e-03 6.183e-03 2.640e-02 -1.000 6.050e-02 -2.967 3.285 2.984 1.875 -0.127 -2.138 -4.915 -5.750 -6.115
0.06 0.69525 9.60206 1.4184755087 2.5317220896    1.401  3.132  3.5044  0.422    7  0.000  0.389    74.50    43.27    28.36    22.13    18.07  2    -1e-30      0.00 5.716e-01 3.679e-01 7.704e-03 6.185e-03 2.640e-02 -1.000 6.050e-02 -3.059 3.285 3.148 2.064 -0.006 -2.052 -5.015 -5.865 -6.239
0.06 0.69525 9.60206 1.4184821844 2.5317227150    1.401  3.168  3.4995  0.366    7  0.000  0.389    83.57    47.91    31.26    24.43    19.95  2    -1e-30      0.00 5.716e-01 3.679e-01 7.704e-03 6.185e-03 2.640e-02 -1.000 6.050e-02 -3.151 3.287 3.307 2.241 0.108 -1.971 -5.115 -5.979 -6.362
0.06 0.69525 9.60206 1.4184892178 2.5317233738    1.401  3.206  3.4943  0.307    7  0.000  0.389    94.16    53.26    34.58    27.07    22.11  2    -1e-30      0.00 5.716e-01 3.679e-01 7.704e-03 6.185e-03 2.640e-02 -1.000 6.050e-02 -3.246 3.297 3.452 2.364 0.195 -1.898 -5.216 -6.095 -6.488
0.06 0.69525 9.60206 1.4184964895 2.5317240550    1.401  3.242  3.4891  0.251    7  0.000  0.389   105.64    58.98    38.12    29.88    24.42  2    -1e-30      0.00 5.716e-01 3.679e-01 7.704e-03 6.185e-03 2.640e-02 -1.000 6.050e-02 -3.335 3.315 3.598 2.483 0.282 -1.825 -5.312 -6.206 -6.609
0.06 0.69525 9.60206 1.4185044765 2.5317248032    1.401  3.278  3.4841  0.195    7  0.000  0.389   118.40    65.25    41.98    32.96    26.94  2    -1e-30      0.00 5.716e-01 3.679e-01 7.704e-03 6.185e-03 2.640e-02 -1.000 6.050e-02 -3.425 3.319 3.674 2.493 0.287 -1.821 -5.405 -6.316 -6.726
0.06 0.69525 9.60206 1.4185132980 2.5317256295    1.401  3.313  3.4789  0.139    7  0.000  0.389   132.80    72.24    46.27    36.38    29.74  2    -1e-30      0.00 5.716e-01 3.679e-01 7.704e-03 6.185e-03 2.640e-02 -1.000 6.050e-02 -3.513 3.326 3.754 2.503 0.293 -1.815 -5.496 -6.425 -6.844
0.06 0.69525 9.60206 1.4185228348 2.5317265229    1.401  3.349  3.4735  0.081    7  0.000  0.389   149.25    80.12    51.07    40.22    32.89  2    -1e-30      0.00 5.716e-01 3.679e-01 7.704e-03 6.185e-03 2.640e-02 -1.000 6.050e-02 -3.603 3.334 3.815 2.495 0.277 -1.834 -5.586 -6.535 -6.962
0.06 0.69525 9.60206 1.4185326099 2.5317274385    1.401  3.384  3.4682  0.026    7  0.000  0.389   167.27    88.63    56.25    44.36    36.28  2    -1e-30      0.00 5.716e-01 3.679e-01 7.704e-03 6.185e-03 2.640e-02 -1.000 6.050e-02 -3.689 3.337 3.866 2.484 0.257 -1.860 -5.674 -6.641 -7.076
0.06 0.69525 9.60206 1.4185427427 2.5317283876    1.401  3.418  3.4628 -0.030    7  0.000  0.389   187.31    97.99    61.90    48.89    40.00  0    -1e-30      0.00 5.716e-01 3.679e-01 7.704e-03 6.185e-03 2.640e-02 -1.000 6.050e-02 -3.775 3.340 3.906 2.465 0.225 -1.899 -5.760 -6.744 -7.187
0.06 0.69525 9.60206 1.4185531139 2.5317293591    1.401  3.452  3.4575 -0.085    7  0.000  0.389   209.64   108.28    68.10    53.86    44.08  0    -1e-30      0.00 5.716e-01 3.679e-01 7.704e-03 6.185e-03 2.640e-02 -1.000 6.050e-02 -3.859 3.340 3.935 2.446 0.189 -1.947 -5.845 -6.846 -7.296
0.06 0.69525 9.60206 1.4185638428 2.5317303640    1.401  3.486  3.4519 -0.142    7  0.000  0.389   235.30   119.95    75.09    59.49    48.69  0    -1e-30      0.00 5.716e-01 3.679e-01 7.704e-03 6.185e-03 2.640e-02 -1.000 6.050e-02 -3.945 3.340 3.957 2.429 0.149 -2.004 -5.929 -6.948 -7.404
0.06 0.69525 9.60206 1.4185746908 2.5317313801    1.401  3.520  3.4463 -0.198    7  0.000  0.389   257.28   132.84    82.78    65.67    53.77  0    -1e-30      0.00 5.716e-01 3.679e-01 7.703e-03 6.185e-03 2.640e-02 -1.000 6.050e-02 -4.030 3.333 3.970 2.417 0.109 -2.065 -6.014 -7.048 -7.510
0.06 0.69525 9.60206 1.4185853004 2.5317323738    1.401  3.553  3.4406 -0.254    7  0.000  0.389   279.27   146.92    91.14    72.42    59.30  0    -1e-30      0.00 5.716e-01 3.679e-01 7.703e-03 6.185e-03 2.640e-02 -1.000 6.050e-02 -4.113 3.326 3.980 2.411 0.071 -2.127 -6.098 -7.145 -7.612
0.06 0.69525 9.60206 1.4185931683 2.5317331107    1.401  3.581  3.4359 -0.301    7  0.564  0.389   299.21   159.92    98.82    78.62    64.40  0    -1e-30      0.00 5.716e-01 3.679e-01 7.703e-03 6.185e-03 2.640e-02 -1.000 6.050e-02 -4.182 3.317 3.983 2.409 0.038 -2.181 -6.168 -7.225 -7.698
0.06 0.69525 9.60206 1.4185936451 2.5317331554    1.401  3.583  3.4354 -0.305    7  0.561  0.389   301.08   161.14    99.55    79.21    64.88  0    -1e-30      0.00 5.716e-01 3.679e-01 7.703e-03 6.185e-03 2.640e-02 -1.000 6.050e-02 -4.188 3.316 3.984 2.408 0.035 -2.186 -6.174 -7.233 -7.705
0.06 0.69525 9.60206 1.4185937643 2.5317331665    1.401  3.583  3.4354 -0.305    7  0.561  0.389   301.17   161.21    99.58    79.24    64.90  0    -1e-30      0.00 5.716e-01 3.679e-01 7.703e-03 6.185e-03 2.640e-02 -1.000 6.050e-02 -4.189 3.316 3.984 2.409 0.035 -2.186 -6.174 -7.233 -7.706
0.06 0.69525 9.60206 1.4185938835 2.5317331777    1.401  3.583  3.4280 -0.335    8  0.561  0.410   314.58   170.07   104.80    83.46    68.37  0    -3e-07      0.01 5.716e-01 3.679e-01 8.134e-03 6.191e-03 2.646e-02 -1.000 6.045e-02 -4.189 3.420 4.090 2.520 0.094 -2.164 -6.170 -7.243 -7.724
0.06 0.69525 9.60206 1.4185938835 2.5317331777    1.400  3.397  3.4602 -0.020    8  0.561  0.410   183.68    96.30    60.88    48.08    39.33  0 -6.09e-08      0.00 5.716e-01 3.679e-01 8.134e-03 6.191e-03 2.646e-02 -1.000 6.045e-02 -3.723 3.403 3.992 2.532 0.291 -1.834 -5.709 -6.702 -7.147
0.06 0.69525 9.60206 1.4185938835 2.5317331777    1.400  3.312  3.4752  0.125    8  0.561  0.410   136.56    74.04    47.37    37.26    30.46  2 -4.32e-08      0.00 5.716e-01 3.679e-01 8.134e-03 6.191e-03 2.646e-02 -1.000 6.045e-02 -3.510 3.374 3.841 2.548 0.338 -1.771 -5.493 -6.436 -6.859
0.06 0.69525 9.60206 1.4185940027 2.5317331889    1.398  3.144  3.5045  0.409    8  0.561  0.410    76.41    44.25    28.97    22.62    18.47  2 -2.32e-08      0.00 5.716e-01 3.679e-01 8.134e-03 6.191e-03 2.646e-02 -1.000 6.045e-02 -3.090 3.260 3.114 2.026 -0.044 -2.090 -5.046 -5.895 -6.269
0.06 0.69525 9.60206 1.4185941219 2.5317332000    1.395  3.167  3.5001  0.368    8  0.561  0.410    83.15    47.69    31.12    24.32    19.86  2 -2.52e-08      0.00 5.716e-01 3.679e-01 8.134e-03 6.191e-03 2.646e-02 -1.000 6.045e-02 -3.148 3.282 3.285 2.220 0.090 -1.987 -5.111 -5.972 -6.355
0.06 0.69525 9.60206 1.4185942411 2.5317332112    1.391  3.264  3.4825  0.199    8  0.561  0.410   117.12    64.60    41.57    32.65    26.68  2 -3.59e-08      0.00 5.716e-01 3.679e-01 8.134e-03 6.191e-03 2.646e-02 -1.000 6.045e-02 -3.389 3.364 3.746 2.547 0.345 -1.760 -5.370 -6.287 -6.699
0.06 0.69525 9.60206 1.4185943604 2.5317332224    1.386  3.384  3.4606 -0.009    8  0.561  0.410   179.26    94.16    59.58    47.05    38.48  0 -5.78e-08      0.00 5.716e-01 3.679e-01 8.134e-03 6.191e-03 2.646e-02 -1.000 6.045e-02 -3.689 3.424 4.011 2.558 0.319 -1.805 -5.674 -6.666 -7.110
0.06 0.69525 9.60206 1.4185944796 2.5317332335    1.380  3.483  3.4423 -0.184    8  0.561  0.410   250.35   128.89    80.40    63.80    52.22  0 -8.73e-08      0.00 5.716e-01 3.679e-01 8.134e-03 6.191e-03 2.646e-02 -1.000 6.045e-02 -3.937 3.434 4.087 2.540 0.217 -1.970 -5.922 -6.964 -7.426
0.06 0.69525 9.60206 1.4185947180 2.5317332559    1.373  3.544  3.4304 -0.295    8  0.561  0.410   294.50   157.44    97.32    77.46    63.44  0 -1.57e-07      0.00 5.716e-01 3.679e-01 8.134e-03 6.191e-03 2.646e-02 -1.000 6.045e-02 -4.091 3.438 4.118 2.556 0.157 -2.085 -6.076 -7.144 -7.619
0.06 0.69525 9.60206 1.4185949564 2.5317332782    1.365  3.574  3.4242 -0.351    8  0.562  0.410   319.37   174.06   107.09    85.39    69.94  0 -3.85e-07      0.02 5.716e-01 3.679e-01 8.134e-03 6.191e-03 2.646e-02 -1.000 6.045e-02 -4.164 3.497 4.169 2.612 0.153 -2.125 -6.142 -7.221 -7.706
0.06 0.69525 9.60206 1.4185951948 2.5317333005    1.357  3.583  3.4212 -0.376    8  0.562  0.410   330.38   181.63   111.52    88.99    72.90  0  -5.6e-07      0.04 5.716e-01 3.679e-01 8.134e-03 6.191e-03 2.646e-02 -1.000 6.045e-02 -4.188 3.618 4.260 2.687 0.185 -2.115 -6.152 -7.243 -7.738
0.06 0.69525 9.60206 1.4185955524 2.5317333340    1.347  3.586  3.4195 -0.389    8  0.562  0.410   335.84   185.53   113.78    90.85    74.42  0 -6.77e-07      0.05 5.716e-01 3.679e-01 8.134e-03 6.191e-03 2.646e-02 -1.000 6.045e-02 -4.195 3.697 4.321 2.736 0.211 -2.100 -6.150 -7.248 -7.748
0.06 0.69525 9.60206 1.4185955524 2.5317333340    1.347  3.460  3.4417 -0.173    8  0.562  0.410   244.21   125.70    78.45    62.29    50.97  0 -8.02e-08      0.00 5.716e-01 3.679e-01 8.134e-03 6.191e-03 2.646e-02 -1.000 6.045e-02 -3.879 3.483 4.140 2.597 0.273 -1.915 -5.864 -6.907 -7.369
0.06 0.69525 9.60206 1.4185955524 2.5317333340    1.346  3.316  3.4670  0.071    8  0.562  0.410   151.24    80.82    51.45    40.58    33.18  2 -4.45e-08      0.00 5.716e-01 3.679e-01 8.134e-03 6.191e-03 2.646e-02 -1.000 6.045e-02 -3.520 3.475 4.019 2.637 0.417 -1.697 -5.504 -6.476 -6.909
0.06 0.69525 9.60206 1.4185956717 2.5317333452    1.344  3.148  3.4963  0.355    8  0.562  0.410    84.53    48.32    31.48    24.64    20.12  2 -2.36e-08      0.00 5.716e-01 3.679e-01 8.134e-03 6.191e-03 2.646e-02 -1.000 6.045e-02 -3.101 3.380 3.486 2.412 0.262 -1.823 -5.068 -5.943 -6.331
0.06 0.69525 9.60206 1.4185957909 2.5317333563    1.341  3.171  3.4919  0.313    8  0.562  0.410    92.01    52.07    33.81    26.50    21.64  2 -2.56e-08      0.00 5.716e-01 3.679e-01 8.134e-03 6.191e-03 2.646e-02 -1.000 6.045e-02 -3.158 3.408 3.632 2.541 0.362 -1.735 -5.131 -6.019 -6.415
0.06 0.69525 9.60206 1.4185959101 2.5317333675    1.337  3.268  3.4743  0.146    8  0.562  0.410   129.61    70.48    45.14    35.54    29.05  2 -3.69e-08      0.00 5.716e-01 3.679e-01 8.134e-03 6.191e-03 2.646e-02 -1.000 6.045e-02 -3.399 3.472 3.952 2.654 0.448 -1.657 -5.382 -6.329 -6.752
0.06 0.69525 9.60206 1.4185960293 2.5317333787    1.332  3.387  3.4525 -0.063    8  0.562  0.410   198.35   102.61    64.61    51.17    41.85  0 -5.96e-08      0.00 5.716e-01 3.679e-01 8.134e-03 6.191e-03 2.646e-02 -1.000 6.045e-02 -3.698 3.510 4.134 2.633 0.367 -1.780 -5.683 -6.699 -7.149
0.06 0.69525 9.60206 1.4185961485 2.5317333898    1.326  3.486  3.4343 -0.236    8  0.562  0.410   266.56   140.33    87.12    69.32    56.74  0 -9.05e-08      0.00 5.716e-01 3.679e-01 8.134e-03 6.191e-03 2.646e-02 -1.000 6.045e-02 -3.945 3.502 4.180 2.631 0.263 -1.959 -5.932 -6.990 -7.458
0.06 0.69525 9.60206 1.4185963869 2.5317334122    1.319  3.548  3.4224 -0.348    8  0.562  0.410   313.74   171.34   105.41    84.13    68.89  0 -3.59e-07      0.02 5.716e-01 3.679e-01 8.134e-03 6.191e-03 2.646e-02 -1.000 6.045e-02 -4.099 3.544 4.228 2.689 0.221 -2.064 -6.080 -7.159 -7.642
0.06 0.69525 9.60206 1.4185966253 2.5317334345    1.312  3.577  3.4162 -0.404    8  0.562  0.410   340.43   189.43   116.00    92.74    75.96  0 -8.42e-07      0.08 5.716e-01 3.679e-01 8.134e-03 6.191e-03 2.646e-02 -1.000 6.045e-02 -4.172 3.909 4.481 2.863 0.296 -2.032 -6.104 -7.217 -7.730
0.06 0.69525 9.60206 1.4185968637 2.5317334568    1.303  3.587  3.4133 -0.429    8  0.562  0.410   352.36   197.75   120.84    96.70    79.20  0  -1.2e-06      0.15 5.716e-01 3.679e-01 8.134e-03 6.191e-03 2.646e-02 -1.000 6.045e-02 -4.197 4.301 4.739 3.034 0.393 -1.959 -6.077 -7.217 -7.757
0.06 0.69525 9.60206 1.4185972214 2.5317334903    1.293  3.589  3.4115 -0.442    8  0.562  0.410   358.40   202.10   123.36    98.77    80.90  0 -1.45e-06      0.20 5.716e-01 3.679e-01 8.134e-03 6.191e-03 2.646e-02 -1.000 6.045e-02 -4.204 4.562 4.910 3.148 0.463 -1.903 -6.049 -7.207 -7.764
0.06 0.69525 9.60206 1.4185972214 2.5317334903    1.293  3.465  3.4335 -0.229    8  0.562  0.410   261.13   137.54    85.42    68.01    55.65  0 -8.39e-08      0.00 5.716e-01 3.679e-01 8.134e-03 6.191e-03 2.646e-02 -1.000 6.045e-02 -3.892 3.549 4.232 2.687 0.317 -1.907 -5.879 -6.938 -7.405
0.06 0.69525 9.60206 1.4185972214 2.5317334903    1.291  3.322  3.4587  0.014    8  0.563  0.410   168.43    88.57    56.10    44.38    36.28  0 -4.63e-08      0.00 5.716e-01 3.679e-01 8.134e-03 6.191e-03 2.646e-02 -1.000 6.045e-02 -3.534 3.567 4.168 2.713 0.475 -1.651 -5.519 -6.517 -6.959
0.06 0.69525 9.60206 1.4185973406 2.5317335015    1.289  3.155  3.4881  0.298    8  0.563  0.410    94.16    53.04    34.38    26.99    22.04  2 -2.44e-08      0.00 5.716e-01 3.679e-01 8.134e-03 6.191e-03 2.646e-02 -1.000 6.045e-02 -3.117 3.502 3.807 2.688 0.500 -1.601 -5.093 -5.994 -6.395
0.06 0.69525 9.60206 1.4185974598 2.5317335127    1.285  3.178  3.4835  0.255    8  0.563  0.410   102.79    57.29    37.01    29.09    23.75  2 -2.67e-08      0.00 5.716e-01 3.679e-01 8.134e-03 6.191e-03 2.646e-02 -1.000 6.045e-02 -3.176 3.518 3.890 2.713 0.522 -1.579 -5.155 -6.071 -6.479
0.06 0.69525 9.60206 1.4185975790 2.5317335238    1.280  3.276  3.4659  0.085    8  0.563  0.410   145.43    77.76    49.54    39.12    31.97  2 -3.89e-08      0.00 5.716e-01 3.679e-01 8.134e-03 6.191e-03 2.646e-02 -1.000 6.045e-02 -3.419 3.571 4.125 2.737 0.520 -1.594 -5.403 -6.378 -6.812
0.06 0.69525 9.60206 1.4185976982 2.5317335350    1.274  3.396  3.4439 -0.125    8  0.563  0.410   222.57   113.64    71.16    56.53    46.23  0 -6.37e-08      0.00 5.716e-01 3.679e-01 8.134e-03 6.191e-03 2.646e-02 -1.000 6.045e-02 -3.720 3.586 4.240 2.713 0.406 -1.772 -5.705 -6.742 -7.200
0.06 0.69525 9.60206 1.4185979366 2.5317335573    1.266  3.496  3.4253 -0.302    8  0.563  0.410   289.10   156.23    96.43    76.97    63.00  0 -1.73e-07      0.00 5.716e-01 3.679e-01 8.134e-03 6.191e-03 2.646e-02 -1.000 6.045e-02 -3.970 3.550 4.253 2.729 0.300 -1.965 -5.959 -7.028 -7.502
0.06 0.69525 9.60206 1.4185981750 2.5317335797    1.257  3.559  3.4131 -0.418    8  0.563  0.410   342.48   192.04   117.41    94.04    77.00  0 -1.01e-06      0.11 5.716e-01 3.679e-01 8.134e-03 6.191e-03 2.646e-02 -1.000 6.045e-02 -4.128 4.140 4.655 2.999 0.396 -1.944 -6.038 -7.163 -7.688
0.06 0.69525 9.60206 1.4185984135 2.5317336020    1.248  3.590  3.4064 -0.479    8  0.563  0.410   374.25   214.05   130.21   104.48    85.57  0 -2.39e-06      0.50 5.716e-01 3.679e-01 8.134e-03 6.191e-03 2.646e-02 -1.000 6.045e-02 -4.206 6.184 5.965 3.878 0.929 -1.522 -5.834 -7.097 -7.756
0.06 0.69525 9.60206 1.4185986519 2.5317336243    1.236  3.603  3.4029 -0.509    8  0.563  0.410   390.43   225.54   136.85   109.93    90.04  0 -3.59e-06      0.91 5.716e-01 3.679e-01 8.134e-03 6.191e-03 2.646e-02 -1.000 6.045e-02 -4.237 8.368 7.335 4.839 1.546 -1.021 -5.563 -6.967 -7.759
0.06 0.69525 9.60206 1.4185990095 2.5317336578    1.224  3.608  3.4006 -0.528    8  0.563  0.410   400.62   232.96   141.11   113.45    92.92  0 -4.61e-06      1.36 5.716e-01 3.679e-01 8.134e-03 6.191e-03 2.646e-02 -1.000 6.045e-02 -4.251 10.711 8.772 5.868 2.229 -0.457 -5.247 -6.800 -7.724
0.06 0.69525 9.60206 1.4185990095 2.5317336578    1.224  3.485  3.4228 -0.316    8  0.563  0.410   291.68   158.83    97.88    78.25    64.03  0 -2.15e-07      0.01 5.716e-01 3.679e-01 8.134e-03 6.191e-03 2.646e-02 -1.000 6.044e-02 -3.943 3.600 4.307 2.795 0.346 -1.932 -5.932 -7.004 -7.480
0.06 0.69525 9.60206 1.4185990095 2.5317336578    1.222  3.342  3.4485 -0.071    8  0.563  0.410   198.88   101.97    64.10    50.92    41.62  0 -5.31e-08      0.00 5.716e-01 3.679e-01 8.134e-03 6.191e-03 2.646e-02 -1.000 6.045e-02 -3.586 3.650 4.293 2.781 0.501 -1.658 -5.571 -6.597 -7.050
0.06 0.69525 9.60206 1.4185991287 2.5317336690    1.219  3.176  3.4784  0.214    8  0.563  0.410   110.42    60.81    39.13    30.84    25.18  2 -2.76e-08      0.00 5.716e-01 3.679e-01 8.134e-03 6.191e-03 2.646e-02 -1.000 6.045e-02 -3.169 3.605 4.046 2.806 0.612 -1.489 -5.151 -6.084 -6.500
0.06 0.69525 9.60206 1.4185992479 2.5317336801    1.215  3.199  3.4738  0.171    8  0.563  0.410   120.71    65.74    42.15    33.27    27.16  2 -3.03e-08      0.00 5.716e-01 3.679e-01 8.134e-03 6.191e-03 2.646e-02 -1.000 6.045e-02 -3.228 3.624 4.112 2.814 0.615 -1.488 -5.210 -6.160 -6.583
0.06 0.69525 9.60206 1.4185993671 2.5317336913    1.210  3.296  3.4558 -0.000    8  0.563  0.410   171.42    89.41    56.53    44.83    36.63  0 -4.44e-08      0.00 5.716e-01 3.679e-01 8.134e-03 6.191e-03 2.646e-02 -1.000 6.045e-02 -3.470 3.660 4.275 2.806 0.558 -1.576 -5.455 -6.461 -6.906
0.06 0.69525 9.60206 1.4185994864 2.5317337025    1.204  3.416  3.4333 -0.212    8  0.564  0.410   247.99   130.97    81.39    64.92    53.09  0 -7.32e-08      0.00 5.716e-01 3.679e-01 8.134e-03 6.191e-03 2.646e-02 -1.000 6.045e-02 -3.770 3.654 4.340 2.802 0.434 -1.790 -5.758 -6.816 -7.282
0.06 0.69525 9.60206 1.4185997248 2.5317337248    1.197  3.515  3.4144 -0.390    8  0.564  0.410   323.29   180.43   110.50    88.58    72.49  0 -6.66e-07      0.05 5.716e-01 3.679e-01 8.134e-03 6.191e-03 2.646e-02 -1.000 6.045e-02 -4.019 3.895 4.523 2.948 0.405 -1.917 -5.972 -7.073 -7.575
0.06 0.69525 9.60206 1.4185999632 2.5317337471    1.188  3.578  3.4019 -0.506    8  0.564  0.410   384.02   222.17   134.77   108.40    88.75  0 -3.41e-06      0.89 5.716e-01 3.679e-01 8.134e-03 6.191e-03 2.646e-02 -1.000 6.045e-02 -4.176 8.325 7.330 4.853 1.576 -0.985 -5.516 -6.914 -7.699
0.06 0.69525 9.60206 1.4186002016 2.5317337695    1.178  3.609  3.3950 -0.568    8  0.564  0.410   420.46   247.98   149.66   120.61    98.77  0 -5.54e-06      1.71 5.716e-01 3.679e-01 8.134e-03 6.191e-03 2.646e-02 -1.000 6.045e-02 -4.253 12.567 9.916 6.689 2.775 -0.006 -4.993 -6.662 -7.691
0.06 0.69525 9.60206 1.4186004400 2.5317337918    1.166  3.622  3.3914 -0.599    8  0.564  0.410   419.18    -1.00    -1.00    -1.00    -1.00  0  -5.7e-06      1.73 5.716e-01 3.679e-01 8.134e-03 6.191e-03 2.646e-02 -1.000 6.045e-02 -4.285 12.678 9.979 6.722 2.785 -0.004 -5.009 -6.686 -7.723
0.06 0.69525 9.60206 1.4186007977 2.5317338253    1.154  3.627  3.3889 -0.619    8  0.564  0.410   416.93    -1.00    -1.00    -1.00    -1.00  0 -5.77e-06      1.74 5.716e-01 3.679e-01 8.134e-03 6.191e-03 2.646e-02 -1.000 6.045e-02 -4.298 12.731 10.009 6.737 2.790 -0.004 -5.016 -6.697 -7.738
0.06 0.69525 9.60206 1.4186007977 2.5317338253    1.153  3.506  3.4114 -0.408    8  0.564  0.410   328.36   184.78   112.95    90.70    74.21  0 -8.63e-07      0.09 5.716e-01 3.679e-01 8.134e-03 6.191e-03 2.646e-02 -1.000 6.045e-02 -3.995 4.141 4.699 3.073 0.492 -1.841 -5.921 -7.037 -7.554
0.06 0.69525 9.60206 1.4186007977 2.5317338253    1.151  3.363  3.4376 -0.162    8  0.564  0.410   226.17   118.22    73.73    58.82    48.07  0 -6.15e-08      0.00 5.716e-01 3.679e-01 8.134e-03 6.191e-03 2.646e-02 -1.000 6.045e-02 -3.638 3.722 4.398 2.867 0.528 -1.676 -5.626 -6.675 -7.137
0.06 0.69525 9.60206 1.4186009169 2.5317338364    1.148  3.197  3.4683  0.127    8  0.564  0.410   130.73    70.17    44.80    35.47    28.95  2 -3.17e-08      0.00 5.716e-01 3.679e-01 8.134e-03 6.191e-03 2.646e-02 -1.000 6.045e-02 -3.222 3.713 4.252 2.893 0.685 -1.422 -5.205 -6.174 -6.603
0.06 0.69525 9.60206 1.4186010361 2.5317338476    1.144  3.220  3.4636  0.082    8  0.564  0.410   143.18    75.95    48.31    38.30    31.27  0 -3.49e-08      0.00 5.716e-01 3.679e-01 8.134e-03 6.191e-03 2.646e-02 -1.000 6.045e-02 -3.281 3.726 4.298 2.892 0.673 -1.443 -5.265 -6.248 -6.683
0.06 0.69525 9.60206 1.4186011553 2.5317338588    1.138  3.317  3.4451 -0.090    8  0.564  0.410   202.18   103.60    64.98    51.76    42.29  0 -5.15e-08      0.00 5.716e-01 3.679e-01 8.134e-03 6.191e-03 2.646e-02 -1.000 6.045e-02 -3.522 3.744 4.398 2.882 0.586 -1.586 -5.508 -6.541 -6.996
0.06 0.69525 9.60206 1.4186012745 2.5317338699    1.130  3.436  3.4221 -0.304    8  0.564  0.410   278.76   152.32    93.88    75.23    61.51  0 -1.74e-07      0.00 5.716e-01 3.679e-01 8.134e-03 6.191e-03 2.646e-02 -1.000 6.045e-02 -3.820 3.690 4.408 2.910 0.462 -1.817 -5.812 -6.882 -7.355
0.06 0.69525 9.60206 1.4186015129 2.5317338923    1.122  3.535  3.4026 -0.485    8  0.565  0.410   365.24   210.62   127.91   103.02    84.30  0  -2.5e-06      0.62 5.716e-01 3.679e-01 8.134e-03 6.191e-03 2.646e-02 -1.000 6.045e-02 -4.068 6.983 6.520 4.312 1.261 -1.225 -5.606 -6.911 -7.609
0.06 0.69525 9.60206 1.4186017513 2.5317339146    1.111  3.598  3.3897 -0.603    8  0.565  0.410   409.14    -1.00    -1.00    -1.00    -1.00  0 -5.39e-06      1.69 5.716e-01 3.679e-01 8.134e-03 6.191e-03 2.646e-02 -1.000 6.045e-02 -4.224 12.524 9.909 6.687 2.782 0.003 -4.979 -6.643 -7.668
0.06 0.69525 9.60206 1.4186019897 2.5317339369    1.100  3.628  3.3826 -0.667    8  0.565  0.410   406.99    -1.00    -1.00    -1.00    -1.00  0 -5.79e-06      1.74 5.716e-01 3.679e-01 8.134e-03 6.191e-03 2.646e-02 -1.000 6.045e-02 -4.301 12.777 10.044 6.755 2.797 0.000 -5.019 -6.702 -7.746
0.06 0.69525 9.60206 1.4186022282 2.5317339593    1.087  3.641  3.3787 -0.700    8  0.565  0.410   404.57    -1.00    -1.00    -1.00    -1.00  0 -5.95e-06      1.76 5.716e-01 3.679e-01 8.134e-03 6.191e-03 2.646e-02 -1.000 6.045e-02 -4.332 12.883 10.103 6.784 2.805 -0.000 -5.035 -6.726 -7.778
0.06 0.69525 9.60206 1.4186025858 2.5317339928    1.073  3.646  3.3760 -0.722    8  0.565  0.410   401.89    -1.00    -1.00    -1.00    -1.00  0 -6.03e-06      1.78 5.716e-01 3.679e-01 8.134e-03 6.191e-03 2.646e-02 -1.000 6.045e-02 -4.346 12.948 10.139 6.805 2.812 0.003 -5.040 -6.735 -7.792
0.06 0.69525 9.60206 1.4186025858 2.5317339928    1.072  3.527  3.3989 -0.511    8  0.565  0.410   374.64   218.22   132.18   106.69    87.28  0 -3.49e-06      1.03 5.716e-01 3.679e-01 8.134e-03 6.191e-03 2.646e-02 -1.000 6.045e-02 -4.047 9.180 7.909 5.305 1.919 -0.679 -5.286 -6.729 -7.556
0.06 0.69525 9.60206 1.4186025858 2.5317339928    1.070  3.385  3.4262 -0.261    8  0.565  0.410   255.94   138.74    85.76    68.77    56.19  0 -8.38e-08      0.00 5.716e-01 3.679e-01 8.134e-03 6.191e-03 2.646e-02 -1.000 6.045e-02 -3.692 3.781 4.491 2.975 0.559 -1.698 -5.683 -6.749 -7.220
0.06 0.69525 9.60206 1.4186027050 2.5317340039    1.067  3.218  3.4580  0.032    8  0.565  0.410   156.85    81.67    51.70    41.14    33.57  0 -3.75e-08      0.00 5.716e-01 3.679e-01 8.134e-03 6.191e-03 2.646e-02 -1.000 6.045e-02 -3.275 3.812 4.418 2.965 0.730 -1.397 -5.260 -6.260 -6.701
0.06 0.69525 9.60206 1.4186028242 2.5317340151    1.062  3.242  3.4532 -0.013    8  0.565  0.410   172.00    88.45    55.79    44.45    36.28  0 -4.13e-08      0.00 5.716e-01 3.679e-01 8.134e-03 6.191e-03 2.646e-02 -1.000 6.045e-02 -3.334 3.821 4.448 2.966 0.711 -1.431 -5.319 -6.332 -6.778
0.06 0.69525 9.60206 1.4186029434 2.5317340263    1.056  3.337  3.4342 -0.187    8  0.565  0.410   227.74   121.02    75.25    60.24    49.21  0 -6.11e-08      0.00 5.716e-01 3.679e-01 8.134e-03 6.191e-03 2.646e-02 -1.000 6.045e-02 -3.573 3.822 4.508 2.977 0.617 -1.602 -5.562 -6.617 -7.081
0.06 0.69525 9.60206 1.4186030626 2.5317340374    1.049  3.456  3.4105 -0.403    8  0.565  0.410   315.76   178.55   109.08    87.85    71.82  0 -7.72e-07      0.08 5.716e-01 3.679e-01 8.134e-03 6.191e-03 2.646e-02 -1.000 6.045e-02 -3.869 4.202 4.781 3.169 0.599 -1.731 -5.803 -6.916 -7.428
0.06 0.69525 9.60206 1.4186033010 2.5317340597    1.040  3.554  3.3905 -0.585    8  0.565  0.410   395.76    -1.00    -1.00    -1.00    -1.00  0 -4.87e-06      1.61 5.716e-01 3.679e-01 8.134e-03 6.191e-03 2.646e-02 -1.000 6.045e-02 -4.115 12.212 9.756 6.610 2.767 0.010 -4.927 -6.564 -7.566
0.06 0.69525 9.60206 1.4186035395 2.5317340821    1.030  3.616  3.3773 -0.704    8  0.566  0.410   393.81    -1.00    -1.00    -1.00    -1.00  0 -5.62e-06      1.72 5.716e-01 3.679e-01 8.134e-03 6.191e-03 2.646e-02 -1.000 6.045e-02 -4.270 12.725 10.030 6.749 2.801 0.007 -5.004 -6.681 -7.721
0.06 0.69525 9.60206 1.4186037779 2.5317341044    1.019  3.646  3.3701 -0.768    8  0.566  0.410   391.59    -1.00    -1.00    -1.00    -1.00  0 -6.03e-06      1.77 5.716e-01 3.679e-01 8.134e-03 6.191e-03 2.646e-02 -1.000 6.045e-02 -4.345 12.975 10.162 6.818 2.817 0.005 -5.042 -6.738 -7.797
0.06 0.69525 9.60206 1.4186041355 2.5317341379    1.006  3.658  3.3663 -0.800    8  0.566  0.410   389.09    -1.00    -1.00    -1.00    -1.00  0 -6.19e-06      1.81 5.716e-01 3.679e-01 8.134e-03 6.191e-03 2.646e-02 -1.000 6.045e-02 -4.375 13.149 10.259 6.875 2.845 0.022 -5.047 -6.754 -7.824
0.06 0.69525 9.60206 1.4186044931 2.5317341714    0.991  3.663  3.3637 -0.822    8  0.566  0.410   381.92    -1.00    -1.00    -1.00    -1.00  0 -6.27e-06      1.83 5.716e-01 3.679e-01 8.134e-03 6.191e-03 2.646e-02 -1.000 6.045e-02 -4.388 13.232 10.310 6.910 2.861 0.030 -5.050 -6.762 -7.838
0.06 0.69525 9.60206 1.4186044931 2.5317341714    0.991  3.546  3.3872 -0.611    8  0.566  0.410   381.50    -1.00    -1.00    -1.00    -1.00  0 -4.78e-06      1.60 5.716e-01 3.679e-01 8.134e-03 6.191e-03 2.646e-02 -1.000 6.045e-02 -4.094 12.178 9.748 6.607 2.771 0.016 -4.917 -6.551 -7.550
0.06 0.69525 9.60206 1.4186044931 2.5317341714    0.989  3.404  3.4155 -0.357    8  0.566  0.410   288.52   161.76    99.13    79.89    65.27  0 -3.81e-07      0.02 5.716e-01 3.679e-01 8.134e-03 6.191e-03 2.646e-02 -1.000 6.045e-02 -3.739 3.936 4.631 3.116 0.613 -1.695 -5.720 -6.803 -7.289
0.06 0.69525 9.60206 1.4186046124 2.5317341826    0.985  3.237  3.4486 -0.059    8  0.566  0.410   182.71    94.38    59.25    47.38    38.66  0 -4.48e-08      0.00 5.716e-01 3.679e-01 8.134e-03 6.191e-03 2.646e-02 -1.000 6.045e-02 -3.323 3.900 4.543 3.035 0.759 -1.399 -5.308 -6.333 -6.785
0.06 0.69525 9.60206 1.4186047316 2.5317341937    0.980  3.260  3.4436 -0.105    8  0.566  0.410   195.53   102.34    64.01    51.26    41.83  0 -4.95e-08      0.00 5.716e-01 3.679e-01 8.134e-03 6.191e-03 2.646e-02 -1.000 6.045e-02 -3.381 3.905 4.563 3.042 0.738 -1.439 -5.367 -6.404 -6.860
0.06 0.69525 9.60206 1.4186048508 2.5317342049    0.974  3.355  3.4239 -0.281    8  0.566  0.410   255.64   140.60    86.68    69.75    56.96  0 -1.15e-07      0.00 5.716e-01 3.679e-01 8.134e-03 6.191e-03 2.646e-02 -1.000 6.045e-02 -3.619 3.867 4.584 3.079 0.648 -1.622 -5.611 -6.678 -7.150
0.06 0.69525 9.60206 1.4186049700 2.5317342161    0.966  3.473  3.3995 -0.500    8  0.566  0.410   356.42   208.43   126.21   102.19    83.53  0 -2.91e-06      0.87 5.716e-01 3.679e-01 8.134e-03 6.191e-03 2.646e-02 -1.000 6.045e-02 -3.912 8.473 7.519 5.065 1.806 -0.748 -5.267 -6.658 -7.436
0.06 0.69525 9.60206 1.4186052084 2.5317342384    0.956  3.570  3.3788 -0.684    8  0.567  0.410   357.76    -1.00    -1.00    -1.00    -1.00  0 -5.06e-06      1.64 5.716e-01 3.679e-01 8.134e-03 6.191e-03 2.646e-02 -1.000 6.045e-02 -4.155 12.406 9.876 6.672 2.789 0.017 -4.948 -6.599 -7.614
0.06 0.69525 9.60206 1.4186054468 2.5317342607    0.945  3.631  3.3652 -0.805    8  0.567  0.410   350.27    -1.00    -1.00    -1.00    -1.00  0 -5.82e-06      1.75 5.716e-01 3.679e-01 8.134e-03 6.191e-03 2.646e-02 -1.000 6.045e-02 -4.308 12.892 10.132 6.804 2.816 0.008 -5.028 -6.714 -7.767
0.06 0.69525 9.60206 1.4186056852 2.5317342830    0.932  3.661  3.3579 -0.870    8  0.567  0.410   341.86    -1.00    -1.00    -1.00    -1.00  0 -6.23e-06      1.82 5.716e-01 3.679e-01 8.134e-03 6.191e-03 2.646e-02 -1.000 6.045e-02 -4.382 13.246 10.333 6.932 2.868 0.030 -5.054 -6.765 -7.841
0.06 0.69525 9.60206 1.4186060429 2.5317343165    0.918  3.672  3.3542 -0.902    8  0.567  0.410   332.60    -1.00    -1.00    -1.00    -1.00  0  -6.4e-06      1.85 5.716e-01 3.679e-01 8.134e-03 6.191e-03 2.646e-02 -1.000 6.045e-02 -4.410 13.416 10.432 6.997 2.898 0.046 -5.059 -6.782 -7.869
0.06 0.69525 9.60206 1.4186064005 2.5317343500    0.903  3.677  3.3519 -0.923    8  0.567  0.410   322.56    -1.00    -1.00    -1.00    -1.00  0 -6.46e-06      1.87 5.716e-01 3.679e-01 8.134e-03 6.191e-03 2.646e-02 -1.000 6.045e-02 -4.421 13.472 10.461 7.014 2.907 0.052 -5.061 -6.787 -7.878
0.06 0.69525 9.60206 1.4186064005 2.5317343500    0.902  3.561  3.3760 -0.712    8  0.567  0.410   321.97    -1.00    -1.00    -1.00    -1.00  0 -4.96e-06      1.62 5.716e-01 3.679e-01 8.134e-03 6.191e-03 2.646e-02 -1.000 6.045e-02 -4.133 12.365 9.864 6.667 2.790 0.021 -4.939 -6.584 -7.597
0.06 0.69525 9.60206 1.4186064005 2.5317343500    0.900  3.420  3.4055 -0.454    8  0.567  0.410   320.52    -1.00    -1.00    -1.00    -1.00  0 -1.51e-06      0.37 5.716e-01 3.679e-01 8.134e-03 6.191e-03 2.646e-02 -1.000 6.045e-02 -3.779 5.894 5.924 3.981 1.149 -1.265 -5.503 -6.719 -7.333
0.06 0.69525 9.60206 1.4186065197 2.5317343612    0.896  3.253  3.4402 -0.151    8  0.567  0.410   202.93   108.67    67.65    54.40    44.37  0  -5.5e-08      0.00 5.716e-01 3.679e-01 8.134e-03 6.191e-03 2.646e-02 -1.000 6.045e-02 -3.364 3.980 4.647 3.113 0.787 -1.406 -5.350 -6.395 -6.856
0.06 0.69525 9.60206 1.4186066389 2.5317343724    0.890  3.277  3.4350 -0.197    8  0.567  0.410   217.48   118.03    73.19    58.94    48.08  0 -6.09e-08      0.00 5.716e-01 3.679e-01 8.134e-03 6.191e-03 2.646e-02 -1.000 6.045e-02 -3.421 3.983 4.664 3.127 0.770 -1.447 -5.409 -6.464 -6.929
0.06 0.69525 9.60206 1.4186067581 2.5317343835    0.883  3.371  3.4146 -0.377    8  0.567  0.410   285.68   162.98    99.59    80.61    65.80  0 -4.99e-07      0.04 5.716e-01 3.679e-01 8.134e-03 6.191e-03 2.646e-02 -1.000 6.045e-02 -3.658 4.154 4.811 3.262 0.736 -1.581 -5.623 -6.717 -7.212
0.06 0.69525 9.60206 1.4186068773 2.5317343947    0.873  3.488  3.3893 -0.599    8  0.568  0.410   303.74    -1.00    -1.00    -1.00    -1.00  0 -4.19e-06      1.49 5.716e-01 3.679e-01 8.134e-03 6.191e-03 2.646e-02 -1.000 6.045e-02 -3.950 11.764 9.549 6.505 2.750 0.024 -4.850 -6.449 -7.416
0.06 0.69525 9.60206 1.4186071157 2.5317344170    0.862  3.584  3.3682 -0.786    8  0.568  0.410   296.88    -1.00    -1.00    -1.00    -1.00  0 -5.23e-06      1.66 5.716e-01 3.679e-01 8.134e-03 6.191e-03 2.646e-02 -1.000 6.045e-02 -4.191 12.571 9.977 6.726 2.805 0.020 -4.969 -6.629 -7.657
0.06 0.69525 9.60206 1.4186073542 2.5317344394    0.850  3.645  3.3545 -0.908    8  0.568  0.410   289.04    -1.00    -1.00    -1.00    -1.00  0 -6.01e-06      1.77 5.716e-01 3.679e-01 8.134e-03 6.191e-03 2.646e-02 -1.000 6.045e-02 -4.342 13.071 10.252 6.888 2.844 0.010 -5.051 -6.748 -7.815
0.06 0.69525 9.60206 1.4186075926 2.5317344617    0.835  3.674  3.3477 -0.972    8  0.568  0.410   280.29    -1.00    -1.00    -1.00    -1.00  0 -6.43e-06      1.86 5.716e-01 3.679e-01 8.134e-03 6.191e-03 2.646e-02 -1.000 6.045e-02 -4.416 13.443 10.447 7.006 2.903 0.049 -5.060 -6.784 -7.874
0.06 0.69525 9.60206 1.4186079502 2.5317344952    0.820  3.686  3.3449 -1.003    8  0.568  0.410   270.73    -1.00    -1.00    -1.00    -1.00  0  -6.6e-06      1.89 5.716e-01 3.679e-01 8.134e-03 6.191e-03 2.646e-02 -1.000 6.045e-02 -4.444 13.584 10.520 7.049 2.925 0.063 -5.064 -6.798 -7.896
0.06 0.69525 9.60206 1.4186083078 2.5317345287    0.802  3.690  3.3438 -1.020    8  0.568  0.410   260.42    -1.00    -1.00    -1.00    -1.00  0 -6.67e-06      1.91 5.716e-01 3.679e-01 8.134e-03 6.191e-03 2.646e-02 -1.000 6.045e-02 -4.455 13.639 10.549 7.067 2.933 0.068 -5.065 -6.804 -7.905
0.06 0.69525 9.60206 1.4186083078 2.5317345287    0.801  3.577  3.3688 -0.808    8  0.568  0.410   260.02    -1.00    -1.00    -1.00    -1.00  0 -5.14e-06      1.65 5.716e-01 3.679e-01 8.134e-03 6.191e-03 2.646e-02 -1.000 6.045e-02 -4.172 12.536 9.967 6.723 2.807 0.023 -4.962 -6.617 -7.643
0.06 0.69525 9.60206 1.4186083078 2.5317345287    0.799  3.436  3.3999 -0.543    8  0.568  0.410   258.81    -1.00    -1.00    -1.00    -1.00  0 -3.71e-06      1.39 5.716e-01 3.679e-01 8.134e-03 6.191e-03 2.646e-02 -1.000 6.045e-02 -3.820 11.330 9.321 6.383 2.715 0.019 -4.792 -6.356 -7.291
0.06 0.69525 9.60206 1.4186084270 2.5317345398    0.796  3.270  3.4368 -0.232    8  0.568  0.410   220.25   122.07    75.39    60.99    49.72  0 -7.37e-08      0.00 5.716e-01 3.679e-01 8.134e-03 6.191e-03 2.646e-02 -1.000 6.045e-02 -3.404 4.030 4.700 3.146 0.790 -1.421 -5.391 -6.444 -6.911
0.06 0.69525 9.60206 1.4186085463 2.5317345510    0.791  3.293  3.4321 -0.277    8  0.569  0.410   235.49   132.18    81.33    65.89    53.72  0 -1.02e-07      0.00 5.716e-01 3.679e-01 8.134e-03 6.191e-03 2.646e-02 -1.000 6.045e-02 -3.462 4.034 4.715 3.156 0.770 -1.463 -5.448 -6.512 -6.984
0.06 0.69525 9.60206 1.4186086655 2.5317345622    0.784  3.387  3.4116 -0.456    8  0.569  0.410   249.74    -1.00    -1.00    -1.00    -1.00  0 -1.48e-06      0.38 5.716e-01 3.679e-01 8.134e-03 6.191e-03 2.646e-02 -1.000 6.045e-02 -3.697 6.046 6.051 4.095 1.251 -1.166 -5.411 -6.632 -7.251
0.06 0.69525 9.60206 1.4186087847 2.5317345733    0.775  3.503  3.3864 -0.678    8  0.569  0.410   244.91    -1.00    -1.00    -1.00    -1.00  0 -4.33e-06      1.52 5.716e-01 3.679e-01 8.134e-03 6.191e-03 2.646e-02 -1.000 6.045e-02 -3.987 11.935 9.652 6.558 2.768 0.029 -4.870 -6.480 -7.460
0.06 0.69525 9.60206 1.4186090231 2.5317345957    0.765  3.599  3.3655 -0.863    8  0.569  0.410   239.22    -1.00    -1.00    -1.00    -1.00  0  -5.4e-06      1.69 5.716e-01 3.679e-01 8.134e-03 6.191e-03 2.646e-02 -1.000 6.045e-02 -4.227 12.730 10.079 6.793 2.825 0.020 -4.992 -6.662 -7.702
0.06 0.69525 9.60206 1.4186092615 2.5317346180    0.754  3.659  3.3528 -0.980    8  0.569  0.410   232.73    -1.00    -1.00    -1.00    -1.00  0  -6.2e-06      1.81 5.716e-01 3.679e-01 8.134e-03 6.191e-03 2.646e-02 -1.000 6.045e-02 -4.377 13.247 10.344 6.944 2.872 0.029 -5.055 -6.765 -7.843
0.06 0.69525 9.60206 1.4186094999 2.5317346403    0.741  3.688  3.3473 -1.039    8  0.569  0.410   225.49    -1.00    -1.00    -1.00    -1.00  0 -6.64e-06      1.90 5.716e-01 3.679e-01 8.134e-03 6.191e-03 2.646e-02 -1.000 6.045e-02 -4.450 13.614 10.535 7.059 2.929 0.066 -5.065 -6.801 -7.901
0.06 0.69525 9.60206 1.4186098576 2.5317346738    0.726  3.699  3.3463 -1.063    8  0.569  0.410   217.57    -1.00    -1.00    -1.00    -1.00  0 -6.81e-06      1.93 5.716e-01 3.679e-01 8.134e-03 6.191e-03 2.646e-02 -1.000 6.045e-02 -4.478 13.753 10.608 7.102 2.951 0.080 -5.068 -6.815 -7.924
0.06 0.69525 9.60206 1.4186102152 2.5317347073    0.710  3.704  3.3472 -1.073    8  0.570  0.410   209.05    -1.00    -1.00    -1.00    -1.00  0 -6.88e-06      1.95 5.716e-01 3.679e-01 8.134e-03 6.191e-03 2.646e-02 -1.000 6.045e-02 -4.489 13.808 10.636 7.119 2.959 0.085 -5.070 -6.821 -7.933
0.06 0.69525 9.60206 1.4186130762 2.5317349753    0.571 -9.999  4.0000  1.597    9  0.571  0.000     0.00     0.00     0.00     0.00     0.00 -1    -1e-30      0.00 5.716e-01 3.679e-01 8.134e-03 6.191e-03 2.646e-02 -1.000 6.045e-02 29.767 29.659 29.932 29.989 29.976 29.980 30.037 30.040 30.061
#isochrone terminated
