# File generated by CMD 3.9 (http://stev.oapd.inaf.it/cmd) on Thu Apr 30 04:20:23 UTC 2026
# isochrones based on PARSEC release v1.2S +  COLIBRI S_37 + S_35 + PR16
# Basic references: Bressan et al. (2012), MNRAS, 427, 127 + Chen et al. (2014, 2015), MNRAS, 444, 2525 + MNRAS, 452, 1068 + Tang et al. (2014), MNRAS, 445, 4287 + Marigo et al. (2017), ApJ, 835, 77 + Pastorelli al. (2019), MNRAS, 485, 5666 + Pastorelli al. (2020), MNRAS, in press
# Thermal pulse cycles included 
# On RGB, assumed Reimers mass loss with efficiency eta=0.2
# LPV periods and growth rates added cf. Trabucchi et al. (2019)
# but fundamental-mode LPV periods + transition are from Trabucchi et al. (2021)
# Photometric system: <i>UBVRIJHK</i> (cf. Maiz-Apellaniz 2006 + Bessell 1990)
# Using YBC version of bolometric corrections as in Chen et al. (2019)
# O-rich circumstellar dpmod60alox40 dust from Groenewegen (2006)
# C-rich circumstellar AMCSIC15 dust from Groenewegen (2006)
# IMF: Kroupa (2001, 2002) + Kroupa et al. (2013) canonical two-part-power law IMF corrected for unresolved binaries 
# Kind of output: isochrone tables
# Zini     MH   logAge Mini        int_IMF         Mass   logL    logTe  logg  label   McoreTP C_O  period0  period1  period2  period3  period4  pmode  Mloss  tau1m   X   Y   Xc  Xn  Xo  Cexcess  Z 	 mbolmag  Umag    Bmag    Vmag    Rmag    Imag    Jmag    Hmag    Kmag
0.0152 0.01508 6.69897 0.0951665044 1.1294131285    0.095 -1.778  3.4083  3.780    0  0.000  0.545     0.00     0.00     0.00     0.00     0.00 -1 -8.79e-15      0.00 7.092e-01 2.755e-01 2.746e-03 7.408e-04 6.719e-03 -1.000 1.527e-02 9.216 16.264 14.982 13.550 11.724 9.647 7.165 6.588 6.187
0.0152 0.01508 6.69897 0.0990788862 1.1633656347    0.099 -1.762  3.4099  3.788    0  0.000  0.545     0.00     0.00     0.00     0.00     0.00 -1 -8.89e-15      0.00 7.092e-01 2.755e-01 2.746e-03 7.408e-04 6.719e-03 -1.000 1.527e-02 9.175 16.230 14.943 13.510 11.682 9.605 7.123 6.546 6.146
0.0152 0.01508 6.69897 0.1031958088 1.1972607474    0.103 -1.739  3.4124  3.792    0  0.000  0.545     0.00     0.00     0.00     0.00     0.00 -1 -9.17e-15      0.00 7.092e-01 2.755e-01 2.746e-03 7.408e-04 6.719e-03 -1.000 1.527e-02 9.117 16.177 14.887 13.453 11.625 9.548 7.066 6.488 6.089
0.0152 0.01508 6.69897 0.1125131696 1.2678708900    0.112 -1.691  3.4172  3.801    0  0.000  0.545     0.00     0.00     0.00     0.00     0.00 -1  -9.7e-15      0.00 7.092e-01 2.755e-01 2.746e-03 7.408e-04 6.719e-03 -1.000 1.527e-02 8.998 16.026 14.736 13.300 11.482 9.412 6.948 6.370 5.973
0.0152 0.01508 6.69897 0.1258938164 1.3569639539    0.126 -1.636  3.4229  3.817    0  0.000  0.545     0.00     0.00     0.00     0.00     0.00 -1 -1.02e-14      0.00 7.092e-01 2.755e-01 2.746e-03 7.408e-04 6.719e-03 -1.000 1.527e-02 8.860 15.749 14.470 13.033 11.252 9.213 6.817 6.238 5.846
0.0152 0.01508 6.69897 0.1347586662 1.4094737284    0.135 -1.598  3.4268  3.825    0  0.000  0.545     0.00     0.00     0.00     0.00     0.00 -1 -1.07e-14      0.00 7.092e-01 2.755e-01 2.746e-03 7.408e-04 6.719e-03 -1.000 1.527e-02 8.766 15.524 14.258 12.822 11.076 9.065 6.729 6.150 5.763
0.0152 0.01508 6.69897 0.1476062685 1.4780881331    0.148 -1.547  3.4325  3.836    0  0.000  0.545     0.00     0.00     0.00     0.00     0.00 -1 -1.13e-14      0.00 7.092e-01 2.755e-01 2.746e-03 7.408e-04 6.719e-03 -1.000 1.527e-02 8.637 15.207 13.962 12.529 10.833 8.861 6.610 6.029 5.650
0.0152 0.01508 6.69897 0.1567201465 1.5222202312    0.157 -1.514  3.4362  3.844    0  0.000  0.545     0.00     0.00     0.00     0.00     0.00 -1 -1.18e-14      0.00 7.092e-01 2.755e-01 2.746e-03 7.408e-04 6.719e-03 -1.000 1.527e-02 8.554 15.011 13.777 12.351 10.684 8.735 6.533 5.950 5.577
0.0152 0.01508 6.69897 0.1694417149 1.5785328504    0.169 -1.461  3.4428  3.851    0  0.000  0.545     0.00     0.00     0.00     0.00     0.00 -1 -1.27e-14      0.00 7.092e-01 2.755e-01 2.746e-03 7.408e-04 6.719e-03 -1.000 1.527e-02 8.423 14.679 13.468 12.054 10.437 8.529 6.412 5.827 5.464
0.0152 0.01508 6.69897 0.1817221195 1.6279085777    0.182 -1.416  3.4482  3.858    0  0.000  0.545     0.00     0.00     0.00     0.00     0.00 -1 -1.35e-14      0.00 7.092e-01 2.755e-01 2.746e-03 7.408e-04 6.719e-03 -1.000 1.527e-02 8.309 14.406 13.212 11.808 10.232 8.357 6.306 5.719 5.365
0.0152 0.01508 6.69897 0.1963359565 1.6812986505    0.196 -1.374  3.4525  3.867    0  0.000  0.545     0.00     0.00     0.00     0.00     0.00 -1 -1.41e-14      0.00 7.092e-01 2.755e-01 2.746e-03 7.408e-04 6.719e-03 -1.000 1.527e-02 8.206 14.182 12.998 11.599 10.055 8.209 6.211 5.621 5.274
0.0152 0.01508 6.69897 0.2135923505 1.7380547218    0.214 -1.322  3.4589  3.877    0  0.000  0.545     0.00     0.00     0.00     0.00     0.00 -1 -1.51e-14      0.00 7.092e-01 2.755e-01 2.746e-03 7.408e-04 6.719e-03 -1.000 1.527e-02 8.075 13.879 12.708 11.315 9.817 8.015 6.092 5.498 5.161
0.0152 0.01508 6.69897 0.2313415259 1.7905279096    0.231 -1.272  3.4648  3.886    0  0.000  0.545     0.00     0.00     0.00     0.00     0.00 -1 -1.61e-14      0.00 7.092e-01 2.755e-01 2.746e-03 7.408e-04 6.719e-03 -1.000 1.527e-02 7.950 13.615 12.452 11.067 9.608 7.841 5.978 5.378 5.052
0.0152 0.01508 6.69897 0.2493823618 1.8387555452    0.249 -1.232  3.4693  3.896    0  0.000  0.545     0.00     0.00     0.00     0.00     0.00 -1 -1.68e-14      0.00 7.092e-01 2.755e-01 2.746e-03 7.408e-04 6.719e-03 -1.000 1.527e-02 7.850 13.414 12.255 10.877 9.445 7.704 5.885 5.281 4.963
0.0152 0.01508 6.69897 0.2689957321 1.8862912949    0.269 -1.183  3.4756  3.905    0  0.000  0.545     0.00     0.00     0.00     0.00     0.00 -1 -1.79e-14      0.00 7.092e-01 2.755e-01 2.746e-03 7.408e-04 6.719e-03 -1.000 1.527e-02 7.728 13.161 12.006 10.634 9.239 7.536 5.775 5.164 4.855
0.0152 0.01508 6.69897 0.2957793474 1.9443833818    0.296 -1.124  3.4829  3.917    0  0.000  0.545     0.00     0.00     0.00     0.00     0.00 -1 -1.93e-14      0.00 7.092e-01 2.755e-01 2.746e-03 7.408e-04 6.719e-03 -1.000 1.527e-02 7.581 12.874 11.718 10.348 8.993 7.338 5.643 5.023 4.726
0.0152 0.01508 6.69897 0.3000000119 1.9529139769    0.300 -1.116  3.4839  3.919    0  0.000  0.545     0.00     0.00     0.00     0.00     0.00 -1 -1.95e-14      0.00 7.092e-01 2.755e-01 2.746e-03 7.408e-04 6.719e-03 -1.000 1.527e-02 7.560 12.837 11.679 10.308 8.958 7.311 5.625 5.003 4.707
0.0152 0.01508 6.69897 0.3169916868 1.9857413396    0.317 -1.081  3.4887  3.927    0  0.000  0.545     0.00     0.00     0.00     0.00     0.00 -1 -2.04e-14      0.00 7.092e-01 2.755e-01 2.746e-03 7.408e-04 6.719e-03 -1.000 1.527e-02 7.473 12.670 11.508 10.133 8.805 7.194 5.549 4.920 4.631
0.0152 0.01508 6.69897 0.3500000238 2.0434175133    0.350 -1.018  3.4970  3.939    0  0.000  0.545     0.00     0.00     0.00     0.00     0.00 -1 -2.21e-14      0.00 7.092e-01 2.755e-01 2.746e-03 7.408e-04 6.719e-03 -1.000 1.527e-02 7.314 12.377 11.206 9.840 8.555 6.989 5.409 4.766 4.489
0.0152 0.01508 6.69897 0.3551442623 2.0517691183    0.355 -1.009  3.4981  3.942    0  0.000  0.545     0.00     0.00     0.00     0.00     0.00 -1 -2.23e-14      0.00 7.092e-01 2.755e-01 2.746e-03 7.408e-04 6.719e-03 -1.000 1.527e-02 7.292 12.336 11.164 9.800 8.521 6.961 5.390 4.745 4.470
0.0152 0.01508 6.69897 0.4000000358 2.1185024810    0.400 -0.934  3.5082  3.959    0  0.000  0.545     0.00     0.00     0.00     0.00     0.00 -1 -2.45e-14      0.00 7.092e-01 2.755e-01 2.746e-03 7.408e-04 6.719e-03 -1.000 1.527e-02 7.106 11.998 10.812 9.460 8.231 6.723 5.227 4.564 4.303
0.0152 0.01508 6.69897 0.4060827792 2.1268013131    0.406 -0.925  3.5096  3.962    0  0.000  0.545     0.00     0.00     0.00     0.00     0.00 -1 -2.48e-14      0.00 7.092e-01 2.755e-01 2.746e-03 7.408e-04 6.719e-03 -1.000 1.527e-02 7.081 11.953 10.764 9.414 8.192 6.692 5.206 4.541 4.281
0.0152 0.01508 6.69897 0.4500000477 2.1822809714    0.450 -0.854  3.5200  3.977    0  0.000  0.545     0.00     0.00     0.00     0.00     0.00 -1 -2.72e-14      0.00 7.092e-01 2.755e-01 2.746e-03 7.408e-04 6.719e-03 -1.000 1.527e-02 6.906 11.644 10.430 9.086 7.911 6.469 5.057 4.374 4.125
0.0152 0.01508 6.69897 0.4637969434 2.1982737824    0.464 -0.835  3.5231  3.983    0  0.000  0.545     0.00     0.00     0.00     0.00     0.00 -1 -2.78e-14      0.00 7.092e-01 2.755e-01 2.746e-03 7.408e-04 6.719e-03 -1.000 1.527e-02 6.857 11.559 10.335 8.990 7.829 6.407 5.016 4.328 4.083
0.0152 0.01508 6.69897 0.5000000000 2.2374541529    0.500 -0.783  3.5312  3.997    0  0.000  0.545     0.00     0.00     0.00     0.00     0.00 -1 -2.97e-14      0.00 7.092e-01 2.755e-01 2.746e-03 7.408e-04 6.719e-03 -1.000 1.527e-02 6.728 11.338 10.087 8.741 7.616 6.245 4.909 4.209 3.971
0.0152 0.01508 6.69897 0.5201604366 2.2573139926    0.520 -0.755  3.5360  4.005    0  0.000  0.545     0.00     0.00     0.00     0.00     0.00 -1 -3.08e-14      0.00 7.092e-01 2.755e-01 2.746e-03 7.408e-04 6.719e-03 -1.000 1.527e-02 6.657 11.217 9.948 8.603 7.498 6.157 4.852 4.143 3.911
0.0152 0.01508 6.69897 0.5429542661 2.2777376878    0.543 -0.726  3.5406  4.013    0  0.000  0.545     0.00     0.00     0.00     0.00     0.00 -1 -3.19e-14      0.00 7.092e-01 2.755e-01 2.746e-03 7.408e-04 6.719e-03 -1.000 1.527e-02 6.585 11.097 9.811 8.467 7.381 6.069 4.792 4.076 3.850
0.0152 0.01508 6.69897 0.5500000119 2.2836582633    0.550 -0.717  3.5419  4.015    0  0.000  0.545     0.00     0.00     0.00     0.00     0.00 -1 -3.23e-14      0.00 7.092e-01 2.755e-01 2.746e-03 7.408e-04 6.719e-03 -1.000 1.527e-02 6.562 11.061 9.770 8.426 7.345 6.042 4.773 4.055 3.830
0.0152 0.01508 6.69897 0.5690830946 2.2988505669    0.569 -0.691  3.5466  4.022    0  0.000  0.545     0.00     0.00     0.00     0.00     0.00 -1 -3.34e-14      0.00 7.092e-01 2.755e-01 2.746e-03 7.408e-04 6.719e-03 -1.000 1.527e-02 6.497 10.952 9.641 8.297 7.233 5.962 4.721 3.995 3.776
0.0152 0.01508 6.69897 0.5967580676 2.3189102927    0.596 -0.656  3.5526  4.032    0  0.000  0.545     0.00     0.00     0.00     0.00     0.00 -1  -3.5e-14      0.00 7.092e-01 2.755e-01 2.746e-03 7.408e-04 6.719e-03 -1.000 1.527e-02 6.411 10.812 9.476 8.130 7.088 5.858 4.650 3.916 3.704
0.0152 0.01508 6.69897 0.6000000238 2.3211213258    0.600 -0.653  3.5532  4.033    0  0.000  0.545     0.00     0.00     0.00     0.00     0.00 -1 -3.51e-14      0.00 7.092e-01 2.755e-01 2.746e-03 7.408e-04 6.719e-03 -1.000 1.527e-02 6.402 10.798 9.459 8.113 7.072 5.847 4.643 3.908 3.697
0.0152 0.01508 6.69897 0.6076534986 2.3262335750    0.607 -0.643  3.5550  4.037    0  0.000  0.545     0.00     0.00     0.00     0.00     0.00 -1 -3.55e-14      0.00 7.092e-01 2.755e-01 2.746e-03 7.408e-04 6.719e-03 -1.000 1.527e-02 6.378 10.758 9.411 8.064 7.030 5.819 4.624 3.886 3.678
0.0152 0.01508 6.69897 0.6351088881 2.3434127335    0.635 -0.609  3.5613  4.047    0  0.000  0.545     0.00     0.00     0.00     0.00     0.00 -1 -3.72e-14      0.00 7.092e-01 2.755e-01 2.746e-03 7.408e-04 6.719e-03 -1.000 1.527e-02 6.292 10.619 9.243 7.894 6.881 5.716 4.556 3.810 3.610
0.0152 0.01508 6.69897 0.6499999762 2.3520353107    0.650 -0.592  3.5644  4.052    0  0.000  0.545     0.00     0.00     0.00     0.00     0.00 -1  -3.8e-14      0.00 7.092e-01 2.755e-01 2.746e-03 7.408e-04 6.719e-03 -1.000 1.527e-02 6.250 10.551 9.161 7.811 6.807 5.666 4.523 3.772 3.577
0.0152 0.01508 6.69897 0.6560071111 2.3553865311    0.656 -0.585  3.5657  4.055    0  0.000  0.545     0.00     0.00     0.00     0.00     0.00 -1 -3.83e-14      0.00 7.092e-01 2.755e-01 2.746e-03 7.408e-04 6.719e-03 -1.000 1.527e-02 6.232 10.521 9.124 7.774 6.774 5.645 4.508 3.756 3.563
0.0152 0.01508 6.69897 0.6845991611 2.3704145278    0.685 -0.549  3.5723  4.063    0  0.000  0.545     0.00     0.00     0.00     0.00     0.00 -1 -4.03e-14      0.00 7.092e-01 2.755e-01 2.746e-03 7.408e-04 6.719e-03 -1.000 1.527e-02 6.142 10.374 8.948 7.596 6.617 5.540 4.437 3.678 3.494
0.0152 0.01508 6.69897 0.7000000477 2.3779267258    0.700 -0.531  3.5756  4.068    0  0.000  0.545     0.00     0.00     0.00     0.00     0.00 -1 -4.14e-14      0.00 7.092e-01 2.755e-01 2.746e-03 7.408e-04 6.719e-03 -1.000 1.527e-02 6.097 10.298 8.859 7.507 6.538 5.488 4.401 3.640 3.460
0.0152 0.01508 6.69897 0.7191466689 2.3867519975    0.719 -0.479  3.5926  4.096    0  0.000  0.542     0.00     0.00     0.00     0.00     0.00 -1 -4.46e-14      0.00 7.092e-01 2.755e-01 2.732e-03 7.405e-04 6.719e-03 -1.000 1.527e-02 5.966 10.001 8.504 7.168 6.245 5.325 4.315 3.552 3.395
0.0152 0.01508 6.69897 0.7500000000 2.3998889087    0.750 -0.393  3.6201  4.139    0  0.000  0.538     0.00     0.00     0.00     0.00     0.00 -1 -5.07e-14      0.00 7.092e-01 2.755e-01 2.710e-03 7.399e-04 6.720e-03 -1.000 1.527e-02 5.753 9.433 7.923 6.654 5.801 5.073 4.169 3.437 3.313
0.0152 0.01508 6.69897 0.7660601735 2.4062475275    0.766 -0.379  3.6220  4.141    0  0.000  0.538     0.00     0.00     0.00     0.00     0.00 -1 -5.17e-14      0.00 7.092e-01 2.755e-01 2.710e-03 7.399e-04 6.720e-03 -1.000 1.527e-02 5.717 9.367 7.863 6.601 5.752 5.035 4.138 3.409 3.288
0.0152 0.01508 6.69897 0.8000000119 2.4187244405    0.800 -0.347  3.6261  4.145    0  0.000  0.538     0.00     0.00     0.00     0.00     0.00 -1 -5.41e-14      0.00 7.092e-01 2.755e-01 2.710e-03 7.399e-04 6.720e-03 -1.000 1.527e-02 5.639 9.223 7.732 6.483 5.646 4.953 4.070 3.348 3.231
0.0152 0.01508 6.69897 0.8174034357 2.4246620930    0.817 -0.333  3.6280  4.147    0  0.000  0.538     0.00     0.00     0.00     0.00     0.00 -1 -5.52e-14      0.00 7.092e-01 2.755e-01 2.710e-03 7.399e-04 6.720e-03 -1.000 1.527e-02 5.602 9.155 7.670 6.428 5.596 4.914 4.038 3.320 3.206
0.0152 0.01508 6.69897 0.8500000238 2.4350346840    0.850 -0.303  3.6318  4.149    0  0.000  0.538     0.00     0.00     0.00     0.00     0.00 -1 -5.78e-14      0.00 7.092e-01 2.755e-01 2.710e-03 7.399e-04 6.720e-03 -1.000 1.527e-02 5.528 9.014 7.546 6.318 5.496 4.837 3.973 3.263 3.152
0.0152 0.01508 6.69897 0.8612710834 2.4384118625    0.861 -0.293  3.6330  4.150    0  0.000  0.538     0.00     0.00     0.00     0.00     0.00 -1 -5.87e-14      0.00 7.092e-01 2.755e-01 2.710e-03 7.399e-04 6.720e-03 -1.000 1.527e-02 5.504 8.965 7.505 6.283 5.464 4.811 3.953 3.245 3.135
0.0152 0.01508 6.69897 0.9000000358 2.4492786175    0.899 -0.259  3.6374  4.153    0  0.000  0.538     0.00     0.00     0.00     0.00     0.00 -1  -6.2e-14      0.00 7.092e-01 2.755e-01 2.710e-03 7.399e-04 6.720e-03 -1.000 1.527e-02 5.418 8.793 7.362 6.156 5.351 4.722 3.879 3.180 3.074
0.0152 0.01508 6.69897 0.9047187567 2.4505296967    0.904 -0.255  3.6379  4.153    0  0.000  0.538     0.00     0.00     0.00     0.00     0.00 -1 -6.23e-14      0.00 7.092e-01 2.755e-01 2.710e-03 7.399e-04 6.720e-03 -1.000 1.527e-02 5.409 8.774 7.346 6.142 5.338 4.712 3.871 3.173 3.068
0.0152 0.01508 6.69897 0.9500000477 2.4618122009    0.950 -0.217  3.6429  4.156    0  0.000  0.538     0.00     0.00     0.00     0.00     0.00 -1 -6.61e-14      0.00 7.092e-01 2.755e-01 2.710e-03 7.399e-04 6.720e-03 -1.000 1.527e-02 5.313 8.570 7.183 6.001 5.213 4.613 3.789 3.104 3.003
0.0152 0.01508 6.69897 1.0000000000 2.4729154477    1.000 -0.173  3.6486  4.158    0  0.000  0.538     0.00     0.00     0.00     0.00     0.00 -1 -7.12e-14      0.00 7.092e-01 2.755e-01 2.710e-03 7.399e-04 6.720e-03 -1.000 1.527e-02 5.203 8.328 6.997 5.841 5.072 4.498 3.695 3.026 2.930
0.0152 0.01508 6.69897 1.0499999523 2.4828114860    1.050 -0.129  3.6544  4.157    0  0.000  0.538     0.00     0.00     0.00     0.00     0.00 -1 -7.16e-14      0.00 7.092e-01 2.755e-01 2.710e-03 7.399e-04 6.720e-03 -1.000 1.527e-02 5.091 8.072 6.807 5.678 4.932 4.380 3.599 2.951 2.858
0.0152 0.01508 6.69897 1.1000000238 2.4916801480    1.099 -0.085  3.6604  4.157    0  0.000  0.538     0.00     0.00     0.00     0.00     0.00 -1 -7.14e-14      0.00 7.092e-01 2.755e-01 2.710e-03 7.399e-04 6.720e-03 -1.000 1.527e-02 4.982 7.814 6.617 5.518 4.795 4.265 3.507 2.879 2.789
0.0152 0.01508 6.69897 1.1423280239 2.4984943377    1.142 -0.048  3.6655  4.157    0  0.000  0.538     0.00     0.00     0.00     0.00     0.00 -1 -7.08e-14      0.00 7.092e-01 2.755e-01 2.710e-03 7.399e-04 6.720e-03 -1.000 1.527e-02 4.889 7.601 6.462 5.387 4.684 4.169 3.429 2.818 2.732
0.0152 0.01508 6.69897 1.1499999762 2.4996678137    1.149 -0.041  3.6664  4.157    0  0.000  0.538     0.00     0.00     0.00     0.00     0.00 -1 -7.08e-14      0.00 7.092e-01 2.755e-01 2.710e-03 7.399e-04 6.720e-03 -1.000 1.527e-02 4.872 7.561 6.432 5.362 4.664 4.151 3.415 2.807 2.721
0.0152 0.01508 6.69897 1.1891906261 2.5053916146    1.189 -0.006  3.6712  4.156    0  0.000  0.538     0.00     0.00     0.00     0.00     0.00 -1    -7e-14      0.00 7.092e-01 2.755e-01 2.710e-03 7.399e-04 6.720e-03 -1.000 1.527e-02 4.786 7.362 6.287 5.240 4.561 4.062 3.343 2.751 2.667
0.0152 0.01508 6.69897 1.2000000477 2.5068948796    1.200  0.003  3.6725  4.156    0  0.000  0.538     0.00     0.00     0.00     0.00     0.00 -1 -6.99e-14      0.00 7.092e-01 2.755e-01 2.710e-03 7.399e-04 6.720e-03 -1.000 1.527e-02 4.761 7.306 6.247 5.206 4.532 4.036 3.322 2.735 2.652
0.0152 0.01508 6.69897 1.2412716150 2.5123586151    1.241  0.035  3.6772  4.157    0  0.000  0.538     0.00     0.00     0.00     0.00     0.00 -1 -6.76e-14      0.00 7.092e-01 2.755e-01 2.710e-03 7.399e-04 6.720e-03 -1.000 1.527e-02 4.682 7.119 6.113 5.095 4.439 3.955 3.258 2.686 2.606
0.0152 0.01508 6.69897 1.2500000000 2.5134610955    1.250  0.044  3.6783  4.157    0  0.000  0.538     0.00     0.00     0.00     0.00     0.00 -1 -6.75e-14      0.00 7.092e-01 2.755e-01 2.710e-03 7.399e-04 6.720e-03 -1.000 1.527e-02 4.661 7.072 6.079 5.066 4.415 3.933 3.240 2.672 2.593
0.0152 0.01508 6.69897 1.2999999523 2.5194498592    1.300  0.095  3.6850  4.149    0  0.000  0.538     0.00     0.00     0.00     0.00     0.00 -1 -6.68e-14      0.00 7.092e-01 2.755e-01 2.710e-03 7.399e-04 6.720e-03 -1.000 1.527e-02 4.532 6.800 5.877 4.894 4.268 3.802 3.132 2.586 2.509
0.0152 0.01508 6.69897 1.3175501823 2.5214284123    1.318  0.108  3.6869  4.149    0  0.000  0.538     0.00     0.00     0.00     0.00     0.00 -1 -6.51e-14      0.00 7.092e-01 2.755e-01 2.710e-03 7.399e-04 6.720e-03 -1.000 1.527e-02 4.500 6.728 5.825 4.850 4.231 3.769 3.106 2.565 2.490
0.0152 0.01508 6.69897 1.3500001431 2.5249313723    1.350  0.137  3.6909  4.147    0  0.000  0.538     0.00     0.00     0.00     0.00     0.00 -1 -6.32e-14      0.00 7.092e-01 2.755e-01 2.710e-03 7.399e-04 6.720e-03 -1.000 1.527e-02 4.428 6.574 5.712 4.754 4.150 3.696 3.047 2.518 2.445
0.0152 0.01508 6.69897 1.4000000954 2.5299650415    1.400  0.184  3.6971  4.141    0  0.000  0.538     0.00     0.00     0.00     0.00     0.00 -1 -5.95e-14      0.00 7.092e-01 2.755e-01 2.710e-03 7.399e-04 6.720e-03 -1.000 1.527e-02 4.311 6.329 5.533 4.602 4.020 3.580 2.952 2.442 2.371
0.0152 0.01508 6.69897 1.4425041676 2.5339300081    1.443  0.221  3.7022  4.137    0  0.000  0.538     0.00     0.00     0.00     0.00     0.00 -1 -5.48e-14      0.00 7.092e-01 2.755e-01 2.710e-03 7.399e-04 6.720e-03 -1.000 1.527e-02 4.218 6.136 5.393 4.482 3.918 3.487 2.876 2.382 2.314
0.0152 0.01508 6.69897 1.4500000477 2.5346015836    1.450  0.229  3.7032  4.135    0  0.000  0.538     0.00     0.00     0.00     0.00     0.00 -1 -5.43e-14      0.00 7.092e-01 2.755e-01 2.710e-03 7.399e-04 6.720e-03 -1.000 1.527e-02 4.198 6.095 5.363 4.457 3.896 3.467 2.860 2.368 2.300
0.0152 0.01508 6.69897 1.5000000000 2.5388844597    1.500  0.282  3.7100  4.124    0  0.000  0.538     0.00     0.00     0.00     0.00     0.00 -1 -4.88e-14      0.00 7.092e-01 2.755e-01 2.710e-03 7.399e-04 6.720e-03 -1.000 1.527e-02 4.064 5.831 5.169 4.290 3.751 3.335 2.750 2.278 2.213
0.0152 0.01508 6.69897 1.5499999523 2.5428511323    1.550  0.335  3.7166  4.112    0  0.000  0.538     0.00     0.00     0.00     0.00     0.00 -1 -4.12e-14      0.00 7.092e-01 2.755e-01 2.710e-03 7.399e-04 6.720e-03 -1.000 1.527e-02 3.932 5.580 4.983 4.130 3.610 3.206 2.642 2.189 2.127
0.0152 0.01508 6.69897 1.5915669203 2.5459315297    1.591  0.382  3.7223  4.099    0  0.000  0.538     0.00     0.00     0.00     0.00     0.00 -1 -3.27e-14      0.00 7.092e-01 2.755e-01 2.710e-03 7.399e-04 6.720e-03 -1.000 1.527e-02 3.816 5.365 4.822 3.991 3.488 3.093 2.547 2.110 2.050
0.0152 0.01508 6.69897 1.6000000238 2.5465340628    1.600  0.392  3.7235  4.096    0  0.000  0.538     0.00     0.00     0.00     0.00     0.00 -1 -3.13e-14      0.00 7.092e-01 2.755e-01 2.710e-03 7.399e-04 6.720e-03 -1.000 1.527e-02 3.790 5.319 4.787 3.961 3.461 3.068 2.527 2.092 2.033
0.0152 0.01508 6.69897 1.6480680704 2.5498334839    1.647  0.447  3.7300  4.080    0  0.000  0.538     0.00     0.00     0.00     0.00     0.00 -1 -1.83e-14      0.00 7.092e-01 2.755e-01 2.710e-03 7.399e-04 6.720e-03 -1.000 1.527e-02 3.654 5.072 4.600 3.800 3.318 2.936 2.415 1.998 1.942
0.0152 0.01508 6.69897 1.6500000954 2.5499614852    1.649  0.449  3.7303  4.079    0  0.000  0.538     0.00     0.00     0.00     0.00     0.00 -1 -1.79e-14      0.00 7.092e-01 2.755e-01 2.710e-03 7.399e-04 6.720e-03 -1.000 1.527e-02 3.647 5.061 4.591 3.792 3.311 2.930 2.410 1.994 1.937
0.0152 0.01508 6.69897 1.7000000477 2.5531580802    1.699  0.515  3.7376  4.056    0  0.000  0.538     0.00     0.00     0.00     0.00     0.00 -1    -1e-30      0.00 7.092e-01 2.755e-01 2.710e-03 7.399e-04 6.720e-03 -1.000 1.527e-02 3.482 4.779 4.372 3.603 3.141 2.772 2.275 1.877 1.824
0.0152 0.01508 6.69897 1.7472143173 2.5559842484    1.746  0.586  3.7450  4.026    0  0.000  0.538     0.00     0.00     0.00     0.00     0.00 -1    -1e-30      0.00 7.092e-01 2.755e-01 2.710e-03 7.399e-04 6.720e-03 -1.000 1.527e-02 3.306 4.488 4.147 3.406 2.963 2.605 2.129 1.749 1.699
0.0152 0.01508 6.69897 1.7500000000 2.5561455243    1.749  0.590  3.7454  4.024    0  0.000  0.538     0.00     0.00     0.00     0.00     0.00 -1    -1e-30      0.00 7.092e-01 2.755e-01 2.710e-03 7.399e-04 6.720e-03 -1.000 1.527e-02 3.295 4.471 4.133 3.394 2.952 2.595 2.120 1.742 1.691
0.0152 0.01508 6.69897 1.7570142746 2.5565490093    1.756  0.601  3.7465  4.020    0  0.000  0.538     0.00     0.00     0.00     0.00     0.00 -1    -1e-30      0.00 7.092e-01 2.755e-01 2.710e-03 7.399e-04 6.720e-03 -1.000 1.527e-02 3.268 4.427 4.099 3.364 2.925 2.569 2.097 1.722 1.672
0.0152 0.01508 6.69897 1.7999999523 2.5589429085    1.799  0.677  3.7539  3.983    0  0.000  0.538     0.00     0.00     0.00     0.00     0.00 -1    -1e-30      0.00 7.092e-01 2.755e-01 2.710e-03 7.399e-04 6.720e-03 -1.000 1.527e-02 3.076 4.125 3.858 3.153 2.734 2.390 1.939 1.581 1.534
0.0152 0.01508 6.69897 1.8029080629 2.5591001285    1.802  0.683  3.7544  3.980    0  0.000  0.538     0.00     0.00     0.00     0.00     0.00 -1    -1e-30      0.00 7.092e-01 2.755e-01 2.710e-03 7.399e-04 6.720e-03 -1.000 1.527e-02 3.063 4.104 3.841 3.138 2.720 2.377 1.927 1.571 1.524
0.0152 0.01508 6.69897 1.8341132402 2.5607511411    1.833  0.748  3.7603  3.947    0  0.000  0.538     0.00     0.00     0.00     0.00     0.00 -1    -1e-30      0.00 7.092e-01 2.755e-01 2.710e-03 7.399e-04 6.720e-03 -1.000 1.527e-02 2.901 3.857 3.639 2.962 2.559 2.226 1.793 1.450 1.406
0.0152 0.01508 6.69897 1.8500000238 2.5615671203    1.849  0.784  3.7636  3.927    0  0.000  0.538     0.00     0.00     0.00     0.00     0.00 -1    -1e-30      0.00 7.092e-01 2.755e-01 2.710e-03 7.399e-04 6.720e-03 -1.000 1.527e-02 2.811 3.726 3.528 2.865 2.470 2.142 1.718 1.383 1.340
0.0152 0.01508 6.69897 1.8605356216 2.5620994223    1.859  0.808  3.7657  3.914    0  0.000  0.538     0.00     0.00     0.00     0.00     0.00 -1    -1e-30      0.00 7.092e-01 2.755e-01 2.710e-03 7.399e-04 6.720e-03 -1.000 1.527e-02 2.750 3.639 3.454 2.800 2.410 2.086 1.667 1.337 1.295
0.0152 0.01508 6.69897 1.8867605925 2.5633947785    1.886  0.872  3.7715  3.880    0  0.000  0.538     0.00     0.00     0.00     0.00     0.00 -1    -1e-30      0.00 7.092e-01 2.755e-01 2.710e-03 7.399e-04 6.720e-03 -1.000 1.527e-02 2.591 3.411 3.259 2.629 2.254 1.939 1.536 1.219 1.180
0.0152 0.01508 6.69897 1.9000000954 2.5640331317    1.899  0.904  3.7746  3.863    0  0.000  0.538     0.00     0.00     0.00     0.00     0.00 -1    -1e-30      0.00 7.092e-01 2.755e-01 2.710e-03 7.399e-04 6.720e-03 -1.000 1.527e-02 2.509 3.294 3.157 2.542 2.174 1.864 1.469 1.160 1.122
0.0152 0.01508 6.69897 1.9006750584 2.5640654017    1.900  0.906  3.7748  3.862    0  0.000  0.538     0.00     0.00     0.00     0.00     0.00 -1    -1e-30      0.00 7.092e-01 2.755e-01 2.710e-03 7.399e-04 6.720e-03 -1.000 1.527e-02 2.505 3.288 3.152 2.538 2.170 1.860 1.466 1.157 1.119
0.0152 0.01508 6.69897 1.9261888266 2.5652661689    1.925  0.969  3.7810  3.830    0  0.000  0.538     0.00     0.00     0.00     0.00     0.00 -1    -1e-30      0.00 7.092e-01 2.755e-01 2.710e-03 7.399e-04 6.720e-03 -1.000 1.527e-02 2.349 3.063 2.957 2.370 2.017 1.718 1.340 1.045 1.009
0.0152 0.01508 6.69897 1.9500001669 2.5663542767    1.950  1.027  3.7872  3.802    0  0.000  0.538     0.00     0.00     0.00     0.00     0.00 -1    -1e-30      0.00 7.092e-01 2.755e-01 2.710e-03 7.399e-04 6.720e-03 -1.000 1.527e-02 2.204 2.859 2.776 2.216 1.878 1.589 1.226 0.945 0.911
0.0152 0.01508 6.69897 1.9644618034 2.5670003442    1.964  1.062  3.7913  3.787    0  0.000  0.538     0.00     0.00     0.00     0.00     0.00 -1    -1e-30      0.00 7.092e-01 2.755e-01 2.710e-03 7.399e-04 6.720e-03 -1.000 1.527e-02 2.116 2.735 2.665 2.123 1.794 1.512 1.159 0.887 0.854
0.0152 0.01508 6.69897 1.9904991388 2.5681363801    1.991  1.124  3.7995  3.762    0  0.000  0.538     0.00     0.00     0.00     0.00     0.00 -1    -1e-30      0.00 7.092e-01 2.755e-01 2.710e-03 7.399e-04 6.720e-03 -1.000 1.527e-02 1.959 2.510 2.461 1.956 1.645 1.377 1.044 0.789 0.759
0.0152 0.01508 6.69897 2.0000000000 2.5685424513    2.000  1.147  3.8028  3.755    0  0.000  0.538     0.00     0.00     0.00     0.00     0.00 -1    -1e-30      0.00 7.092e-01 2.755e-01 2.710e-03 7.399e-04 6.720e-03 -1.000 1.527e-02 1.902 2.428 2.386 1.895 1.592 1.329 1.004 0.756 0.728
0.0152 0.01508 6.69897 2.0080831051 2.5688844502    2.008  1.167  3.8057  3.749    0  0.000  0.538     0.00     0.00     0.00     0.00     0.00 -1    -1e-30      0.00 7.092e-01 2.755e-01 2.709e-03 7.399e-04 6.720e-03 -1.000 1.527e-02 1.853 2.359 2.321 1.843 1.546 1.289 0.971 0.729 0.701
0.0152 0.01508 6.69897 2.0256433487 2.5696166251    2.026  1.209  3.8131  3.739    0  0.000  0.538     0.00     0.00     0.00     0.00     0.00 -1    -1e-30      0.00 7.092e-01 2.755e-01 2.709e-03 7.399e-04 6.720e-03 -1.000 1.527e-02 1.746 2.204 2.177 1.730 1.449 1.204 0.903 0.676 0.651
0.0152 0.01508 6.69897 2.0430884361 2.5703296852    2.043  1.252  3.8222  3.737    0  0.000  0.538     0.00     0.00     0.00     0.00     0.00 -1    -1e-30      0.00 7.092e-01 2.755e-01 2.709e-03 7.399e-04 6.720e-03 -1.000 1.527e-02 1.640 2.053 2.029 1.615 1.352 1.123 0.844 0.636 0.612
0.0152 0.01508 6.69897 2.0499999523 2.5706083333    2.050  1.269  3.8262  3.738    0  0.000  0.538     0.00     0.00     0.00     0.00     0.00 -1    -1e-30      0.00 7.092e-01 2.755e-01 2.709e-03 7.399e-04 6.720e-03 -1.000 1.527e-02 1.598 1.992 1.968 1.569 1.314 1.093 0.823 0.623 0.600
0.0152 0.01508 6.69897 2.0505292416 2.5706295834    2.050  1.270  3.8266  3.738    0  0.000  0.538     0.00     0.00     0.00     0.00     0.00 -1    -1e-30      0.00 7.092e-01 2.755e-01 2.709e-03 7.399e-04 6.720e-03 -1.000 1.527e-02 1.595 1.987 1.964 1.565 1.312 1.090 0.821 0.622 0.599
0.0152 0.01508 6.69897 2.0666687489 2.5712715514    2.066  1.310  3.8386  3.750    0  0.000  0.538     0.00     0.00     0.00     0.00     0.00 -1    -1e-30      0.00 7.092e-01 2.755e-01 2.709e-03 7.399e-04 6.720e-03 -1.000 1.527e-02 1.496 1.843 1.816 1.457 1.228 1.028 0.786 0.611 0.590
0.0152 0.01508 6.69897 2.0800430775 2.5717948597    2.079  1.342  3.8503  3.767    0  0.000  0.538     0.00     0.00     0.00     0.00     0.00 -1    -1e-30      0.00 7.092e-01 2.755e-01 2.709e-03 7.399e-04 6.720e-03 -1.000 1.527e-02 1.414 1.724 1.691 1.368 1.162 0.983 0.768 0.615 0.596
0.0152 0.01508 6.69897 2.0919287205 2.5722534667    2.091  1.371  3.8616  3.785    0  0.000  0.538     0.00     0.00     0.00     0.00     0.00 -1    -1e-30      0.00 7.092e-01 2.755e-01 2.709e-03 7.399e-04 6.720e-03 -1.000 1.527e-02 1.342 1.623 1.580 1.290 1.107 0.949 0.758 0.626 0.608
0.0152 0.01508 6.69897 2.0999999046 2.5725614918    2.099  1.391  3.8695  3.799    0  0.000  0.538     0.00     0.00     0.00     0.00     0.00 -1    -1e-30      0.00 7.092e-01 2.755e-01 2.709e-03 7.399e-04 6.720e-03 -1.000 1.527e-02 1.294 1.557 1.507 1.239 1.072 0.929 0.754 0.636 0.620
0.0152 0.01508 6.69897 2.1048688889 2.5727459964    2.104  1.402  3.8743  3.808    0  0.000  0.538     0.00     0.00     0.00     0.00     0.00 -1    -1e-30      0.00 7.092e-01 2.755e-01 2.709e-03 7.399e-04 6.720e-03 -1.000 1.527e-02 1.264 1.518 1.463 1.209 1.052 0.917 0.752 0.643 0.627
0.0152 0.01508 6.69897 2.1175231934 2.5732209567    2.116  1.432  3.8870  3.832    0  0.000  0.538     0.00     0.00     0.00     0.00     0.00 -1    -1e-30      0.00 7.092e-01 2.755e-01 2.709e-03 7.398e-04 6.720e-03 -1.000 1.527e-02 1.190 1.420 1.352 1.134 1.003 0.891 0.752 0.664 0.649
0.0152 0.01508 6.69897 2.1300249100 2.5736838224    2.129  1.460  3.8997  3.856    0  0.000  0.538     0.00     0.00     0.00     0.00     0.00 -1    -1e-30      0.00 7.092e-01 2.755e-01 2.709e-03 7.398e-04 6.720e-03 -1.000 1.527e-02 1.119 1.329 1.249 1.068 0.962 0.873 0.757 0.688 0.674
0.0152 0.01508 6.69897 2.1424946785 2.5741393225    2.141  1.487  3.9124  3.883    0  0.000  0.538     0.00     0.00     0.00     0.00     0.00 -1    -1e-30      0.00 7.092e-01 2.755e-01 2.709e-03 7.398e-04 6.720e-03 -1.000 1.527e-02 1.051 1.242 1.156 1.013 0.931 0.861 0.768 0.715 0.703
0.0152 0.01508 6.69897 2.1500000954 2.5744105556    2.149  1.503  3.9201  3.899    0  0.000  0.538     0.00     0.00     0.00     0.00     0.00 -1    -1e-30      0.00 7.092e-01 2.755e-01 2.709e-03 7.398e-04 6.720e-03 -1.000 1.527e-02 1.012 1.192 1.105 0.984 0.915 0.857 0.778 0.734 0.722
0.0152 0.01508 6.69897 2.1638123989 2.5749040584    2.163  1.529  3.9339  3.932    0  0.000  0.538     0.00     0.00     0.00     0.00     0.00 -1    -1e-30      0.00 7.092e-01 2.755e-01 2.709e-03 7.398e-04 6.720e-03 -1.000 1.527e-02 0.948 1.107 1.033 0.945 0.898 0.858 0.801 0.771 0.762
0.0152 0.01508 6.69897 2.1791472435 2.5754435412    2.178  1.552  3.9482  3.969    0  0.000  0.538     0.00     0.00     0.00     0.00     0.00 -1    -1e-30      0.00 7.092e-01 2.755e-01 2.709e-03 7.398e-04 6.720e-03 -1.000 1.527e-02 0.891 1.033 0.984 0.926 0.896 0.872 0.837 0.819 0.812
0.0152 0.01508 6.69897 2.1921958923 2.5758957666    2.191  1.566  3.9593  4.002    0  0.000  0.538     0.00     0.00     0.00     0.00     0.00 -1    -1e-30      0.00 7.092e-01 2.755e-01 2.709e-03 7.398e-04 6.720e-03 -1.000 1.527e-02 0.855 0.989 0.964 0.926 0.908 0.895 0.875 0.865 0.861
0.0152 0.01508 6.69897 2.1971099377 2.5760644716    2.195  1.566  3.9622  4.014    0  0.000  0.538     0.00     0.00     0.00     0.00     0.00 -1    -1e-30      0.00 7.092e-01 2.755e-01 2.709e-03 7.398e-04 6.720e-03 -1.000 1.527e-02 0.855 0.988 0.970 0.937 0.921 0.911 0.894 0.886 0.882
0.0152 0.01508 6.69897 2.2000000477 2.5761632879    2.199  1.564  3.9635  4.022    0  0.000  0.538     0.00     0.00     0.00     0.00     0.00 -1    -1e-30      0.00 7.092e-01 2.755e-01 2.709e-03 7.398e-04 6.720e-03 -1.000 1.527e-02 0.859 0.991 0.977 0.946 0.930 0.921 0.907 0.899 0.896
0.0152 0.01508 6.69897 2.2202742100 2.5768481766    2.219  1.549  3.9714  4.072    0  0.000  0.538     0.00     0.00     0.00     0.00     0.00 -1    -1e-30      0.00 7.092e-01 2.755e-01 2.709e-03 7.398e-04 6.720e-03 -1.000 1.527e-02 0.896 1.028 1.035 1.014 1.005 1.002 0.998 0.994 0.993
0.0152 0.01508 6.69897 2.2380385399 2.5774365650    2.236  1.519  3.9733  4.113    0  0.000  0.538     0.00     0.00     0.00     0.00     0.00 -1    -1e-30      0.00 7.092e-01 2.755e-01 2.709e-03 7.398e-04 6.720e-03 -1.000 1.527e-02 0.972 1.106 1.118 1.097 1.089 1.088 1.086 1.083 1.082
0.0152 0.01508 6.69897 2.2500000000 2.5778267375    2.249  1.493  3.9724  4.138    0  0.000  0.538     0.00     0.00     0.00     0.00     0.00 -1    -1e-30      0.00 7.092e-01 2.755e-01 2.709e-03 7.398e-04 6.720e-03 -1.000 1.527e-02 1.036 1.172 1.182 1.158 1.149 1.146 1.144 1.141 1.139
0.0152 0.01508 6.69897 2.2505812645 2.5778455764    2.249  1.492  3.9723  4.139    0  0.000  0.538     0.00     0.00     0.00     0.00     0.00 -1    -1e-30      0.00 7.092e-01 2.755e-01 2.709e-03 7.398e-04 6.720e-03 -1.000 1.527e-02 1.040 1.175 1.185 1.161 1.152 1.149 1.146 1.143 1.142
0.0152 0.01508 6.69897 2.2629528046 2.5782439019    2.262  1.466  3.9704  4.160    0  0.000  0.538     0.00     0.00     0.00     0.00     0.00 -1    -1e-30      0.00 7.092e-01 2.755e-01 2.709e-03 7.398e-04 6.720e-03 -1.000 1.527e-02 1.106 1.243 1.248 1.219 1.209 1.204 1.199 1.195 1.194
0.0152 0.01508 6.69897 2.2768509388 2.5786854471    2.275  1.441  3.9682  4.179    0  0.000  0.538     0.00     0.00     0.00     0.00     0.00 -1    -1e-30      0.00 7.092e-01 2.755e-01 2.709e-03 7.398e-04 6.720e-03 -1.000 1.527e-02 1.167 1.306 1.306 1.272 1.259 1.253 1.245 1.240 1.238
0.0152 0.01508 6.69897 2.2999999523 2.5794072884    2.299  1.426  3.9674  4.195    0  0.000  0.538     0.00     0.00     0.00     0.00     0.00 -1    -1e-30      0.00 7.092e-01 2.755e-01 2.709e-03 7.398e-04 6.720e-03 -1.000 1.527e-02 1.204 1.344 1.343 1.306 1.292 1.285 1.276 1.270 1.268
0.0152 0.01508 6.69897 2.3012480736 2.5794457335    2.300  1.426  3.9673  4.195    0  0.000  0.538     0.00     0.00     0.00     0.00     0.00 -1    -1e-30      0.00 7.092e-01 2.755e-01 2.709e-03 7.398e-04 6.720e-03 -1.000 1.527e-02 1.206 1.346 1.345 1.308 1.294 1.287 1.278 1.272 1.270
0.0152 0.01508 6.69897 2.3225934505 2.5800958744    2.321  1.427  3.9687  4.204    0  0.000  0.538     0.00     0.00     0.00     0.00     0.00 -1    -1e-30      0.00 7.092e-01 2.755e-01 2.709e-03 7.398e-04 6.720e-03 -1.000 1.527e-02 1.203 1.343 1.345 1.310 1.297 1.291 1.284 1.279 1.277
0.0152 0.01508 6.69897 2.3571896553 2.5811209079    2.356  1.474  3.9798  4.207    0  0.000  0.538     0.00     0.00     0.00     0.00     0.00 -1    -1e-30      0.00 7.092e-01 2.755e-01 2.709e-03 7.398e-04 6.720e-03 -1.000 1.527e-02 1.084 1.223 1.252 1.235 1.232 1.235 1.241 1.242 1.243
0.0152 0.01508 6.69897 2.3866069317 2.5819656661    2.385  1.523  3.9922  4.213    0  0.000  0.538     0.00     0.00     0.00     0.00     0.00 -1    -1e-30      0.00 7.092e-01 2.755e-01 2.709e-03 7.398e-04 6.719e-03 -1.000 1.527e-02 0.963 1.105 1.166 1.169 1.173 1.185 1.206 1.212 1.216
0.0152 0.01508 6.69897 2.4000000954 2.5823423892    2.399  1.547  3.9987  4.218    0  0.000  0.538     0.00     0.00     0.00     0.00     0.00 -1    -1e-30      0.00 7.092e-01 2.755e-01 2.709e-03 7.398e-04 6.719e-03 -1.000 1.527e-02 0.902 1.047 1.127 1.138 1.146 1.162 1.191 1.200 1.206
0.0152 0.01508 6.69897 2.4181375504 2.5828449177    2.417  1.584  4.0093  4.227    0  0.000  0.538     0.00     0.00     0.00     0.00     0.00 -1    -1e-30      0.00 7.092e-01 2.755e-01 2.709e-03 7.399e-04 6.719e-03 -1.000 1.527e-02 0.810 0.961 1.072 1.097 1.110 1.132 1.172 1.186 1.194
0.0152 0.01508 6.69897 2.4367249012 2.5833509956    2.436  1.625  4.0221  4.240    0  0.000  0.538     0.00     0.00     0.00     0.00     0.00 -1    -1e-30      0.00 7.092e-01 2.755e-01 2.709e-03 7.399e-04 6.719e-03 -1.000 1.527e-02 0.707 0.868 1.018 1.056 1.075 1.103 1.158 1.176 1.188
0.0152 0.01508 6.69897 2.4518513680 2.5837563380    2.451  1.657  4.0328  4.254    0  0.000  0.538     0.00     0.00     0.00     0.00     0.00 -1    -1e-30      0.00 7.092e-01 2.755e-01 2.709e-03 7.399e-04 6.719e-03 -1.000 1.527e-02 0.628 0.799 0.982 1.030 1.053 1.086 1.153 1.174 1.190
0.0152 0.01508 6.69897 2.4657044411 2.5841225443    2.465  1.678  4.0412  4.269    0  0.000  0.538     0.00     0.00     0.00     0.00     0.00 -1    -1e-30      0.00 7.092e-01 2.755e-01 2.709e-03 7.399e-04 6.719e-03 -1.000 1.527e-02 0.576 0.757 0.965 1.021 1.046 1.083 1.159 1.183 1.200
0.0152 0.01508 6.69897 2.4868011475 2.5846712329    2.486  1.695  4.0506  4.293    0  0.000  0.538     0.00     0.00     0.00     0.00     0.00 -1    -1e-30      0.00 7.092e-01 2.755e-01 2.710e-03 7.399e-04 6.720e-03 -1.000 1.527e-02 0.533 0.727 0.964 1.027 1.055 1.096 1.181 1.208 1.228
0.0152 0.01508 6.69897 2.5232048035 2.5855932623    2.523  1.694  4.0582  4.331    0  0.000  0.538     0.00     0.00     0.00     0.00     0.00 -1    -1e-30      0.00 7.092e-01 2.755e-01 2.710e-03 7.399e-04 6.720e-03 -1.000 1.527e-02 0.536 0.742 1.002 1.069 1.099 1.143 1.236 1.265 1.287
0.0152 0.01508 6.69897 2.5516974926 2.5862938553    2.551  1.685  4.0602  4.352    0  0.000  0.538     0.00     0.00     0.00     0.00     0.00 -1    -1e-30      0.00 7.092e-01 2.755e-01 2.710e-03 7.399e-04 6.720e-03 -1.000 1.527e-02 0.557 0.768 1.033 1.100 1.131 1.176 1.271 1.301 1.323
0.0152 0.01508 6.69897 2.5999999046 2.5874412955    2.600  1.706  4.0645  4.357    0  0.000  0.538     0.00     0.00     0.00     0.00     0.00 -1    -1e-30      0.00 7.092e-01 2.755e-01 2.710e-03 7.399e-04 6.720e-03 -1.000 1.527e-02 0.504 0.721 1.000 1.070 1.102 1.149 1.247 1.278 1.302
0.0152 0.01508 6.69897 2.6577084064 2.5887494915    2.658  1.726  4.0687  4.364    0  0.000  0.538     0.00     0.00     0.00     0.00     0.00 -1    -1e-30      0.00 7.092e-01 2.755e-01 2.710e-03 7.399e-04 6.720e-03 -1.000 1.527e-02 0.455 0.679 0.970 1.043 1.077 1.125 1.228 1.260 1.284
0.0152 0.01508 6.69897 2.6876592636 2.5894030385    2.688  1.737  4.0709  4.366    0  0.000  0.538     0.00     0.00     0.00     0.00     0.00 -1    -1e-30      0.00 7.092e-01 2.755e-01 2.710e-03 7.399e-04 6.720e-03 -1.000 1.527e-02 0.427 0.654 0.952 1.027 1.061 1.109 1.214 1.247 1.272
0.0152 0.01508 6.69897 2.8000001907 2.5917117867    2.800  1.806  4.0833  4.365    0  0.000  0.538     0.00     0.00     0.00     0.00     0.00 -1    -1e-30      0.00 7.092e-01 2.755e-01 2.710e-03 7.399e-04 6.720e-03 -1.000 1.527e-02 0.256 0.503 0.839 0.922 0.958 1.012 1.128 1.164 1.192
0.0152 0.01508 6.69897 3.0000000000 2.5953341962    3.000  1.920  4.1038  4.362    0  0.000  0.538     0.00     0.00     0.00     0.00     0.00 -1    -1e-30      0.00 7.092e-01 2.755e-01 2.710e-03 7.399e-04 6.720e-03 -1.000 1.527e-02 -0.031 0.255 0.652 0.747 0.788 0.848 0.983 1.024 1.056
0.0152 0.01508 6.69897 3.2000000477 2.5984409005    3.199  2.027  4.1226  4.358    0  0.000  0.538     0.00     0.00     0.00     0.00     0.00 -1    -1e-30      0.00 7.092e-01 2.755e-01 2.710e-03 7.399e-04 6.720e-03 -1.000 1.527e-02 -0.298 0.032 0.481 0.586 0.631 0.697 0.847 0.892 0.928
0.0152 0.01508 6.69897 3.4000000954 2.6011310876    3.398  2.127  4.1399  4.354    0  0.000  0.538     0.00     0.00     0.00     0.00     0.00 -1    -1e-30      0.00 7.092e-01 2.755e-01 2.710e-03 7.399e-04 6.720e-03 -1.000 1.527e-02 -0.546 -0.172 0.321 0.435 0.484 0.555 0.720 0.769 0.808
0.0152 0.01508 6.69897 3.6000001431 2.6034804607    3.598  2.220  4.1559  4.350    0  0.000  0.538     0.00     0.00     0.00     0.00     0.00 -1    -1e-30      0.00 7.092e-01 2.755e-01 2.710e-03 7.399e-04 6.720e-03 -1.000 1.527e-02 -0.779 -0.359 0.173 0.295 0.347 0.423 0.600 0.652 0.694
0.0152 0.01508 6.69897 3.8000001907 2.6055477311    3.798  2.308  4.1708  4.345    0  0.000  0.538     0.00     0.00     0.00     0.00     0.00 -1    -1e-30      0.00 7.092e-01 2.755e-01 2.710e-03 7.399e-04 6.720e-03 -1.000 1.527e-02 -0.999 -0.533 0.033 0.163 0.218 0.299 0.486 0.541 0.586
0.0152 0.01508 6.69897 4.0000000000 2.6073790840    4.001  2.390  4.1847  4.341    1  0.000  0.538     0.00     0.00     0.00     0.00     0.00 -1    -1e-30      0.00 7.092e-01 2.755e-01 2.710e-03 7.399e-04 6.720e-03 -1.000 1.527e-02 -1.205 -0.693 -0.098 0.039 0.098 0.183 0.379 0.438 0.485
0.0152 0.01508 6.69897 4.1999998093 2.6090113217    4.198  2.469  4.1978  4.336    1  0.000  0.538     0.00     0.00     0.00     0.00     0.00 -1    -1e-30      0.00 7.092e-01 2.755e-01 2.710e-03 7.399e-04 6.720e-03 -1.000 1.527e-02 -1.401 -0.845 -0.222 -0.079 -0.017 0.072 0.278 0.339 0.388
0.0152 0.01508 6.69897 4.4000000954 2.6104741055    4.397  2.543  4.2100  4.330    1  0.000  0.538     0.00     0.00     0.00     0.00     0.00 -1    -1e-30      0.00 7.092e-01 2.755e-01 2.710e-03 7.399e-04 6.720e-03 -1.000 1.527e-02 -1.587 -0.988 -0.341 -0.192 -0.127 -0.034 0.179 0.243 0.294
0.0152 0.01508 6.69897 4.5999999046 2.6117915791    4.597  2.613  4.2214  4.325    1  0.000  0.538     0.00     0.00     0.00     0.00     0.00 -1    -1e-30      0.00 7.092e-01 2.755e-01 2.710e-03 7.399e-04 6.720e-03 -1.000 1.527e-02 -1.763 -1.123 -0.455 -0.300 -0.232 -0.136 0.085 0.151 0.205
0.0152 0.01508 6.69897 4.7174401283 2.6125056161    4.715  2.653  4.2280  4.322    1  0.000  0.538     0.00     0.00     0.00     0.00     0.00 -1    -1e-30      0.00 7.092e-01 2.755e-01 2.710e-03 7.399e-04 6.720e-03 -1.000 1.527e-02 -1.863 -1.200 -0.519 -0.360 -0.291 -0.193 0.033 0.100 0.154
0.0152 0.01508 6.69897 4.8000001907 2.6129836005    4.798  2.681  4.2326  4.320    1  0.000  0.538     0.00     0.00     0.00     0.00     0.00 -1    -1e-30      0.00 7.092e-01 2.755e-01 2.710e-03 7.399e-04 6.720e-03 -1.000 1.527e-02 -1.932 -1.252 -0.563 -0.402 -0.332 -0.232 -0.004 0.064 0.120
0.0152 0.01508 6.69897 4.8391451836 2.6132036880    4.837  2.694  4.2346  4.319    1  0.000  0.538     0.00     0.00     0.00     0.00     0.00 -1    -1e-30      0.00 7.092e-01 2.755e-01 2.710e-03 7.399e-04 6.720e-03 -1.000 1.527e-02 -1.964 -1.277 -0.584 -0.422 -0.351 -0.251 -0.021 0.047 0.103
0.0152 0.01508 6.69897 5.0000000000 2.6140666223    4.999  2.745  4.2429  4.316    1  0.000  0.538     0.00     0.00     0.00     0.00     0.00 -1    -1e-30      0.00 7.092e-01 2.755e-01 2.710e-03 7.399e-04 6.720e-03 -1.000 1.527e-02 -2.093 -1.374 -0.667 -0.501 -0.427 -0.325 -0.090 -0.020 0.037
0.0152 0.01508 6.69897 5.1999998093 2.6150544000    5.200  2.806  4.2524  4.309    1  0.000  0.538     0.00     0.00     0.00     0.00     0.00 -1    -1e-30      0.00 7.092e-01 2.755e-01 2.710e-03 7.399e-04 6.720e-03 -1.000 1.527e-02 -2.246 -1.493 -0.768 -0.597 -0.522 -0.416 -0.175 -0.103 -0.044
0.0152 0.01508 6.69897 5.3999996185 2.6159585084    5.401  2.865  4.2618  4.304    1  0.000  0.538     0.00     0.00     0.00     0.00     0.00 -1    -1e-30      0.00 7.092e-01 2.755e-01 2.710e-03 7.399e-04 6.720e-03 -1.000 1.527e-02 -2.393 -1.606 -0.864 -0.689 -0.611 -0.503 -0.256 -0.182 -0.121
0.0152 0.01508 6.69897 5.5814633369 2.6167146796    5.582  2.917  4.2702  4.300    1  0.000  0.538     0.00     0.00     0.00     0.00     0.00 -1    -1e-30      0.00 7.092e-01 2.755e-01 2.710e-03 7.399e-04 6.720e-03 -1.000 1.527e-02 -2.523 -1.704 -0.948 -0.769 -0.689 -0.578 -0.326 -0.250 -0.188
0.0152 0.01508 6.69897 5.5999994278 2.6167887546    5.601  2.922  4.2710  4.300    1  0.000  0.538     0.00     0.00     0.00     0.00     0.00 -1    -1e-30      0.00 7.092e-01 2.755e-01 2.710e-03 7.399e-04 6.720e-03 -1.000 1.527e-02 -2.536 -1.714 -0.957 -0.777 -0.697 -0.586 -0.333 -0.257 -0.195
0.0152 0.01508 6.69897 5.8000001907 2.6175535027    5.801  2.976  4.2792  4.294    1  0.000  0.538     0.00     0.00     0.00     0.00     0.00 -1    -1e-30      0.00 7.092e-01 2.755e-01 2.710e-03 7.399e-04 6.720e-03 -1.000 1.527e-02 -2.671 -1.820 -1.048 -0.864 -0.782 -0.668 -0.410 -0.333 -0.269
0.0152 0.01508 6.69897 6.0000000000 2.6182599138    6.000  3.029  4.2874  4.289    1  0.000  0.538     0.00     0.00     0.00     0.00     0.00 -1    -1e-30      0.00 7.092e-01 2.755e-01 2.710e-03 7.399e-04 6.720e-03 -1.000 1.527e-02 -2.803 -1.921 -1.136 -0.948 -0.864 -0.747 -0.484 -0.405 -0.340
0.0152 0.01508 6.69897 6.1999998093 2.6189141709    6.200  3.080  4.2956  4.285    1  0.000  0.538     0.00     0.00     0.00     0.00     0.00 -1    -1e-30      0.00 7.092e-01 2.755e-01 2.710e-03 7.399e-04 6.720e-03 -1.000 1.527e-02 -2.931 -2.018 -1.219 -1.028 -0.941 -0.822 -0.554 -0.473 -0.407
0.0152 0.01508 6.69897 6.4000000954 2.6195216279    6.399  3.129  4.3030  4.279    1  0.000  0.538     0.00     0.00     0.00     0.00     0.00 -1    -1e-30      0.00 7.092e-01 2.755e-01 2.710e-03 7.399e-04 6.720e-03 -1.000 1.527e-02 -3.052 -2.113 -1.301 -1.107 -1.018 -0.897 -0.624 -0.542 -0.474
0.0152 0.01508 6.69897 7.0000000000 2.6211069280    6.996  3.266  4.3240  4.264    1  0.000  0.538     0.00     0.00     0.00     0.00     0.00 -1    -1e-30      0.00 7.092e-01 2.755e-01 2.710e-03 7.399e-04 6.720e-03 -1.000 1.527e-02 -3.396 -2.380 -1.533 -1.329 -1.236 -1.108 -0.822 -0.735 -0.663
0.0152 0.01508 6.69897 7.5641040802 2.6223367156    7.563  3.384  4.3417  4.252    1  0.000  0.538     0.00     0.00     0.00     0.00     0.00 -1    -1e-30      0.00 7.092e-01 2.755e-01 2.710e-03 7.399e-04 6.720e-03 -1.000 1.527e-02 -3.690 -2.610 -1.733 -1.523 -1.425 -1.292 -0.995 -0.904 -0.828
0.0152 0.01508 6.69897 8.0000000000 2.6231516585    8.001  3.470  4.3545  4.242    1  0.000  0.538     0.00     0.00     0.00     0.00     0.00 -1    -1e-30      0.00 7.092e-01 2.755e-01 2.710e-03 7.399e-04 6.720e-03 -1.000 1.527e-02 -3.904 -2.778 -1.880 -1.665 -1.564 -1.428 -1.123 -1.029 -0.951
0.0152 0.01508 6.69897 8.0380020142 2.6232179050    8.039  3.477  4.3556  4.241    1  0.000  0.538     0.00     0.00     0.00     0.00     0.00 -1    -1e-30      0.00 7.092e-01 2.755e-01 2.710e-03 7.399e-04 6.720e-03 -1.000 1.527e-02 -3.922 -2.792 -1.893 -1.677 -1.576 -1.439 -1.134 -1.040 -0.961
0.0152 0.01508 6.69897 9.0000000000 2.6246829947    8.995  3.647  4.3806  4.219    1  0.000  0.538     0.00     0.00     0.00     0.00     0.00 -1    -1e-30      0.00 7.092e-01 2.755e-01 2.710e-03 7.399e-04 6.720e-03 -1.000 1.527e-02 -4.348 -3.129 -2.189 -1.964 -1.858 -1.715 -1.395 -1.295 -1.211
0.0152 0.01508 6.69897 9.2465972900 2.6250025670    9.242  3.688  4.3864  4.214    1  0.000  0.538     0.00     0.00     0.00     0.00     0.00 -1    -1e-30      0.00 7.092e-01 2.755e-01 2.710e-03 7.399e-04 6.720e-03 -1.000 1.527e-02 -4.449 -3.209 -2.260 -2.033 -1.926 -1.781 -1.458 -1.357 -1.272
0.0152 0.01508 6.69897 10.0000000000 2.6258676431    9.998  3.805  4.4032  4.197    1  0.000  0.538     0.00     0.00     0.00     0.00     0.00 -1    -1e-30      0.00 7.092e-01 2.755e-01 2.710e-03 7.399e-04 6.720e-03 -1.000 1.527e-02 -4.743 -3.448 -2.446 -2.189 -2.085 -1.957 -1.622 -1.537 -1.458
0.0152 0.01508 6.69897 10.6863851547 2.6265349064   10.687  3.904  4.4169  4.183    1  0.000  0.538     0.00     0.00     0.00     0.00     0.00 -1    -1e-30      0.00 7.092e-01 2.755e-01 2.710e-03 7.399e-04 6.720e-03 -1.000 1.527e-02 -4.989 -3.633 -2.623 -2.357 -2.244 -2.107 -1.769 -1.689 -1.609
0.0152 0.01508 6.69897 11.0000000000 2.6268081058   11.001  3.947  4.4228  4.176    1  0.000  0.538     0.00     0.00     0.00     0.00     0.00 -1    -1e-30      0.00 7.092e-01 2.755e-01 2.710e-03 7.399e-04 6.720e-03 -1.000 1.527e-02 -5.097 -3.716 -2.702 -2.432 -2.315 -2.173 -1.835 -1.758 -1.676
0.0152 0.01508 6.69897 11.4974021912 2.6272064611   11.498  4.012  4.4316  4.165    1  0.000  0.538     0.00     0.00     0.00     0.00     0.00 -1    -1e-30      0.00 7.092e-01 2.755e-01 2.710e-03 7.399e-04 6.720e-03 -1.000 1.527e-02 -5.260 -3.858 -2.832 -2.564 -2.447 -2.304 -1.957 -1.874 -1.788
0.0152 0.01508 6.69897 12.0000000000 2.6275706487   12.001  4.076  4.4401  4.154    1  0.000  0.538     0.00     0.00     0.00     0.00     0.00 -1    -1e-30      0.00 7.092e-01 2.755e-01 2.710e-03 7.399e-04 6.720e-03 -1.000 1.527e-02 -5.419 -4.002 -2.961 -2.697 -2.584 -2.442 -2.084 -1.991 -1.901
0.0152 0.01508 6.69897 12.0389719009 2.6275974308   12.039  4.080  4.4407  4.153    1  0.000  0.538     0.00     0.00     0.00     0.00     0.00 -1 -2.85e-30      0.00 7.092e-01 2.755e-01 2.711e-03 7.400e-04 6.720e-03 -1.000 1.527e-02 -5.431 -4.013 -2.971 -2.707 -2.594 -2.452 -2.093 -2.000 -1.909
0.0152 0.01508 6.69897 13.0324182510 2.6282184373   13.020  4.195  4.4554  4.131    1  0.000  0.542     0.00     0.00     0.00     0.00     0.00 -1 -3.76e-19      0.00 7.092e-01 2.755e-01 2.729e-03 7.404e-04 6.719e-03 -1.000 1.527e-02 -5.719 -4.254 -3.193 -2.930 -2.818 -2.672 -2.298 -2.195 -2.104
0.0152 0.01508 6.69897 13.9045257568 2.6286803329   13.879  4.291  4.4671  4.110    1  0.000  0.545     0.00     0.00     0.00     0.00     0.00 -1 -4.78e-10      0.00 7.092e-01 2.755e-01 2.744e-03 7.408e-04 6.719e-03 -1.000 1.527e-02 -5.958 -4.432 -3.366 -3.095 -2.971 -2.812 -2.432 -2.335 -2.252
0.0152 0.01508 6.69897 14.0000000000 2.6287268957   13.974  4.301  4.4683  4.107    0  0.000  0.545     0.00     0.00     0.00     0.00     0.00 -1 -4.39e-09      0.00 7.092e-01 2.755e-01 2.746e-03 7.408e-04 6.719e-03 -1.000 1.527e-02 -5.983 -4.452 -3.385 -3.113 -2.988 -2.828 -2.447 -2.351 -2.268
0.0152 0.01508 6.69897 14.1138868332 2.6287814921   14.087  4.313  4.4696  4.105    0  0.000  0.545     0.00     0.00     0.00     0.00     0.00 -1 -4.65e-09      0.00 7.092e-01 2.755e-01 2.746e-03 7.408e-04 6.719e-03 -1.000 1.527e-02 -6.012 -4.473 -3.406 -3.133 -3.007 -2.845 -2.464 -2.368 -2.287
0.0152 0.01508 6.69897 15.0420560837 2.6291912343   15.008  4.404  4.4802  4.083    0  0.000  0.545     0.00     0.00     0.00     0.00     0.00 -1 -7.41e-09      0.00 7.092e-01 2.755e-01 2.746e-03 7.408e-04 6.719e-03 -1.000 1.527e-02 -6.240 -4.662 -3.587 -3.306 -3.174 -3.006 -2.624 -2.531 -2.446
0.0152 0.01508 6.69897 15.9119348526 2.6295257706   15.869  4.486  4.4892  4.062    0  0.000  0.545     0.00     0.00     0.00     0.00     0.00 -1 -1.12e-08      0.00 7.092e-01 2.755e-01 2.746e-03 7.408e-04 6.719e-03 -1.000 1.527e-02 -6.444 -4.845 -3.761 -3.474 -3.340 -3.173 -2.794 -2.698 -2.602
0.0152 0.01508 6.69897 16.0000000000 2.6295573144   15.956  4.494  4.4901  4.060    0  0.000  0.545     0.00     0.00     0.00     0.00     0.00 -1 -1.17e-08      0.00 7.092e-01 2.755e-01 2.746e-03 7.408e-04 6.719e-03 -1.000 1.527e-02 -6.464 -4.863 -3.779 -3.490 -3.357 -3.190 -2.810 -2.714 -2.617
0.0152 0.01508 6.69897 16.2788772583 2.6296546206   16.227  4.518  4.4926  4.053    0  0.000  0.545     0.00     0.00     0.00     0.00     0.00 -1 -1.32e-08      0.00 7.092e-01 2.755e-01 2.746e-03 7.408e-04 6.719e-03 -1.000 1.527e-02 -6.525 -4.918 -3.831 -3.541 -3.407 -3.240 -2.861 -2.764 -2.664
0.0152 0.01508 6.69897 17.1947460175 2.6299488101   17.114  4.595  4.5002  4.029    0  0.000  0.545     0.00     0.00     0.00     0.00     0.00 -1 -1.92e-08      0.00 7.092e-01 2.755e-01 2.746e-03 7.408e-04 6.719e-03 -1.000 1.527e-02 -6.718 -5.097 -4.002 -3.705 -3.571 -3.404 -3.026 -2.926 -2.817
0.0152 0.01508 6.69897 17.9693450928 2.6301708923   17.861  4.658  4.5059  4.007    0  0.000  0.545     0.00     0.00     0.00     0.00     0.00 -1  -2.6e-08      0.00 7.092e-01 2.755e-01 2.746e-03 7.408e-04 6.719e-03 -1.000 1.527e-02 -6.876 -5.228 -4.128 -3.832 -3.699 -3.533 -3.152 -3.048 -2.940
0.0152 0.01508 6.69897 18.0000000000 2.6301792302   17.893  4.661  4.5061  4.006    0  0.000  0.545     0.00     0.00     0.00     0.00     0.00 -1 -2.63e-08      0.00 7.092e-01 2.755e-01 2.746e-03 7.408e-04 6.719e-03 -1.000 1.527e-02 -6.882 -5.234 -4.133 -3.837 -3.704 -3.538 -3.157 -3.052 -2.944
0.0152 0.01508 6.69897 18.7759571075 2.6303799009   18.641  4.719  4.5108  3.984    0  0.000  0.545     0.00     0.00     0.00     0.00     0.00 -1 -3.47e-08      0.00 7.092e-01 2.755e-01 2.746e-03 7.408e-04 6.719e-03 -1.000 1.527e-02 -7.028 -5.356 -4.252 -3.957 -3.827 -3.662 -3.278 -3.169 -3.062
0.0152 0.01508 6.69897 19.6402206421 2.6305820820   19.469  4.782  4.5153  3.958    0  0.000  0.545     0.00     0.00     0.00     0.00     0.00 -1 -4.66e-08      0.00 7.092e-01 2.755e-01 2.746e-03 7.408e-04 6.719e-03 -1.000 1.527e-02 -7.185 -5.492 -4.383 -4.090 -3.963 -3.799 -3.413 -3.300 -3.194
0.0152 0.01508 6.69897 20.0000000000 2.6306603470   19.813  4.808  4.5170  3.947    0  0.000  0.545     0.00     0.00     0.00     0.00     0.00 -1 -5.24e-08      0.00 7.092e-01 2.755e-01 2.746e-03 7.408e-04 6.719e-03 -1.000 1.527e-02 -7.249 -5.548 -4.438 -4.146 -4.019 -3.856 -3.469 -3.355 -3.249
0.0152 0.01508 6.69897 20.4021511078 2.6307440829   20.191  4.834  4.5185  3.935    0  0.000  0.545     0.00     0.00     0.00     0.00     0.00 -1 -5.87e-08      0.00 7.092e-01 2.755e-01 2.746e-03 7.408e-04 6.719e-03 -1.000 1.527e-02 -7.315 -5.607 -4.496 -4.205 -4.079 -3.916 -3.529 -3.413 -3.307
0.0152 0.01508 6.69897 21.6961727142 2.6309894694   21.397  4.916  4.5222  3.893    0  0.000  0.545     0.00     0.00     0.00     0.00     0.00 -1  -8.4e-08      0.00 7.092e-01 2.755e-01 2.746e-03 7.408e-04 6.719e-03 -1.000 1.527e-02 -7.520 -5.799 -4.685 -4.396 -4.272 -4.111 -3.721 -3.602 -3.497
0.0152 0.01508 6.69897 22.8326835632 2.6311788148   22.442  4.985  4.5238  3.851    0  0.000  0.545     0.00     0.00     0.00     0.00     0.00 -1 -1.13e-07      0.00 7.092e-01 2.755e-01 2.746e-03 7.408e-04 6.719e-03 -1.000 1.527e-02 -7.693 -5.999 -4.885 -4.592 -4.464 -4.299 -3.911 -3.793 -3.688
0.0152 0.01508 6.69897 23.9544525146 2.6313455884   23.459  5.051  4.5238  3.805    0  0.000  0.545     0.00     0.00     0.00     0.00     0.00 -1 -1.49e-07      0.00 7.092e-01 2.755e-01 2.746e-03 7.408e-04 6.719e-03 -1.000 1.527e-02 -7.858 -6.164 -5.050 -4.760 -4.633 -4.469 -4.080 -3.963 -3.857
0.0152 0.01508 6.69897 24.0000000000 2.6313519822   23.500  5.054  4.5238  3.803    0  0.000  0.545     0.00     0.00     0.00     0.00     0.00 -1 -1.51e-07      0.00 7.092e-01 2.755e-01 2.746e-03 7.408e-04 6.719e-03 -1.000 1.527e-02 -7.864 -6.170 -5.057 -4.767 -4.640 -4.476 -4.087 -3.970 -3.864
0.0152 0.01508 6.69897 24.5241012573 2.6314235925   23.959  5.081  4.5232  3.781    0  0.000  0.545     0.00     0.00     0.00     0.00     0.00 -1 -1.68e-07      0.00 7.092e-01 2.755e-01 2.746e-03 7.408e-04 6.719e-03 -1.000 1.527e-02 -7.932 -6.243 -5.129 -4.841 -4.715 -4.551 -4.163 -4.045 -3.940
0.0152 0.01508 6.69897 25.7098712921 2.6315732889   24.986  5.141  4.5201  3.727    0  0.000  0.545     0.00     0.00     0.00     0.00     0.00 -1 -2.12e-07      0.00 7.092e-01 2.755e-01 2.746e-03 7.408e-04 6.719e-03 -1.000 1.527e-02 -8.082 -6.413 -5.301 -5.016 -4.892 -4.729 -4.342 -4.225 -4.120
0.0152 0.01508 6.69897 27.0090694427 2.6317200748   26.089  5.205  4.5139  3.657    0  0.000  0.545     0.00     0.00     0.00     0.00     0.00 -1 -2.65e-07      0.00 7.092e-01 2.755e-01 2.746e-03 7.408e-04 6.719e-03 -1.000 1.527e-02 -8.242 -6.615 -5.507 -5.226 -5.103 -4.942 -4.556 -4.441 -4.336
0.0152 0.01508 6.69897 28.0000000000 2.6318215644   26.917  5.252  4.5073  3.597    0  0.000  0.545     0.00     0.00     0.00     0.00     0.00 -1  -3.1e-07      0.00 7.092e-01 2.755e-01 2.746e-03 7.408e-04 6.719e-03 -1.000 1.527e-02 -8.360 -6.779 -5.674 -5.396 -5.274 -5.114 -4.730 -4.617 -4.513
0.0152 0.01508 6.69897 28.0572834015 2.6318271797   26.964  5.254  4.5069  3.594    0  0.000  0.545     0.00     0.00     0.00     0.00     0.00 -1 -3.12e-07      0.00 7.092e-01 2.755e-01 2.746e-03 7.408e-04 6.719e-03 -1.000 1.527e-02 -8.366 -6.788 -5.683 -5.406 -5.284 -5.123 -4.739 -4.627 -4.523
0.0152 0.01508 6.69897 29.2212924957 2.6319358223   27.904  5.305  4.4970  3.519    0  0.000  0.545     0.00     0.00     0.00     0.00     0.00 -1 -3.58e-07      0.00 7.092e-01 2.755e-01 2.746e-03 7.408e-04 6.719e-03 -1.000 1.527e-02 -8.492 -6.977 -5.877 -5.604 -5.482 -5.323 -4.942 -4.831 -4.729
0.0152 0.01508 6.69897 30.0000000000 2.6320031152   28.527  5.338  4.4884  3.461    0  0.000  0.545     0.00     0.00     0.00     0.00     0.00 -1 -3.86e-07      0.00 7.092e-01 2.755e-01 2.746e-03 7.408e-04 6.719e-03 -1.000 1.527e-02 -8.575 -7.099 -6.005 -5.736 -5.617 -5.460 -5.083 -4.976 -4.877
0.0152 0.01508 6.69897 30.6514377594 2.6320563996   29.039  5.364  4.4795  3.407    0  0.000  0.545     0.00     0.00     0.00     0.00     0.00 -1 -3.99e-07      0.00 7.092e-01 2.755e-01 2.746e-03 7.408e-04 6.719e-03 -1.000 1.527e-02 -8.640 -7.204 -6.116 -5.852 -5.735 -5.581 -5.211 -5.108 -5.011
0.0152 0.01508 6.69897 31.3283176422 2.6321090742   29.568  5.391  4.4688  3.346    0  0.000  0.545     0.00     0.00     0.00     0.00     0.00 -1 -4.05e-07      0.00 7.092e-01 2.755e-01 2.746e-03 7.408e-04 6.719e-03 -1.000 1.527e-02 -8.706 -7.322 -6.244 -5.985 -5.872 -5.722 -5.361 -5.262 -5.165
0.0152 0.01508 6.69897 31.9464397430 2.6321549407   30.049  5.414  4.4580  3.285    0  0.000  0.545     0.00     0.00     0.00     0.00     0.00 -1 -4.07e-07      0.00 7.092e-01 2.755e-01 2.746e-03 7.408e-04 6.719e-03 -1.000 1.527e-02 -8.766 -7.446 -6.378 -6.123 -6.014 -5.870 -5.519 -5.421 -5.324
0.0152 0.01508 6.69897 32.5115051270 2.6321951201   30.487  5.436  4.4469  3.226    0  0.000  0.545     0.00     0.00     0.00     0.00     0.00 -1 -4.01e-07      0.00 7.092e-01 2.755e-01 2.746e-03 7.408e-04 6.719e-03 -1.000 1.527e-02 -8.820 -7.571 -6.513 -6.264 -6.159 -6.019 -5.673 -5.577 -5.480
0.0152 0.01508 6.69897 33.0644035339 2.6322329096   30.915  5.457  4.4351  3.164    0  0.000  0.545     0.00     0.00     0.00     0.00     0.00 -1 -3.87e-07      0.00 7.092e-01 2.755e-01 2.746e-03 7.408e-04 6.719e-03 -1.000 1.527e-02 -8.872 -7.693 -6.644 -6.403 -6.301 -6.163 -5.815 -5.721 -5.626
0.0152 0.01508 6.69897 33.5668945312 2.6322660150   31.304  5.475  4.4231  3.103    0  0.000  0.545     0.00     0.00     0.00     0.00     0.00 -1 -3.68e-07      0.00 7.092e-01 2.755e-01 2.746e-03 7.408e-04 6.719e-03 -1.000 1.527e-02 -8.918 -7.807 -6.765 -6.531 -6.431 -6.295 -5.949 -5.856 -5.762
0.0152 0.01508 6.69897 34.0167503357 2.6322947004   31.651  5.492  4.4107  3.041    0  0.000  0.545     0.00     0.00     0.00     0.00     0.00 -1 -3.58e-07      0.00 7.092e-01 2.755e-01 2.746e-03 7.408e-04 6.719e-03 -1.000 1.527e-02 -8.961 -7.904 -6.870 -6.641 -6.545 -6.413 -6.076 -5.987 -5.893
0.0152 0.01508 6.69897 34.4159812927 2.6323194367   31.939  5.507  4.3977  2.978    0  0.000  0.545     0.00     0.00     0.00     0.00     0.00 -1 -6.83e-07      0.00 7.092e-01 2.755e-01 2.746e-03 7.408e-04 6.719e-03 -1.000 1.527e-02 -8.998 -8.004 -6.982 -6.758 -6.665 -6.539 -6.211 -6.123 -6.029
0.0152 0.01508 6.69897 34.8156127930 2.6323435456   32.158  5.521  4.3820  2.904    0  0.000  0.545     0.00     0.00     0.00     0.00     0.00 -1 -1.34e-06      0.00 7.092e-01 2.755e-01 2.746e-03 7.408e-04 6.719e-03 -1.000 1.527e-02 -9.033 -8.063 -7.036 -6.824 -6.743 -6.618 -6.309 -6.240 -6.170
0.0152 0.01508 6.69897 35.0000000000 2.6323544560   32.229  5.528  4.3738  2.866    0  0.000  0.545     0.00     0.00     0.00     0.00     0.00 -1 -2.49e-06      0.00 7.092e-01 2.755e-01 2.746e-03 7.408e-04 6.719e-03 -1.000 1.527e-02 -9.049 -8.122 -7.104 -6.893 -6.812 -6.690 -6.381 -6.312 -6.242
0.0152 0.01508 6.69897 35.1130447388 2.6323610799   32.261  5.531  4.3685  2.842    0  0.000  0.545     0.00     0.00     0.00     0.00     0.00 -1 -3.59e-06      0.00 7.092e-01 2.755e-01 2.746e-03 7.408e-04 6.719e-03 -1.000 1.527e-02 -9.058 -8.162 -7.151 -6.942 -6.862 -6.743 -6.437 -6.369 -6.299
0.0152 0.01508 6.69897 35.3299484253 2.6323736530   32.305  5.538  4.3574  2.791    0  0.000  0.545     0.00     0.00     0.00     0.00     0.00 -1 -5.21e-06      0.00 7.092e-01 2.755e-01 2.746e-03 7.408e-04 6.719e-03 -1.000 1.527e-02 -9.074 -8.244 -7.248 -7.044 -6.967 -6.853 -6.554 -6.488 -6.420
0.0152 0.01508 6.69897 35.5256309509 2.6323848447   32.332  5.544  4.3465  2.742    0  0.000  0.545     0.00     0.00     0.00     0.00     0.00 -1 -5.22e-06      0.00 7.092e-01 2.755e-01 2.746e-03 7.408e-04 6.719e-03 -1.000 1.527e-02 -9.089 -8.320 -7.335 -7.137 -7.063 -6.954 -6.661 -6.596 -6.528
0.0152 0.01508 6.69897 35.7213859558 2.6323958995   32.358  5.550  4.3351  2.691    0  0.000  0.545     0.00     0.00     0.00     0.00     0.00 -1 -5.21e-06      0.00 7.092e-01 2.755e-01 2.746e-03 7.408e-04 6.719e-03 -1.000 1.527e-02 -9.104 -8.392 -7.417 -7.225 -7.155 -7.050 -6.763 -6.701 -6.632
0.0152 0.01508 6.69897 35.9129104614 2.6324065815   32.383  5.555  4.3232  2.638    0  0.000  0.545     0.00     0.00     0.00     0.00     0.00 -1 -5.24e-06      0.00 7.092e-01 2.755e-01 2.746e-03 7.408e-04 6.719e-03 -1.000 1.527e-02 -9.118 -8.466 -7.500 -7.316 -7.250 -7.149 -6.866 -6.806 -6.736
0.0152 0.01508 6.69897 36.0829887390 2.6324159580   32.405  5.561  4.3121  2.589    0  0.000  0.545     0.00     0.00     0.00     0.00     0.00 -1 -5.23e-06      0.00 7.092e-01 2.755e-01 2.746e-03 7.408e-04 6.719e-03 -1.000 1.527e-02 -9.131 -8.521 -7.564 -7.384 -7.320 -7.225 -6.948 -6.890 -6.819
0.0152 0.01508 6.69897 36.2591819763 2.6324255651   32.428  5.566  4.3002  2.536    0  0.000  0.545     0.00     0.00     0.00     0.00     0.00 -1  -5.2e-06      0.00 7.092e-01 2.755e-01 2.746e-03 7.408e-04 6.719e-03 -1.000 1.527e-02 -9.145 -8.580 -7.630 -7.455 -7.393 -7.303 -7.030 -6.973 -6.900
0.0152 0.01508 6.69897 36.4234619141 2.6324344263   32.447  5.571  4.2886  2.484    0  0.000  0.545     0.00     0.00     0.00     0.00     0.00 -1 -5.23e-06      0.00 7.092e-01 2.755e-01 2.746e-03 7.408e-04 6.719e-03 -1.000 1.527e-02 -9.158 -8.446 -7.536 -7.351 -7.279 -7.169 -6.891 -6.812 -6.741
0.0152 0.01508 6.69897 36.5215415955 2.6324396731   32.415  5.574  4.2803  2.448    0  0.000  0.545     0.00     0.00     0.00     0.00     0.00 -1 -6.97e-06      0.00 7.092e-01 2.755e-01 2.745e-03 7.408e-04 6.719e-03 -1.000 1.527e-02 -9.164 -8.510 -7.586 -7.410 -7.344 -7.239 -6.965 -6.888 -6.818
0.0152 0.01508 6.69897 36.5578269958 2.6324416059   32.388  5.575  4.2760  2.430    0  0.000  0.545     0.00     0.00     0.00     0.00     0.00 -1 -7.05e-06      0.00 7.092e-01 2.755e-01 2.745e-03 7.409e-04 6.719e-03 -1.000 1.527e-02 -9.167 -8.528 -7.611 -7.437 -7.371 -7.268 -6.996 -6.920 -6.851
0.0152 0.01508 6.69897 36.5945587158 2.6324435581   32.360  5.576  4.2716  2.410    0  0.000  0.545     0.00     0.00     0.00     0.00     0.00 -1 -7.13e-06      0.00 7.092e-01 2.755e-01 2.745e-03 7.409e-04 6.719e-03 -1.000 1.527e-02 -9.170 -8.545 -7.636 -7.463 -7.399 -7.297 -7.028 -6.953 -6.885
0.0152 0.01508 6.69897 36.6214790344 2.6324449859   32.338  5.577  4.2682  2.396    0  0.000  0.545     0.00     0.00     0.00     0.00     0.00 -1  -7.2e-06      0.00 7.092e-01 2.755e-01 2.745e-03 7.409e-04 6.719e-03 -1.000 1.527e-02 -9.171 -8.557 -7.655 -7.483 -7.419 -7.318 -7.051 -6.977 -6.910
0.0152 0.01508 6.69897 36.6560630798 2.6324468167   32.310  5.578  4.2639  2.377    0  0.000  0.545     0.00     0.00     0.00     0.00     0.00 -1 -7.29e-06      0.00 7.092e-01 2.755e-01 2.744e-03 7.409e-04 6.719e-03 -1.000 1.527e-02 -9.174 -8.571 -7.680 -7.508 -7.445 -7.345 -7.081 -7.008 -6.942
0.0152 0.01508 6.69897 36.6892890930 2.6324485719   32.281  5.578  4.2597  2.359    0  0.000  0.545     0.00     0.00     0.00     0.00     0.00 -1 -7.38e-06      0.00 7.092e-01 2.755e-01 2.744e-03 7.409e-04 6.719e-03 -1.000 1.527e-02 -9.176 -8.585 -7.704 -7.533 -7.471 -7.371 -7.110 -7.038 -6.973
0.0152 0.01508 6.69897 36.7133560181 2.6324498410   32.260  5.579  4.2565  2.346    0  0.000  0.545     0.00     0.00     0.00     0.00     0.00 -1 -7.43e-06      0.00 7.092e-01 2.755e-01 2.744e-03 7.409e-04 6.719e-03 -1.000 1.527e-02 -9.178 -8.596 -7.722 -7.552 -7.490 -7.391 -7.132 -7.062 -6.997
0.0152 0.01508 6.69897 36.7443466187 2.6324514723   32.236  5.580  4.2517  2.325    0  0.000  0.544     0.00     0.00     0.00     0.00     0.00 -1 -7.44e-06      0.00 7.092e-01 2.755e-01 2.743e-03 7.410e-04 6.719e-03 -1.000 1.527e-02 -9.180 -8.612 -7.749 -7.580 -7.519 -7.422 -7.166 -7.097 -7.033
0.0152 0.01508 6.69897 36.7741012573 2.6324530356   32.213  5.581  4.2469  2.305    0  0.000  0.544     0.00     0.00     0.00     0.00     0.00 -1 -7.44e-06      0.00 7.092e-01 2.755e-01 2.743e-03 7.411e-04 6.719e-03 -1.000 1.527e-02 -9.182 -8.628 -7.776 -7.608 -7.548 -7.452 -7.200 -7.132 -7.069
0.0152 0.01508 6.69897 36.7955741882 2.6324541620   32.195  5.582  4.2434  2.290    0  0.000  0.544     0.00     0.00     0.00     0.00     0.00 -1 -7.44e-06      0.00 7.092e-01 2.755e-01 2.742e-03 7.411e-04 6.719e-03 -1.000 1.527e-02 -9.184 -8.640 -7.795 -7.629 -7.569 -7.474 -7.224 -7.157 -7.095
0.0152 0.01508 6.69897 36.8231849670 2.6324556081   32.172  5.582  4.2389  2.271    0  0.000  0.544     0.00     0.00     0.00     0.00     0.00 -1 -7.45e-06      0.00 7.092e-01 2.755e-01 2.742e-03 7.411e-04 6.719e-03 -1.000 1.527e-02 -9.186 -8.655 -7.820 -7.655 -7.596 -7.503 -7.256 -7.190 -7.129
0.0152 0.01508 6.69897 36.8497009277 2.6324569945   32.149  5.583  4.2345  2.252    0  0.000  0.544     0.00     0.00     0.00     0.00     0.00 -1 -7.45e-06      0.00 7.092e-01 2.755e-01 2.741e-03 7.412e-04 6.719e-03 -1.000 1.527e-02 -9.188 -8.670 -7.845 -7.681 -7.623 -7.531 -7.287 -7.222 -7.162
0.0152 0.01508 6.69897 36.8688774109 2.6324579958   32.132  5.584  4.2313  2.238    0  0.000  0.544     0.00     0.00     0.00     0.00     0.00 -1 -7.45e-06      0.00 7.092e-01 2.755e-01 2.741e-03 7.412e-04 6.719e-03 -1.000 1.527e-02 -9.189 -8.681 -7.863 -7.699 -7.642 -7.551 -7.310 -7.246 -7.186
0.0152 0.01508 6.69897 36.8934631348 2.6324592777   32.110  5.585  4.2272  2.221    0  0.000  0.544     0.00     0.00     0.00     0.00     0.00 -1 -7.45e-06      0.00 7.092e-01 2.755e-01 2.740e-03 7.413e-04 6.719e-03 -1.000 1.527e-02 -9.191 -8.695 -7.886 -7.724 -7.668 -7.579 -7.340 -7.277 -7.218
0.0152 0.01508 6.69897 36.9170646667 2.6324605065   32.088  5.585  4.2231  2.203    0  0.000  0.544     0.00     0.00     0.00     0.00     0.00 -1 -7.44e-06      0.00 7.092e-01 2.755e-01 2.740e-03 7.413e-04 6.719e-03 -1.000 1.527e-02 -9.193 -8.709 -7.909 -7.748 -7.693 -7.605 -7.370 -7.308 -7.250
0.0152 0.01508 6.69897 36.9397201538 2.6324616843   32.067  5.586  4.2191  2.187    0  0.000  0.544     0.00     0.00     0.00     0.00     0.00 -1 -7.44e-06      0.00 7.092e-01 2.755e-01 2.739e-03 7.414e-04 6.719e-03 -1.000 1.527e-02 -9.195 -8.722 -7.931 -7.772 -7.717 -7.631 -7.398 -7.337 -7.280
0.0152 0.01508 6.69897 36.9561080933 2.6324625352   32.052  5.586  4.2163  2.174    0  0.000  0.544     0.00     0.00     0.00     0.00     0.00 -1 -7.44e-06      0.00 7.092e-01 2.755e-01 2.739e-03 7.414e-04 6.719e-03 -1.000 1.527e-02 -9.196 -8.732 -7.947 -7.789 -7.735 -7.650 -7.419 -7.359 -7.302
0.0152 0.01508 6.69897 36.9771194458 2.6324636249   32.032  5.587  4.2126  2.159    0  0.000  0.544     0.00     0.00     0.00     0.00     0.00 -1 -7.44e-06      0.00 7.092e-01 2.755e-01 2.738e-03 7.415e-04 6.719e-03 -1.000 1.527e-02 -9.198 -8.745 -7.968 -7.811 -7.758 -7.674 -7.446 -7.386 -7.330
0.0152 0.01508 6.69897 36.9972610474 2.6324646682   32.016  5.588  4.2099  2.147    0  0.000  0.543     0.00     0.00     0.00     0.00     0.00 -1 -7.46e-06      0.00 7.092e-01 2.755e-01 2.738e-03 7.416e-04 6.719e-03 -1.000 1.527e-02 -9.200 -8.755 -7.984 -7.828 -7.776 -7.692 -7.466 -7.407 -7.352
0.0152 0.01508 6.69897 37.0166130066 2.6324656694   32.002  5.589  4.2077  2.137    0  0.000  0.543     0.00     0.00     0.00     0.00     0.00 -1 -7.49e-06      0.00 7.092e-01 2.755e-01 2.737e-03 7.417e-04 6.719e-03 -1.000 1.527e-02 -9.202 -8.764 -7.998 -7.842 -7.791 -7.708 -7.484 -7.426 -7.371
0.0152 0.01508 6.69897 37.0351829529 2.6324666290   31.989  5.590  4.2055  2.127    0  0.000  0.543     0.00     0.00     0.00     0.00     0.00 -1 -7.52e-06      0.00 7.092e-01 2.755e-01 2.737e-03 7.418e-04 6.719e-03 -1.000 1.527e-02 -9.205 -8.773 -8.011 -7.857 -7.806 -7.724 -7.501 -7.443 -7.389
0.0152 0.01508 6.69897 37.0616416931 2.6324679943   31.969  5.591  4.2024  2.113    0  0.000  0.543     0.00     0.00     0.00     0.00     0.00 -1 -7.56e-06      0.00 7.092e-01 2.755e-01 2.736e-03 7.419e-04 6.719e-03 -1.000 1.527e-02 -9.208 -8.785 -8.031 -7.877 -7.827 -7.746 -7.526 -7.469 -7.415
0.0152 0.01508 6.69897 37.0865364075 2.6324692768   31.950  5.592  4.1994  2.100    0  0.000  0.543     0.00     0.00     0.00     0.00     0.00 -1 -7.59e-06      0.00 7.092e-01 2.755e-01 2.735e-03 7.421e-04 6.719e-03 -1.000 1.527e-02 -9.211 -8.797 -8.049 -7.897 -7.847 -7.768 -7.549 -7.493 -7.439
0.0152 0.01508 6.69897 37.1137199402 2.6324706750   31.929  5.594  4.1961  2.085    0  0.000  0.543     0.00     0.00     0.00     0.00     0.00 -1 -7.63e-06      0.00 7.092e-01 2.755e-01 2.734e-03 7.422e-04 6.719e-03 -1.000 1.527e-02 -9.214 -8.811 -8.070 -7.919 -7.870 -7.791 -7.576 -7.520 -7.467
0.0152 0.01508 6.69897 37.1423606873 2.6324721457   31.907  5.595  4.1926  2.069    0  0.000  0.543     0.00     0.00     0.00     0.00     0.00 -1 -7.68e-06      0.00 7.092e-01 2.755e-01 2.733e-03 7.424e-04 6.719e-03 -1.000 1.527e-02 -9.218 -8.825 -8.091 -7.942 -7.894 -7.817 -7.603 -7.549 -7.497
0.0152 0.01508 6.69897 37.1749763489 2.6324738172   31.881  5.597  4.1886  2.051    0  0.000  0.542     0.00     0.00     0.00     0.00     0.00 -1 -7.72e-06      0.00 7.092e-01 2.755e-01 2.732e-03 7.426e-04 6.719e-03 -1.000 1.527e-02 -9.222 -8.841 -8.117 -7.969 -7.922 -7.846 -7.636 -7.582 -7.530
0.0152 0.01508 6.69897 37.2180709839 2.6324760206   31.846  5.599  4.1832  2.027    0  0.000  0.542     0.00     0.00     0.00     0.00     0.00 -1 -7.78e-06      0.00 7.092e-01 2.755e-01 2.731e-03 7.429e-04 6.719e-03 -1.000 1.527e-02 -9.227 -8.863 -8.150 -8.004 -7.959 -7.885 -7.679 -7.626 -7.576
0.0152 0.01508 6.69897 37.2683105469 2.6324785820   31.803  5.602  4.1779  2.002    0  0.000  0.542     0.00     0.00     0.00     0.00     0.00 -1  -7.9e-06      0.00 7.092e-01 2.755e-01 2.729e-03 7.432e-04 6.719e-03 -1.000 1.527e-02 -9.235 -8.889 -8.184 -8.041 -7.998 -7.926 -7.723 -7.672 -7.623
0.0152 0.01508 6.69897 37.3202743530 2.6324812229   31.758  5.605  4.1722  1.976    0  0.000  0.542     0.00     0.00     0.00     0.00     0.00 -1 -8.02e-06      0.00 7.092e-01 2.755e-01 2.727e-03 7.436e-04 6.719e-03 -1.000 1.527e-02 -9.243 -8.919 -8.216 -8.079 -8.039 -7.970 -7.771 -7.722 -7.674
0.0152 0.01508 6.69897 37.3876152039 2.6324846327   31.696  5.609  4.1646  1.940    0  0.000  0.541     0.00     0.00     0.00     0.00     0.00 -1 -8.16e-06      0.00 7.092e-01 2.755e-01 2.724e-03 7.441e-04 6.719e-03 -1.000 1.527e-02 -9.253 -8.962 -8.257 -8.128 -8.093 -8.030 -7.835 -7.789 -7.743
0.0152 0.01508 6.69897 37.4817237854 2.6324893744   31.610  5.627  4.1689  1.938    0  0.000  0.540     0.00     0.00     0.00     0.00     0.00 -1 -9.27e-06      0.00 7.092e-01 2.755e-01 2.720e-03 7.452e-04 6.719e-03 -1.000 1.527e-02 -9.298 -8.987 -8.285 -8.151 -8.113 -8.046 -7.849 -7.801 -7.754
0.0152 0.01508 6.69897 37.4866256714 2.6324896206   31.605  5.631  4.1706  1.941    0  0.000  0.540     0.00     0.00     0.00     0.00     0.00 -1 -9.49e-06      0.00 7.092e-01 2.755e-01 2.720e-03 7.453e-04 6.719e-03 -1.000 1.527e-02 -9.308 -8.990 -8.288 -8.152 -8.113 -8.045 -7.847 -7.799 -7.751
0.0152 0.01508 6.69897 37.4991111755 2.6324902474   31.591  5.635  4.1741  1.950    1  0.000  0.540     0.00     0.00     0.00     0.00     0.00 -1  -9.9e-06      0.00 7.092e-01 2.755e-01 2.719e-03 7.456e-04 6.719e-03 -1.000 1.527e-02 -9.318 -8.987 -8.284 -8.144 -8.103 -8.034 -7.833 -7.784 -7.735
0.0152 0.01508 6.69897 37.5127487183 2.6324909316   31.576  5.633  4.1639  1.912    1  0.000  0.540     0.00     0.00     0.00     0.00     0.00 -1 -9.64e-06      0.00 7.092e-01 2.755e-01 2.716e-03 7.464e-04 6.719e-03 -1.000 1.527e-02 -9.312 -9.024 -8.318 -8.190 -8.156 -8.093 -7.898 -7.853 -7.806
0.0152 0.01508 6.69897 37.5164871216 2.6324911190   31.572  5.631  4.1550  1.878    1  0.000  0.539     0.00     0.00     0.00     0.00     0.00 -1 -9.33e-06      0.00 7.092e-01 2.755e-01 2.715e-03 7.469e-04 6.719e-03 -1.000 1.527e-02 -9.308 -9.059 -8.348 -8.231 -8.203 -8.147 -7.957 -7.915 -7.871
0.0152 0.01508 6.69897 37.5183906555 2.6324912144   31.569  5.631  4.1472  1.847    1  0.000  0.539     0.00     0.00     0.00     0.00     0.00 -1 -9.19e-06      0.00 7.092e-01 2.755e-01 2.713e-03 7.474e-04 6.719e-03 -1.000 1.527e-02 -9.308 -9.089 -8.382 -8.272 -8.249 -8.197 -8.012 -7.973 -7.931
0.0152 0.01508 6.69897 37.5203781128 2.6324913140   31.567  5.631  4.1373  1.807    1  0.000  0.539     0.00     0.00     0.00     0.00     0.00 -1 -1.29e-05      0.00 7.092e-01 2.755e-01 2.712e-03 7.480e-04 6.719e-03 -1.000 1.527e-02 -9.308 -9.112 -8.439 -8.330 -8.308 -8.258 -8.081 -8.044 -8.003
0.0152 0.01508 6.69897 37.5217323303 2.6324913819   31.564  5.631  4.1295  1.776    1  0.000  0.539     0.00     0.00     0.00     0.00     0.00 -1 -1.94e-05      0.00 7.092e-01 2.755e-01 2.711e-03 7.484e-04 6.719e-03 -1.000 1.527e-02 -9.308 -9.124 -8.490 -8.378 -8.355 -8.305 -8.136 -8.099 -8.059
0.0152 0.01508 6.69897 37.5231437683 2.6324914526   31.561  5.632  4.1200  1.738    1  0.000  0.538     0.00     0.00     0.00     0.00     0.00 -1 -1.89e-05      0.00 7.092e-01 2.755e-01 2.709e-03 7.488e-04 6.719e-03 -1.000 1.527e-02 -9.309 -9.138 -8.552 -8.437 -8.412 -8.362 -8.202 -8.167 -8.127
0.0152 0.01508 6.69897 37.5245437622 2.6324915228   31.556  5.632  4.1097  1.696    1  0.000  0.538     0.00     0.00     0.00     0.00     0.00 -1 -1.85e-05      0.00 7.092e-01 2.755e-01 2.709e-03 7.491e-04 6.719e-03 -1.000 1.527e-02 -9.310 -9.158 -8.614 -8.499 -8.474 -8.426 -8.275 -8.241 -8.203
0.0152 0.01508 6.69897 37.5258903503 2.6324915903   31.551  5.632  4.0988  1.652    1  0.000  0.538     0.00     0.00     0.00     0.00     0.00 -1 -3.05e-05      0.00 7.092e-01 2.755e-01 2.708e-03 7.491e-04 6.719e-03 -1.000 1.527e-02 -9.310 -9.186 -8.669 -8.559 -8.536 -8.492 -8.351 -8.319 -8.283
0.0152 0.01508 6.69897 37.5272941589 2.6324916606   31.545  5.632  4.0866  1.603    1  0.000  0.538     0.00     0.00     0.00     0.00     0.00 -1 -2.98e-05      0.00 7.092e-01 2.755e-01 2.708e-03 7.492e-04 6.719e-03 -1.000 1.527e-02 -9.310 -9.214 -8.730 -8.626 -8.606 -8.566 -8.435 -8.407 -8.373
0.0152 0.01508 6.69897 37.5286560059 2.6324917288   31.540  5.632  4.0739  1.553    1  0.000  0.538     0.00     0.00     0.00     0.00     0.00 -1 -2.88e-05      0.00 7.092e-01 2.755e-01 2.708e-03 7.492e-04 6.719e-03 -1.000 1.527e-02 -9.310 -9.263 -8.770 -8.683 -8.674 -8.645 -8.522 -8.500 -8.469
0.0152 0.01508 6.69897 37.5300559998 2.6324917990   31.534  5.631  4.0601  1.498    1  0.000  0.538     0.00     0.00     0.00     0.00     0.00 -1 -2.79e-05      0.00 7.092e-01 2.755e-01 2.708e-03 7.492e-04 6.719e-03 -1.000 1.527e-02 -9.308 -9.301 -8.821 -8.747 -8.747 -8.727 -8.614 -8.598 -8.570
0.0152 0.01508 6.69897 37.5314254761 2.6324918676   31.530  5.630  4.0456  1.441    1  0.000  0.538     0.00     0.00     0.00     0.00     0.00 -1  -2.7e-05      0.00 7.092e-01 2.755e-01 2.708e-03 7.492e-04 6.719e-03 -1.000 1.527e-02 -9.305 -9.319 -8.886 -8.819 -8.822 -8.807 -8.708 -8.696 -8.670
0.0152 0.01508 6.69897 37.5321083069 2.6324919018   31.527  5.629  4.0380  1.412    1  0.000  0.538     0.00     0.00     0.00     0.00     0.00 -1 -2.66e-05      0.00 7.092e-01 2.755e-01 2.708e-03 7.492e-04 6.719e-03 -1.000 1.527e-02 -9.303 -9.327 -8.920 -8.855 -8.860 -8.849 -8.757 -8.747 -8.723
0.0152 0.01508 6.69897 37.5327987671 2.6324919363   31.524  5.628  4.0300  1.380    1  0.000  0.538     0.00     0.00     0.00     0.00     0.00 -1 -2.95e-05      0.00 7.092e-01 2.755e-01 2.708e-03 7.492e-04 6.719e-03 -1.000 1.527e-02 -9.301 -9.333 -8.955 -8.893 -8.900 -8.891 -8.808 -8.800 -8.777
0.0152 0.01508 6.69897 37.5334815979 2.6324919705   31.521  5.628  4.0218  1.348    1  0.000  0.538     0.00     0.00     0.00     0.00     0.00 -1 -3.95e-05      0.00 7.092e-01 2.755e-01 2.708e-03 7.492e-04 6.719e-03 -1.000 1.527e-02 -9.299 -9.337 -8.990 -8.932 -8.940 -8.934 -8.860 -8.854 -8.833
0.0152 0.01508 6.69897 37.5341682434 2.6324920049   31.518  5.627  4.0129  1.313    1  0.000  0.538     0.00     0.00     0.00     0.00     0.00 -1 -4.85e-05      0.00 7.092e-01 2.755e-01 2.707e-03 7.497e-04 6.719e-03 -1.000 1.527e-02 -9.298 -9.342 -9.028 -8.973 -8.983 -8.980 -8.916 -8.914 -8.894
0.0152 0.01508 6.69897 37.5348587036 2.6324920395   31.514  5.627  4.0035  1.275    1  0.000  0.538     0.00     0.00     0.00     0.00     0.00 -1 -4.96e-05      0.00 7.092e-01 2.755e-01 2.705e-03 7.505e-04 6.719e-03 -1.000 1.527e-02 -9.299 -9.345 -9.068 -9.018 -9.029 -9.030 -8.977 -8.978 -8.959
0.0152 0.01508 6.69897 37.5355491638 2.6324920741   31.511  5.628  3.9935  1.235    1  0.000  0.537     0.00     0.00     0.00     0.00     0.00 -1 -4.83e-05      0.00 7.092e-01 2.755e-01 2.703e-03 7.513e-04 6.719e-03 -1.000 1.527e-02 -9.299 -9.347 -9.110 -9.064 -9.077 -9.082 -9.042 -9.045 -9.029
0.0152 0.01508 6.69897 37.5362815857 2.6324921107   31.508  5.628  3.9823  1.190    1  0.000  0.537     0.00     0.00     0.00     0.00     0.00 -1 -4.69e-05      0.00 7.092e-01 2.755e-01 2.700e-03 7.535e-04 6.718e-03 -1.000 1.527e-02 -9.300 -9.346 -9.156 -9.115 -9.129 -9.139 -9.114 -9.121 -9.108
0.0152 0.01508 6.69897 37.5369644165 2.6324921449   31.505  5.628  3.9712  1.145    1  0.000  0.536     0.00     0.00     0.00     0.00     0.00 -1 -4.55e-05      0.00 7.092e-01 2.756e-01 2.695e-03 7.592e-04 6.716e-03 -1.000 1.527e-02 -9.300 -9.343 -9.200 -9.164 -9.180 -9.194 -9.185 -9.197 -9.186
0.0152 0.01508 6.69897 37.5376472473 2.6324921791   31.502  5.628  3.9593  1.097    1  0.000  0.535     0.00     0.00     0.00     0.00     0.00 -1 -4.42e-05      0.00 7.092e-01 2.756e-01 2.689e-03 7.672e-04 6.713e-03 -1.000 1.527e-02 -9.300 -9.351 -9.213 -9.201 -9.230 -9.257 -9.259 -9.279 -9.271
0.0152 0.01508 6.69897 37.5383377075 2.6324922137   31.499  5.628  3.9467  1.047    1  0.000  0.534     0.00     0.00     0.00     0.00     0.00 -1 -4.29e-05      0.00 7.091e-01 2.756e-01 2.683e-03 7.752e-04 6.710e-03 -1.000 1.527e-02 -9.300 -9.351 -9.236 -9.243 -9.283 -9.321 -9.337 -9.364 -9.359
0.0152 0.01508 6.69897 37.5390281677 2.6324922483   31.497  5.628  3.9340  0.996    1  0.000  0.533     0.00     0.00     0.00     0.00     0.00 -1 -4.16e-05      0.00 7.091e-01 2.756e-01 2.676e-03 7.855e-04 6.706e-03 -1.000 1.527e-02 -9.300 -9.333 -9.284 -9.294 -9.334 -9.377 -9.415 -9.448 -9.447
0.0152 0.01508 6.69897 37.5397186279 2.6324922828   31.494  5.628  3.9215  0.946    1  0.000  0.532     0.00     0.00     0.00     0.00     0.00 -1 -4.04e-05      0.00 7.091e-01 2.756e-01 2.667e-03 8.001e-04 6.700e-03 -1.000 1.527e-02 -9.300 -9.316 -9.268 -9.321 -9.382 -9.441 -9.491 -9.532 -9.535
0.0152 0.01508 6.69897 37.5404129028 2.6324923176   31.492  5.628  3.9093  0.897    1  0.000  0.531     0.00     0.00     0.00     0.00     0.00 -1 -3.89e-05      0.00 7.091e-01 2.757e-01 2.657e-03 8.159e-04 6.693e-03 -1.000 1.527e-02 -9.300 -9.291 -9.280 -9.354 -9.423 -9.493 -9.562 -9.611 -9.618
0.0152 0.01508 6.69897 37.5411109924 2.6324923525   31.489  5.628  3.8974  0.850    1  0.000  0.529     0.00     0.00     0.00     0.00     0.00 -1 -3.78e-05      0.00 7.090e-01 2.757e-01 2.648e-03 8.318e-04 6.687e-03 -1.000 1.527e-02 -9.300 -9.254 -9.318 -9.389 -9.457 -9.533 -9.630 -9.686 -9.698
0.0152 0.01508 6.69897 37.5418128967 2.6324923877   31.487  5.628  3.8858  0.803    1  0.000  0.528     0.00     0.00     0.00     0.00     0.00 -1 -3.67e-05      0.00 7.090e-01 2.758e-01 2.638e-03 8.477e-04 6.680e-03 -1.000 1.527e-02 -9.300 -9.207 -9.324 -9.409 -9.487 -9.574 -9.695 -9.762 -9.778
0.0152 0.01508 6.69897 37.5425186157 2.6324924230   31.484  5.628  3.8750  0.760    1  0.000  0.527     0.00     0.00     0.00     0.00     0.00 -1 -3.58e-05      0.00 7.089e-01 2.758e-01 2.628e-03 8.643e-04 6.673e-03 -1.000 1.527e-02 -9.300 -9.156 -9.303 -9.421 -9.514 -9.616 -9.756 -9.833 -9.853
0.0152 0.01508 6.69897 37.5432243347 2.6324924583   31.482  5.628  3.8645  0.718    1  0.000  0.525     0.00     0.00     0.00     0.00     0.00 -1 -3.48e-05      0.00 7.089e-01 2.758e-01 2.618e-03 8.817e-04 6.666e-03 -1.000 1.527e-02 -9.300 -9.103 -9.287 -9.428 -9.536 -9.652 -9.814 -9.903 -9.927
0.0152 0.01508 6.69897 37.5460281372 2.6324925986   31.474  5.628  3.8294  0.577    1  0.000  0.520     0.00     0.00     0.00     0.00     0.00 -1 -3.19e-05      0.00 7.087e-01 2.761e-01 2.577e-03 9.643e-04 6.624e-03 -1.000 1.529e-02 -9.300 -8.864 -9.161 -9.422 -9.599 -9.774 -10.019 -10.156 -10.193
0.0152 0.01508 6.69897 37.5495300293 2.6324927738   31.464  5.626  3.7943  0.439    1  0.000  0.514     0.00     0.00     0.00     0.00     0.00 -1 -2.88e-05      0.00 7.071e-01 2.776e-01 2.487e-03 1.238e-03 6.443e-03 -1.000 1.527e-02 -9.294 -8.493 -8.903 -9.380 -9.654 -9.898 -10.226 -10.426 -10.474
0.0152 0.01508 6.69897 37.5530357361 2.6324929492   31.455  5.619  3.7611  0.313    1  0.000  0.510     0.00     0.00     0.00     0.00     0.00 -1 -2.56e-05      0.00 7.045e-01 2.802e-01 2.412e-03 1.510e-03 6.243e-03 -1.000 1.527e-02 -9.277 -7.987 -8.562 -9.286 -9.669 -9.988 -10.403 -10.671 -10.732
0.0152 0.01508 6.69897 37.5582885742 2.6324932119   31.444  5.614  3.7163  0.139    1  0.000  0.508     0.00     0.00     0.00     0.00     0.00 -1 -2.27e-05      0.00 6.996e-01 2.851e-01 2.338e-03 1.809e-03 6.011e-03 -1.000 1.525e-02 -9.265 -7.127 -8.051 -9.100 -9.629 -10.046 -10.601 -10.984 -11.059
0.0152 0.01508 6.69897 37.5649490356 2.6324935449   31.431  5.617  3.6786 -0.015    1  0.000  0.506     0.00     0.00     0.00     0.00     0.00 -1 -2.04e-05      0.00 6.927e-01 2.921e-01 2.273e-03 2.051e-03 5.820e-03 -1.000 1.523e-02 -9.272 -6.304 -7.616 -8.912 -9.553 -10.041 -10.747 -11.230 -11.323
0.0152 0.01508 6.69897 37.5734939575 2.6324939719   31.413  5.650  3.6472 -0.174    1  0.000  0.487     0.00     0.00     0.00     0.00     0.00 -1 -2.19e-05      0.00 6.690e-01 3.158e-01 1.921e-03 3.079e-03 5.098e-03 -1.000 1.521e-02 -9.355 -5.394 -7.247 -8.783 -9.520 -10.074 -10.934 -11.468 -11.616
0.0152 0.01508 6.69897 37.6435203552 2.6324974628   31.184  5.723  3.6220 -0.351    1  0.000  0.471     0.00     0.00     0.00     0.00     0.00 -1 -2.86e-05      0.00 6.378e-01 3.470e-01 1.581e-03 4.130e-03 4.344e-03 -1.000 1.520e-02 -9.536 -4.844 -7.064 -8.731 -9.555 -10.189 -11.163 -11.769 -11.951
0.0152 0.01508 6.69897 38.0170288086 2.6325158329   29.809  5.748  3.6256 -0.381    1  0.000  0.465     0.00     0.00     0.00     0.00     0.00 -1 -3.68e-05      0.00 6.290e-01 3.558e-01 1.480e-03 4.444e-03 4.117e-03 -1.000 1.520e-02 -9.600 -5.011 -7.182 -8.832 -9.642 -10.263 -11.221 -11.815 -11.993
0.0152 0.01508 6.69897 38.2749519348 2.6325282779   28.674  5.758  3.6308 -0.387    1  0.000  0.462     0.00     0.00     0.00     0.00     0.00 -1 -4.18e-05      0.00 6.244e-01 3.605e-01 1.422e-03 4.630e-03 3.982e-03 -1.000 1.518e-02 -9.624 -5.184 -7.283 -8.907 -9.698 -10.302 -11.235 -11.815 -11.985
0.0152 0.01508 6.69897 38.4237670898 2.6325353710   27.941  5.762  3.6359 -0.382    1  0.000  0.460     0.00     0.00     0.00     0.00     0.00 -1 -4.46e-05      0.00 6.218e-01 3.630e-01 1.390e-03 4.734e-03 3.908e-03 -1.000 1.517e-02 -9.634 -5.342 -7.366 -8.963 -9.737 -10.324 -11.236 -11.800 -11.963
0.0152 0.01508 6.69897 38.5209274292 2.6325399680   27.432  5.764  3.6407 -0.373    1  0.000  0.459     0.00     0.00     0.00     0.00     0.00 -1 -4.69e-05      0.00 6.202e-01 3.646e-01 1.369e-03 4.801e-03 3.859e-03 -1.000 1.514e-02 -9.640 -5.488 -7.441 -9.013 -9.771 -10.343 -11.232 -11.783 -11.940
0.0152 0.01508 6.69897 38.5930404663 2.6325433628   27.033  5.766  3.6458 -0.361    1  0.000  0.458     0.00     0.00     0.00     0.00     0.00 -1 -4.86e-05      0.00 6.190e-01 3.659e-01 1.353e-03 4.851e-03 3.823e-03 -1.000 1.516e-02 -9.644 -5.640 -7.515 -9.059 -9.801 -10.359 -11.226 -11.764 -11.913
0.0152 0.01508 6.69897 38.6442222595 2.6325457633   26.735  5.767  3.6509 -0.346    1  0.000  0.457     0.00     0.00     0.00     0.00     0.00 -1 -5.05e-05      0.00 6.181e-01 3.667e-01 1.342e-03 4.886e-03 3.797e-03 -1.000 1.516e-02 -9.647 -5.793 -7.589 -9.105 -9.831 -10.374 -11.217 -11.742 -11.884
0.0152 0.01508 6.69897 38.6844139099 2.6325476433   26.492  5.766  3.6555 -0.331    1  0.000  0.458     0.00     0.00     0.00     0.00     0.00 -1 -5.15e-05      0.00 6.008e-01 3.841e-01 1.291e-03 5.104e-03 3.625e-03 -1.000 1.516e-02 -9.644 -5.920 -7.646 -9.137 -9.849 -10.381 -11.204 -11.717 -11.853
0.0152 0.01508 6.69897 38.7219238281 2.6325493938   26.263  5.763  3.6610 -0.310    1  0.000  0.459     0.00     0.00     0.00     0.00     0.00 -1 -5.21e-05      0.00 5.818e-01 4.030e-01 1.241e-03 5.317e-03 3.456e-03 -1.000 1.513e-02 -9.638 -6.079 -7.715 -9.170 -9.867 -10.387 -11.183 -11.685 -11.811
0.0152 0.01508 6.69897 38.7447433472 2.6325504568   26.120  5.764  3.6647 -0.298    1  0.000  0.459     0.00     0.00     0.00     0.00     0.00 -1 -5.28e-05      0.00 5.792e-01 4.057e-01 1.231e-03 5.356e-03 3.426e-03 -1.000 1.513e-02 -9.639 -6.197 -7.768 -9.196 -9.883 -10.396 -11.171 -11.666 -11.786
0.0152 0.01508 6.69897 38.7707901001 2.6325516684   25.953  5.764  3.6699 -0.280    1  0.000  0.459     0.00     0.00     0.00     0.00     0.00 -1 -5.41e-05      0.00 5.778e-01 4.070e-01 1.224e-03 5.382e-03 3.406e-03 -1.000 1.516e-02 -9.640 -6.362 -7.842 -9.230 -9.903 -10.407 -11.153 -11.637 -11.747
0.0152 0.01508 6.69897 38.7799987793 2.6325520963   25.891  5.767  3.6839 -0.228    1  0.000  0.467     0.00     0.00     0.00     0.00     0.00 -1  -5.5e-05      0.00 5.510e-01 4.339e-01 1.163e-03 5.656e-03 3.188e-03 -1.000 1.512e-02 -9.646 -6.777 -8.041 -9.315 -9.947 -10.431 -11.102 -11.555 -11.646
0.0152 0.01508 6.69897 38.7829360962 2.6325522328   25.870  5.770  3.7121 -0.118    1  0.000  0.526     0.00     0.00     0.00     0.00     0.00 -1 -5.72e-05      0.00 5.279e-01 4.570e-01 1.111e-03 5.886e-03 3.001e-03 -1.000 1.512e-02 -9.654 -7.362 -8.369 -9.469 -10.017 -10.446 -11.010 -11.391 -11.470
0.0152 0.01508 6.69897 38.7851753235 2.6325523368   25.851  5.768  3.8173  0.304    1  0.000  0.527     0.00     0.00     0.00     0.00     0.00 -1 -6.23e-05      0.00 5.277e-01 4.571e-01 1.111e-03 5.888e-03 3.000e-03 -1.000 1.512e-02 -9.650 -9.110 -9.442 -9.763 -9.969 -10.167 -10.440 -10.597 -10.637
0.0152 0.01508 6.69897 38.7860488892 2.6325523773   25.837  5.770  3.9042  0.649    1  0.000  0.540     0.00     0.00     0.00     0.00     0.00 -1 -8.01e-05      0.00 5.180e-01 4.669e-01 1.112e-03 5.889e-03 2.999e-03 -1.000 1.512e-02 -9.654 -9.630 -9.652 -9.724 -9.792 -9.865 -9.945 -9.997 -10.006
0.0152 0.01508 6.69897 38.7864341736 2.6325523952   25.835  5.769  3.9086  0.667    1  0.000  0.540     0.00     0.00     0.00     0.00     0.00 -1 -3.41e-05      0.00 5.179e-01 4.670e-01 1.111e-03 5.890e-03 2.998e-03 -1.000 1.512e-02 -9.653 -9.642 -9.635 -9.709 -9.778 -9.849 -9.919 -9.969 -9.976
0.0152 0.01508 6.69897 38.7888069153 2.6325525054   25.827  5.769  3.9159  0.697    1  0.000  0.540     0.00     0.00     0.00     0.00     0.00 -1 -3.39e-05      0.00 5.178e-01 4.671e-01 1.111e-03 5.892e-03 2.997e-03 -1.000 1.512e-02 -9.652 -9.657 -9.620 -9.686 -9.752 -9.818 -9.875 -9.920 -9.925
0.0152 0.01508 6.69897 38.8144569397 2.6325536954   25.738  5.769  3.9214  0.717    1  0.000  0.540     0.00     0.00     0.00     0.00     0.00 -1 -3.41e-05      0.00 5.167e-01 4.681e-01 1.104e-03 5.915e-03 2.979e-03 -1.000 1.512e-02 -9.653 -9.669 -9.621 -9.674 -9.735 -9.795 -9.845 -9.886 -9.889
0.0152 0.01508 6.69897 38.8247222900 2.6325541712   25.702  5.769  3.9287  0.745    1  0.000  0.540     0.00     0.00     0.00     0.00     0.00 -1 -3.41e-05      0.00 5.163e-01 4.686e-01 1.101e-03 5.924e-03 2.973e-03 -1.000 1.512e-02 -9.653 -9.679 -9.646 -9.664 -9.707 -9.754 -9.801 -9.836 -9.837
0.0152 0.01508 6.69897 38.8359184265 2.6325546898   25.663  5.769  3.9367  0.777    1  0.000  0.540     0.00     0.00     0.00     0.00     0.00 -1 -3.42e-05      0.00 5.159e-01 4.690e-01 1.099e-03 5.934e-03 2.965e-03 -1.000 1.512e-02 -9.653 -9.691 -9.627 -9.636 -9.676 -9.718 -9.751 -9.782 -9.781
0.0152 0.01508 6.69897 38.8475875854 2.6325552299   25.622  5.769  3.9449  0.809    1  0.000  0.541     0.00     0.00     0.00     0.00     0.00 -1 -3.43e-05      0.00 5.154e-01 4.695e-01 1.096e-03 5.945e-03 2.957e-03 -1.000 1.512e-02 -9.653 -9.701 -9.596 -9.603 -9.643 -9.681 -9.701 -9.728 -9.724
0.0152 0.01508 6.69897 38.8595275879 2.6325557821   25.581  5.769  3.9527  0.840    1  0.000  0.541     0.00     0.00     0.00     0.00     0.00 -1 -3.44e-05      0.00 5.149e-01 4.700e-01 1.092e-03 5.956e-03 2.949e-03 -1.000 1.512e-02 -9.652 -9.706 -9.572 -9.573 -9.609 -9.644 -9.652 -9.675 -9.669
0.0152 0.01508 6.69897 38.8716049194 2.6325563403   25.539  5.769  3.9602  0.870    1  0.000  0.541     0.00     0.00     0.00     0.00     0.00 -1 -3.42e-05      0.00 5.144e-01 4.705e-01 1.089e-03 5.966e-03 2.941e-03 -1.000 1.512e-02 -9.652 -9.702 -9.564 -9.549 -9.578 -9.604 -9.604 -9.623 -9.615
0.0152 0.01508 6.69897 38.8838081360 2.6325569040   25.496  5.768  3.9674  0.898    1  0.000  0.541     0.00     0.00     0.00     0.00     0.00 -1 -3.42e-05      0.00 5.139e-01 4.710e-01 1.086e-03 5.977e-03 2.933e-03 -1.000 1.512e-02 -9.651 -9.695 -9.557 -9.527 -9.547 -9.565 -9.559 -9.573 -9.563
0.0152 0.01508 6.69897 38.8960113525 2.6325574672   25.454  5.768  3.9743  0.925    1  0.000  0.541     0.00     0.00     0.00     0.00     0.00 -1 -3.43e-05      0.00 5.134e-01 4.715e-01 1.083e-03 5.988e-03 2.925e-03 -1.000 1.512e-02 -9.650 -9.694 -9.538 -9.501 -9.516 -9.529 -9.516 -9.526 -9.515
0.0152 0.01508 6.69897 38.9085578918 2.6325580458   25.411  5.768  3.9809  0.951    1  0.000  0.541     0.00     0.00     0.00     0.00     0.00 -1 -3.44e-05      0.00 5.129e-01 4.720e-01 1.080e-03 6.000e-03 2.916e-03 -1.000 1.512e-02 -9.650 -9.696 -9.512 -9.471 -9.486 -9.496 -9.473 -9.481 -9.468
0.0152 0.01508 6.69897 38.9224433899 2.6325586857   25.363  5.768  3.9879  0.978    1  0.000  0.541     0.00     0.00     0.00     0.00     0.00 -1 -3.45e-05      0.00 5.123e-01 4.726e-01 1.076e-03 6.012e-03 2.907e-03 -1.000 1.512e-02 -9.649 -9.697 -9.483 -9.439 -9.453 -9.460 -9.427 -9.433 -9.418
0.0152 0.01508 6.69897 38.9355850220 2.6325592909   25.318  5.767  3.9943  1.004    1  0.000  0.541     0.00     0.00     0.00     0.00     0.00 -1 -3.43e-05      0.00 5.118e-01 4.731e-01 1.073e-03 6.024e-03 2.898e-03 -1.000 1.512e-02 -9.648 -9.696 -9.456 -9.410 -9.422 -9.427 -9.386 -9.389 -9.373
0.0152 0.01508 6.69897 38.9484596252 2.6325598832   25.274  5.767  4.0003  1.027    1  0.000  0.541     0.00     0.00     0.00     0.00     0.00 -1 -3.44e-05      0.00 5.112e-01 4.736e-01 1.069e-03 6.036e-03 2.890e-03 -1.000 1.512e-02 -9.647 -9.695 -9.431 -9.381 -9.393 -9.395 -9.347 -9.348 -9.330
0.0152 0.01508 6.69897 38.9616470337 2.6325604896   25.229  5.767  4.0063  1.051    1  0.000  0.542     0.00     0.00     0.00     0.00     0.00 -1 -3.45e-05      0.00 5.107e-01 4.742e-01 1.066e-03 6.047e-03 2.881e-03 -1.000 1.512e-02 -9.646 -9.692 -9.404 -9.353 -9.363 -9.363 -9.307 -9.307 -9.288
0.0152 0.01508 6.69897 38.9748039246 2.6325610940   25.184  5.766  4.0121  1.073    1  0.000  0.542     0.00     0.00     0.00     0.00     0.00 -1 -3.43e-05      0.00 5.102e-01 4.747e-01 1.063e-03 6.059e-03 2.872e-03 -1.000 1.511e-02 -9.645 -9.689 -9.379 -9.324 -9.334 -9.332 -9.269 -9.267 -9.247
0.0152 0.01508 6.69897 38.9875411987 2.6325616787   25.141  5.766  4.0175  1.095    1  0.000  0.542     0.00     0.00     0.00     0.00     0.00 -1 -3.44e-05      0.00 5.097e-01 4.752e-01 1.059e-03 6.071e-03 2.864e-03 -1.000 1.511e-02 -9.645 -9.686 -9.354 -9.298 -9.307 -9.302 -9.233 -9.229 -9.208
0.0152 0.01508 6.69897 39.0017204285 2.6325623291   25.093  5.765  4.0234  1.118    1  0.000  0.543     0.00     0.00     0.00     0.00     0.00 -1 -3.45e-05      0.00 5.090e-01 4.758e-01 1.056e-03 6.083e-03 2.854e-03 -1.000 1.511e-02 -9.643 -9.681 -9.327 -9.268 -9.276 -9.269 -9.194 -9.188 -9.166
0.0152 0.01508 6.69897 39.0149879456 2.6325629372   25.046  5.765  4.0288  1.139    1  0.000  0.544     0.00     0.00     0.00     0.00     0.00 -1 -3.46e-05      0.00 5.084e-01 4.765e-01 1.053e-03 6.095e-03 2.845e-03 -1.000 1.511e-02 -9.642 -9.675 -9.301 -9.241 -9.248 -9.239 -9.157 -9.150 -9.127
0.0152 0.01508 6.69897 39.0278511047 2.6325635262   25.001  5.764  4.0338  1.159    1  0.000  0.544     0.00     0.00     0.00     0.00     0.00 -1 -3.44e-05      0.00 5.079e-01 4.770e-01 1.049e-03 6.107e-03 2.837e-03 -1.000 1.508e-02 -9.641 -9.669 -9.278 -9.215 -9.221 -9.210 -9.123 -9.114 -9.091
0.0152 0.01508 6.69897 39.0416946411 2.6325641597   24.953  5.764  4.0391  1.179    1  0.000  0.544     0.00     0.00     0.00     0.00     0.00 -1 -3.45e-05      0.00 5.073e-01 4.776e-01 1.046e-03 6.119e-03 2.828e-03 -1.000 1.508e-02 -9.640 -9.663 -9.252 -9.187 -9.192 -9.180 -9.087 -9.077 -9.052
0.0152 0.01508 6.69897 39.0549240112 2.6325647646   24.907  5.763  4.0439  1.199    1  0.000  0.544     0.00     0.00     0.00     0.00     0.00 -1 -3.45e-05      0.00 5.068e-01 4.781e-01 1.042e-03 6.131e-03 2.819e-03 -1.000 1.508e-02 -9.639 -9.655 -9.228 -9.161 -9.165 -9.151 -9.054 -9.042 -9.017
0.0152 0.01508 6.69897 39.0811958313 2.6325659645   24.816  5.762  4.0532  1.235    1  0.000  0.544     0.00     0.00     0.00     0.00     0.00 -1 -3.44e-05      0.00 5.057e-01 4.792e-01 1.036e-03 6.154e-03 2.801e-03 -1.000 1.508e-02 -9.636 -9.640 -9.182 -9.111 -9.113 -9.095 -8.989 -8.974 -8.948
0.0152 0.01508 6.69897 39.1070327759 2.6325671427   24.726  5.761  4.0619  1.269    1  0.000  0.544     0.00     0.00     0.00     0.00     0.00 -1 -3.46e-05      0.00 5.047e-01 4.802e-01 1.029e-03 6.178e-03 2.784e-03 -1.000 1.507e-02 -9.634 -9.623 -9.138 -9.063 -9.063 -9.042 -8.927 -8.911 -8.883
0.0152 0.01508 6.69897 39.1331291199 2.6325683309   24.636  5.760  4.0703  1.302    1  0.000  0.544     0.00     0.00     0.00     0.00     0.00 -1 -3.45e-05      0.00 5.036e-01 4.813e-01 1.022e-03 6.201e-03 2.767e-03 -1.000 1.507e-02 -9.631 -9.604 -9.095 -9.017 -9.014 -8.990 -8.868 -8.849 -8.819
0.0152 0.01508 6.69897 39.1592712402 2.6325695193   24.547  5.759  4.0783  1.334    1  0.000  0.543     0.00     0.00     0.00     0.00     0.00 -1 -3.44e-05      0.00 5.026e-01 4.824e-01 1.015e-03 6.224e-03 2.749e-03 -1.000 1.507e-02 -9.629 -9.557 -9.083 -8.986 -8.971 -8.936 -8.811 -8.786 -8.754
0.0152 0.01508 6.69897 39.1846084595 2.6325706695   24.460  5.759  4.0857  1.363    1  0.000  0.541     0.00     0.00     0.00     0.00     0.00 -1 -3.45e-05      0.00 5.015e-01 4.834e-01 1.008e-03 6.247e-03 2.732e-03 -1.000 1.507e-02 -9.626 -9.532 -9.051 -8.947 -8.927 -8.888 -8.758 -8.729 -8.696
0.0152 0.01508 6.69897 39.2104377747 2.6325718402   24.373  5.758  4.0930  1.391    1  0.000  0.538     0.00     0.00     0.00     0.00     0.00 -1 -3.44e-05      0.00 5.005e-01 4.845e-01 1.001e-03 6.270e-03 2.715e-03 -1.000 1.507e-02 -9.624 -9.514 -9.012 -8.905 -8.884 -8.842 -8.705 -8.675 -8.640
0.0152 0.01508 6.69897 39.2483825684 2.6325735568   24.246  5.757  4.1036  1.432    1  0.000  0.530     0.00     0.00     0.00     0.00     0.00 -1 -3.46e-05      0.00 4.989e-01 4.860e-01 9.908e-04 6.307e-03 2.690e-03 -1.000 1.507e-02 -9.622 -9.486 -8.956 -8.845 -8.821 -8.775 -8.629 -8.596 -8.560
0.0152 0.01508 6.69897 39.2734069824 2.6325746868   24.161  5.756  4.1108  1.460    1  0.000  0.523     0.00     0.00     0.00     0.00     0.00 -1 -3.45e-05      0.00 4.979e-01 4.870e-01 9.836e-04 6.329e-03 2.674e-03 -1.000 1.507e-02 -9.620 -9.467 -8.918 -8.803 -8.778 -8.730 -8.578 -8.543 -8.506
0.0152 0.01508 6.69897 39.2977409363 2.6325757841   24.077  5.756  4.1187  1.491    1  0.000  0.520     0.00     0.00     0.00     0.00     0.00 -1 -3.47e-05      0.00 4.969e-01 4.880e-01 9.770e-04 6.351e-03 2.658e-03 -1.000 1.507e-02 -9.619 -9.451 -8.870 -8.756 -8.730 -8.681 -8.522 -8.486 -8.447
0.0152 0.01508 6.69897 39.3099136353 2.6325763324   24.029  5.756  4.1244  1.513    1  0.000  0.520     0.00     0.00     0.00     0.00     0.00 -1 -3.48e-05      0.00 4.964e-01 4.885e-01 9.739e-04 6.362e-03 2.650e-03 -1.000 1.510e-02 -9.619 -9.441 -8.833 -8.720 -8.695 -8.646 -8.481 -8.445 -8.406
0.0152 0.01508 6.69897 39.3341522217 2.6325774230   23.931  5.755  4.1387  1.569    1  0.000  0.541     0.00     0.00     0.00     0.00     0.00 -1 -3.74e-05      0.00 4.633e-01 5.216e-01 9.690e-04 6.387e-03 2.631e-03 -1.000 1.510e-02 -9.617 -9.419 -8.739 -8.630 -8.609 -8.559 -8.381 -8.344 -8.302
0.0152 0.01508 6.69897 39.4601249695 2.6325830664   23.419  5.754  4.1612  1.650    1  0.000  0.552     0.00     0.00     0.00     0.00     0.00 -1 -3.82e-05      0.00 4.567e-01 5.282e-01 9.386e-04 6.495e-03 2.548e-03 -1.000 1.510e-02 -9.615 -9.339 -8.632 -8.507 -8.475 -8.414 -8.221 -8.177 -8.131
0.0152 0.01508 6.69897 39.5392417908 2.6325865895   23.099  5.755  4.1767  1.706    1  0.000  0.565     0.00     0.00     0.00     0.00     0.00 -1 -3.89e-05      0.00 4.494e-01 5.355e-01 9.205e-04 6.564e-03 2.497e-03 -1.000 1.510e-02 -9.617 -9.275 -8.571 -8.429 -8.386 -8.315 -8.113 -8.063 -8.013
0.0152 0.01508 6.69897 39.5844802856 2.6325885968   22.915  5.755  4.1871  1.743    1  0.000  0.567     0.00     0.00     0.00     0.00     0.00 -1 -3.97e-05      0.00 4.429e-01 5.421e-01 9.093e-04 6.604e-03 2.467e-03 -1.000 1.506e-02 -9.618 -9.242 -8.521 -8.373 -8.327 -8.252 -8.042 -7.989 -7.938
0.0152 0.01508 6.69897 39.6288757324 2.6325905615   22.735  5.756  4.1990  1.787    1  0.000  0.576     0.00     0.00     0.00     0.00     0.00 -1 -4.05e-05      0.00 4.320e-01 5.530e-01 8.984e-04 6.643e-03 2.437e-03 -1.000 1.506e-02 -9.619 -9.207 -8.460 -8.308 -8.258 -8.179 -7.961 -7.905 -7.851
0.0152 0.01508 6.69897 39.6614074707 2.6325919980   22.601  5.756  4.2088  1.823    1  0.000  0.595     0.00     0.00     0.00     0.00     0.00 -1 -4.16e-05      0.00 4.197e-01 5.652e-01 8.912e-04 6.675e-03 2.413e-03 -1.000 1.510e-02 -9.620 -9.178 -8.409 -8.254 -8.202 -8.119 -7.894 -7.835 -7.780
0.0152 0.01508 6.69897 39.6930847168 2.6325933941   22.468  5.756  4.2187  1.861    1  0.000  0.619     0.00     0.00     0.00     0.00     0.00 -1 -4.31e-05      0.00 4.045e-01 5.805e-01 8.842e-04 6.703e-03 2.390e-03 -1.000 1.508e-02 -9.620 -9.148 -8.358 -8.199 -8.144 -8.058 -7.826 -7.765 -7.707
0.0152 0.01508 6.69897 39.7332916260 2.6325951625   22.298  5.755  4.2293  1.900    1  0.000  0.668     0.00     0.00     0.00     0.00     0.00 -1 -4.48e-05      0.00 3.858e-01 5.991e-01 8.769e-04 6.741e-03 2.361e-03 -1.000 1.509e-02 -9.619 -9.116 -8.302 -8.139 -8.083 -7.993 -7.753 -7.689 -7.630
0.0152 0.01508 6.69897 39.7526168823 2.6325960111   22.214  5.755  4.2332  1.914    1  0.000  0.703     0.00     0.00     0.00     0.00     0.00 -1 -4.55e-05      0.00 3.800e-01 6.049e-01 8.743e-04 6.754e-03 2.347e-03 -1.000 1.510e-02 -9.618 -9.104 -8.282 -8.118 -8.061 -7.969 -7.727 -7.662 -7.602
0.0152 0.01508 6.69897 39.9562644958 2.6326048952   21.241  5.753  4.2651  2.024    2  0.000  0.931     0.00     0.00     0.00     0.00     0.00 -1 -4.78e-05      0.00 3.656e-01 6.193e-01 8.400e-04 6.915e-03 2.208e-03 -1.000 1.509e-02 -9.613 -9.008 -8.113 -7.942 -7.878 -7.778 -7.513 -7.440 -7.373
0.0152 0.01508 6.69897 40.0000000000 2.6326067896   21.018  5.753  4.2729  2.051    2  0.000  0.976     0.00     0.00     0.00     0.00     0.00 -1 -4.86e-05      0.00 3.627e-01 6.222e-01 8.335e-04 6.946e-03 2.181e-03 -1.000 1.509e-02 -9.612 -8.983 -8.072 -7.899 -7.834 -7.732 -7.462 -7.387 -7.318
0.0152 0.01508 6.69897 40.1012611389 2.6326111575   20.543  5.749  4.2967  2.140    2  0.000  1.273     0.00     0.00     0.00     0.00     0.00 -1 -4.93e-05      0.00 3.541e-01 6.284e-01 3.048e-03 6.901e-03 2.278e-03  8.499 1.750e-02 -9.603 -8.836 -7.939 -7.745 -7.666 -7.551 -7.270 -7.189 -7.117
0.0152 0.01508 6.69897 40.2061424255 2.6326156549   20.041  5.746  4.3239  2.242    2  0.000  1.475     0.00     0.00     0.00     0.00     0.00 -1 -4.99e-05      0.00 3.461e-01 6.337e-01 5.513e-03 6.860e-03 2.408e-03  8.951 2.021e-02 -9.595 -8.525 -7.446 -7.224 -7.196 -7.028 -6.830 -6.800 -6.867
0.0152 0.01508 6.69897 40.2745475769 2.6326185736   19.706  5.744  4.3438  2.316    2  0.000  1.594     0.00     0.00     0.00     0.00     0.00 -1  -5.1e-05      0.00 3.409e-01 6.370e-01 7.217e-03 6.833e-03 2.507e-03  9.115 2.209e-02 -9.589 -8.529 -7.449 -7.230 -7.210 -7.041 -6.859 -6.834 -6.915
0.0152 0.01508 6.69897 40.3129081726 2.6326202055   19.515  5.740  4.3568  2.367    2  0.000  1.657     0.00     0.00     0.00     0.00     0.00 -1 -5.17e-05      0.00 3.293e-01 6.475e-01 8.174e-03 6.931e-03 2.484e-03  9.203 2.318e-02 -9.580 -8.521 -7.441 -7.222 -7.205 -7.036 -6.858 -6.835 -6.921
0.0152 0.01508 6.69897 40.3501205444 2.6326217850   19.330  5.733  4.3695  2.421    2  0.000  1.717     0.00     0.00     0.00     0.00     0.00 -1 -5.06e-05      0.00 2.835e-01 6.922e-01 9.024e-03 7.409e-03 2.172e-03  9.337 2.427e-02 -9.563 -8.487 -7.401 -7.181 -7.159 -6.989 -6.802 -6.775 -6.856
0.0152 0.01508 6.69897 40.3750152588 2.6326228398   19.208  5.728  4.3793  2.463    2  0.000  1.756     0.00     0.00     0.00     0.00     0.00 -1 -5.03e-05      0.00 2.583e-01 7.168e-01 9.623e-03 7.664e-03 2.014e-03  9.418 2.496e-02 -9.550 -8.465 -7.375 -7.155 -7.132 -6.960 -6.771 -6.742 -6.822
0.0152 0.01508 6.69897 40.4056968689 2.6326241378   19.058  5.727  4.3901  2.503    2  0.000  1.801     0.00     0.00     0.00     0.00     0.00 -1 -5.04e-05      0.00 2.509e-01 7.232e-01 1.045e-02 7.709e-03 2.026e-03  9.472 2.588e-02 -9.548 -8.463 -7.373 -7.153 -7.133 -6.960 -6.776 -6.748 -6.833
0.0152 0.01508 6.69897 40.4405860901 2.6326256111   18.885  5.726  4.4033  2.553    2  0.000  1.881     0.00     0.00     0.00     0.00     0.00 -1 -5.09e-05      0.00 2.482e-01 7.228e-01 1.317e-02 7.657e-03 2.347e-03  9.583 2.904e-02 -9.545 -8.459 -7.368 -7.150 -7.135 -6.960 -6.784 -6.759 -6.852
0.0152 0.01508 6.69897 40.4528999329 2.6326261303   18.823  5.726  4.4133  2.592    2  0.000  1.914     0.00     0.00     0.00     0.00     0.00 -1 -5.13e-05      0.00 2.319e-01 7.377e-01 1.430e-02 7.808e-03 2.359e-03  9.653 3.034e-02 -9.544 -8.441 -7.348 -7.129 -7.115 -6.938 -6.765 -6.739 -6.837
0.0152 0.01508 6.69897 40.4667739868 2.6326267150   18.751  5.724  4.4253  2.640    2  0.000  1.951     0.00     0.00     0.00     0.00     0.00 -1 -5.28e-05      0.00 2.171e-01 7.510e-01 1.564e-02 7.937e-03 2.411e-03  9.725 3.192e-02 -9.540 -8.427 -7.331 -7.111 -7.104 -6.922 -6.760 -6.736 -6.844
0.0152 0.01508 6.69897 40.4793167114 2.6326272431   18.685  5.737  4.9139  4.580    2  0.000  2.224     0.00     0.00     0.00     0.00     0.00 -1 -5.37e-05      0.00 1.122e-01 8.544e-01 1.662e-02 9.087e-03 1.677e-03 10.057 3.335e-02 -9.572 -6.129 -5.194 -4.890 -4.990 -4.909 -5.047 -5.151 -5.436
0.0152 0.01508 6.69897 40.4801673889 2.6326272789   18.683  5.735  4.9217  4.614    2  0.000  2.226     0.00     0.00     0.00     0.00     0.00 -1 -2.63e-05      0.00 1.122e-01 8.543e-01 1.671e-02 9.085e-03 1.688e-03 10.060 3.345e-02 -9.567 -5.607 -4.579 -4.283 -4.316 -4.218 -4.253 -4.330 -4.575
0.0152 0.01508 6.69897 40.5005340576 2.6326281356   18.634  5.731  4.9315  4.655    2  0.000  2.279     0.00     0.00     0.00     0.00     0.00 -1 -2.58e-05      0.00 1.117e-01 8.523e-01 1.892e-02 9.031e-03 1.973e-03 10.114 3.598e-02 -9.557 -5.545 -4.519 -4.222 -4.255 -4.158 -4.193 -4.272 -4.516
0.0152 0.01508 6.69897 40.5301589966 2.6326293800   18.564  5.729  4.9393  4.687    2  0.000  2.359     0.00     0.00     0.00     0.00     0.00 -1 -2.55e-05      0.00 1.109e-01 8.492e-01 2.235e-02 8.948e-03 2.420e-03 10.188 3.990e-02 -9.552 -5.500 -4.475 -4.179 -4.211 -4.116 -4.151 -4.232 -4.475
0.0152 0.01508 6.69897 40.5524063110 2.6326303132   18.512  5.727  4.9466  4.717    2  0.000  2.420     0.00     0.00     0.00     0.00     0.00 -1  -2.5e-05      0.00 1.103e-01 8.466e-01 2.510e-02 8.882e-03 2.779e-03 10.240 4.305e-02 -9.547 -5.452 -4.426 -4.130 -4.161 -4.066 -4.101 -4.182 -4.425
0.0152 0.01508 6.69897 40.5749664307 2.6326312582   18.460  5.725  4.9539  4.747    2  0.000  2.483     0.00     0.00     0.00     0.00     0.00 -1 -2.48e-05      0.00 1.097e-01 8.439e-01 2.803e-02 8.812e-03 3.165e-03 10.290 4.640e-02 -9.543 -5.413 -4.388 -4.092 -4.122 -4.029 -4.064 -4.148 -4.390
0.0152 0.01508 6.69897 40.5975151062 2.6326322016   18.408  5.723  4.9608  4.775    2  0.000  2.548     0.00     0.00     0.00     0.00     0.00 -1 -2.45e-05      0.00 1.091e-01 8.409e-01 3.110e-02 8.740e-03 3.573e-03 10.337 4.993e-02 -9.538 -5.376 -4.353 -4.056 -4.086 -3.995 -4.031 -4.114 -4.356
0.0152 0.01508 6.69897 40.6220130920 2.6326332251   18.353  5.721  4.9679  4.804    2  0.000  2.620     0.00     0.00     0.00     0.00     0.00 -1 -2.43e-05      0.00 1.085e-01 8.376e-01 3.461e-02 8.657e-03 4.039e-03 10.385 5.395e-02 -9.532 -5.338 -4.316 -4.018 -4.047 -3.958 -3.994 -4.078 -4.319
0.0152 0.01508 6.69897 40.6476173401 2.6326342934   18.295  5.719  4.9748  4.833    2  0.000  2.698     0.00     0.00     0.00     0.00     0.00 -1 -2.37e-05      0.00 1.078e-01 8.338e-01 3.846e-02 8.568e-03 4.554e-03 10.433 5.837e-02 -9.527 -5.293 -4.270 -3.972 -3.999 -3.911 -3.945 -4.029 -4.268
0.0152 0.01508 6.69897 40.6858177185 2.6326358843   18.211  5.716  4.9845  4.873    2  0.000  2.813     0.00     0.00     0.00     0.00     0.00 -1 -2.33e-05      0.00 1.068e-01 8.278e-01 4.456e-02 8.428e-03 5.372e-03 10.500 6.542e-02 -9.519 -5.236 -4.215 -3.915 -3.941 -3.855 -3.889 -3.974 -4.211
0.0152 0.01508 6.69897 40.7119636536 2.6326369712   18.154  5.714  4.9907  4.898    2  0.000  2.889     0.00     0.00     0.00     0.00     0.00 -1 -2.27e-05      0.00 1.061e-01 8.234e-01 4.897e-02 8.327e-03 5.968e-03 10.543 7.049e-02 -9.514 -5.193 -4.170 -3.870 -3.894 -3.809 -3.841 -3.925 -4.159
0.0152 0.01508 6.69897 40.7489852905 2.6326385075   18.074  5.711  4.9989  4.932    2  0.000  2.995     0.00     0.00     0.00     0.00     0.00 -1 -2.23e-05      0.00 1.051e-01 8.169e-01 5.555e-02 8.180e-03 6.859e-03 10.602 7.801e-02 -9.507 -5.696 -4.531 -5.068 -5.285 -4.182 -3.963 -4.212 -4.459
0.0152 0.01508 6.69897 40.7743797302 2.6326395594   18.020  5.709  5.0040  4.953    2  0.000  3.061     0.00     0.00     0.00     0.00     0.00 -1 -2.19e-05      0.00 1.045e-01 8.121e-01 6.029e-02 8.075e-03 7.504e-03 10.639 8.346e-02 -9.502 -5.664 -4.498 -5.047 -5.265 -4.149 -3.928 -4.181 -4.422
0.0152 0.01508 6.69897 40.7984886169 2.6326405567   17.970  5.707  5.0087  4.972    3  0.000  3.076     0.00     0.02     0.02     0.01     0.01  2 -2.16e-05      0.00 1.037e-01 8.105e-01 6.236e-02 8.029e-03 7.812e-03 10.657 8.587e-02 -9.498 -5.634 -4.466 -5.026 -5.245 -4.116 -3.892 -4.148 -4.382
0.0152 0.01508 6.69897 40.8446960449 2.6326424643   17.876  5.704  5.0168  5.005    3  0.000  3.091     0.00     0.02     0.02     0.01     0.01  2 -2.13e-05      0.00 1.024e-01 8.071e-01 6.636e-02 7.943e-03 8.417e-03 10.689 9.053e-02 -9.491 -5.596 -4.424 -4.999 -5.219 -4.074 -3.847 -4.109 -4.333
0.0152 0.01508 6.69897 40.9128570557 2.6326452693   17.740  5.701  5.0270  5.046    3  0.000  3.150     0.00     0.02     0.02     0.01     0.01  2 -2.09e-05      0.00 1.006e-01 8.019e-01 7.234e-02 7.811e-03 9.339e-03 10.734 9.752e-02 -9.482 -5.553 -4.369 -4.976 -5.201 -4.017 -3.787 -4.054 -4.267
0.0152 0.01508 6.69897 40.9912223816 2.6326484809   17.615  5.698  5.0380  5.090    3  0.000  5.665     0.00     0.02     0.02     0.01     0.01  2 -1.93e-05      0.00 9.840e-02 7.418e-01 1.254e-01 6.521e-03 1.788e-02 10.977 1.598e-01 -9.476 -5.465 -4.272 -4.930 -5.158 -3.913 -3.674 -3.947 -4.130
0.0152 0.01508 6.69897 41.0573501587 2.6326511800   17.528  5.698  5.0456  5.119    3  0.000  5.615     0.00     0.02     0.02     0.01     0.01  2 -1.78e-05      0.00 9.626e-02 7.178e-01 1.469e-01 6.048e-03 2.218e-02 11.052 1.860e-01 -9.474 -5.375 -4.186 -4.870 -5.098 -3.821 -3.573 -3.851 -4.007
0.0152 0.01508 6.69897 41.1116600037 2.6326533892   17.456  5.697  5.0527  5.146    3  0.000  5.568     0.00     0.02     0.02     0.01     0.01  2 -1.67e-05      0.00 9.394e-02 6.991e-01 1.642e-01 5.670e-03 2.565e-02 11.109 2.070e-01 -9.473 -5.291 -4.114 -4.768 -4.987 -3.744 -3.491 -3.771 -3.909
0.0152 0.01508 6.69897 41.1652145386 2.6326555612   17.386  5.697  5.0611  5.178    3  0.000  5.521     0.00     0.02     0.02     0.01     0.01  2 -1.59e-05      0.00 9.041e-02 6.824e-01 1.809e-01 5.307e-03 2.900e-02 11.166 2.272e-01 -9.472 -5.199 -4.044 -4.577 -4.770 -3.671 -3.420 -3.693 -3.824
0.0152 0.01508 6.69897 41.1969680786 2.6326568460   17.344  5.697  5.0672  5.201    3  0.000  5.493     0.00     0.01     0.01     0.01     0.01  2 -1.53e-05      0.00 8.716e-02 6.738e-01 1.907e-01 5.096e-03 3.095e-02 11.204 2.391e-01 -9.472 -5.135 -3.995 -4.440 -4.613 -3.619 -3.370 -3.638 -3.764
0.0152 0.01508 6.69897 41.2284240723 2.6326581164   17.303  5.696  5.0743  5.229    3  0.000  5.467     0.00     0.01     0.01     0.01     0.01  2 -1.49e-05      0.00 8.264e-02 6.667e-01 2.002e-01 4.890e-03 3.287e-02 11.248 2.506e-01 -9.471 -5.075 -3.950 -4.300 -4.453 -3.573 -3.327 -3.589 -3.712
0.0152 0.01508 6.69897 41.2492141724 2.6326589549   17.276  5.696  5.0796  5.250    3  0.000  5.452     0.00     0.01     0.01     0.01     0.01  2 -1.47e-05      0.00 7.858e-02 6.632e-01 2.064e-01 4.756e-03 3.412e-02 11.283 2.582e-01 -9.471 -5.033 -3.920 -4.205 -4.344 -3.543 -3.300 -3.558 -3.679
0.0152 0.01508 6.69897 41.2698783875 2.6326597873   17.249  5.696  5.0854  5.272    3  0.000  5.438     0.00     0.01     0.01     0.01     0.01  2 -1.44e-05      0.00 7.352e-02 6.608e-01 2.126e-01 4.625e-03 3.536e-02 11.324 2.657e-01 -9.470 -4.981 -3.882 -4.091 -4.215 -3.504 -3.263 -3.517 -3.635
0.0152 0.01508 6.69897 41.2904014587 2.6326606131   17.221  5.696  5.0915  5.296    3  0.000  5.428     0.00     0.01     0.01     0.01     0.01  2 -1.43e-05      0.00 6.703e-02 6.599e-01 2.187e-01 4.496e-03 3.658e-02 11.376 2.731e-01 -9.470 -4.939 -3.858 -4.007 -4.119 -3.482 -3.243 -3.496 -3.610
0.0152 0.01508 6.69897 41.3107948303 2.6326614327   17.194  5.696  5.0979  5.321    3  0.000  5.418     0.00     0.01     0.01     0.01     0.01  2 -1.41e-05      0.00 5.898e-02 6.607e-01 2.246e-01 4.369e-03 3.778e-02 11.443 2.803e-01 -9.469 -4.886 -3.827 -3.908 -4.008 -3.452 -3.214 -3.466 -3.574
0.0152 0.01508 6.69897 41.3310508728 2.6326622459   17.166  5.695  5.1043  5.347    3  0.000  5.412     0.00     0.01     0.01     0.01     0.01  2 -1.41e-05      0.00 4.936e-02 6.632e-01 2.305e-01 4.244e-03 3.897e-02 11.531 2.874e-01 -9.468 -4.861 -3.798 -3.845 -3.938 -3.427 -3.192 -3.444 -3.552
0.0152 0.01508 6.69897 41.3511810303 2.6326630532   17.138  5.695  5.1106  5.371    3  0.000  5.405     0.00     0.01     0.01     0.01     0.01  2  -1.4e-05      0.00 3.818e-02 6.673e-01 2.363e-01 4.122e-03 4.014e-02 11.653 2.945e-01 -9.467 -4.846 -3.766 -3.785 -3.871 -3.398 -3.170 -3.420 -3.532
0.0152 0.01508 6.69897 41.3711891174 2.6326638546   17.109  5.694  5.1164  5.394    3  0.000  5.402     0.00     0.01     0.01     0.01     0.01  2  -1.4e-05      0.00 2.636e-02 6.722e-01 2.420e-01 4.001e-03 4.129e-02 11.824 3.014e-01 -9.466 -4.838 -3.737 -3.734 -3.814 -3.371 -3.150 -3.398 -3.514
0.0152 0.01508 6.69897 41.3910255432 2.6326646483   17.080  5.694  5.1209  5.412    3  0.000  5.404     0.00     0.01     0.01     0.01     0.01  2  -1.4e-05      0.00 1.538e-02 6.764e-01 2.476e-01 3.881e-03 4.243e-02 12.068 3.083e-01 -9.464 -4.830 -3.714 -3.688 -3.763 -3.349 -3.134 -3.380 -3.499
0.0152 0.01508 6.69897 41.4398384094 2.6326665976   17.006  5.692  5.1260  5.432    3  0.000  5.449     0.00     0.01     0.01     0.01     0.00  2 -1.36e-05      0.00 1.290e-03 6.739e-01 2.613e-01 3.588e-03 4.519e-02 13.167 3.248e-01 -9.461 -4.802 -3.669 -3.596 -3.659 -3.304 -3.095 -3.335 -3.458
0.0152 0.01508 6.69897 41.7697868347 2.6326796369   16.546  5.684  5.1361  5.469    3  0.000  5.759     0.00     0.01     0.01     0.01     0.00  2 -1.24e-05      0.00 1.000e-33 6.485e-01 2.823e-01 3.224e-03 5.062e-02 43.309 3.515e-01 -9.441 -4.715 -3.544 -3.358 -3.393 -3.175 -2.978 -3.206 -3.334
0.0152 0.01508 6.69897 41.9956626892 2.6326884276   16.266  5.681  5.1453  5.502    3  0.000  5.766     0.00     0.01     0.01     0.01     0.00  2 -1.17e-05      0.00 1.000e-33 6.296e-01 2.971e-01 2.990e-03 5.455e-02 43.329 3.704e-01 -9.432 -4.656 -3.451 -3.178 -3.190 -3.080 -2.894 -3.112 -3.246
0.0152 0.01508 6.69897 42.1426162720 2.6326940887   16.098  5.679  5.1533  5.531    3  0.000  5.741     0.00     0.01     0.01     0.01     0.00  2 -1.12e-05      0.00 1.000e-33 6.170e-01 3.069e-01 2.838e-03 5.721e-02 43.342 3.830e-01 -9.429 -4.622 -3.382 -3.058 -3.058 -3.005 -2.826 -3.039 -3.176
0.0152 0.01508 6.69897 42.2560882568 2.6326984289   15.975  5.680  5.1626  5.564    3  0.000  5.740     0.00     0.01     0.01     0.00     0.00  2 -1.08e-05      0.00 1.000e-33 6.070e-01 3.146e-01 2.720e-03 5.953e-02 43.352 3.930e-01 -9.429 -4.606 -3.323 -2.978 -2.976 -2.930 -2.757 -2.970 -3.110
0.0152 0.01508 6.69897 42.2695388794 2.6326989416   15.961  5.680  5.1640  5.569    3  0.000  5.740     0.00     0.01     0.01     0.00     0.00  0 -1.08e-05      0.00 1.000e-33 6.057e-01 3.156e-01 2.707e-03 5.982e-02 43.353 3.943e-01 -9.430 -4.605 -3.316 -2.968 -2.966 -2.921 -2.749 -2.962 -3.102
0.0152 0.01508 6.69897 42.3256568909 2.6327010767   15.903  5.683  5.1744  5.606    3  0.000  5.753     0.00     0.01     0.01     0.00     0.00  0 -1.07e-05      0.00 1.000e-33 6.013e-01 3.190e-01 2.648e-03 6.069e-02 43.358 3.987e-01 -9.437 -4.606 -3.274 -2.907 -2.905 -2.867 -2.704 -2.918 -3.061
0.0152 0.01508 6.69897 42.3633346558 2.6327025065   15.864  5.688  5.1869  5.650    3  0.000  5.763     0.00     0.01     0.01     0.00     0.00  0 -1.08e-05      0.00 1.000e-33 5.984e-01 3.213e-01 2.610e-03 6.126e-02 43.361 4.016e-01 -9.449 -4.616 -3.237 -2.847 -2.845 -2.821 -2.673 -2.887 -3.036
0.0152 0.01508 6.69897 42.3784103394 2.6327030778   15.848  5.693  5.1977  5.687    3  0.000  5.766     0.00     0.01     0.01     0.00     0.00  0  -1.1e-05      0.00 1.000e-33 5.972e-01 3.223e-01 2.594e-03 6.154e-02 43.362 4.028e-01 -9.463 -4.626 -3.207 -2.795 -2.791 -2.786 -2.654 -2.867 -3.021
0.0152 0.01508 6.69897 42.3867759705 2.6327033946   15.839  5.700  5.2083  5.724    3  0.000  5.766     0.00     0.01     0.01     0.00     0.00  0 -1.12e-05      0.00 1.000e-33 5.964e-01 3.229e-01 2.585e-03 6.174e-02 43.363 4.036e-01 -9.479 -4.640 -3.225 -2.814 -2.816 -2.824 -2.702 -2.925 -3.086
0.0152 0.01508 6.69897 42.3922615051 2.6327036022   15.834  5.706  5.2185  5.757    3  0.000  5.765     0.00     0.01     0.01     0.00     0.00  0 -1.16e-05      0.00 1.000e-33 5.959e-01 3.232e-01 2.580e-03 6.187e-02 43.363 4.041e-01 -9.495 -4.649 -3.245 -2.839 -2.848 -2.865 -2.747 -2.984 -3.151
0.0152 0.01508 6.69897 42.4004821777 2.6327039133   15.825  5.716  5.2335  5.807    3  0.000  5.763     0.00     0.00     0.00     0.00     0.00  0  -1.2e-05      0.00 1.000e-33 5.951e-01 3.238e-01 2.571e-03 6.209e-02 43.364 4.049e-01 -9.520 -4.650 -3.255 -2.854 -2.872 -2.898 -2.779 -3.035 -3.209
0.0152 0.01508 6.69897 42.4062118530 2.6327041301   15.818  5.723  5.2434  5.840    3  0.000  5.761     0.00     0.00     0.00     0.00     0.00  0 -1.24e-05      0.00 1.000e-33 5.945e-01 3.242e-01 2.565e-03 6.226e-02 43.364 4.055e-01 -9.537 -4.646 -3.248 -2.845 -2.868 -2.901 -2.780 -3.048 -3.225
0.0152 0.01508 6.69897 42.4120674133 2.6327043515   15.811  5.729  5.2532  5.873    3  0.000  5.758     0.00     0.00     0.00     0.00     0.00  0 -1.27e-05      0.00 1.000e-33 5.939e-01 3.247e-01 2.559e-03 6.244e-02 43.365 4.061e-01 -9.553 -4.655 -3.252 -2.845 -2.871 -2.913 -2.793 -3.071 -3.251
0.0152 0.01508 6.69897 42.4188613892 2.6327046083   15.804  5.737  5.2643  5.909    3  0.000  5.755     0.00     0.00     0.00     0.00     0.00  0 -1.33e-05      0.00 1.000e-33 5.932e-01 3.252e-01 2.552e-03 6.264e-02 43.365 4.068e-01 -9.572 -4.700 -3.300 -2.892 -2.927 -2.976 -2.864 -3.151 -3.336
0.0152 0.01508 6.69897 42.4248619080 2.6327048351   15.796  5.744  5.2738  5.940    3  0.000  5.752     0.00     0.00     0.00     0.00     0.00  0 -1.39e-05      0.00 1.000e-33 5.925e-01 3.257e-01 2.546e-03 6.283e-02 43.366 4.075e-01 -9.589 -4.732 -3.334 -2.926 -2.967 -3.022 -2.917 -3.212 -3.401
0.0152 0.01508 6.69897 42.4316329956 2.6327050909   15.788  5.751  5.2842  5.974    3  0.000  5.749     0.00     0.00     0.00     0.00     0.00  0 -1.46e-05      0.00 1.000e-33 5.918e-01 3.262e-01 2.539e-03 6.303e-02 43.366 4.082e-01 -9.608 -4.748 -3.349 -2.940 -2.987 -3.047 -2.949 -3.252 -3.445
0.0152 0.01508 6.69897 42.4409751892 2.6327054436   15.776  5.762  5.2989  6.022    3  0.000  5.743     0.00     0.00     0.00     0.00     0.00  0 -1.57e-05      0.00 1.000e-33 5.908e-01 3.269e-01 2.529e-03 6.334e-02 43.367 4.092e-01 -9.635 -4.713 -3.293 -2.871 -2.922 -2.994 -2.898 -3.210 -3.408
0.0152 0.01508 6.69897 42.4483222961 2.6327057209   15.765  5.772  5.3126  6.066    3  0.000  5.738     0.00     0.00     0.00     0.00     0.00  0 -1.67e-05      0.00 1.000e-33 5.899e-01 3.275e-01 2.522e-03 6.358e-02 43.368 4.101e-01 -9.660 -4.727 -3.308 -2.886 -2.937 -3.009 -2.913 -3.225 -3.423
0.0152 0.01508 6.69897 42.4520339966 2.6327058610   15.760  5.779  5.3225  6.098    3  0.000  5.736     0.00     0.00     0.00     0.00     0.00  0 -1.76e-05      0.00 1.000e-33 5.895e-01 3.278e-01 2.518e-03 6.370e-02 43.368 4.105e-01 -9.678 -4.813 -3.414 -3.003 -3.058 -3.126 -3.034 -3.347 -3.543
0.0152 0.01508 6.69897 42.4540328979 2.6327059364   15.757  5.786  5.3322  6.131    3  0.000  5.735     0.00     0.00     0.00     0.00     0.00  0 -1.83e-05      0.00 1.000e-33 5.893e-01 3.279e-01 2.516e-03 6.376e-02 43.368 4.107e-01 -9.694 -5.195 -3.976 -3.653 -3.504 -3.310 -2.882 -2.751 -2.638
0.0152 0.01508 6.69897 42.4550170898 2.6327059735   15.758  5.792  5.3431  6.168    3  0.000  5.735     0.00     0.00     0.00     0.00     0.00  0  -1.9e-05      0.00 1.000e-33 5.892e-01 3.280e-01 2.515e-03 6.378e-02 43.368 4.108e-01 -9.710 -5.211 -3.992 -3.669 -3.520 -3.326 -2.898 -2.767 -2.654
#isochrone terminated
