# File generated by CMD 3.9 (http://stev.oapd.inaf.it/cmd) on Mon May 11 23:32:52 UTC 2026
# isochrones based on PARSEC release v1.2S +  COLIBRI S_37 + S_35 + PR16
# Basic references: Bressan et al. (2012), MNRAS, 427, 127 + Chen et al. (2014, 2015), MNRAS, 444, 2525 + MNRAS, 452, 1068 + Tang et al. (2014), MNRAS, 445, 4287 + Marigo et al. (2017), ApJ, 835, 77 + Pastorelli al. (2019), MNRAS, 485, 5666 + Pastorelli al. (2020), MNRAS, in press
# Thermal pulse cycles included 
# On RGB, assumed Reimers mass loss with efficiency eta=0.2
# LPV periods and growth rates added cf. Trabucchi et al. (2019)
# but fundamental-mode LPV periods + transition are from Trabucchi et al. (2021)
# Photometric system: <i>UBVRIJHK</i> (cf. Maiz-Apellaniz 2006 + Bessell 1990)
# Using YBC version of bolometric corrections as in Chen et al. (2019)
# O-rich circumstellar dpmod60alox40 dust from Groenewegen (2006)
# C-rich circumstellar AMCSIC15 dust from Groenewegen (2006)
# IMF: Kroupa (2001, 2002) + Kroupa et al. (2013) canonical two-part-power law IMF corrected for unresolved binaries 
# Kind of output: isochrone tables
# Zini     MH   logAge Mini        int_IMF         Mass   logL    logTe  logg  label   McoreTP C_O  period0  period1  period2  period3  period4  pmode  Mloss  tau1m   X   Y   Xc  Xn  Xo  Cexcess  Z 	 mbolmag  Umag    Bmag    Vmag    Rmag    Imag    Jmag    Hmag    Kmag
0.0152 0.01508 8.69897 0.0900000036 1.0816895926    0.090 -3.268  3.3748  5.111    0  0.000  0.545     0.00     0.00     0.00     0.00     0.00 -1 -6.35e-17      0.00 7.092e-01 2.755e-01 2.746e-03 7.408e-04 6.719e-03 -1.000 1.527e-02 12.939 22.016 19.506 17.699 15.583 13.352 10.852 10.241 9.940
0.0152 0.01508 8.69897 0.0931536555 1.1112299935    0.093 -3.233  3.3807  5.115    0  0.000  0.545     0.00     0.00     0.00     0.00     0.00 -1 -6.73e-17      0.00 7.092e-01 2.755e-01 2.746e-03 7.408e-04 6.719e-03 -1.000 1.527e-02 12.852 21.935 19.421 17.613 15.496 13.264 10.764 10.153 9.852
0.0152 0.01508 8.69897 0.0950760320 1.1286066088    0.095 -3.210  3.3843  5.115    0  0.000  0.545     0.00     0.00     0.00     0.00     0.00 -1    -7e-17      0.00 7.092e-01 2.755e-01 2.746e-03 7.408e-04 6.719e-03 -1.000 1.527e-02 12.795 21.880 19.365 17.557 15.440 13.207 10.708 10.096 9.796
0.0152 0.01508 8.69897 0.1000000015 1.1711064122    0.100 -3.150  3.3938  5.116    0  0.000  0.545     0.00     0.00     0.00     0.00     0.00 -1 -7.85e-17      0.00 7.092e-01 2.756e-01 2.746e-03 7.408e-04 6.719e-03 -1.000 1.527e-02 12.646 21.731 19.216 17.408 15.291 13.058 10.559 9.947 9.646
0.0152 0.01508 8.69897 0.1078870669 1.2338039052    0.108 -3.067  3.4061  5.114    0  0.000  0.545     0.00     0.00     0.00     0.00     0.00 -1 -9.19e-17      0.00 7.091e-01 2.756e-01 2.746e-03 7.408e-04 6.719e-03 -1.000 1.527e-02 12.436 21.518 19.005 17.197 15.081 12.849 10.349 9.738 9.437
0.0152 0.01508 8.69897 0.1200000122 1.3193155232    0.120 -2.931  3.4247  5.098    0  0.000  0.545     0.00     0.00     0.00     0.00     0.00 -1 -1.21e-16      0.00 7.091e-01 2.756e-01 2.746e-03 7.408e-04 6.719e-03 -1.000 1.527e-02 12.096 20.736 18.367 16.589 14.569 12.404 10.027 9.415 9.112
0.0152 0.01508 8.69897 0.1400000006 1.4384526719    0.140 -2.766  3.4434  5.075    0  0.000  0.545     0.00     0.00     0.00     0.00     0.00 -1 -1.69e-16      0.00 7.091e-01 2.756e-01 2.746e-03 7.408e-04 6.719e-03 -1.000 1.527e-02 11.684 19.353 17.271 15.571 13.764 11.752 9.659 9.044 8.742
0.0152 0.01508 8.69897 0.1503385454 1.4916826901    0.150 -2.700  3.4503  5.068    0  0.000  0.545     0.00     0.00     0.00     0.00     0.00 -1 -1.91e-16      0.00 7.091e-01 2.757e-01 2.746e-03 7.408e-04 6.719e-03 -1.000 1.527e-02 11.519 18.865 16.871 15.199 13.463 11.508 9.509 8.893 8.593
0.0152 0.01508 8.69897 0.1599999964 1.5372931554    0.160 -2.637  3.4565  5.057    0  0.000  0.545     0.00     0.00     0.00     0.00     0.00 -1 -2.15e-16      0.00 7.090e-01 2.757e-01 2.746e-03 7.408e-04 6.719e-03 -1.000 1.527e-02 11.364 18.422 16.509 14.853 13.184 11.287 9.369 8.752 8.454
0.0152 0.01508 8.69897 0.1938758045 1.6726792157    0.194 -2.466  3.4725  5.033    0  0.000  0.545     0.00     0.00     0.00     0.00     0.00 -1 -2.98e-16      0.00 7.090e-01 2.757e-01 2.746e-03 7.408e-04 6.719e-03 -1.000 1.527e-02 10.935 17.326 15.590 13.982 12.466 10.709 8.979 8.360 8.070
0.0152 0.01508 8.69897 0.2000000030 1.6938790862    0.200 -2.436  3.4751  5.028    0  0.000  0.545     0.00     0.00     0.00     0.00     0.00 -1 -3.16e-16      0.00 7.090e-01 2.757e-01 2.746e-03 7.408e-04 6.719e-03 -1.000 1.527e-02 10.861 17.150 15.441 13.840 12.347 10.613 8.911 8.291 8.003
0.0152 0.01508 8.69897 0.2500000000 1.8403257998    0.250 -2.236  3.4916  4.990    0  0.000  0.545     0.00     0.00     0.00     0.00     0.00 -1 -4.69e-16      0.00 7.090e-01 2.758e-01 2.746e-03 7.408e-04 6.719e-03 -1.000 1.527e-02 10.359 16.059 14.495 12.928 11.569 9.991 8.451 7.829 7.551
0.0152 0.01508 8.69897 0.3000000119 1.9529139769    0.300 -2.081  3.5025  4.959    0  0.000  0.545     0.00     0.00     0.00     0.00     0.00 -1 -6.33e-16      0.00 7.089e-01 2.759e-01 2.746e-03 7.408e-04 6.719e-03 -1.000 1.527e-02 9.974 15.344 13.857 12.322 11.037 9.544 8.090 7.466 7.197
0.0152 0.01508 8.69897 0.3500000238 2.0434175133    0.350 -1.935  3.5132  4.921    0  0.000  0.545     0.00     0.00     0.00     0.00     0.00 -1 -8.58e-16      0.00 7.092e-01 2.755e-01 2.746e-03 7.408e-04 6.719e-03 -1.000 1.527e-02 9.606 14.693 13.266 11.761 10.540 9.125 7.748 7.119 6.860
0.0152 0.01508 8.69897 0.4000000358 2.1185024810    0.400 -1.784  3.5244  4.874    0  0.000  0.545     0.00     0.00     0.00     0.00     0.00 -1  -1.2e-15      0.00 7.092e-01 2.755e-01 2.746e-03 7.408e-04 6.719e-03 -1.000 1.527e-02 9.231 14.059 12.680 11.204 10.040 8.705 7.400 6.764 6.514
0.0152 0.01508 8.69897 0.4500000477 2.1822809714    0.450 -1.632  3.5361  4.820    0  0.000  0.545     0.00     0.00     0.00     0.00     0.00 -1  -1.7e-15      0.00 7.092e-01 2.755e-01 2.746e-03 7.408e-04 6.719e-03 -1.000 1.527e-02 8.851 13.456 12.106 10.659 9.547 8.287 7.049 6.405 6.164
0.0152 0.01508 8.69897 0.5000000000 2.2374541529    0.500 -1.477  3.5506  4.768    0  0.000  0.545     0.00     0.00     0.00     0.00     0.00 -1 -2.45e-15      0.00 7.092e-01 2.755e-01 2.746e-03 7.408e-04 6.719e-03 -1.000 1.527e-02 8.462 12.845 11.507 10.086 9.028 7.859 6.697 6.042 5.812
0.0152 0.01508 8.69897 0.5500000119 2.2836582633    0.550 -1.316  3.5700  4.726    0  0.000  0.545     0.00     0.00     0.00     0.00     0.00 -1 -3.55e-15      0.00 7.103e-01 2.745e-01 2.736e-03 7.381e-04 6.694e-03 -1.000 1.521e-02 8.060 12.202 10.850 9.447 8.449 7.414 6.349 5.680 5.467
0.0152 0.01508 8.69897 0.6000000238 2.3211213258    0.600 -1.155  3.5930  4.695    0  0.000  0.545     0.00     0.00     0.00     0.00     0.00 -1  -5.1e-15      0.00 7.105e-01 2.744e-01 2.734e-03 7.377e-04 6.691e-03 -1.000 1.518e-02 7.658 11.555 10.176 8.804 7.862 6.980 6.008 5.322 5.140
0.0152 0.01508 8.69897 0.6499999762 2.3520353107    0.650 -0.997  3.6187  4.675    0  0.000  0.545     0.00     0.00     0.00     0.00     0.00 -1 -7.22e-15      0.00 7.106e-01 2.742e-01 2.733e-03 7.373e-04 6.687e-03 -1.000 1.523e-02 7.262 10.899 9.486 8.182 7.300 6.560 5.671 4.981 4.839
0.0152 0.01508 8.69897 0.7000000477 2.3779267258    0.700 -0.844  3.6458  4.662    0  0.000  0.545     0.00     0.00     0.00     0.00     0.00 -1    -1e-14      0.00 7.108e-01 2.740e-01 2.731e-03 7.369e-04 6.684e-03 -1.000 1.523e-02 6.880 10.117 8.755 7.563 6.761 6.161 5.357 4.696 4.592
0.0152 0.01508 8.69897 0.7088462710 2.3820723692    0.709 -0.817  3.6504  4.659    0  0.000  0.543     0.00     0.00     0.00     0.00     0.00 -1 -1.06e-14      0.00 7.110e-01 2.738e-01 2.723e-03 7.363e-04 6.680e-03 -1.000 1.524e-02 6.813 9.959 8.625 7.455 6.669 6.091 5.303 4.652 4.552
0.0152 0.01508 8.69897 0.7500000000 2.3998889087    0.750 -0.698  3.6740  4.659    0  0.000  0.538     0.00     0.00     0.00     0.00     0.00 -1 -1.36e-14      0.00 7.110e-01 2.738e-01 2.694e-03 7.356e-04 6.682e-03 -1.000 1.521e-02 6.516 9.121 8.020 6.969 6.276 5.779 5.076 4.497 4.414
0.0152 0.01508 8.69897 0.8000000119 2.4187244405    0.800 -0.568  3.6941  4.638    0  0.000  0.537     0.00     0.00     0.00     0.00     0.00 -1 -1.82e-14      0.00 7.112e-01 2.736e-01 2.692e-03 7.351e-04 6.677e-03 -1.000 1.519e-02 6.191 8.364 7.472 6.514 5.898 5.449 4.815 4.299 4.226
0.0152 0.01508 8.69897 0.8500000238 2.4350346840    0.850 -0.445  3.7129  4.615    1  0.000  0.537     0.00     0.00     0.00     0.00     0.00 -1 -2.41e-14      0.00 7.115e-01 2.733e-01 2.689e-03 7.344e-04 6.671e-03 -1.000 1.512e-02 5.882 7.685 6.986 6.107 5.556 5.144 4.572 4.112 4.046
0.0152 0.01508 8.69897 0.9000000358 2.4492786175    0.899 -0.327  3.7301  4.592    1  0.000  0.537     0.00     0.00     0.00     0.00     0.00 -1 -3.15e-14      0.00 7.119e-01 2.730e-01 2.686e-03 7.337e-04 6.664e-03 -1.000 1.518e-02 5.588 7.085 6.556 5.743 5.244 4.860 4.343 3.929 3.870
0.0152 0.01508 8.69897 0.9337729812 2.4579135551    0.933 -0.250  3.7406  4.573    1  0.000  0.537     0.00     0.00     0.00     0.00     0.00 -1 -3.77e-14      0.00 7.122e-01 2.727e-01 2.684e-03 7.329e-04 6.658e-03 -1.000 1.515e-02 5.396 6.717 6.284 5.514 5.045 4.679 4.194 3.806 3.752
0.0152 0.01508 8.69897 0.9500000477 2.4618122009    0.950 -0.215  3.7455  4.564    1  0.000  0.537     0.00     0.00     0.00     0.00     0.00 -1  -4.1e-14      0.00 7.123e-01 2.725e-01 2.682e-03 7.326e-04 6.655e-03 -1.000 1.514e-02 5.307 6.538 6.159 5.409 4.955 4.598 4.127 3.751 3.699
0.0152 0.01508 8.69897 1.0000000000 2.4729154477    1.000 -0.106  3.7596  4.535    1  0.000  0.537     0.00     0.00     0.00     0.00     0.00 -1  -5.3e-14      0.00 7.130e-01 2.719e-01 2.678e-03 7.312e-04 6.642e-03 -1.000 1.511e-02 5.036 6.038 5.795 5.103 4.688 4.352 3.919 3.575 3.530
0.0152 0.01508 8.69897 1.0499999523 2.4828114860    1.050 -0.002  3.7723  4.503    1  0.000  0.537     0.00     0.00     0.00     0.00     0.00 -1 -6.34e-14      0.00 7.139e-01 2.711e-01 2.670e-03 7.292e-04 6.624e-03 -1.000 1.503e-02 4.776 5.600 5.456 4.819 4.436 4.120 3.721 3.404 3.365
0.0152 0.01508 8.69897 1.1000000238 2.4916801480    1.099  0.097  3.7837  4.469    1  0.000  0.537     0.00     0.00     0.00     0.00     0.00 -1 -7.48e-14      0.00 7.154e-01 2.696e-01 2.658e-03 7.259e-04 6.595e-03 -1.000 1.499e-02 4.527 5.210 5.139 4.552 4.197 3.900 3.530 3.237 3.203
0.0152 0.01508 8.69897 1.1218924522 2.4952783290    1.121  0.140  3.7884  4.453    1  0.000  0.537     0.00     0.00     0.00     0.00     0.00 -1    -8e-14      0.00 7.162e-01 2.688e-01 2.651e-03 7.241e-04 6.578e-03 -1.000 1.494e-02 4.420 5.055 5.008 4.440 4.097 3.806 3.448 3.164 3.132
0.0152 0.01508 8.69897 1.1499999762 2.4996678137    1.149  0.193  3.7942  4.434    1  0.000  0.537     0.00     0.00     0.00     0.00     0.00 -1  -8.7e-14      0.00 7.175e-01 2.677e-01 2.641e-03 7.214e-04 6.555e-03 -1.000 1.489e-02 4.287 4.864 4.843 4.301 3.970 3.689 3.345 3.072 3.043
0.0152 0.01508 8.69897 1.2000000477 2.5068948796    1.199  0.285  3.8041  4.400    1  0.000  0.537     0.00     0.00     0.00     0.00     0.00 -1 -9.95e-14      0.00 7.176e-01 2.675e-01 2.644e-03 7.223e-04 6.563e-03 -1.000 1.492e-02 4.056 4.548 4.562 4.062 3.753 3.488 3.167 2.913 2.888
0.0152 0.01508 8.69897 1.2500000000 2.5134610955    1.250  0.373  3.8135  4.368    1  0.000  0.537     0.00     0.00     0.00     0.00     0.00 -1 -1.12e-13      0.00 7.177e-01 2.674e-01 2.644e-03 7.224e-04 6.565e-03 -1.000 1.492e-02 3.837 4.262 4.298 3.836 3.548 3.297 2.998 2.763 2.741
0.0152 0.01508 8.69897 1.2999999523 2.5194498592    1.300  0.456  3.8226  4.338    1  0.000  0.537     0.00     0.00     0.00     0.00     0.00 -1 -1.22e-13      0.00 7.179e-01 2.672e-01 2.643e-03 7.220e-04 6.560e-03 -1.000 1.493e-02 3.630 4.008 4.051 3.622 3.351 3.115 2.837 2.620 2.600
0.0152 0.01508 8.69897 1.3500001431 2.5249313723    1.350  0.535  3.8318  4.312    1  0.000  0.537     0.00     0.00     0.00     0.00     0.00 -1 -1.29e-13      0.00 7.177e-01 2.673e-01 2.644e-03 7.224e-04 6.564e-03 -1.000 1.492e-02 3.432 3.770 3.816 3.418 3.165 2.944 2.687 2.489 2.470
0.0152 0.01508 8.69897 1.4000000954 2.5299650415    1.400  0.610  3.8412  4.291    1  0.000  0.537     0.00     0.00     0.00     0.00     0.00 -1 -1.32e-13      0.00 7.178e-01 2.673e-01 2.644e-03 7.223e-04 6.563e-03 -1.000 1.490e-02 3.245 3.552 3.592 3.224 2.990 2.786 2.550 2.370 2.353
0.0152 0.01508 8.69897 1.4500000477 2.5346015836    1.450  0.682  3.8516  4.276    1  0.000  0.537     0.00     0.00     0.00     0.00     0.00 -1  -1.3e-13      0.00 7.179e-01 2.671e-01 2.642e-03 7.218e-04 6.559e-03 -1.000 1.491e-02 3.066 3.344 3.377 3.040 2.826 2.640 2.427 2.267 2.252
0.0152 0.01508 8.69897 1.5000000000 2.5388844597    1.500  0.751  3.8635  4.269    1  0.000  0.537     0.00     0.00     0.00     0.00     0.00 -1 -1.21e-13      0.00 7.181e-01 2.669e-01 2.640e-03 7.214e-04 6.555e-03 -1.000 1.491e-02 2.893 3.145 3.165 2.862 2.671 2.507 2.320 2.182 2.168
0.0152 0.01508 8.69897 1.5102201700 2.5397198456    1.510  0.765  3.8662  4.269    1  0.000  0.537     0.00     0.00     0.00     0.00     0.00 -1 -1.17e-13      0.00 7.182e-01 2.669e-01 2.640e-03 7.213e-04 6.554e-03 -1.000 1.491e-02 2.858 3.106 3.123 2.826 2.641 2.481 2.300 2.167 2.153
0.0152 0.01508 8.69897 1.5499999523 2.5428511323    1.550  0.818  3.8761  4.267    1  0.000  0.537     0.00     0.00     0.00     0.00     0.00 -1 -1.04e-13      0.00 7.184e-01 2.667e-01 2.639e-03 7.209e-04 6.551e-03 -1.000 1.491e-02 2.726 2.957 2.962 2.691 2.526 2.384 2.223 2.108 2.095
0.0152 0.01508 8.69897 1.5874657631 2.5456358459    1.587  0.866  3.8851  4.266    1  0.000  0.537     0.00     0.00     0.00     0.00     0.00 -1 -8.51e-14      0.00 7.186e-01 2.666e-01 2.637e-03 7.206e-04 6.548e-03 -1.000 1.487e-02 2.606 2.825 2.817 2.570 2.423 2.297 2.155 2.056 2.044
0.0152 0.01508 8.69897 1.6000000238 2.5465340628    1.600  0.881  3.8880  4.265    1  0.000  0.537     0.00     0.00     0.00     0.00     0.00 -1 -7.96e-14      0.00 7.186e-01 2.665e-01 2.637e-03 7.205e-04 6.547e-03 -1.000 1.486e-02 2.567 2.781 2.770 2.530 2.389 2.269 2.132 2.038 2.026
0.0152 0.01508 8.69897 1.6500000954 2.5499614852    1.649  0.942  3.8987  4.260    1  0.000  0.537     0.00     0.00     0.00     0.00     0.00 -1 -4.54e-14      0.00 7.187e-01 2.664e-01 2.636e-03 7.202e-04 6.545e-03 -1.000 1.492e-02 2.414 2.617 2.591 2.379 2.259 2.159 2.043 1.965 1.954
0.0152 0.01508 8.69897 1.6946914196 2.5528289698    1.694  0.995  3.9071  4.252    1  0.000  0.537     0.00     0.00     0.00     0.00     0.00 -1 -5.57e-29      0.00 7.188e-01 2.663e-01 2.635e-03 7.200e-04 6.543e-03 -1.000 1.485e-02 2.283 2.477 2.440 2.252 2.149 2.063 1.963 1.898 1.887
0.0152 0.01508 8.69897 1.7000000477 2.5531580802    1.699  1.001  3.9081  4.251    1  0.000  0.537     0.00     0.00     0.00     0.00     0.00 -1    -1e-30      0.00 7.189e-01 2.663e-01 2.635e-03 7.200e-04 6.543e-03 -1.000 1.484e-02 2.267 2.461 2.422 2.237 2.136 2.052 1.953 1.890 1.879
0.0152 0.01508 8.69897 1.7500000000 2.5561455243    1.749  1.058  3.9166  4.241    1  0.000  0.537     0.00     0.00     0.00     0.00     0.00 -1    -1e-30      0.00 7.189e-01 2.662e-01 2.634e-03 7.198e-04 6.541e-03 -1.000 1.489e-02 2.125 2.310 2.263 2.103 2.018 1.948 1.864 1.812 1.802
0.0152 0.01508 8.69897 1.7537180185 2.5563598597    1.753  1.062  3.9172  4.240    1  0.000  0.537     0.00     0.00     0.00     0.00     0.00 -1    -1e-30      0.00 7.189e-01 2.662e-01 2.634e-03 7.198e-04 6.541e-03 -1.000 1.489e-02 2.115 2.299 2.251 2.093 2.010 1.941 1.858 1.806 1.796
0.0152 0.01508 8.69897 1.7999999523 2.5589429085    1.799  1.113  3.9243  4.229    1  0.000  0.537     0.00     0.00     0.00     0.00     0.00 -1    -1e-30      0.00 7.190e-01 2.661e-01 2.634e-03 7.197e-04 6.540e-03 -1.000 1.488e-02 1.987 2.164 2.111 1.974 1.903 1.846 1.774 1.732 1.722
0.0152 0.01508 8.69897 1.8349387646 2.5607939422    1.834  1.151  3.9294  4.219    1  0.000  0.537     0.00     0.00     0.00     0.00     0.00 -1    -1e-30      0.00 7.191e-01 2.660e-01 2.634e-03 7.196e-04 6.539e-03 -1.000 1.489e-02 1.891 2.064 2.008 1.886 1.825 1.775 1.712 1.675 1.666
0.0152 0.01508 8.69897 1.8500000238 2.5615671203    1.849  1.168  3.9315  4.215    1  0.000  0.537     0.00     0.00     0.00     0.00     0.00 -1    -1e-30      0.00 7.191e-01 2.660e-01 2.634e-03 7.196e-04 6.539e-03 -1.000 1.488e-02 1.851 2.021 1.965 1.849 1.791 1.744 1.685 1.650 1.641
0.0152 0.01508 8.69897 1.8943676949 2.5637628151    1.893  1.215  3.9374  4.202    1  0.000  0.537     0.00     0.00     0.00     0.00     0.00 -1    -1e-30      0.00 7.191e-01 2.660e-01 2.633e-03 7.195e-04 6.539e-03 -1.000 1.486e-02 1.732 1.896 1.843 1.742 1.694 1.655 1.605 1.576 1.568
0.0152 0.01508 8.69897 1.9000000954 2.5640331317    1.899  1.221  3.9381  4.200    1  0.000  0.537     0.00     0.00     0.00     0.00     0.00 -1    -1e-30      0.00 7.191e-01 2.661e-01 2.633e-03 7.195e-04 6.539e-03 -1.000 1.486e-02 1.717 1.880 1.827 1.729 1.682 1.644 1.594 1.566 1.558
0.0152 0.01508 8.69897 1.9239917994 2.5651642094    1.923  1.247  3.9412  4.192    1  0.000  0.537     0.00     0.00     0.00     0.00     0.00 -1    -1e-30      0.00 7.191e-01 2.660e-01 2.633e-03 7.195e-04 6.538e-03 -1.000 1.487e-02 1.653 1.813 1.763 1.672 1.630 1.596 1.551 1.526 1.518
0.0152 0.01508 8.69897 1.9500001669 2.5663542767    1.950  1.274  3.9444  4.184    1  0.000  0.537     0.00     0.00     0.00     0.00     0.00 -1    -1e-30      0.00 7.191e-01 2.660e-01 2.633e-03 7.195e-04 6.538e-03 -1.000 1.487e-02 1.585 1.741 1.695 1.612 1.574 1.544 1.503 1.481 1.474
0.0152 0.01508 8.69897 1.9796873331 2.5676688216    1.980  1.305  3.9479  4.173    1  0.000  0.537     0.00     0.00     0.00     0.00     0.00 -1    -1e-30      0.00 7.191e-01 2.660e-01 2.633e-03 7.195e-04 6.539e-03 -1.000 1.489e-02 1.507 1.659 1.618 1.544 1.510 1.484 1.449 1.430 1.423
0.0152 0.01508 8.69897 2.0000000000 2.5685424513    2.000  1.326  3.9501  4.165    1  0.000  0.537     0.00     0.00     0.00     0.00     0.00 -1    -1e-30      0.00 7.191e-01 2.660e-01 2.634e-03 7.195e-04 6.539e-03 -1.000 1.489e-02 1.455 1.604 1.566 1.497 1.467 1.443 1.411 1.394 1.388
0.0152 0.01508 8.69897 2.0287802219 2.5697458836    2.029  1.356  3.9533  4.154    1  0.000  0.537     0.00     0.00     0.00     0.00     0.00 -1    -1e-30      0.00 7.191e-01 2.661e-01 2.634e-03 7.196e-04 6.539e-03 -1.000 1.488e-02 1.380 1.527 1.495 1.433 1.406 1.386 1.358 1.343 1.337
0.0152 0.01508 8.69897 2.0499999523 2.5706083333    2.050  1.378  3.9555  4.146    1  0.000  0.537     0.00     0.00     0.00     0.00     0.00 -1    -1e-30      0.00 7.191e-01 2.661e-01 2.634e-03 7.196e-04 6.539e-03 -1.000 1.489e-02 1.326 1.470 1.442 1.385 1.361 1.343 1.318 1.305 1.300
0.0152 0.01508 8.69897 2.0999999046 2.5725614918    2.099  1.429  3.9602  4.124    1  0.000  0.537     0.00     0.00     0.00     0.00     0.00 -1    -1e-30      0.00 7.190e-01 2.661e-01 2.634e-03 7.196e-04 6.539e-03 -1.000 1.488e-02 1.198 1.337 1.318 1.273 1.253 1.240 1.222 1.212 1.208
0.0152 0.01508 8.69897 2.1500000954 2.5744105556    2.149  1.480  3.9642  4.099    1  0.000  0.537     0.00     0.00     0.00     0.00     0.00 -1    -1e-30      0.00 7.190e-01 2.661e-01 2.634e-03 7.197e-04 6.541e-03 -1.000 1.487e-02 1.071 1.207 1.196 1.161 1.145 1.136 1.122 1.115 1.112
0.0152 0.01508 8.69897 2.1595706940 2.5747532779    2.158  1.489  3.9649  4.094    1  0.000  0.537     0.00     0.00     0.00     0.00     0.00 -1    -1e-30      0.00 7.190e-01 2.661e-01 2.634e-03 7.198e-04 6.541e-03 -1.000 1.487e-02 1.046 1.182 1.173 1.139 1.124 1.116 1.103 1.096 1.093
0.0152 0.01508 8.69897 2.2000000477 2.5761632879    2.199  1.530  3.9676  4.072    1  0.000  0.537     0.00     0.00     0.00     0.00     0.00 -1    -1e-30      0.00 7.189e-01 2.662e-01 2.635e-03 7.199e-04 6.542e-03 -1.000 1.484e-02 0.944 1.077 1.074 1.047 1.035 1.029 1.019 1.014 1.012
0.0152 0.01508 8.69897 2.2326714993 2.5772599334    2.231  1.563  3.9695  4.053    1  0.000  0.537     0.00     0.00     0.00     0.00     0.00 -1    -1e-30      0.00 7.189e-01 2.662e-01 2.635e-03 7.200e-04 6.542e-03 -1.000 1.487e-02 0.862 0.993 0.995 0.972 0.961 0.957 0.950 0.946 0.944
0.0152 0.01508 8.69897 2.2500000000 2.5778267375    2.249  1.581  3.9703  4.043    1  0.000  0.537     0.00     0.00     0.00     0.00     0.00 -1    -1e-30      0.00 7.189e-01 2.662e-01 2.635e-03 7.200e-04 6.543e-03 -1.000 1.488e-02 0.819 0.948 0.952 0.931 0.922 0.919 0.913 0.909 0.907
0.0152 0.01508 8.69897 2.2723705769 2.5785437839    2.271  1.603  3.9714  4.029    1  0.000  0.537     0.00     0.00     0.00     0.00     0.00 -1    -1e-30      0.00 7.188e-01 2.663e-01 2.635e-03 7.201e-04 6.543e-03 -1.000 1.488e-02 0.762 0.891 0.898 0.880 0.871 0.869 0.864 0.861 0.860
0.0152 0.01508 8.69897 2.2999999523 2.5794072884    2.299  1.631  3.9722  4.009    1  0.000  0.537     0.00     0.00     0.00     0.00     0.00 -1    -1e-30      0.00 7.188e-01 2.663e-01 2.636e-03 7.202e-04 6.545e-03 -1.000 1.490e-02 0.693 0.820 0.829 0.814 0.806 0.804 0.801 0.798 0.797
0.0152 0.01508 8.69897 2.3194940090 2.5800023249    2.318  1.650  3.9727  3.996    1  0.000  0.537     0.00     0.00     0.00     0.00     0.00 -1    -1e-30      0.00 7.188e-01 2.663e-01 2.636e-03 7.202e-04 6.545e-03 -1.000 1.491e-02 0.644 0.771 0.780 0.767 0.760 0.758 0.755 0.753 0.752
0.0152 0.01508 8.69897 2.3707871437 2.5815143753    2.370  1.702  3.9727  3.954    1  0.000  0.537     0.00     0.00     0.00     0.00     0.00 -1    -1e-30      0.00 7.187e-01 2.664e-01 2.637e-03 7.204e-04 6.547e-03 -1.000 1.490e-02 0.515 0.638 0.649 0.638 0.631 0.630 0.627 0.624 0.624
0.0152 0.01508 8.69897 2.4000000954 2.5823423892    2.399  1.731  3.9723  3.928    1  0.000  0.537     0.00     0.00     0.00     0.00     0.00 -1    -1e-30      0.00 7.186e-01 2.665e-01 2.637e-03 7.206e-04 6.548e-03 -1.000 1.488e-02 0.442 0.563 0.573 0.563 0.556 0.555 0.551 0.548 0.547
0.0152 0.01508 8.69897 2.4448535442 2.5835695350    2.444  1.776  3.9709  3.886    1  0.000  0.537     0.00     0.00     0.00     0.00     0.00 -1    -1e-30      0.00 7.167e-01 2.684e-01 2.652e-03 7.246e-04 6.584e-03 -1.000 1.496e-02 0.331 0.449 0.457 0.447 0.439 0.437 0.431 0.428 0.427
0.0152 0.01508 8.69897 2.4908134937 2.5847743780    2.490  1.821  3.9673  3.834    1  0.000  0.537     0.00     0.00     0.00     0.00     0.00 -1    -1e-30      0.00 7.146e-01 2.704e-01 2.668e-03 7.289e-04 6.622e-03 -1.000 1.507e-02 0.217 0.333 0.332 0.319 0.308 0.303 0.293 0.287 0.286
0.0152 0.01508 8.69897 2.5314712524 2.5857983901    2.531  1.861  3.9624  3.781    1  0.000  0.537     0.00     0.00     0.00     0.00     0.00 -1    -1e-30      0.00 7.126e-01 2.722e-01 2.683e-03 7.329e-04 6.657e-03 -1.000 1.513e-02 0.116 0.231 0.218 0.199 0.185 0.176 0.160 0.151 0.149
0.0152 0.01508 8.69897 2.5659377575 2.5866373038    2.566  1.895  3.9567  3.731    1  0.000  0.538     0.00     0.00     0.00     0.00     0.00 -1    -1e-30      0.00 7.109e-01 2.739e-01 2.696e-03 7.364e-04 6.689e-03 -1.000 1.520e-02 0.032 0.148 0.120 0.095 0.076 0.063 0.038 0.026 0.022
0.0152 0.01508 8.69897 2.5968384743 2.5873676948    2.597  1.925  3.9493  3.676    1  0.000  0.538     0.00     0.00     0.00     0.00     0.00 -1    -1e-30      0.00 7.094e-01 2.754e-01 2.709e-03 7.396e-04 6.717e-03 -1.000 1.526e-02 -0.043 0.077 0.029 -0.007 -0.032 -0.051 -0.087 -0.103 -0.109
0.0152 0.01508 8.69897 2.5999999046 2.5874412955    2.600  1.928  3.9483  3.670    1  0.000  0.538     0.00     0.00     0.00     0.00     0.00 -1    -1e-30      0.00 7.092e-01 2.755e-01 2.710e-03 7.399e-04 6.720e-03 -1.000 1.527e-02 -0.051 0.070 0.021 -0.017 -0.043 -0.064 -0.100 -0.117 -0.123
0.0152 0.01508 8.69897 2.6208057404 2.5879205833    2.621  1.948  3.9420  3.628    1  0.000  0.538     0.00     0.00     0.00     0.00     0.00 -1    -1e-30      0.00 7.092e-01 2.755e-01 2.710e-03 7.399e-04 6.720e-03 -1.000 1.527e-02 -0.101 0.027 -0.038 -0.086 -0.118 -0.145 -0.191 -0.212 -0.220
0.0152 0.01508 8.69897 2.6461691856 2.5884931536    2.646  1.972  3.9333  3.574    1  0.000  0.538     0.00     0.00     0.00     0.00     0.00 -1    -1e-30      0.00 7.092e-01 2.755e-01 2.710e-03 7.399e-04 6.720e-03 -1.000 1.527e-02 -0.160 -0.020 -0.107 -0.170 -0.212 -0.248 -0.307 -0.335 -0.344
0.0152 0.01508 8.69897 2.6654000282 2.5889189399    2.665  1.991  3.9254  3.527    1  0.000  0.538     0.00     0.00     0.00     0.00     0.00 -1    -1e-30      0.00 7.092e-01 2.755e-01 2.710e-03 7.399e-04 6.720e-03 -1.000 1.527e-02 -0.207 -0.052 -0.155 -0.234 -0.286 -0.331 -0.403 -0.439 -0.450
0.0152 0.01508 8.69897 2.6837139130 2.5893179073    2.684  2.011  3.9182  3.481    1  0.000  0.538     0.00     0.00     0.00     0.00     0.00 -1    -1e-30      0.00 7.092e-01 2.755e-01 2.710e-03 7.399e-04 6.720e-03 -1.000 1.527e-02 -0.256 -0.088 -0.203 -0.297 -0.359 -0.413 -0.498 -0.540 -0.553
0.0152 0.01508 8.69897 2.6978332996 2.5896212489    2.698  2.029  3.9148  3.451    1  0.000  0.538     0.00     0.00     0.00     0.00     0.00 -1    -1e-30      0.00 7.092e-01 2.755e-01 2.710e-03 7.399e-04 6.720e-03 -1.000 1.527e-02 -0.303 -0.129 -0.247 -0.349 -0.416 -0.475 -0.565 -0.611 -0.624
0.0152 0.01508 8.69897 2.7060167789 2.5897953976    2.706  2.052  3.9216  3.457    1  0.000  0.538     0.00     0.00     0.00     0.00     0.00 -1    -1e-30      0.00 7.092e-01 2.755e-01 2.710e-03 7.399e-04 6.720e-03 -1.000 1.527e-02 -0.359 -0.200 -0.311 -0.395 -0.451 -0.500 -0.579 -0.618 -0.629
0.0152 0.01508 8.69897 2.7099740505 2.5898791767    2.710  2.071  3.9306  3.475    1  0.000  0.538     0.00     0.00     0.00     0.00     0.00 -1    -1e-30      0.00 7.092e-01 2.755e-01 2.710e-03 7.399e-04 6.720e-03 -1.000 1.527e-02 -0.406 -0.267 -0.361 -0.424 -0.467 -0.505 -0.569 -0.599 -0.609
0.0152 0.01508 8.69897 2.7115290165 2.5899120199    2.712  2.086  3.9397  3.496    1  0.000  0.538     0.00     0.00     0.00     0.00     0.00 -1    -1e-30      0.00 7.092e-01 2.755e-01 2.710e-03 7.399e-04 6.720e-03 -1.000 1.527e-02 -0.445 -0.322 -0.396 -0.439 -0.472 -0.500 -0.549 -0.572 -0.580
0.0152 0.01508 8.69897 2.7124314308 2.5899310603    2.713  2.104  3.9497  3.519    1  0.000  0.538     0.00     0.00     0.00     0.00     0.00 -1    -1e-30      0.00 7.092e-01 2.755e-01 2.710e-03 7.399e-04 6.720e-03 -1.000 1.527e-02 -0.489 -0.380 -0.427 -0.452 -0.474 -0.492 -0.527 -0.543 -0.548
0.0152 0.01508 8.69897 2.7129237652 2.5899414421    2.713  2.121  3.9590  3.539    1  0.000  0.538     0.00     0.00     0.00     0.00     0.00 -1    -1e-30      0.00 7.092e-01 2.755e-01 2.710e-03 7.399e-04 6.720e-03 -1.000 1.527e-02 -0.533 -0.434 -0.453 -0.462 -0.476 -0.487 -0.509 -0.519 -0.522
0.0152 0.01508 8.69897 2.7132368088 2.5899480410    2.713  2.141  3.9681  3.556    1  0.000  0.538     0.00     0.00     0.00     0.00     0.00 -1    -1e-30      0.00 7.092e-01 2.755e-01 2.710e-03 7.399e-04 6.720e-03 -1.000 1.527e-02 -0.581 -0.488 -0.480 -0.475 -0.483 -0.486 -0.496 -0.501 -0.502
0.0152 0.01508 8.69897 2.7134611607 2.5899527692    2.714  2.161  3.9770  3.570    1  0.000  0.538     0.00     0.00     0.00     0.00     0.00 -1    -1e-30      0.00 7.092e-01 2.755e-01 2.710e-03 7.399e-04 6.720e-03 -1.000 1.527e-02 -0.633 -0.542 -0.508 -0.490 -0.492 -0.490 -0.488 -0.489 -0.487
0.0152 0.01508 8.69897 2.7136304379 2.5899563361    2.714  2.174  3.9831  3.582    1  0.000  0.538     0.00     0.00     0.00     0.00     0.00 -1    -1e-30      0.00 7.092e-01 2.755e-01 2.710e-03 7.399e-04 6.720e-03 -1.000 1.527e-02 -0.664 -0.573 -0.521 -0.495 -0.493 -0.487 -0.478 -0.476 -0.472
0.0152 0.01508 8.69897 2.7137000561 2.5899578029    2.714  2.153  3.9786  3.585    2  0.000  0.538     0.00     0.00     0.00     0.00     0.00 -1    -1e-30      0.00 7.092e-01 2.755e-01 2.710e-03 7.399e-04 6.720e-03 -1.000 1.527e-02 -0.613 -0.522 -0.483 -0.463 -0.464 -0.461 -0.457 -0.457 -0.455
0.0152 0.01508 8.69897 2.7137737274 2.5899593550    2.714  2.128  3.9714  3.581    2  0.000  0.538     0.00     0.00     0.00     0.00     0.00 -1    -1e-30      0.00 7.092e-01 2.755e-01 2.710e-03 7.399e-04 6.720e-03 -1.000 1.527e-02 -0.551 -0.457 -0.441 -0.432 -0.437 -0.439 -0.444 -0.448 -0.447
0.0152 0.01508 8.69897 2.7138442993 2.5899608418    2.714  2.110  3.9625  3.564    2  0.000  0.538     0.00     0.00     0.00     0.00     0.00 -1    -1e-30      0.00 7.092e-01 2.755e-01 2.710e-03 7.399e-04 6.720e-03 -1.000 1.527e-02 -0.505 -0.406 -0.416 -0.421 -0.432 -0.440 -0.458 -0.466 -0.468
0.0152 0.01508 8.69897 2.7139346600 2.5899627452    2.714  2.102  3.9511  3.526    2  0.000  0.538     0.00     0.00     0.00     0.00     0.00 -1    -1e-30      0.00 7.092e-01 2.755e-01 2.710e-03 7.399e-04 6.720e-03 -1.000 1.527e-02 -0.486 -0.378 -0.421 -0.443 -0.465 -0.482 -0.515 -0.529 -0.535
0.0152 0.01508 8.69897 2.7140383720 2.5899649298    2.714  2.107  3.9396  3.474    2  0.000  0.538     0.00     0.00     0.00     0.00     0.00 -1    -1e-30      0.00 7.092e-01 2.755e-01 2.710e-03 7.399e-04 6.720e-03 -1.000 1.527e-02 -0.499 -0.377 -0.451 -0.493 -0.525 -0.553 -0.603 -0.626 -0.634
0.0152 0.01508 8.69897 2.7141590118 2.5899674706    2.714  2.117  3.9279  3.418    2  0.000  0.538     0.00     0.00     0.00     0.00     0.00 -1    -1e-30      0.00 7.092e-01 2.755e-01 2.710e-03 7.399e-04 6.720e-03 -1.000 1.527e-02 -0.523 -0.382 -0.481 -0.547 -0.593 -0.635 -0.703 -0.735 -0.746
0.0152 0.01508 8.69897 2.7142932415 2.5899702974    2.715  2.125  3.9161  3.363    2  0.000  0.538     0.00     0.00     0.00     0.00     0.00 -1    -1e-30      0.00 7.092e-01 2.755e-01 2.710e-03 7.399e-04 6.720e-03 -1.000 1.527e-02 -0.542 -0.376 -0.496 -0.588 -0.651 -0.707 -0.795 -0.840 -0.852
0.0152 0.01508 8.69897 2.7144386768 2.5899733598    2.715  2.129  3.9042  3.312    2  0.000  0.538     0.00     0.00     0.00     0.00     0.00 -1    -1e-30      0.00 7.092e-01 2.755e-01 2.710e-03 7.399e-04 6.720e-03 -1.000 1.527e-02 -0.552 -0.360 -0.492 -0.614 -0.696 -0.769 -0.878 -0.936 -0.951
0.0152 0.01508 8.69897 2.7145934105 2.5899766176    2.715  2.130  3.8924  3.263    2  0.000  0.538     0.00     0.00     0.00     0.00     0.00 -1    -1e-30      0.00 7.092e-01 2.755e-01 2.710e-03 7.399e-04 6.720e-03 -1.000 1.527e-02 -0.555 -0.334 -0.471 -0.629 -0.732 -0.823 -0.954 -1.027 -1.043
0.0152 0.01508 8.69897 2.7147550583 2.5899800205    2.715  2.129  3.8804  3.217    2  0.000  0.538     0.00     0.00     0.00     0.00     0.00 -1    -1e-30      0.00 7.092e-01 2.755e-01 2.710e-03 7.399e-04 6.720e-03 -1.000 1.527e-02 -0.552 -0.301 -0.435 -0.631 -0.758 -0.870 -1.023 -1.113 -1.131
0.0152 0.01508 8.69897 2.7149209976 2.5899835133    2.715  2.126  3.8684  3.172    2  0.000  0.538     0.00     0.00     0.00     0.00     0.00 -1    -1e-30      0.00 7.092e-01 2.755e-01 2.710e-03 7.399e-04 6.720e-03 -1.000 1.527e-02 -0.545 -0.261 -0.388 -0.625 -0.777 -0.909 -1.087 -1.195 -1.216
0.0152 0.01508 8.69897 2.7150878906 2.5899870256    2.715  2.122  3.8564  3.128    2  0.000  0.538     0.00     0.00     0.00     0.00     0.00 -1    -1e-30      0.00 7.092e-01 2.755e-01 2.710e-03 7.399e-04 6.720e-03 -1.000 1.527e-02 -0.534 -0.215 -0.334 -0.611 -0.788 -0.943 -1.145 -1.274 -1.296
0.0152 0.01508 8.69897 2.7152538300 2.5899905174    2.715  2.116  3.8444  3.085    2  0.000  0.538     0.00     0.00     0.00     0.00     0.00 -1    -1e-30      0.00 7.092e-01 2.755e-01 2.710e-03 7.399e-04 6.720e-03 -1.000 1.527e-02 -0.520 -0.159 -0.273 -0.590 -0.793 -0.970 -1.198 -1.350 -1.373
0.0152 0.01508 8.69897 2.7154161930 2.5899939334    2.716  2.109  3.8323  3.044    2  0.000  0.538     0.00     0.00     0.00     0.00     0.00 -1    -1e-30      0.00 7.092e-01 2.755e-01 2.710e-03 7.399e-04 6.720e-03 -1.000 1.527e-02 -0.503 -0.096 -0.207 -0.564 -0.792 -0.992 -1.247 -1.422 -1.448
0.0152 0.01508 8.69897 2.7155737877 2.5899972487    2.716  2.102  3.8203  3.004    2  0.000  0.538     0.00     0.00     0.00     0.00     0.00 -1    -1e-30      0.00 7.092e-01 2.755e-01 2.710e-03 7.399e-04 6.720e-03 -1.000 1.527e-02 -0.484 -0.020 -0.132 -0.533 -0.786 -1.008 -1.291 -1.490 -1.518
0.0152 0.01508 8.69897 2.7157256603 2.5900004432    2.716  2.093  3.8086  2.965    2  0.000  0.538     0.00     0.00     0.00     0.00     0.00 -1    -1e-30      0.00 7.092e-01 2.755e-01 2.710e-03 7.399e-04 6.720e-03 -1.000 1.527e-02 -0.462 0.068 -0.051 -0.498 -0.777 -1.020 -1.331 -1.554 -1.585
0.0152 0.01508 8.69897 2.7158720493 2.5900035219    2.716  2.083  3.7973  2.930    2  0.000  0.538     0.00     0.00     0.00     0.00     0.00 -1    -1e-30      0.00 7.092e-01 2.755e-01 2.710e-03 7.399e-04 6.720e-03 -1.000 1.527e-02 -0.438 0.174 0.037 -0.460 -0.764 -1.028 -1.365 -1.612 -1.647
0.0152 0.01508 8.69897 2.7160198689 2.5900066303    2.716  2.072  3.7865  2.897    2  0.000  0.538     0.00     0.00     0.00     0.00     0.00 -1    -1e-30      0.00 7.092e-01 2.755e-01 2.710e-03 7.399e-04 6.720e-03 -1.000 1.527e-02 -0.411 0.292 0.131 -0.416 -0.745 -1.028 -1.393 -1.663 -1.702
0.0152 0.01508 8.69897 2.7161784172 2.5900099640    2.716  2.059  3.7759  2.869    2  0.000  0.538     0.00     0.00     0.00     0.00     0.00 -1    -1e-30      0.00 7.092e-01 2.755e-01 2.710e-03 7.399e-04 6.720e-03 -1.000 1.527e-02 -0.376 0.425 0.234 -0.362 -0.716 -1.019 -1.411 -1.706 -1.748
0.0152 0.01508 8.69897 2.7163619995 2.5900138234    2.717  2.040  3.7654  2.845    2  0.000  0.538     0.00     0.00     0.00     0.00     0.00 -1    -1e-30      0.00 7.092e-01 2.755e-01 2.710e-03 7.399e-04 6.720e-03 -1.000 1.527e-02 -0.330 0.581 0.353 -0.292 -0.672 -0.995 -1.416 -1.737 -1.782
0.0152 0.01508 8.69897 2.7165331841 2.5900174216    2.717  2.020  3.7569  2.832    2  0.000  0.538     0.00     0.00     0.00     0.00     0.00 -1    -1e-30      0.00 7.092e-01 2.755e-01 2.710e-03 7.399e-04 6.720e-03 -1.000 1.527e-02 -0.279 0.724 0.462 -0.221 -0.620 -0.958 -1.403 -1.745 -1.793
0.0152 0.01508 8.69897 2.7167212963 2.5900213751    2.717  1.994  3.7485  2.824    2  0.000  0.538     0.00     0.00     0.00     0.00     0.00 -1    -1e-30      0.00 7.092e-01 2.755e-01 2.710e-03 7.399e-04 6.720e-03 -1.000 1.527e-02 -0.214 0.885 0.586 -0.134 -0.552 -0.905 -1.375 -1.739 -1.789
0.0152 0.01508 8.69897 2.7169148922 2.5900254432    2.717  1.963  3.7406  2.823    2  0.000  0.538     0.00     0.00     0.00     0.00     0.00 -1    -1e-30      0.00 7.092e-01 2.755e-01 2.710e-03 7.399e-04 6.720e-03 -1.000 1.527e-02 -0.137 1.059 0.717 -0.033 -0.470 -0.838 -1.331 -1.718 -1.770
0.0152 0.01508 8.69897 2.7170906067 2.5900291349    2.717  1.934  3.7338  2.826    2  0.000  0.538     0.00     0.00     0.00     0.00     0.00 -1    -1e-30      0.00 7.092e-01 2.755e-01 2.710e-03 7.399e-04 6.720e-03 -1.000 1.527e-02 -0.064 1.224 0.841 0.061 -0.391 -0.770 -1.285 -1.689 -1.744
0.0152 0.01508 8.69897 2.7173194885 2.5900339428    2.718  1.898  3.7255  2.828    2  0.000  0.538     0.00     0.00     0.00     0.00     0.00 -1    -1e-30      0.00 7.092e-01 2.755e-01 2.710e-03 7.399e-04 6.720e-03 -1.000 1.527e-02 0.025 1.435 0.993 0.177 -0.295 -0.688 -1.229 -1.656 -1.712
0.0152 0.01508 8.69897 2.7176020145 2.5900398764    2.718  1.867  3.7156  2.819    2  0.000  0.538     0.00     0.00     0.00     0.00     0.00 -1    -1e-30      0.00 7.092e-01 2.755e-01 2.710e-03 7.399e-04 6.720e-03 -1.000 1.527e-02 0.101 1.669 1.148 0.290 -0.207 -0.617 -1.190 -1.644 -1.704
0.0152 0.01508 8.69897 2.7176880836 2.5900416837    2.718  1.864  3.7127  2.811    2  0.000  0.538     0.00     0.00     0.00     0.00     0.00 -1    -1e-30      0.00 7.092e-01 2.755e-01 2.710e-03 7.399e-04 6.720e-03 -1.000 1.527e-02 0.111 1.727 1.181 0.310 -0.193 -0.609 -1.191 -1.654 -1.715
0.0152 0.01508 8.69897 2.7179598808 2.5900473901    2.718  1.881  3.7043  2.761    3  0.000  0.538     0.00     0.00     0.00     0.00     0.00 -1    -1e-30      0.00 7.092e-01 2.756e-01 2.710e-03 7.400e-04 6.720e-03 -1.000 1.527e-02 0.068 1.829 1.209 0.301 -0.224 -0.654 -1.265 -1.751 -1.815
0.0152 0.01508 8.69897 2.7182023525 2.5900524798    2.718  1.916  3.6978  2.700    3  0.000  0.537     0.00     0.00     0.00     0.00     0.00 -1    -1e-30      0.00 7.090e-01 2.757e-01 2.705e-03 7.409e-04 6.720e-03 -1.000 1.527e-02 -0.019 1.860 1.180 0.243 -0.298 -0.740 -1.375 -1.879 -1.947
0.0152 0.01508 8.69897 2.7184350491 2.5900573632    2.719  1.955  3.6927  2.640    3  0.000  0.531     0.00     0.00     0.00     0.00     0.00 -1    -1e-30      0.00 7.088e-01 2.759e-01 2.677e-03 7.534e-04 6.720e-03 -1.000 1.527e-02 -0.118 1.856 1.127 0.168 -0.387 -0.839 -1.491 -2.010 -2.081
0.0152 0.01508 8.69897 2.7186596394 2.5900620757    2.719  1.992  3.6887  2.587    3  0.000  0.511     0.00     0.00     0.00     0.00     0.00 -1    -1e-30      0.00 7.086e-01 2.761e-01 2.578e-03 8.301e-04 6.720e-03 -1.000 1.529e-02 -0.210 1.841 1.074 0.097 -0.469 -0.928 -1.596 -2.126 -2.199
0.0152 0.01508 8.69897 2.7189962864 2.5900691377    2.719  2.042  3.6837  2.517    3  0.000  0.462     0.00     0.00     0.00     0.00     0.00 -1    -1e-30      0.00 7.082e-01 2.764e-01 2.329e-03 1.115e-03 6.720e-03 -1.000 1.533e-02 -0.335 1.815 0.998 -0.002 -0.581 -1.051 -1.737 -2.282 -2.358
0.0152 0.01508 8.69897 2.7192764282 2.5900750128    2.720  2.082  3.6800  2.463    3  0.000  0.429     0.00     0.00     0.00     0.00     0.00 -1    -1e-30      0.00 7.079e-01 2.768e-01 2.164e-03 1.318e-03 6.720e-03 -1.000 1.536e-02 -0.434 1.797 0.936 -0.083 -0.673 -1.150 -1.849 -2.404 -2.482
0.0152 0.01508 8.69897 2.7195565701 2.5900808865    2.720  2.122  3.6765  2.409    3  0.000  0.406     0.00     0.00     0.00     0.00     0.00 -1    -1e-30      0.00 7.075e-01 2.771e-01 2.048e-03 1.460e-03 6.720e-03 -1.000 1.540e-02 -0.535 1.786 0.878 -0.162 -0.764 -1.248 -1.961 -2.526 -2.606
0.0152 0.01508 8.69897 2.7197244167 2.5900844051    2.720  2.146  3.6744  2.376    3  0.000  0.396     0.00     0.00     0.00     0.00     0.00 -1    -1e-30      0.00 7.073e-01 2.774e-01 1.995e-03 1.526e-03 6.720e-03 -1.000 1.537e-02 -0.595 1.779 0.842 -0.211 -0.819 -1.308 -2.028 -2.599 -2.681
0.0152 0.01508 8.69897 2.7198951244 2.5900879831    2.720  2.171  3.6723  2.343    3  0.000  0.388     0.00     0.00     0.00     0.00     0.00 -1    -1e-30      0.00 7.070e-01 2.777e-01 1.952e-03 1.585e-03 6.714e-03 -1.000 1.538e-02 -0.658 1.769 0.804 -0.261 -0.877 -1.370 -2.098 -2.675 -2.757
0.0152 0.01508 8.69897 2.7200660706 2.5900915656    2.720  2.197  3.6702  2.309    3  0.000  0.381     0.00     0.00     0.00     0.00     0.00 -1    -1e-30      0.00 7.066e-01 2.781e-01 1.916e-03 1.639e-03 6.701e-03 -1.000 1.537e-02 -0.722 1.759 0.765 -0.313 -0.935 -1.432 -2.168 -2.751 -2.835
0.0152 0.01508 8.69897 2.7203752995 2.5900980448    2.721  2.243  3.6666  2.249    3  0.000  0.376     0.00     0.00     0.00     0.00     0.00 -1    -1e-30      0.00 7.040e-01 2.807e-01 1.862e-03 1.789e-03 6.602e-03 -1.000 1.537e-02 -0.836 1.742 0.696 -0.404 -1.039 -1.544 -2.294 -2.887 -2.973
0.0152 0.01508 8.69897 2.7206845284 2.5901045223    2.721  2.289  3.6631  2.189    3  0.000  0.374     0.00     0.00     0.00     0.00     0.00 -1    -1e-30      0.00 7.000e-01 2.847e-01 1.817e-03 1.951e-03 6.480e-03 -1.000 1.537e-02 -0.952 1.723 0.626 -0.496 -1.143 -1.656 -2.420 -3.023 -3.112
0.0152 0.01508 8.69897 2.7209935188 2.5901109931    2.721  2.335  3.6596  2.128    3  0.000  0.373     0.00     0.00     0.00     0.00     0.00 -1    -1e-30      0.00 6.952e-01 2.894e-01 1.781e-03 2.094e-03 6.367e-03 -1.000 1.537e-02 -1.068 1.703 0.555 -0.589 -1.249 -1.770 -2.547 -3.161 -3.251
0.0152 0.01508 8.69897 2.7212405205 2.5901161645    2.721  2.373  3.6568  2.079    3  0.000  0.373     0.00     0.00     0.00     0.00     0.00 -1    -1e-30      0.00 6.913e-01 2.933e-01 1.758e-03 2.191e-03 6.290e-03 -1.000 1.536e-02 -1.163 1.689 0.498 -0.664 -1.333 -1.862 -2.650 -3.272 -3.364
0.0152 0.01508 8.69897 2.7214868069 2.5901213199    2.722  2.412  3.6540  2.029    3  0.000  0.372     0.00     0.00     0.00     0.00     0.00 -1    -1e-30      0.00 6.877e-01 2.969e-01 1.739e-03 2.272e-03 6.225e-03 -1.000 1.534e-02 -1.259 1.675 0.441 -0.740 -1.420 -1.955 -2.754 -3.384 -3.479
0.0152 0.01508 8.69897 2.7217276096 2.5901263595    2.722  2.450  3.6512  1.980    3  0.000  0.372     0.00     0.00     0.00     0.00     0.00 -1    -1e-30      0.00 6.846e-01 3.001e-01 1.723e-03 2.336e-03 6.173e-03 -1.000 1.537e-02 -1.354 1.655 0.385 -0.815 -1.505 -2.046 -2.857 -3.494 -3.591
0.0152 0.01508 8.69897 2.7219645977 2.5901313182    2.722  2.488  3.6482  1.930    3  0.000  0.372     0.00     0.00     0.00     0.00     0.00 -1    -1e-30      0.00 6.821e-01 3.026e-01 1.712e-03 2.383e-03 6.135e-03 -1.000 1.533e-02 -1.450 1.629 0.333 -0.891 -1.589 -2.137 -2.960 -3.602 -3.703
0.0152 0.01508 8.69897 2.7221980095 2.5901362011    2.722  2.526  3.6452  1.879    3  0.000  0.372     5.12     3.68     2.74     2.01     1.64  4    -1e-30      0.00 6.800e-01 3.047e-01 1.703e-03 2.420e-03 6.105e-03 -1.000 1.535e-02 -1.546 1.600 0.281 -0.966 -1.672 -2.227 -3.063 -3.709 -3.815
0.0152 0.01508 8.69897 2.7224287987 2.5901410282    2.723  2.565  3.6423  1.829    3  0.000  0.372     5.66     4.03     2.99     2.20     1.79  4    -1e-30      0.00 6.783e-01 3.064e-01 1.696e-03 2.450e-03 6.081e-03 -1.000 1.537e-02 -1.643 1.568 0.227 -1.042 -1.756 -2.318 -3.166 -3.817 -3.927
0.0152 0.01508 8.69897 2.7226438522 2.5901455254    2.723  2.602  3.6393  1.781    3  0.000  0.372     6.22     4.40     3.25     2.39     1.95  4    -1e-30      0.00 6.769e-01 3.078e-01 1.691e-03 2.473e-03 6.062e-03 -1.000 1.534e-02 -1.734 1.540 0.177 -1.113 -1.835 -2.403 -3.264 -3.919 -4.034
0.0152 0.01508 8.69897 2.7228815556 2.5901504952    2.723  2.642  3.6361  1.728    3  0.000  0.372     6.90     4.84     3.56     2.62     2.14  4    -1e-30      0.00 6.757e-01 3.090e-01 1.686e-03 2.494e-03 6.046e-03 -1.000 1.534e-02 -1.835 1.508 0.123 -1.189 -1.919 -2.496 -3.370 -4.031 -4.151
0.0152 0.01508 8.69897 2.7231571674 2.5901562564    2.723  2.681  3.6330  1.676    3  0.000  0.372     7.64     5.32     3.89     2.87     2.34  4    -1e-30      0.00 6.746e-01 3.100e-01 1.682e-03 2.511e-03 6.032e-03 -1.000 1.537e-02 -1.933 1.475 0.069 -1.264 -2.001 -2.586 -3.474 -4.140 -4.266
0.0152 0.01508 8.69897 2.7232213020 2.5901575968    2.723  2.688  3.6324  1.667    3  0.000  0.372     7.78     5.41     3.95     2.92     2.38  4    -1e-30      0.00 6.744e-01 3.102e-01 1.682e-03 2.514e-03 6.030e-03 -1.000 1.537e-02 -1.949 1.470 0.060 -1.276 -2.015 -2.602 -3.492 -4.159 -4.286
0.0152 0.01508 8.69897 2.7235562801 2.5901645967    2.724  2.657  3.6350  1.708    4  0.000  0.372     0.00     0.00     0.00     0.00     0.00 -1    -1e-30      0.00 6.744e-01 3.102e-01 1.682e-03 2.514e-03 6.030e-03 -1.000 1.537e-02 -1.874 1.492 0.100 -1.219 -1.952 -2.532 -3.411 -4.074 -4.196
0.0152 0.01508 8.69897 2.7239129543 2.5901720479    2.724  2.625  3.6377  1.751    4  0.000  0.372     0.00     0.00     0.00     0.00     0.00 -1    -1e-30      0.00 6.744e-01 3.102e-01 1.682e-03 2.514e-03 6.030e-03 -1.000 1.537e-02 -1.792 1.515 0.142 -1.159 -1.885 -2.458 -3.325 -3.983 -4.100
0.0152 0.01508 8.69897 2.7243232727 2.5901806169    2.725  2.592  3.6404  1.795    4  0.000  0.372     0.00     0.00     0.00     0.00     0.00 -1    -1e-30      0.00 6.744e-01 3.102e-01 1.682e-03 2.514e-03 6.030e-03 -1.000 1.537e-02 -1.710 1.539 0.185 -1.097 -1.816 -2.381 -3.237 -3.890 -4.003
0.0152 0.01508 8.69897 2.7248067856 2.5901907107    2.725  2.556  3.6434  1.843    4  0.000  0.372     0.00     0.00     0.00     0.00     0.00 -1    -1e-30      0.00 6.744e-01 3.102e-01 1.682e-03 2.514e-03 6.030e-03 -1.000 1.537e-02 -1.620 1.564 0.233 -1.027 -1.738 -2.297 -3.140 -3.789 -3.897
0.0152 0.01508 8.69897 2.7253694534 2.5902024517    2.726  2.513  3.6470  1.900    4  0.000  0.372     0.00     0.00     0.00     0.00     0.00 -1    -1e-30      0.00 6.744e-01 3.102e-01 1.682e-03 2.514e-03 6.030e-03 -1.000 1.537e-02 -1.513 1.593 0.290 -0.945 -1.646 -2.197 -3.026 -3.668 -3.771
0.0152 0.01508 8.69897 2.7259047031 2.5902136155    2.726  2.468  3.6507  1.961    4  0.000  0.372     0.00     0.00     0.00     0.00     0.00 -1    -1e-30      0.00 6.744e-01 3.102e-01 1.682e-03 2.514e-03 6.029e-03 -1.000 1.537e-02 -1.399 1.620 0.349 -0.858 -1.548 -2.090 -2.903 -3.539 -3.637
0.0152 0.01508 8.69897 2.7263259888 2.5902223987    2.727  2.429  3.6539  2.012    4  0.000  0.372     0.00     0.00     0.00     0.00     0.00 -1    -1e-30      0.00 6.744e-01 3.102e-01 1.682e-03 2.514e-03 6.029e-03 -1.000 1.537e-02 -1.302 1.641 0.402 -0.781 -1.462 -1.997 -2.798 -3.428 -3.522
0.0152 0.01508 8.69897 2.7267341614 2.5902309056    2.727  2.390  3.6570  2.064    4  0.000  0.372     0.00     0.00     0.00     0.00     0.00 -1    -1e-30      0.00 6.744e-01 3.102e-01 1.682e-03 2.514e-03 6.029e-03 -1.000 1.537e-02 -1.205 1.647 0.456 -0.707 -1.376 -1.904 -2.692 -3.313 -3.405
0.0152 0.01508 8.69897 2.7271428108 2.5902394195    2.727  2.351  3.6601  2.115    4  0.000  0.372     0.00     0.00     0.00     0.00     0.00 -1    -1e-30      0.00 6.744e-01 3.102e-01 1.682e-03 2.514e-03 6.029e-03 -1.000 1.537e-02 -1.108 1.654 0.510 -0.633 -1.290 -1.810 -2.586 -3.197 -3.287
0.0152 0.01508 8.69897 2.7275679111 2.5902482730    2.728  2.312  3.6633  2.167    4  0.000  0.372     0.00     0.00     0.00     0.00     0.00 -1    -1e-30      0.00 6.744e-01 3.102e-01 1.682e-03 2.515e-03 6.029e-03 -1.000 1.537e-02 -1.010 1.667 0.568 -0.556 -1.202 -1.715 -2.478 -3.080 -3.168
0.0152 0.01508 8.69897 2.7280192375 2.5902576692    2.728  2.272  3.6665  2.220    4  0.000  0.372     0.00     0.00     0.00     0.00     0.00 -1    -1e-30      0.00 6.744e-01 3.102e-01 1.682e-03 2.515e-03 6.029e-03 -1.000 1.537e-02 -0.910 1.679 0.627 -0.477 -1.112 -1.618 -2.369 -2.962 -3.048
0.0152 0.01508 8.69897 2.7285041809 2.5902677613    2.729  2.233  3.6697  2.272    4  0.000  0.372     0.00     0.00     0.00     0.00     0.00 -1    -1e-30      0.00 6.744e-01 3.102e-01 1.682e-03 2.515e-03 6.029e-03 -1.000 1.537e-02 -0.811 1.691 0.685 -0.400 -1.024 -1.522 -2.260 -2.844 -2.928
0.0152 0.01508 8.69897 2.7290449142 2.5902790096    2.729  2.193  3.6728  2.324    4  0.000  0.372     0.00     0.00     0.00     0.00     0.00 -1    -1e-30      0.00 6.744e-01 3.102e-01 1.682e-03 2.515e-03 6.029e-03 -1.000 1.537e-02 -0.714 1.707 0.745 -0.320 -0.934 -1.426 -2.152 -2.727 -2.809
0.0152 0.01508 8.69897 2.7296562195 2.5902917198    2.730  2.155  3.6760  2.375    4  0.000  0.372     0.00     0.00     0.00     0.00     0.00 -1    -1e-30      0.00 6.744e-01 3.102e-01 1.682e-03 2.515e-03 6.029e-03 -1.000 1.537e-02 -0.617 1.722 0.804 -0.242 -0.846 -1.331 -2.045 -2.611 -2.691
0.0152 0.01508 8.69897 2.7303764820 2.5903066870    2.731  2.116  3.6792  2.427    4  0.000  0.372     0.00     0.00     0.00     0.00     0.00 -1    -1e-30      0.00 6.744e-01 3.102e-01 1.682e-03 2.515e-03 6.029e-03 -1.000 1.537e-02 -0.521 1.736 0.861 -0.165 -0.758 -1.236 -1.939 -2.496 -2.574
0.0152 0.01508 8.69897 2.7313590050 2.5903270894    2.732  2.076  3.6827  2.481    4  0.000  0.372     0.00     0.00     0.00     0.00     0.00 -1    -1e-30      0.00 6.744e-01 3.102e-01 1.682e-03 2.515e-03 6.028e-03 -1.000 1.537e-02 -0.420 1.751 0.922 -0.084 -0.665 -1.137 -1.826 -2.373 -2.449
0.0152 0.01508 8.69897 2.7328174114 2.5903573425    2.733  2.031  3.6870  2.544    4  0.000  0.372     0.00     0.00     0.00     0.00     0.00 -1    -1e-30      0.00 6.744e-01 3.102e-01 1.682e-03 2.515e-03 6.028e-03 -1.000 1.537e-02 -0.308 1.775 0.992 0.007 -0.563 -1.026 -1.699 -2.234 -2.308
0.0152 0.01508 8.69897 2.7350192070 2.5904029462    2.735  1.990  3.6916  2.603    4  0.000  0.372     0.00     0.00     0.00     0.00     0.00 -1    -1e-30      0.00 6.744e-01 3.102e-01 1.682e-03 2.516e-03 6.028e-03 -1.000 1.537e-02 -0.206 1.787 1.050 0.085 -0.472 -0.926 -1.582 -2.104 -2.175
0.0152 0.01508 8.69897 2.7393338680 2.5904920673    2.740  1.957  3.6973  2.660    4  0.000  0.372     0.00     0.00     0.00     0.00     0.00 -1    -1e-30      0.00 6.744e-01 3.102e-01 1.682e-03 2.517e-03 6.027e-03 -1.000 1.537e-02 -0.124 1.763 1.080 0.141 -0.402 -0.845 -1.481 -1.986 -2.054
0.0152 0.01508 8.69897 2.7405054569 2.5905162112    2.741  1.953  3.6985  2.668    4  0.000  0.372     0.00     0.00     0.00     0.00     0.00 -1    -1e-30      0.00 6.744e-01 3.102e-01 1.682e-03 2.517e-03 6.027e-03 -1.000 1.537e-02 -0.113 1.752 1.080 0.146 -0.394 -0.835 -1.466 -1.968 -2.036
0.0152 0.01508 8.69897 2.7617270947 2.5909494689    2.762  1.984  3.6980  2.640    4  0.000  0.372     0.00     0.00     0.00     0.00     0.00 -1    -1e-30      0.00 6.744e-01 3.103e-01 1.681e-03 2.520e-03 6.023e-03 -1.000 1.537e-02 -0.189 1.683 1.008 0.071 -0.469 -0.911 -1.544 -2.047 -2.115
0.0152 0.01508 8.69897 2.7987551689 2.5916873656    2.799  2.038  3.6978  2.590    5  0.000  0.372     0.00     0.00     0.00     0.00     0.00 -1    -1e-30      0.00 6.743e-01 3.103e-01 1.681e-03 2.527e-03 6.017e-03 -1.000 1.537e-02 -0.325 1.550 0.874 -0.064 -0.604 -1.046 -1.680 -2.184 -2.252
0.0152 0.01508 8.69897 2.8000001907 2.5917117867    2.800  2.040  3.6978  2.588    5  0.000  0.372     0.00     0.00     0.00     0.00     0.00 -1    -1e-30      0.00 6.743e-01 3.103e-01 1.681e-03 2.527e-03 6.017e-03 -1.000 1.537e-02 -0.330 1.546 0.870 -0.069 -0.609 -1.051 -1.685 -2.188 -2.257
0.0152 0.01508 8.69897 2.8299269676 2.5922913726    2.830  2.088  3.6971  2.542    5  0.000  0.373     0.00     0.00     0.00     0.00     0.00 -1    -1e-30      0.00 6.743e-01 3.103e-01 1.681e-03 2.530e-03 6.013e-03 -1.000 1.537e-02 -0.449 1.439 0.757 -0.185 -0.726 -1.170 -1.807 -2.312 -2.381
0.0152 0.01508 8.69897 2.8578867912 2.5928202708    2.858  2.133  3.6957  2.496    5  0.000  0.373     0.00     0.00     0.00     0.00     0.00 -1    -1e-30      0.00 6.744e-01 3.103e-01 1.681e-03 2.534e-03 6.009e-03 -1.000 1.537e-02 -0.562 1.352 0.657 -0.292 -0.836 -1.282 -1.925 -2.433 -2.503
0.0152 0.01508 8.69897 2.8629088402 2.5929140120    2.863  2.141  3.6953  2.487    5  0.000  0.373     0.00     0.00     0.00     0.00     0.00 -1    -1e-30      0.00 6.744e-01 3.102e-01 1.681e-03 2.534e-03 6.008e-03 -1.000 1.537e-02 -0.582 1.341 0.641 -0.310 -0.855 -1.302 -1.946 -2.456 -2.525
0.0152 0.01508 8.69897 2.8746695518 2.5931320633    2.875  2.159  3.6937  2.464    6  0.000  0.373     0.00     0.00     0.00     0.00     0.00 -1    -1e-30      0.00 6.744e-01 3.102e-01 1.681e-03 2.536e-03 6.007e-03 -1.000 1.537e-02 -0.627 1.331 0.612 -0.348 -0.898 -1.348 -1.998 -2.511 -2.582
0.0152 0.01508 8.69897 2.8964123726 2.5935298322    2.897  2.201  3.6882  2.404    6  0.000  0.373     0.00     0.00     0.00     0.00     0.00 -1    -1e-30      0.00 6.744e-01 3.102e-01 1.681e-03 2.538e-03 6.004e-03 -1.000 1.537e-02 -0.731 1.348 0.564 -0.426 -0.991 -1.452 -2.121 -2.650 -2.724
0.0152 0.01508 8.69897 2.9059464931 2.5937020945    2.906  2.234  3.6825  2.350    6  0.000  0.373     0.00     0.00     0.00     0.00     0.00 -1    -1e-30      0.00 6.744e-01 3.102e-01 1.681e-03 2.540e-03 6.003e-03 -1.000 1.537e-02 -0.814 1.393 0.542 -0.478 -1.061 -1.533 -2.223 -2.768 -2.844
0.0152 0.01508 8.69897 2.9079973698 2.5937389800    2.908  2.278  3.6766  2.282    6  0.000  0.373     0.00     0.00     0.00     0.00     0.00 -1    -1e-30      0.00 6.744e-01 3.102e-01 1.681e-03 2.540e-03 6.003e-03 -1.000 1.537e-02 -0.926 1.423 0.496 -0.556 -1.158 -1.642 -2.354 -2.916 -2.996
0.0152 0.01508 8.69897 2.9086079597 2.5937499500    2.909  2.326  3.6714  2.213    6  0.000  0.373     0.00     0.00     0.00     0.00     0.00 -1    -1e-30      0.00 6.744e-01 3.102e-01 1.681e-03 2.540e-03 6.002e-03 -1.000 1.537e-02 -1.045 1.434 0.438 -0.645 -1.264 -1.758 -2.490 -3.068 -3.151
0.0152 0.01508 8.69897 2.9087707996 2.5937528748    2.909  2.364  3.6676  2.160    6  0.000  0.373     0.00     0.00     0.00     0.00     0.00 -1    -1e-30      0.00 6.744e-01 3.102e-01 1.681e-03 2.540e-03 6.002e-03 -1.000 1.537e-02 -1.140 1.437 0.389 -0.716 -1.347 -1.850 -2.596 -3.184 -3.269
0.0152 0.01508 8.69897 2.9088258743 2.5937538639    2.909  2.381  3.6660  2.137    6  0.000  0.373     0.00     0.00     0.00     0.00     0.00 -1    -1e-30      0.00 6.744e-01 3.102e-01 1.681e-03 2.540e-03 6.002e-03 -1.000 1.537e-02 -1.183 1.438 0.367 -0.748 -1.385 -1.891 -2.644 -3.237 -3.323
0.0152 0.01508 8.69897 2.9088883400 2.5937549857    2.909  2.416  3.6629  2.090    7  0.000  0.373     0.00     0.00     0.00     0.00     0.00 -1    -1e-30      0.00 6.744e-01 3.102e-01 1.681e-03 2.540e-03 6.002e-03 -1.000 1.537e-02 -1.269 1.435 0.319 -0.814 -1.462 -1.975 -2.740 -3.342 -3.430
0.0152 0.01508 8.69897 2.9089543819 2.5937561716    2.909  2.452  3.6597  2.041    7  0.000  0.373     0.00     0.00     0.00     0.00     0.00 -1    -1e-30      0.00 6.744e-01 3.102e-01 1.681e-03 2.540e-03 6.002e-03 -1.000 1.537e-02 -1.360 1.431 0.269 -0.884 -1.542 -2.063 -2.841 -3.452 -3.542
0.0152 0.01508 8.69897 2.9091784954 2.5937601957    2.909  2.471  3.6581  2.015    7  0.000  0.373     0.00     0.00     0.00     0.00     0.00 -1    -1e-30      0.00 6.744e-01 3.102e-01 1.681e-03 2.540e-03 6.002e-03 -1.000 1.537e-02 -1.407 1.429 0.244 -0.920 -1.584 -2.108 -2.892 -3.508 -3.599
0.0152 0.01508 8.69897 2.9095621109 2.5937670820    2.910  2.446  3.6603  2.049    7  0.000  0.373     0.00     0.00     0.00     0.00     0.00 -1    -1e-30      0.00 6.744e-01 3.102e-01 1.681e-03 2.540e-03 6.002e-03 -1.000 1.537e-02 -1.345 1.429 0.276 -0.874 -1.530 -2.049 -2.824 -3.433 -3.523
0.0152 0.01508 8.69897 2.9114961624 2.5938017686    2.912  2.459  3.6591  2.032    7  0.000  0.373     0.00     0.00     0.00     0.00     0.00 -1    -1e-30      0.00 6.744e-01 3.102e-01 1.681e-03 2.540e-03 6.002e-03 -1.000 1.537e-02 -1.377 1.433 0.261 -0.896 -1.557 -2.079 -2.859 -3.472 -3.563
0.0152 0.01508 8.69897 2.9123325348 2.5938167523    2.913  2.502  3.6553  1.974    7  0.000  0.373     4.19     3.16     2.37     1.73     1.41  4    -1e-30      0.00 6.744e-01 3.102e-01 1.681e-03 2.540e-03 6.002e-03 -1.000 1.537e-02 -1.484 1.423 0.206 -0.977 -1.651 -2.182 -2.977 -3.599 -3.693
0.0152 0.01508 8.69897 2.9131672382 2.5938316963    2.913  2.545  3.6516  1.916    7  0.000  0.373     4.70     3.51     2.62     1.92     1.56  4    -1e-30      0.00 6.744e-01 3.102e-01 1.681e-03 2.540e-03 6.002e-03 -1.000 1.537e-02 -1.593 1.400 0.150 -1.061 -1.746 -2.285 -3.094 -3.723 -3.822
0.0152 0.01508 8.69897 2.9139351845 2.5938454363    2.914  2.588  3.6480  1.859    7  0.000  0.373     5.26     3.89     2.89     2.12     1.73  4 -1.45e-28      0.00 6.744e-01 3.101e-01 1.681e-03 2.540e-03 6.002e-03 -1.000 1.544e-02 -1.699 1.375 0.095 -1.143 -1.838 -2.384 -3.209 -3.843 -3.948
0.0152 0.01508 8.69897 2.9146399498 2.5938580386    2.915  2.630  3.6436  1.799    7  0.000  0.373     5.92     4.33     3.20     2.35     1.92  4 -3.09e-22      0.00 6.744e-01 3.101e-01 1.681e-03 2.541e-03 6.002e-03 -1.000 1.547e-02 -1.805 1.366 0.049 -1.217 -1.925 -2.482 -3.324 -3.967 -4.078
0.0152 0.01508 8.69897 2.9152641296 2.5938691941    2.915  2.672  3.6393  1.740    7  0.000  0.373     6.65     4.82     3.54     2.61     2.13  4 -6.79e-19      0.00 6.744e-01 3.101e-01 1.681e-03 2.541e-03 6.002e-03 -1.000 1.549e-02 -1.909 1.356 0.005 -1.290 -2.010 -2.577 -3.438 -4.089 -4.206
0.0152 0.01508 8.69897 2.9156904221 2.5938768097    2.916  2.703  3.6345  1.690    7  0.000  0.373     7.35     5.28     3.86     2.85     2.32  4 -2.18e-12      0.00 6.744e-01 3.101e-01 1.681e-03 2.541e-03 6.002e-03 -1.000 1.550e-02 -1.987 1.385 -0.007 -1.330 -2.063 -2.644 -3.525 -4.187 -4.311
0.0152 0.01508 8.69897 2.9162080288 2.5938860532    2.916  2.744  3.6303  1.632    7  0.000  0.373     8.25     5.87     4.28     3.15     2.58  4 -3.57e-10      0.00 6.744e-01 3.101e-01 1.681e-03 2.541e-03 6.001e-03 -1.000 1.551e-02 -2.091 1.372 -0.052 -1.402 -2.146 -2.738 -3.637 -4.307 -4.438
0.0152 0.01508 8.69897 2.9166688919 2.5938942801    2.917  2.786  3.6269  1.577    7  0.000  0.373     9.20     6.48     4.70     3.47     2.84  4 -5.54e-10      0.00 6.744e-01 3.101e-01 1.680e-03 2.541e-03 6.001e-03 -1.000 1.551e-02 -2.194 1.334 -0.108 -1.478 -2.230 -2.832 -3.746 -4.422 -4.560
0.0152 0.01508 8.69897 2.9170827866 2.5939016661    2.917  2.827  3.6236  1.522    7  0.000  0.373    10.25     7.15     5.17     3.82     3.12  4 -6.76e-10      0.00 6.744e-01 3.101e-01 1.679e-03 2.542e-03 6.001e-03 -1.000 1.551e-02 -2.298 1.294 -0.166 -1.555 -2.314 -2.925 -3.855 -4.537 -4.681
0.0152 0.01508 8.69897 2.9174537659 2.5939082842    2.917  2.868  3.6202  1.467    7  0.000  0.373    11.43     7.89     5.68     4.21     3.44  4 -8.15e-10      0.00 6.744e-01 3.101e-01 1.678e-03 2.543e-03 6.001e-03 -1.000 1.551e-02 -2.401 1.283 -0.218 -1.628 -2.397 -3.020 -3.965 -4.655 -4.805
0.0152 0.01508 8.69897 2.9177894592 2.5939142712    2.917  2.909  3.6168  1.413    7  0.000  0.372    12.73     8.71     6.23     4.63     3.78  4 -9.84e-10      0.00 6.744e-01 3.101e-01 1.675e-03 2.546e-03 6.001e-03 -1.000 1.551e-02 -2.503 1.289 -0.264 -1.694 -2.477 -3.114 -4.075 -4.774 -4.929
0.0152 0.01508 8.69897 2.9180967808 2.5939197507    2.917  2.950  3.6134  1.359    7  0.000  0.371    14.18     9.60     6.85     5.09     4.16  4  -1.2e-09      0.00 6.744e-01 3.101e-01 1.673e-03 2.549e-03 6.001e-03 -1.000 1.551e-02 -2.604 1.298 -0.308 -1.759 -2.556 -3.207 -4.185 -4.894 -5.053
0.0152 0.01508 8.69897 2.9183790684 2.5939247828    2.918  2.990  3.6099  1.304    7  0.000  0.371    15.79    10.60     7.52     5.60     4.58  4 -1.44e-09      0.00 6.744e-01 3.101e-01 1.670e-03 2.553e-03 6.001e-03 -1.000 1.551e-02 -2.706 1.309 -0.351 -1.823 -2.635 -3.300 -4.294 -5.013 -5.176
0.0152 0.01508 8.69897 2.9186389446 2.5939294143    2.918  3.031  3.6064  1.250    7  0.000  0.370    17.60    11.70     8.26     6.16     5.04  4 -1.73e-09      0.00 6.744e-01 3.101e-01 1.668e-03 2.556e-03 6.001e-03 -1.000 1.549e-02 -2.807 1.319 -0.390 -1.882 -2.709 -3.392 -4.403 -5.132 -5.301
0.0152 0.01508 8.69897 2.9188802242 2.5939337136    2.918  3.071  3.6029  1.195    7  0.000  0.370    19.62    12.91     9.08     6.78     5.55  4 -2.09e-09      0.00 6.744e-01 3.101e-01 1.666e-03 2.558e-03 6.001e-03 -1.000 1.549e-02 -2.909 1.331 -0.429 -1.941 -2.783 -3.484 -4.512 -5.251 -5.425
0.0152 0.01508 8.69897 2.9191036224 2.5939376935    2.918  3.112  3.5993  1.140    7  0.000  0.370    21.87    14.26     9.99     7.46     6.11  4 -2.52e-09      0.00 6.744e-01 3.101e-01 1.664e-03 2.560e-03 6.001e-03 -1.000 1.549e-02 -3.010 1.343 -0.466 -1.998 -2.855 -3.576 -4.622 -5.370 -5.550
0.0152 0.01508 8.69897 2.9193108082 2.5939413840    2.918  3.153  3.5957  1.085    7  0.000  0.369    24.40    15.75    10.98     8.22     6.73  4 -3.03e-09      0.00 6.744e-01 3.101e-01 1.662e-03 2.562e-03 6.000e-03 -1.000 1.549e-02 -3.111 1.350 -0.500 -2.049 -2.922 -3.667 -4.731 -5.490 -5.675
0.0152 0.01508 8.69897 2.9195046425 2.5939448361    2.917  3.193  3.5920  1.030    7  0.000  0.369    27.23    17.41    12.08     9.06     7.42  4 -3.64e-09      0.00 6.744e-01 3.101e-01 1.661e-03 2.564e-03 6.000e-03 -1.000 1.550e-02 -3.213 1.361 -0.533 -2.099 -2.989 -3.757 -4.841 -5.610 -5.800
0.0152 0.01508 8.69897 2.9196875095 2.5939480924    2.917  3.234  3.5882  0.974    7  0.000  0.369    30.43    19.26    13.31     9.99     8.19  4 -4.38e-09      0.00 6.744e-01 3.101e-01 1.660e-03 2.566e-03 5.999e-03 -1.000 1.553e-02 -3.315 1.373 -0.560 -2.143 -3.051 -3.848 -4.951 -5.730 -5.927
0.0152 0.01508 8.69897 2.9198615551 2.5939511911    2.917  3.275  3.5843  0.917    7  0.000  0.369    34.05    21.34    14.68    11.03     9.04  4 -5.28e-09      0.00 6.744e-01 3.101e-01 1.659e-03 2.568e-03 5.999e-03 -1.000 1.554e-02 -3.418 1.386 -0.581 -2.180 -3.108 -3.938 -5.064 -5.852 -6.055
0.0152 0.01508 8.69897 2.9200291634 2.5939541749    2.917  3.316  3.5803  0.860    7  0.000  0.368    38.17    23.68    16.21    12.21    10.01  4 -6.33e-09      0.00 6.744e-01 3.101e-01 1.658e-03 2.570e-03 5.998e-03 -1.000 1.554e-02 -3.521 1.402 -0.600 -2.215 -3.164 -4.028 -5.177 -5.976 -6.185
0.0152 0.01508 8.69897 2.9201936722 2.5939571031    2.916  3.359  3.5761  0.801    7  0.000  0.368    42.90    26.33    17.94    13.53    11.10  4 -7.59e-09      0.00 6.744e-01 3.101e-01 1.657e-03 2.571e-03 5.997e-03 -1.000 1.550e-02 -3.626 1.410 -0.608 -2.232 -3.206 -4.117 -5.293 -6.102 -6.318
0.0152 0.01508 8.69897 2.9203598499 2.5939600606    2.916  3.402  3.5718  0.741    7  0.000  0.368    48.35    29.37    19.91    15.04    12.34  4  -9.2e-09      0.00 6.744e-01 3.101e-01 1.656e-03 2.573e-03 5.997e-03 -1.000 1.549e-02 -3.734 1.418 -0.615 -2.248 -3.247 -4.208 -5.412 -6.231 -6.454
0.0152 0.01508 8.69897 2.9205331802 2.5939631450    2.915  3.445  3.5673  0.678    7  0.000  0.368    54.71    32.86    22.17    16.77    13.76  3 -1.12e-08      0.00 6.744e-01 3.101e-01 1.656e-03 2.574e-03 5.996e-03 -1.000 1.549e-02 -3.844 1.425 -0.610 -2.246 -3.276 -4.297 -5.535 -6.364 -6.594
0.0152 0.01508 8.69897 2.9207918644 2.5939677475    2.914  3.497  3.5617  0.604    7  0.000  0.368    63.33    37.55    25.18    19.09    15.67  3  -1.4e-08      0.00 6.743e-01 3.101e-01 1.656e-03 2.575e-03 5.995e-03 -1.000 1.552e-02 -3.972 1.434 -0.592 -2.227 -3.296 -4.398 -5.679 -6.520 -6.759
0.0152 0.01508 8.69897 2.9208793640 2.5939693041    2.913  3.516  3.5597  0.577    7  0.000  0.368    66.83    39.43    26.38    20.02    16.43  3 -1.52e-08      0.00 6.743e-01 3.101e-01 1.656e-03 2.575e-03 5.995e-03 -1.000 1.552e-02 -4.020 1.436 -0.585 -2.220 -3.304 -4.435 -5.733 -6.578 -6.820
0.0152 0.01508 8.69897 2.9209401608 2.5939703855    2.913  3.539  3.5573  0.545    7  0.000  0.368    71.30    41.83    27.91    21.19    17.40  3 -1.68e-08      0.00 6.743e-01 3.101e-01 1.656e-03 2.575e-03 5.995e-03 -1.000 1.552e-02 -4.077 1.436 -0.567 -2.196 -3.304 -4.476 -5.797 -6.647 -6.893
0.0152 0.01508 8.69897 2.9209961891 2.5939713821    2.912  3.561  3.5548  0.512    7  0.000  0.368    76.04    44.35    29.52    22.43    18.42  3 -1.84e-08      0.00 6.743e-01 3.101e-01 1.656e-03 2.575e-03 5.995e-03 -1.000 1.552e-02 -4.133 1.438 -0.547 -2.171 -3.302 -4.515 -5.861 -6.716 -6.966
0.0152 0.01508 8.69897 2.9210553169 2.5939724338    2.912  3.587  3.5520  0.476    7  0.000  0.368    81.76    47.39    31.44    23.92    19.64  3 -2.06e-08      0.00 6.743e-01 3.101e-01 1.656e-03 2.575e-03 5.995e-03 -1.000 1.552e-02 -4.196 1.441 -0.521 -2.139 -3.297 -4.559 -5.933 -6.793 -7.048
0.0152 0.01508 8.69897 2.9211215973 2.5939736127    2.911  3.619  3.5484  0.429    7  0.000  0.368    89.77    51.60    34.10    25.98    21.34  3 -2.37e-08      0.00 6.743e-01 3.101e-01 1.656e-03 2.575e-03 5.995e-03 -1.000 1.552e-02 -4.277 1.446 -0.477 -2.083 -3.283 -4.610 -6.026 -6.892 -7.153
0.0152 0.01508 8.69897 2.9212119579 2.5939752197    2.910  3.655  3.5442  0.376    7  0.000  0.368    99.60    56.72    37.33    28.48    23.40  3 -2.76e-08      0.00 6.743e-01 3.101e-01 1.656e-03 2.575e-03 5.995e-03 -1.000 1.552e-02 -4.367 1.451 -0.413 -2.003 -3.255 -4.660 -6.129 -7.002 -7.270
0.0152 0.01508 8.69897 2.9212512970 2.5939759194    2.909  3.669  3.5425  0.355    7  0.000  0.368   103.89    58.94    38.73    29.56    24.29  3 -2.96e-08      0.00 6.743e-01 3.101e-01 1.656e-03 2.575e-03 5.995e-03 -1.000 1.552e-02 -4.403 1.453 -0.386 -1.968 -3.242 -4.680 -6.170 -7.046 -7.318
0.0152 0.01508 8.69897 2.9212629795 2.5939761271    2.909  3.682  3.5411  0.336    7  0.000  0.368   107.86    60.99    40.01    30.55    25.11  3 -3.15e-08      0.00 6.743e-01 3.101e-01 1.656e-03 2.575e-03 5.995e-03 -1.000 1.552e-02 -4.435 1.455 -0.362 -1.937 -3.231 -4.698 -6.207 -7.086 -7.360
0.0152 0.01508 8.69897 2.9212775230 2.5939763857    2.909  3.687  3.5404  0.328    7  0.000  0.368   109.52    61.85    40.55    30.97    25.45  3 -3.28e-08      0.00 6.743e-01 3.101e-01 1.656e-03 2.575e-03 5.995e-03 -1.000 1.552e-02 -4.448 1.456 -0.351 -1.924 -3.226 -4.704 -6.222 -7.102 -7.377
0.0152 0.01508 8.69897 2.9212777615 2.5939763900    2.909  3.678  3.5414  0.341    7  0.000  0.368   106.80    60.44    39.67    30.29    24.89  3 -3.15e-08      0.00 6.743e-01 3.101e-01 1.656e-03 2.575e-03 5.995e-03 -1.000 1.552e-02 -4.426 1.455 -0.366 -1.944 -3.233 -4.692 -6.197 -7.075 -7.349
0.0152 0.01508 8.69897 2.9212779999 2.5939763942    2.909  3.668  3.5426  0.356    7  0.000  0.368   103.70    58.84    38.66    29.51    24.25  3 -3.03e-08      0.00 6.743e-01 3.101e-01 1.656e-03 2.575e-03 5.995e-03 -1.000 1.552e-02 -4.401 1.454 -0.385 -1.967 -3.241 -4.678 -6.168 -7.044 -7.315
0.0152 0.01508 8.69897 2.9212782383 2.5939763985    2.909  3.651  3.5445  0.381    7  0.000  0.368    98.62    56.21    37.01    28.23    23.19  3 -2.81e-08      0.00 6.743e-01 3.101e-01 1.656e-03 2.575e-03 5.995e-03 -1.000 1.552e-02 -4.357 1.453 -0.414 -2.005 -3.253 -4.653 -6.118 -6.991 -7.259
0.0152 0.01508 8.69897 2.9212784767 2.5939764027    2.909  3.669  3.5425  0.355    7  0.000  0.368   103.82    58.90    38.70    29.54    24.27  3 -3.03e-08      0.00 6.743e-01 3.101e-01 1.656e-03 2.575e-03 5.995e-03 -1.000 1.552e-02 -4.402 1.454 -0.384 -1.966 -3.241 -4.678 -6.169 -7.045 -7.317
0.0152 0.01508 8.69897 2.9212787151 2.5939764069    2.909  3.678  3.5415  0.341    7  0.000  0.368   106.72    60.41    39.64    30.27    24.87  3 -3.16e-08      0.00 6.743e-01 3.101e-01 1.656e-03 2.575e-03 5.995e-03 -1.000 1.552e-02 -4.426 1.455 -0.367 -1.945 -3.233 -4.692 -6.197 -7.075 -7.348
0.0152 0.01508 8.69897 2.9212791920 2.5939764154    2.909  3.674  3.5419  0.347    7  0.000  0.368   105.56    59.81    39.27    29.98    24.63  3  -3.1e-08      0.00 6.743e-01 3.101e-01 1.656e-03 2.575e-03 5.995e-03 -1.000 1.552e-02 -4.416 1.455 -0.374 -1.953 -3.236 -4.686 -6.186 -7.063 -7.335
0.0152 0.01508 8.69897 2.9212796688 2.5939764239    2.909  3.666  3.5429  0.359    7  0.000  0.368   102.97    58.47    38.43    29.33    24.09  3    -3e-08      0.00 6.743e-01 3.101e-01 1.656e-03 2.575e-03 5.995e-03 -1.000 1.552e-02 -4.395 1.454 -0.389 -1.972 -3.242 -4.674 -6.161 -7.037 -7.307
0.0152 0.01508 8.69897 2.9212801456 2.5939764324    2.909  3.656  3.5439  0.373    7  0.000  0.368   100.23    57.05    37.54    28.64    23.53  3 -2.88e-08      0.00 6.743e-01 3.101e-01 1.656e-03 2.575e-03 5.995e-03 -1.000 1.552e-02 -4.371 1.453 -0.405 -1.993 -3.249 -4.661 -6.134 -7.008 -7.277
0.0152 0.01508 8.69897 2.9212839603 2.5939765002    2.909  3.658  3.5437  0.370    7  0.000  0.368   100.81    57.35    37.73    28.78    23.65  3 -2.92e-08      0.00 6.743e-01 3.101e-01 1.656e-03 2.575e-03 5.995e-03 -1.000 1.552e-02 -4.376 1.454 -0.401 -1.988 -3.248 -4.664 -6.140 -7.014 -7.283
0.0152 0.01508 8.69897 2.9212870598 2.5939765553    2.909  3.669  3.5425  0.354    7  0.000  0.368   104.00    59.00    38.76    29.58    24.31  3 -3.07e-08      0.00 6.743e-01 3.101e-01 1.656e-03 2.575e-03 5.995e-03 -1.000 1.552e-02 -4.403 1.455 -0.383 -1.964 -3.240 -4.679 -6.171 -7.047 -7.319
0.0152 0.01508 8.69897 2.9212901592 2.5939766105    2.909  3.679  3.5413  0.340    7  0.000  0.368   107.01    60.55    39.74    30.34    24.93  3 -3.22e-08      0.00 6.743e-01 3.101e-01 1.656e-03 2.575e-03 5.995e-03 -1.000 1.552e-02 -4.428 1.456 -0.364 -1.941 -3.231 -4.693 -6.199 -7.077 -7.351
0.0152 0.01508 8.69897 2.9212939739 2.5939766783    2.909  3.689  3.5402  0.325    7  0.000  0.368   110.13    62.16    40.74    31.12    25.57  3 -3.37e-08      0.00 6.743e-01 3.101e-01 1.656e-03 2.575e-03 5.995e-03 -1.000 1.552e-02 -4.453 1.457 -0.346 -1.918 -3.223 -4.707 -6.227 -7.108 -7.383
0.0152 0.01508 8.69897 2.9212989807 2.5939767673    2.909  3.698  3.5391  0.312    7  0.000  0.368   113.07    63.67    41.69    31.86    26.18  3 -3.53e-08      0.00 6.743e-01 3.101e-01 1.656e-03 2.575e-03 5.995e-03 -1.000 1.552e-02 -4.475 1.458 -0.325 -1.891 -3.212 -4.715 -6.254 -7.135 -7.413
0.0152 0.01508 8.69897 2.9213054180 2.5939768818    2.909  3.707  3.5380  0.299    7  0.000  0.368   116.09    65.22    42.66    32.61    26.80  2 -3.74e-08      0.00 6.743e-01 3.101e-01 1.656e-03 2.575e-03 5.995e-03 -1.000 1.552e-02 -4.498 1.459 -0.302 -1.862 -3.200 -4.723 -6.280 -7.163 -7.442
0.0152 0.01508 8.69897 2.9213140011 2.5939770344    2.908  3.700  3.5388  0.309    7  0.000  0.368   113.81    64.05    41.93    32.04    26.33  3 -3.86e-08      0.00 6.743e-01 3.101e-01 1.656e-03 2.575e-03 5.995e-03 -1.000 1.552e-02 -4.480 1.459 -0.316 -1.880 -3.207 -4.716 -6.260 -7.142 -7.420
0.0152 0.01508 8.69897 2.9213271141 2.5939772676    2.908  3.737  3.5344  0.254    7  0.000  0.368   126.98    70.77    46.12    35.29    29.01  2 -4.82e-08      0.00 6.743e-01 3.101e-01 1.656e-03 2.575e-03 5.995e-03 -1.000 1.552e-02 -4.574 1.464 -0.222 -1.760 -3.157 -4.748 -6.369 -7.256 -7.543
0.0152 0.01508 8.69897 2.9213545322 2.5939777552    2.907  3.785  3.5284  0.182    7  0.000  0.368   146.46    80.60    52.22    40.04    32.92  2 -7.79e-08      0.00 6.743e-01 3.101e-01 1.656e-03 2.575e-03 5.995e-03 -1.000 1.552e-02 -4.694 1.473 -0.078 -1.578 -3.077 -4.775 -6.509 -7.404 -7.702
0.0152 0.01508 8.69897 2.9213550091 2.5939777637    2.907  3.752  3.5325  0.231    7  0.000  0.368   132.71    73.67    47.92    36.70    30.17  2 -5.97e-08      0.00 6.743e-01 3.101e-01 1.656e-03 2.575e-03 5.995e-03 -1.000 1.552e-02 -4.610 1.467 -0.180 -1.707 -3.133 -4.759 -6.412 -7.302 -7.592
0.0152 0.01508 8.69897 2.9213552475 2.5939777679    2.907  3.784  3.5286  0.184    7  0.000  0.368   145.74    80.24    51.99    39.86    32.78  2 -7.65e-08      0.00 6.743e-01 3.101e-01 1.656e-03 2.575e-03 5.995e-03 -1.000 1.552e-02 -4.690 1.472 -0.085 -1.587 -3.081 -4.776 -6.504 -7.399 -7.697
0.0152 0.01508 8.69897 2.9213554859 2.5939777721    2.907  3.809  3.5253  0.145    7  0.000  0.368   157.33    86.04    55.58    42.66    35.08  2 -9.96e-08      0.00 6.743e-01 3.101e-01 1.655e-03 2.575e-03 5.995e-03 -1.000 1.552e-02 -4.753 1.481 0.018 -1.459 -3.020 -4.769 -6.579 -7.478 -7.782
0.0152 0.01508 8.69897 2.9213557243 2.5939777764    2.907  3.804  3.5261  0.154    7  0.000  0.368   154.66    84.71    54.75    42.01    34.55  2 -9.41e-08      0.00 6.743e-01 3.101e-01 1.655e-03 2.575e-03 5.995e-03 -1.000 1.552e-02 -4.739 1.478 -0.006 -1.489 -3.035 -4.772 -6.562 -7.460 -7.763
0.0152 0.01508 8.69897 2.9213559628 2.5939777806    2.907  3.787  3.5282  0.179    7  0.000  0.368   147.09    80.92    52.41    40.19    33.05  2  -7.9e-08      0.00 6.743e-01 3.101e-01 1.655e-03 2.575e-03 5.995e-03 -1.000 1.552e-02 -4.697 1.473 -0.073 -1.572 -3.074 -4.775 -6.513 -7.409 -7.707
0.0152 0.01508 8.69897 2.9213564396 2.5939777891    2.907  3.782  3.5288  0.186    7  0.000  0.368   145.09    79.92    51.79    39.71    32.65  2 -7.55e-08      0.00 6.743e-01 3.101e-01 1.655e-03 2.575e-03 5.995e-03 -1.000 1.552e-02 -4.686 1.472 -0.092 -1.595 -3.085 -4.776 -6.500 -7.395 -7.692
0.0152 0.01508 8.69897 2.9213571548 2.5939778018    2.907  3.780  3.5291  0.190    7  0.000  0.368   144.16    79.45    51.50    39.48    32.46  2 -7.37e-08      0.00 6.743e-01 3.101e-01 1.655e-03 2.575e-03 5.995e-03 -1.000 1.552e-02 -4.680 1.472 -0.099 -1.604 -3.089 -4.776 -6.494 -7.388 -7.685
0.0152 0.01508 8.69897 2.9213573933 2.5939778061    2.907  3.773  3.5300  0.200    7  0.000  0.368   141.09    77.91    50.55    38.74    31.85  2 -6.84e-08      0.00 6.743e-01 3.101e-01 1.655e-03 2.575e-03 5.995e-03 -1.000 1.552e-02 -4.662 1.470 -0.126 -1.637 -3.104 -4.776 -6.472 -7.366 -7.661
0.0152 0.01508 8.69897 2.9213585854 2.5939778273    2.907  3.765  3.5309  0.212    7  0.000  0.368   137.88    76.29    49.54    37.96    31.21  2 -6.53e-08      0.00 6.743e-01 3.101e-01 1.655e-03 2.575e-03 5.995e-03 -1.000 1.552e-02 -4.643 1.469 -0.146 -1.663 -3.115 -4.770 -6.450 -7.342 -7.635
0.0152 0.01508 8.69897 2.9213597775 2.5939778485    2.907  3.758  3.5317  0.222    7  0.000  0.368   135.30    74.99    48.74    37.33    30.69  2 -6.44e-08      0.00 6.743e-01 3.101e-01 1.655e-03 2.575e-03 5.995e-03 -1.000 1.552e-02 -4.626 1.469 -0.161 -1.682 -3.122 -4.763 -6.431 -7.322 -7.613
0.0152 0.01508 8.69897 2.9213607311 2.5939778654    2.907  3.751  3.5325  0.232    7  0.000  0.368   132.50    73.57    47.86    36.65    30.13  2  -6.3e-08      0.00 6.743e-01 3.101e-01 1.655e-03 2.575e-03 5.995e-03 -1.000 1.552e-02 -4.608 1.469 -0.178 -1.704 -3.131 -4.757 -6.410 -7.300 -7.590
0.0152 0.01508 8.69897 2.9213624001 2.5939778951    2.907  3.745  3.5332  0.242    7  0.000  0.368   129.99    72.30    47.07    36.03    29.62  2 -6.19e-08      0.00 6.743e-01 3.101e-01 1.655e-03 2.575e-03 5.995e-03 -1.000 1.552e-02 -4.591 1.469 -0.193 -1.724 -3.139 -4.750 -6.390 -7.280 -7.568
0.0152 0.01508 8.69897 2.9213643074 2.5939779290    2.907  3.738  3.5339  0.251    7  0.000  0.368   127.59    71.08    46.31    35.44    29.13  2 -6.06e-08      0.00 6.743e-01 3.101e-01 1.655e-03 2.575e-03 5.995e-03 -1.000 1.552e-02 -4.575 1.469 -0.207 -1.742 -3.145 -4.743 -6.371 -7.260 -7.547
0.0152 0.01508 8.69897 2.9213712215 2.5939780520    2.907  3.738  3.5340  0.252    7  0.000  0.368   127.46    71.02    46.27    35.41    29.11  2 -6.03e-08      0.00 6.743e-01 3.101e-01 1.655e-03 2.575e-03 5.995e-03 -1.000 1.552e-02 -4.574 1.468 -0.209 -1.744 -3.147 -4.744 -6.371 -7.259 -7.546
0.0152 0.01508 8.69897 2.9213747978 2.5939781155    2.906  3.738  3.5341  0.252    7  0.000  0.368   127.36    70.96    46.24    35.39    29.09  2 -5.76e-08      0.00 6.743e-01 3.101e-01 1.655e-03 2.575e-03 5.995e-03 -1.000 1.552e-02 -4.574 1.467 -0.213 -1.749 -3.150 -4.745 -6.370 -7.258 -7.545
0.0152 0.01508 8.69897 2.9213781357 2.5939781749    2.906  3.734  3.5346  0.258    7  0.000  0.368   125.89    70.22    45.77    35.03    28.79  2  -5.3e-08      0.00 6.743e-01 3.101e-01 1.655e-03 2.575e-03 5.995e-03 -1.000 1.552e-02 -4.565 1.466 -0.225 -1.764 -3.157 -4.743 -6.359 -7.246 -7.532
0.0152 0.01508 8.69897 2.9213826656 2.5939782554    2.906  3.716  3.5369  0.285    7  0.000  0.368   119.40    66.91    43.71    33.43    27.47  2 -4.34e-08      0.00 6.743e-01 3.101e-01 1.655e-03 2.575e-03 5.995e-03 -1.000 1.552e-02 -4.521 1.462 -0.275 -1.828 -3.185 -4.730 -6.307 -7.191 -7.473
0.0152 0.01508 8.69897 2.9213883877 2.5939783572    2.906  3.681  3.5410  0.336    7  0.000  0.368   107.79    60.95    39.99    30.54    25.09  3  -3.4e-08      0.00 6.743e-01 3.101e-01 1.655e-03 2.575e-03 5.995e-03 -1.000 1.552e-02 -4.433 1.457 -0.359 -1.934 -3.228 -4.695 -6.205 -7.084 -7.358
0.0152 0.01508 8.69897 2.9213948250 2.5939784717    2.906  3.701  3.5387  0.307    7  0.000  0.368   114.24    64.27    42.06    32.14    26.41  2 -3.95e-08      0.00 6.743e-01 3.101e-01 1.655e-03 2.575e-03 5.995e-03 -1.000 1.552e-02 -4.483 1.460 -0.313 -1.877 -3.205 -4.717 -6.263 -7.145 -7.423
0.0152 0.01508 8.69897 2.9214019775 2.5939785988    2.906  3.754  3.5323  0.228    7  0.000  0.368   133.45    74.05    48.15    36.88    30.32  2 -6.36e-08      0.00 6.743e-01 3.101e-01 1.655e-03 2.575e-03 5.995e-03 -1.000 1.552e-02 -4.615 1.467 -0.176 -1.702 -3.132 -4.761 -6.417 -7.308 -7.598
0.0152 0.01508 8.69897 2.9214119911 2.5939787769    2.905  3.801  3.5264  0.157    7  0.000  0.368   153.65    84.20    54.44    41.77    34.35  2 -9.62e-08      0.00 6.743e-01 3.101e-01 1.655e-03 2.575e-03 5.995e-03 -1.000 1.552e-02 -4.734 1.477 -0.017 -1.503 -3.042 -4.773 -6.556 -7.453 -7.755
0.0152 0.01508 8.69897 2.9214277267 2.5939790567    2.904  3.841  3.5214  0.098    7  0.635  0.368   172.90    93.77    60.33    46.37    38.14  2 -1.39e-07      0.00 6.743e-01 3.101e-01 1.655e-03 2.575e-03 5.995e-03 -1.000 1.552e-02 -4.832 1.490 0.142 -1.307 -2.950 -4.765 -6.671 -7.574 -7.887
0.0152 0.01508 8.69897 2.9214420319 2.5939793111    2.903  3.860  3.5189  0.069    7  0.634  0.368   183.05    98.77    63.40    48.76    40.11  2 -1.69e-07      0.00 6.743e-01 3.101e-01 1.655e-03 2.575e-03 5.995e-03 -1.000 1.552e-02 -4.879 1.497 0.226 -1.201 -2.898 -4.752 -6.726 -7.632 -7.950
0.0152 0.01508 8.69897 2.9214439392 2.5939793450    2.903  3.860  3.5189  0.069    8  0.634  0.389   183.05    98.77    63.40    48.76    40.12  2 -1.69e-07      0.00 6.743e-01 3.103e-01 1.754e-03 2.577e-03 6.015e-03 -1.000 1.537e-02 -4.879 1.497 0.226 -1.201 -2.898 -4.752 -6.726 -7.632 -7.950
0.0152 0.01508 8.69897 2.9214448929 2.5939793619    2.903  3.822  3.5251  0.131    8  0.634  0.389   161.77    88.25    56.93    43.72    35.95  2 -1.14e-07      0.00 6.743e-01 3.103e-01 1.754e-03 2.577e-03 6.015e-03 -1.000 1.537e-02 -4.785 1.463 0.002 -1.477 -3.044 -4.797 -6.612 -7.510 -7.815
0.0152 0.01508 8.69897 2.9214448929 2.5939793619    2.903  3.825  3.5248  0.127    8  0.634  0.389   163.04    88.88    57.32    44.02    36.20  2 -1.17e-07      0.00 6.743e-01 3.103e-01 1.754e-03 2.577e-03 6.015e-03 -1.000 1.537e-02 -4.792 1.464 0.012 -1.464 -3.038 -4.797 -6.620 -7.518 -7.824
0.0152 0.01508 8.69897 2.9214468002 2.5939793958    2.903  3.684  3.5419  0.337    8  0.634  0.389   107.62    60.86    39.93    30.49    25.05  3 -3.14e-08      0.00 6.743e-01 3.103e-01 1.754e-03 2.577e-03 6.015e-03 -1.000 1.537e-02 -4.439 1.440 -0.394 -1.976 -3.260 -4.710 -6.209 -7.086 -7.358
0.0152 0.01508 8.69897 2.9214496613 2.5939794467    2.903  3.572  3.5554  0.503    8  0.634  0.389    77.47    45.10    29.99    22.80    18.72  3 -1.96e-08      0.00 6.743e-01 3.103e-01 1.754e-03 2.577e-03 6.015e-03 -1.000 1.537e-02 -4.160 1.410 -0.588 -2.218 -3.344 -4.546 -5.886 -6.739 -6.989
0.0152 0.01508 8.69897 2.9214537144 2.5939795188    2.902  3.604  3.5515  0.455    8  0.635  0.389    85.20    49.19    32.58    24.80    20.37  3 -2.25e-08      0.00 6.743e-01 3.103e-01 1.754e-03 2.577e-03 6.015e-03 -1.000 1.537e-02 -4.240 1.422 -0.543 -2.164 -3.329 -4.600 -5.979 -6.839 -7.096
0.0152 0.01508 8.69897 2.9214594364 2.5939796205    2.902  3.688  3.5412  0.329    8  0.635  0.389   109.21    61.68    40.44    30.89    25.38  3  -3.2e-08      0.00 6.743e-01 3.103e-01 1.754e-03 2.577e-03 6.015e-03 -1.000 1.537e-02 -4.450 1.444 -0.378 -1.957 -3.250 -4.714 -6.222 -7.100 -7.374
0.0152 0.01508 8.69897 2.9214665890 2.5939797477    2.901  3.775  3.5305  0.200    8  0.635  0.389   141.09    77.90    50.54    38.74    31.85  2 -6.98e-08      0.00 6.743e-01 3.103e-01 1.754e-03 2.577e-03 6.015e-03 -1.000 1.537e-02 -4.666 1.460 -0.151 -1.668 -3.126 -4.788 -6.475 -7.367 -7.661
0.0152 0.01508 8.69897 2.9214756489 2.5939799088    2.900  3.836  3.5229  0.107    8  0.635  0.389   169.55    92.11    59.31    45.57    37.48  2 -1.33e-07      0.00 6.743e-01 3.103e-01 1.754e-03 2.577e-03 6.015e-03 -1.000 1.537e-02 -4.821 1.474 0.079 -1.383 -2.996 -4.786 -6.655 -7.556 -7.866
0.0152 0.01508 8.69897 2.9214863777 2.5939800996    2.899  3.870  3.5186  0.057    8  0.636  0.389   187.44   100.93    64.72    49.80    40.97  2 -1.88e-07      0.00 6.743e-01 3.103e-01 1.754e-03 2.577e-03 6.015e-03 -1.000 1.537e-02 -4.905 1.486 0.223 -1.203 -2.909 -4.768 -6.753 -7.659 -7.978
0.0152 0.01508 8.69897 2.9214990139 2.5939803242    2.898  3.886  3.5165  0.033    8  0.636  0.389   196.66   105.45    67.49    51.96    42.75  2 -2.22e-07      0.00 6.743e-01 3.103e-01 1.754e-03 2.577e-03 6.015e-03 -1.000 1.537e-02 -4.944 1.493 0.306 -1.096 -2.855 -4.745 -6.798 -7.707 -8.031
0.0152 0.01508 8.69897 2.9215135574 2.5939805828    2.897  3.895  3.5152  0.018    8  0.637  0.389   202.56   108.33    69.25    53.34    43.89  2 -2.45e-07      0.00 6.743e-01 3.103e-01 1.754e-03 2.577e-03 6.015e-03 -1.000 1.537e-02 -4.968 1.499 0.361 -1.026 -2.817 -4.727 -6.826 -7.736 -8.063
0.0152 0.01508 8.69897 2.9215137959 2.5939805871    2.897  3.983  3.5044 -0.114    8  0.637  0.389   262.75   137.33    86.85    67.13    55.27  2  -6.1e-07      0.01 6.743e-01 3.103e-01 1.754e-03 2.577e-03 6.015e-03 -1.000 1.537e-02 -5.188 1.535 0.775 -0.499 -2.554 -4.607 -7.078 -8.001 -8.353
0.0152 0.01508 8.69897 2.9215147495 2.5939806040    2.897  3.863  3.5191  0.066    8  0.637  0.389   184.17    99.32    63.74    49.03    40.33  2 -1.75e-07      0.00 6.743e-01 3.103e-01 1.754e-03 2.577e-03 6.015e-03 -1.000 1.537e-02 -4.887 1.490 0.212 -1.218 -2.913 -4.764 -6.733 -7.639 -7.957
0.0152 0.01508 8.69897 2.9215166569 2.5939806379    2.897  3.722  3.5362  0.274    8  0.637  0.389   121.74    68.09    44.44    34.00    27.94  2  -4.1e-08      0.00 6.743e-01 3.103e-01 1.754e-03 2.577e-03 6.015e-03 -1.000 1.537e-02 -4.536 1.462 -0.262 -1.811 -3.179 -4.736 -6.324 -7.210 -7.493
0.0152 0.01508 8.69897 2.9215199947 2.5939806973    2.896  3.610  3.5499  0.441    8  0.637  0.389    87.46    50.36    33.32    25.38    20.84  3 -2.32e-08      0.00 6.743e-01 3.103e-01 1.754e-03 2.577e-03 6.015e-03 -1.000 1.537e-02 -4.255 1.439 -0.508 -2.123 -3.304 -4.603 -5.999 -6.862 -7.121
0.0152 0.01508 8.69897 2.9215245247 2.5939807778    2.896  3.641  3.5461  0.395    8  0.637  0.389    95.91    54.78    36.11    27.53    22.62  3 -2.65e-08      0.00 6.743e-01 3.103e-01 1.754e-03 2.577e-03 6.015e-03 -1.000 1.537e-02 -4.333 1.447 -0.446 -2.044 -3.273 -4.644 -6.089 -6.959 -7.225
0.0152 0.01508 8.69897 2.9215309620 2.5939808923    2.895  3.723  3.5360  0.272    8  0.637  0.389   122.20    68.33    44.59    34.11    28.04  2 -4.15e-08      0.00 6.743e-01 3.103e-01 1.754e-03 2.577e-03 6.015e-03 -1.000 1.537e-02 -4.539 1.463 -0.258 -1.806 -3.177 -4.736 -6.328 -7.213 -7.497
0.0152 0.01508 8.69897 2.9215390682 2.5939810364    2.894  3.807  3.5258  0.147    8  0.638  0.389   156.59    85.66    55.34    42.48    34.93  2 -9.91e-08      0.00 6.743e-01 3.103e-01 1.754e-03 2.577e-03 6.015e-03 -1.000 1.537e-02 -4.749 1.478 -0.000 -1.482 -3.034 -4.775 -6.573 -7.471 -7.774
0.0152 0.01508 8.69897 2.9215490818 2.5939812144    2.893  3.867  3.5185  0.059    8  0.638  0.389   186.54   100.49    64.45    49.59    40.79  2 -1.83e-07      0.00 6.743e-01 3.103e-01 1.754e-03 2.577e-03 6.015e-03 -1.000 1.537e-02 -4.897 1.493 0.235 -1.189 -2.898 -4.757 -6.744 -7.651 -7.970
0.0152 0.01508 8.69897 2.9215610027 2.5939814264    2.892  3.898  3.5148  0.013    8  0.638  0.389   204.44   109.25    69.81    53.78    44.25  2 -2.53e-07      0.00 6.743e-01 3.103e-01 1.754e-03 2.577e-03 6.015e-03 -1.000 1.537e-02 -4.974 1.502 0.378 -1.003 -2.805 -4.721 -6.834 -7.744 -8.072
0.0152 0.01508 8.69897 2.9215753078 2.5939816807    2.890  3.911  3.5131 -0.007    8  0.639  0.389   212.58   113.21    72.22    55.67    45.81  2  -2.9e-07      0.00 6.743e-01 3.103e-01 1.754e-03 2.577e-03 6.015e-03 -1.000 1.537e-02 -5.007 1.506 0.441 -0.923 -2.765 -4.706 -6.872 -7.784 -8.115
0.0152 0.01508 8.69897 2.9215917587 2.5939819732    2.889  3.917  3.5123 -0.017    8  0.640  0.389   216.82   115.27    73.47    56.65    46.62  2 -3.11e-07      0.00 6.743e-01 3.103e-01 1.754e-03 2.577e-03 6.015e-03 -1.000 1.537e-02 -5.023 1.508 0.473 -0.881 -2.744 -4.697 -6.891 -7.803 -8.136
0.0152 0.01508 8.69897 2.9215919971 2.5939819774    2.889  4.009  3.5011 -0.154    8  0.640  0.389   284.15   147.52    92.99    71.96    59.25  2 -8.02e-07      0.01 6.743e-01 3.103e-01 1.754e-03 2.577e-03 6.015e-03 -1.000 1.537e-02 -5.252 1.562 0.916 -0.327 -2.464 -4.556 -7.150 -8.077 -8.438
0.0152 0.01508 8.69897 2.9215929508 2.5939819944    2.889  3.889  3.5158  0.025    8  0.640  0.389   199.49   106.83    68.33    52.62    43.30  2 -2.32e-07      0.00 6.743e-01 3.103e-01 1.754e-03 2.577e-03 6.015e-03 -1.000 1.537e-02 -4.952 1.500 0.341 -1.053 -2.829 -4.730 -6.809 -7.719 -8.044
0.0152 0.01508 8.69897 2.9215950966 2.5939820325    2.888  3.750  3.5328  0.232    8  0.640  0.389   132.26    73.43    47.76    36.58    30.07  2 -5.49e-08      0.00 6.743e-01 3.103e-01 1.754e-03 2.577e-03 6.015e-03 -1.000 1.537e-02 -4.604 1.469 -0.187 -1.716 -3.138 -4.757 -6.404 -7.294 -7.583
0.0152 0.01508 8.69897 2.9215989113 2.5939821004    2.888  3.637  3.5465  0.400    8  0.640  0.389    94.93    54.26    35.78    27.28    22.41  3 -2.62e-08      0.00 6.743e-01 3.103e-01 1.754e-03 2.577e-03 6.015e-03 -1.000 1.537e-02 -4.323 1.447 -0.453 -2.054 -3.277 -4.638 -6.077 -6.946 -7.211
0.0152 0.01508 8.69897 2.9216039181 2.5939821894    2.887  3.668  3.5427  0.353    8  0.640  0.389   104.12    59.03    38.78    29.60    24.32  3 -2.99e-08      0.00 6.743e-01 3.103e-01 1.754e-03 2.577e-03 6.015e-03 -1.000 1.537e-02 -4.401 1.455 -0.388 -1.971 -3.244 -4.679 -6.168 -7.043 -7.315
0.0152 0.01508 8.69897 2.9216110706 2.5939823165    2.886  3.749  3.5327  0.232    8  0.641  0.389   132.35    73.47    47.79    36.60    30.09  2 -5.49e-08      0.00 6.743e-01 3.103e-01 1.754e-03 2.577e-03 6.015e-03 -1.000 1.537e-02 -4.603 1.471 -0.181 -1.710 -3.133 -4.755 -6.404 -7.294 -7.583
0.0152 0.01508 8.69897 2.9216198921 2.5939824734    2.885  3.832  3.5225  0.108    8  0.641  0.389   168.96    91.81    59.12    45.43    37.37  2 -1.29e-07      0.00 6.743e-01 3.103e-01 1.754e-03 2.577e-03 6.015e-03 -1.000 1.537e-02 -4.809 1.490 0.107 -1.350 -2.970 -4.766 -6.645 -7.546 -7.856
0.0152 0.01508 8.69897 2.9216310978 2.5939826726    2.883  3.889  3.5153  0.022    8  0.641  0.389   200.63   107.40    68.67    52.89    43.52  2 -2.35e-07      0.00 6.743e-01 3.103e-01 1.754e-03 2.577e-03 6.015e-03 -1.000 1.537e-02 -4.953 1.507 0.365 -1.022 -2.810 -4.718 -6.811 -7.722 -8.048
0.0152 0.01508 8.69897 2.9216444492 2.5939829100    2.881  3.919  3.5115 -0.024    8  0.642  0.389   219.55   116.60    74.28    57.28    47.14  2 -3.21e-07      0.00 6.743e-01 3.103e-01 1.754e-03 2.577e-03 6.015e-03 -1.000 1.537e-02 -5.029 1.518 0.515 -0.829 -2.712 -4.678 -6.899 -7.813 -8.148
0.0152 0.01508 8.69897 2.9216601849 2.5939831897    2.879  3.932  3.5098 -0.044    8  0.643  0.389   228.23   120.80    76.83    59.29    48.79  2 -3.67e-07      0.00 6.743e-01 3.103e-01 1.754e-03 2.577e-03 6.015e-03 -1.000 1.537e-02 -5.060 1.526 0.584 -0.741 -2.667 -4.658 -6.936 -7.851 -8.190
0.0152 0.01508 8.69897 2.9216783047 2.5939835118    2.877  3.938  3.5089 -0.054    8  0.644  0.389   232.83   123.03    78.18    60.35    49.67  2 -3.93e-07      0.00 6.743e-01 3.103e-01 1.754e-03 2.577e-03 6.015e-03 -1.000 1.537e-02 -5.076 1.530 0.619 -0.697 -2.644 -4.645 -6.954 -7.871 -8.212
0.0152 0.01508 8.69897 2.9216785431 2.5939835161    2.877  4.034  3.4970 -0.197    8  0.644  0.389   309.21   159.39   100.12    77.57    63.88  2 -1.06e-06      0.02 6.743e-01 3.103e-01 1.754e-03 2.577e-03 6.015e-03 -1.000 1.537e-02 -5.315 1.612 1.082 -0.139 -2.356 -4.484 -7.221 -8.155 -8.526
0.0152 0.01508 8.69897 2.9216797352 2.5939835373    2.877  3.915  3.5118 -0.019    8  0.644  0.389   217.41   115.57    73.65    56.79    46.73  2 -3.09e-07      0.00 6.743e-01 3.103e-01 1.754e-03 2.577e-03 6.015e-03 -1.000 1.537e-02 -5.018 1.521 0.508 -0.839 -2.715 -4.676 -6.887 -7.801 -8.135
0.0152 0.01508 8.69897 2.9216821194 2.5939835797    2.876  3.777  3.5288  0.187    8  0.644  0.389   144.54    79.62    51.59    39.57    32.53  2 -7.42e-08      0.00 6.743e-01 3.103e-01 1.754e-03 2.577e-03 6.015e-03 -1.000 1.537e-02 -4.673 1.484 -0.079 -1.582 -3.072 -4.763 -6.487 -7.382 -7.679
0.0152 0.01508 8.69897 2.9216859341 2.5939836475    2.876  3.664  3.5428  0.355    8  0.644  0.389   103.52    58.70    38.57    29.45    24.19  3 -2.98e-08      0.00 6.743e-01 3.103e-01 1.755e-03 2.577e-03 6.015e-03 -1.000 1.537e-02 -4.391 1.462 -0.381 -1.965 -3.237 -4.670 -6.158 -7.033 -7.304
0.0152 0.01508 8.69897 2.9216916561 2.5939837492    2.875  3.695  3.5389  0.309    8  0.644  0.389   113.50    63.85    41.79    31.95    26.25  2 -3.39e-08      0.00 6.743e-01 3.103e-01 1.755e-03 2.577e-03 6.015e-03 -1.000 1.537e-02 -4.468 1.470 -0.308 -1.873 -3.198 -4.705 -6.247 -7.129 -7.407
0.0152 0.01508 8.69897 2.9216992855 2.5939838848    2.873  3.775  3.5290  0.190    8  0.645  0.389   143.74    79.21    51.34    39.37    32.37  2 -7.25e-08      0.00 6.743e-01 3.103e-01 1.755e-03 2.577e-03 6.015e-03 -1.000 1.537e-02 -4.667 1.487 -0.079 -1.583 -3.070 -4.759 -6.480 -7.375 -7.671
0.0152 0.01508 8.69897 2.9217090607 2.5939840586    2.872  3.855  3.5189  0.069    8  0.645  0.389   182.43    98.47    63.20    48.63    40.00  2 -1.66e-07      0.00 6.743e-01 3.103e-01 1.756e-03 2.577e-03 6.015e-03 -1.000 1.537e-02 -4.867 1.510 0.241 -1.185 -2.884 -4.738 -6.713 -7.620 -7.938
0.0152 0.01508 8.69897 2.9217209816 2.5939842705    2.870  3.910  3.5118 -0.015    8  0.646  0.389   215.49   114.64    73.08    56.35    46.37  2 -2.97e-07      0.00 6.743e-01 3.103e-01 1.756e-03 2.577e-03 6.015e-03 -1.000 1.537e-02 -5.006 1.528 0.514 -0.833 -2.706 -4.666 -6.875 -7.788 -8.122
0.0152 0.01508 8.69897 2.9217355251 2.5939845291    2.867  3.939  3.5081 -0.059    8  0.647  0.389   234.92   124.05    78.79    60.83    50.07  2 -4.01e-07      0.00 6.743e-01 3.103e-01 1.756e-03 2.577e-03 6.015e-03 -1.000 1.537e-02 -5.077 1.542 0.658 -0.649 -2.612 -4.622 -6.958 -7.875 -8.218
0.0152 0.01508 8.69897 2.9217526913 2.5939848342    2.864  3.950  3.5065 -0.077    8  0.647  0.389   243.63   128.25    81.34    62.83    51.71  2 -4.54e-07      0.00 6.743e-01 3.103e-01 1.755e-03 2.577e-03 6.015e-03 -1.000 1.537e-02 -5.106 1.549 0.721 -0.570 -2.570 -4.598 -6.991 -7.911 -8.257
0.0152 0.01508 8.69897 2.9217724800 2.5939851860    2.861  3.956  3.5057 -0.087    8  0.648  0.389   248.05   130.38    82.62    63.84    52.55  2 -4.82e-07      0.00 6.743e-01 3.103e-01 1.754e-03 2.577e-03 6.015e-03 -1.000 1.537e-02 -5.120 1.554 0.755 -0.527 -2.547 -4.584 -7.007 -7.928 -8.276
0.0152 0.01508 8.69897 2.9217727184 2.5939851902    2.861  4.057  3.4931 -0.238    8  0.648  0.391   334.55   171.35   107.26    83.21    68.54  0 -1.37e-06      0.03 6.742e-01 3.104e-01 1.763e-03 2.576e-03 6.015e-03 -1.000 1.538e-02 -5.371 1.689 1.262 0.054 -2.241 -4.401 -7.282 -8.224 -8.607
0.0152 0.01508 8.69897 2.9217739105 2.5939852114    2.861  3.939  3.5078 -0.061    8  0.649  0.391   235.71   124.44    79.03    61.02    50.22  2 -4.04e-07      0.00 6.742e-01 3.104e-01 1.764e-03 2.576e-03 6.015e-03 -1.000 1.538e-02 -5.077 1.547 0.674 -0.630 -2.600 -4.612 -6.958 -7.876 -8.219
0.0152 0.01508 8.69897 2.9217762947 2.5939852538    2.860  3.803  3.5249  0.143    8  0.649  0.391   157.29    86.00    55.53    42.64    35.07  2 -9.85e-08      0.00 6.742e-01 3.104e-01 1.764e-03 2.576e-03 6.015e-03 -1.000 1.538e-02 -4.736 1.504 0.054 -1.419 -2.988 -4.744 -6.564 -7.463 -7.768
0.0152 0.01508 8.69897 2.9217801094 2.5939853216    2.860  3.689  3.5391  0.313    8  0.649  0.391   112.39    63.26    41.42    31.66    26.02  2 -3.36e-08      0.00 6.742e-01 3.104e-01 1.765e-03 2.576e-03 6.015e-03 -1.000 1.538e-02 -4.453 1.479 -0.302 -1.868 -3.190 -4.693 -6.232 -7.114 -7.391
0.0152 0.01508 8.69897 2.9217855930 2.5939854191    2.858  3.720  3.5352  0.267    8  0.649  0.391   123.21    68.80    44.87    34.35    28.23  2  -4.2e-08      0.00 6.742e-01 3.104e-01 1.766e-03 2.576e-03 6.015e-03 -1.000 1.539e-02 -4.530 1.486 -0.216 -1.758 -3.141 -4.716 -6.322 -7.209 -7.494
0.0152 0.01508 8.69897 2.9217932224 2.5939855547    2.857  3.798  3.5254  0.149    8  0.650  0.392   155.41    85.05    54.95    42.19    34.69  2 -9.42e-08      0.00 6.742e-01 3.104e-01 1.767e-03 2.576e-03 6.015e-03 -1.000 1.539e-02 -4.725 1.505 0.043 -1.434 -2.994 -4.742 -6.550 -7.449 -7.753
0.0152 0.01508 8.69897 2.9218029976 2.5939857285    2.855  3.876  3.5155  0.032    8  0.650  0.392   196.09   105.18    67.30    51.84    42.65  2 -2.12e-07      0.00 6.742e-01 3.104e-01 1.768e-03 2.576e-03 6.015e-03 -1.000 1.539e-02 -4.919 1.529 0.384 -1.002 -2.785 -4.689 -6.776 -7.687 -8.012
0.0152 0.01508 8.69897 2.9218149185 2.5939859404    2.853  3.930  3.5086 -0.050    8  0.651  0.392   230.49   121.93    77.50    59.83    49.24  2 -3.71e-07      0.00 6.742e-01 3.104e-01 1.768e-03 2.576e-03 6.015e-03 -1.000 1.539e-02 -5.054 1.550 0.652 -0.659 -2.611 -4.614 -6.933 -7.850 -8.192
0.0152 0.01508 8.69897 2.9218292236 2.5939861947    2.850  3.957  3.5050 -0.093    8  0.651  0.392   250.67   131.66    83.39    64.45    53.05  2 -4.97e-07      0.00 6.742e-01 3.104e-01 1.768e-03 2.576e-03 6.015e-03 -1.000 1.539e-02 -5.123 1.564 0.791 -0.484 -2.520 -4.565 -7.013 -7.935 -8.284
0.0152 0.01508 8.69897 2.9218461514 2.5939864956    2.846  3.969  3.5034 -0.111    8  0.652  0.391   259.83   136.05    86.04    66.54    54.77  2 -5.62e-07      0.01 6.742e-01 3.104e-01 1.766e-03 2.576e-03 6.015e-03 -1.000 1.539e-02 -5.152 1.575 0.857 -0.402 -2.476 -4.539 -7.046 -7.970 -8.323
0.0152 0.01508 8.69897 2.9218659401 2.5939868473    2.842  3.974  3.5025 -0.121    8  0.653  0.391   264.67   138.38    87.45    67.64    55.68  2 -5.98e-07      0.01 6.743e-01 3.104e-01 1.762e-03 2.577e-03 6.015e-03 -1.000 1.538e-02 -5.166 1.582 0.895 -0.356 -2.451 -4.524 -7.062 -7.987 -8.342
0.0152 0.01508 8.69897 2.9218661785 2.5939868516    2.842  4.080  3.4892 -0.279    8  0.653  0.398   362.20   184.35   115.00    89.34    73.59  0 -1.78e-06      0.04 6.740e-01 3.106e-01 1.794e-03 2.576e-03 6.015e-03 -1.000 1.542e-02 -5.429 1.777 1.435 0.225 -2.138 -4.325 -7.342 -8.292 -8.689
0.0152 0.01508 8.69897 2.9218673706 2.5939868727    2.842  3.963  3.5040 -0.103    8  0.653  0.398   255.77   134.12    84.87    65.62    54.02  2 -5.31e-07      0.01 6.740e-01 3.106e-01 1.794e-03 2.576e-03 6.015e-03 -1.000 1.542e-02 -5.137 1.573 0.835 -0.430 -2.489 -4.545 -7.029 -7.952 -8.304
0.0152 0.01508 8.69897 2.9218697548 2.5939869151    2.841  3.828  3.5211  0.100    8  0.653  0.398   171.27    92.95    59.80    45.99    37.82  2 -1.32e-07      0.00 6.740e-01 3.106e-01 1.795e-03 2.576e-03 6.015e-03 -1.000 1.542e-02 -4.801 1.523 0.186 -1.258 -2.907 -4.727 -6.641 -7.544 -7.857
0.0152 0.01508 8.69897 2.9218740463 2.5939869914    2.840  3.715  3.5355  0.271    8  0.654  0.398   122.08    68.20    44.49    34.06    27.99  2 -4.05e-08      0.00 6.740e-01 3.106e-01 1.796e-03 2.576e-03 6.015e-03 -1.000 1.542e-02 -4.516 1.494 -0.214 -1.757 -3.136 -4.706 -6.307 -7.194 -7.478
0.0152 0.01508 8.69897 2.9218797684 2.5939870931    2.839  3.745  3.5316  0.225    8  0.654  0.399   133.73    74.13    48.18    36.93    30.35  2 -5.56e-08      0.00 6.740e-01 3.106e-01 1.798e-03 2.576e-03 6.015e-03 -1.000 1.542e-02 -4.592 1.502 -0.125 -1.645 -3.086 -4.728 -6.397 -7.288 -7.580
0.0152 0.01508 8.69897 2.9218878746 2.5939872372    2.837  3.821  3.5218  0.109    8  0.654  0.399   167.90    91.27    58.77    45.18    37.16  2 -1.22e-07      0.00 6.740e-01 3.106e-01 1.800e-03 2.576e-03 6.015e-03 -1.000 1.542e-02 -4.782 1.524 0.165 -1.286 -2.918 -4.725 -6.619 -7.522 -7.834
0.0152 0.01508 8.69897 2.9218981266 2.5939874194    2.834  3.896  3.5122 -0.005    8  0.655  0.399   210.41   112.20    71.57    55.20    45.41  2 -2.68e-07      0.00 6.740e-01 3.106e-01 1.801e-03 2.576e-03 6.015e-03 -1.000 1.542e-02 -4.970 1.551 0.527 -0.822 -2.686 -4.640 -6.838 -7.752 -8.084
0.0152 0.01508 8.69897 2.9219105244 2.5939876398    2.831  3.948  3.5054 -0.084    8  0.656  0.399   245.83   129.36    81.99    63.37    52.16  2 -4.59e-07      0.00 6.740e-01 3.106e-01 1.802e-03 2.576e-03 6.015e-03 -1.000 1.543e-02 -5.099 1.573 0.785 -0.494 -2.517 -4.556 -6.987 -7.908 -8.256
0.0152 0.01508 8.69897 2.9219257832 2.5939879110    2.828  3.974  3.5020 -0.124    8  0.656  0.399   266.25   139.17    87.91    68.02    56.00  2 -6.05e-07      0.01 6.740e-01 3.106e-01 1.801e-03 2.576e-03 6.015e-03 -1.000 1.542e-02 -5.164 1.594 0.928 -0.316 -2.424 -4.503 -7.062 -7.988 -8.344
0.0152 0.01508 8.69897 2.9219436646 2.5939882288    2.823  3.984  3.5004 -0.142    8  0.657  0.398   275.25   143.47    90.51    70.07    57.68  2 -6.78e-07      0.01 6.740e-01 3.106e-01 1.798e-03 2.576e-03 6.015e-03 -1.000 1.542e-02 -5.190 1.607 0.993 -0.237 -2.381 -4.478 -7.091 -8.020 -8.380
0.0152 0.01508 8.69897 2.9219644070 2.5939885975    2.818  3.989  3.4997 -0.150    8  0.658  0.397   279.75   145.63    91.80    71.09    58.52  2 -7.16e-07      0.01 6.740e-01 3.105e-01 1.790e-03 2.576e-03 6.015e-03 -1.000 1.541e-02 -5.202 1.614 1.025 -0.199 -2.359 -4.464 -7.105 -8.034 -8.396
0.0152 0.01508 8.69897 2.9219646454 2.5939886017    2.818  4.098  3.4856 -0.316    8  0.658  0.413   388.48   196.70   122.33    95.15    78.39  0 -2.24e-06      0.06 6.736e-01 3.109e-01 1.862e-03 2.574e-03 6.015e-03 -1.000 1.549e-02 -5.476 1.887 1.577 0.328 -2.069 -4.268 -7.387 -8.346 -8.757
0.0152 0.01508 8.69897 2.9219658375 2.5939886229    2.818  3.983  3.5004 -0.141    8  0.658  0.413   274.97   143.36    90.43    70.01    57.63  2 -6.74e-07      0.01 6.736e-01 3.109e-01 1.862e-03 2.574e-03 6.015e-03 -1.000 1.549e-02 -5.187 1.609 0.997 -0.232 -2.376 -4.474 -7.089 -8.017 -8.377
0.0152 0.01508 8.69897 2.9219682217 2.5939886653    2.817  3.850  3.5175  0.060    8  0.658  0.413   184.82    99.65    63.90    49.21    40.47  2  -1.7e-07      0.00 6.736e-01 3.109e-01 1.863e-03 2.574e-03 6.015e-03 -1.000 1.549e-02 -4.855 1.545 0.331 -1.077 -2.810 -4.684 -6.706 -7.614 -7.935
0.0152 0.01508 8.69897 2.9219722748 2.5939887373    2.816  3.736  3.5321  0.232    8  0.659  0.413   131.42    72.93    47.42    36.35    29.88  2  -5.2e-08      0.00 6.736e-01 3.109e-01 1.865e-03 2.574e-03 6.015e-03 -1.000 1.549e-02 -4.569 1.511 -0.127 -1.650 -3.082 -4.713 -6.372 -7.263 -7.553
0.0152 0.01508 8.69897 2.9219782352 2.5939888433    2.814  3.766  3.5282  0.186    8  0.659  0.414   143.92    79.25    51.34    39.41    32.39  2 -7.12e-08      0.00 6.736e-01 3.109e-01 1.867e-03 2.574e-03 6.015e-03 -1.000 1.550e-02 -4.645 1.520 -0.022 -1.519 -3.021 -4.722 -6.461 -7.356 -7.654
0.0152 0.01508 8.69897 2.9219861031 2.5939889831    2.812  3.840  3.5186  0.073    8  0.659  0.414   179.94    97.24    62.42    48.05    39.52  2 -1.54e-07      0.00 6.736e-01 3.109e-01 1.869e-03 2.574e-03 6.015e-03 -1.000 1.550e-02 -4.830 1.545 0.293 -1.127 -2.833 -4.691 -6.678 -7.585 -7.903
0.0152 0.01508 8.69897 2.9219963551 2.5939891653    2.809  3.913  3.5090 -0.038    8  0.660  0.415   224.15   118.91    75.64    58.41    48.06  2  -3.3e-07      0.00 6.736e-01 3.109e-01 1.870e-03 2.574e-03 6.015e-03 -1.000 1.550e-02 -5.013 1.574 0.663 -0.650 -2.590 -4.588 -6.891 -7.807 -8.147
0.0152 0.01508 8.69897 2.9220087528 2.5939893857    2.805  3.963  3.5025 -0.115    8  0.660  0.415   260.59   136.51    86.29    66.77    54.96  2 -5.56e-07      0.01 6.736e-01 3.109e-01 1.871e-03 2.574e-03 6.015e-03 -1.000 1.550e-02 -5.137 1.602 0.920 -0.328 -2.421 -4.494 -7.033 -7.959 -8.313
0.0152 0.01508 8.69897 2.9220237732 2.5939896526    2.801  3.988  3.4991 -0.154    8  0.661  0.414   281.46   146.50    92.31    71.51    58.86  2 -7.24e-07      0.01 6.736e-01 3.109e-01 1.870e-03 2.574e-03 6.015e-03 -1.000 1.550e-02 -5.199 1.626 1.055 -0.164 -2.334 -4.443 -7.104 -8.034 -8.397
0.0152 0.01508 8.69897 2.9220416546 2.5939899704    2.796  3.998  3.4976 -0.171    8  0.662  0.413   290.65   150.89    94.95    73.59    60.58  2 -8.08e-07      0.01 6.736e-01 3.109e-01 1.865e-03 2.574e-03 6.015e-03 -1.000 1.549e-02 -5.224 1.639 1.109 -0.104 -2.301 -4.420 -7.132 -8.064 -8.431
0.0152 0.01508 8.69897 2.9220621586 2.5939903348    2.790  4.002  3.4968 -0.179    8  0.663  0.411   295.28   153.11    96.28    74.64    61.45  2 -8.52e-07      0.01 6.737e-01 3.108e-01 1.855e-03 2.574e-03 6.015e-03 -1.000 1.548e-02 -5.235 1.650 1.141 -0.069 -2.280 -4.405 -7.145 -8.078 -8.447
0.0152 0.01508 8.69897 2.9220623970 2.5939903391    2.790  4.116  3.4819 -0.352    8  0.663  0.438   415.56   209.43   129.85   101.13    83.32  0 -2.78e-06      0.09 6.731e-01 3.113e-01 1.976e-03 2.572e-03 6.014e-03 -1.000 1.561e-02 -5.519 2.027 1.740 0.444 -1.988 -4.200 -7.424 -8.395 -8.822
0.0152 0.01508 8.69897 2.9220635891 2.5939903603    2.789  4.001  3.4969 -0.178    8  0.663  0.438   294.78   152.88    96.14    74.53    61.36  2 -8.47e-07      0.01 6.731e-01 3.113e-01 1.977e-03 2.572e-03 6.014e-03 -1.000 1.561e-02 -5.233 1.648 1.137 -0.072 -2.282 -4.406 -7.143 -8.076 -8.445
0.0152 0.01508 8.69897 2.9220659733 2.5939904026    2.788  3.870  3.5140  0.021    8  0.663  0.438   198.78   106.53    68.09    52.51    43.19  2 -2.16e-07      0.00 6.731e-01 3.113e-01 1.977e-03 2.572e-03 6.014e-03 -1.000 1.561e-02 -4.905 1.570 0.482 -0.885 -2.703 -4.629 -6.766 -7.679 -8.007
0.0152 0.01508 8.69897 2.9220697880 2.5939904704    2.787  3.755  3.5289  0.196    8  0.663  0.439   141.00    77.76    50.41    38.69    31.80  2 -6.59e-08      0.00 6.731e-01 3.113e-01 1.979e-03 2.572e-03 6.014e-03 -1.000 1.562e-02 -4.618 1.531 -0.030 -1.532 -3.020 -4.709 -6.432 -7.327 -7.623
0.0152 0.01508 8.69897 2.9220755100 2.5939905721    2.785  3.785  3.5249  0.150    8  0.663  0.439   154.35    84.48    54.56    41.93    34.47  2 -9.01e-08      0.00 6.731e-01 3.113e-01 1.980e-03 2.572e-03 6.014e-03 -1.000 1.562e-02 -4.693 1.541 0.093 -1.379 -2.947 -4.701 -6.520 -7.419 -7.724
0.0152 0.01508 8.69897 2.9220831394 2.5939907077    2.782  3.858  3.5154  0.038    8  0.664  0.439   192.24   103.31    66.12    50.97    41.92  2 -1.92e-07      0.00 6.731e-01 3.113e-01 1.981e-03 2.572e-03 6.014e-03 -1.000 1.562e-02 -4.874 1.569 0.432 -0.951 -2.735 -4.640 -6.732 -7.643 -7.968
0.0152 0.01508 8.69897 2.9220931530 2.5939908857    2.779  3.929  3.5060 -0.071    8  0.664  0.439   238.13   125.73    79.76    61.66    50.74  2 -4.03e-07      0.00 6.731e-01 3.113e-01 1.982e-03 2.572e-03 6.014e-03 -1.000 1.562e-02 -5.051 1.599 0.794 -0.488 -2.496 -4.528 -6.938 -7.859 -8.205
0.0152 0.01508 8.69897 2.9221053123 2.5939911018    2.775  3.976  3.4996 -0.145    8  0.665  0.439   275.56   143.75    90.64    70.22    57.80  2 -6.67e-07      0.01 6.731e-01 3.113e-01 1.982e-03 2.572e-03 6.014e-03 -1.000 1.562e-02 -5.171 1.635 1.052 -0.168 -2.327 -4.432 -7.075 -8.005 -8.366
0.0152 0.01508 8.69897 2.9221198559 2.5939913602    2.770  4.000  3.4962 -0.183    8  0.665  0.439   296.82   153.91    96.74    75.02    61.76  2 -8.61e-07      0.01 6.731e-01 3.113e-01 1.979e-03 2.572e-03 6.014e-03 -1.000 1.562e-02 -5.231 1.662 1.169 -0.036 -2.256 -4.385 -7.143 -8.077 -8.446
0.0152 0.01508 8.69897 2.9221370220 2.5939916653    2.764  4.010  3.4948 -0.199    8  0.666  0.438   306.12   158.35    99.40    77.13    63.50  2 -9.56e-07      0.02 6.731e-01 3.112e-01 1.974e-03 2.572e-03 6.014e-03 -1.000 1.561e-02 -5.254 1.680 1.226 0.026 -2.220 -4.360 -7.169 -8.105 -8.478
0.0152 0.01508 8.69897 2.9221570492 2.5939920212    2.757  4.014  3.4940 -0.207    8  0.667  0.435   310.83   160.61   100.75    78.20    64.38  0 -1.01e-06      0.02 6.732e-01 3.112e-01 1.963e-03 2.572e-03 6.014e-03 -1.000 1.560e-02 -5.264 1.691 1.259 0.062 -2.198 -4.344 -7.180 -8.118 -8.493
0.0152 0.01508 8.69897 2.9221572876 2.5939920254    2.757  4.131  3.4785 -0.387    8  0.667  0.473   439.35   222.15   137.33   107.10    88.24  0 -3.41e-06      0.11 6.725e-01 3.117e-01 2.131e-03 2.570e-03 6.013e-03 -1.000 1.578e-02 -5.558 2.189 1.909 0.562 -1.906 -4.133 -7.453 -8.437 -8.879
0.0152 0.01508 8.69897 2.9221584797 2.5939920466    2.756  4.018  3.4935 -0.213    8  0.667  0.473   314.59   162.40   101.82    79.04    65.07  0 -1.05e-06      0.02 6.725e-01 3.117e-01 2.132e-03 2.570e-03 6.013e-03 -1.000 1.578e-02 -5.274 1.695 1.278 0.084 -2.186 -4.337 -7.191 -8.130 -8.506
0.0152 0.01508 8.69897 2.9221608639 2.5939920890    2.755  3.888  3.5106 -0.015    8  0.667  0.473   212.79   113.42    72.27    55.80    45.90  2 -2.72e-07      0.00 6.725e-01 3.117e-01 2.132e-03 2.570e-03 6.013e-03 -1.000 1.578e-02 -4.949 1.597 0.631 -0.697 -2.598 -4.574 -6.822 -7.738 -8.073
0.0152 0.01508 8.69897 2.9221649170 2.5939921610    2.754  3.773  3.5258  0.161    8  0.667  0.473   150.60    82.57    53.37    41.02    33.71  2 -8.23e-08      0.00 6.725e-01 3.117e-01 2.133e-03 2.570e-03 6.013e-03 -1.000 1.578e-02 -4.661 1.553 0.081 -1.398 -2.948 -4.688 -6.485 -7.384 -7.687
0.0152 0.01508 8.69897 2.9221706390 2.5939922627    2.751  3.802  3.5218  0.115    8  0.668  0.473   164.78    89.68    57.75    44.44    36.53  2 -1.12e-07      0.00 6.725e-01 3.117e-01 2.135e-03 2.570e-03 6.013e-03 -1.000 1.578e-02 -4.735 1.566 0.208 -1.241 -2.872 -4.678 -6.573 -7.476 -7.787
0.0152 0.01508 8.69897 2.9221785069 2.5939924025    2.748  3.873  3.5123  0.005    8  0.668  0.474   204.47   109.34    69.78    53.86    44.30  2 -2.36e-07      0.00 6.725e-01 3.117e-01 2.136e-03 2.570e-03 6.013e-03 -1.000 1.578e-02 -4.913 1.595 0.568 -0.780 -2.638 -4.589 -6.780 -7.695 -8.027
0.0152 0.01508 8.69897 2.9221885204 2.5939925805    2.744  3.942  3.5031 -0.101    8  0.668  0.474   251.92   132.45    83.80    64.87    53.38  2 -4.85e-07      0.00 6.725e-01 3.117e-01 2.136e-03 2.570e-03 6.013e-03 -1.000 1.578e-02 -5.085 1.628 0.926 -0.325 -2.401 -4.466 -6.980 -7.905 -8.257
0.0152 0.01508 8.69897 2.9222006798 2.5939927965    2.739  3.988  3.4968 -0.173    8  0.669  0.474   290.16   150.83    94.87    73.58    60.57  2 -7.89e-07      0.01 6.725e-01 3.117e-01 2.136e-03 2.570e-03 6.013e-03 -1.000 1.578e-02 -5.201 1.666 1.161 -0.044 -2.252 -4.376 -7.112 -8.045 -8.412
0.0152 0.01508 8.69897 2.9222157001 2.5939930635    2.733  4.011  3.4936 -0.210    8  0.669  0.473   311.59   161.06   101.00    78.42    64.56  0 -1.01e-06      0.02 6.725e-01 3.117e-01 2.133e-03 2.570e-03 6.013e-03 -1.000 1.578e-02 -5.258 1.703 1.285 0.092 -2.176 -4.324 -7.175 -8.113 -8.489
0.0152 0.01508 8.69897 2.9222331047 2.5939933727    2.726  4.020  3.4922 -0.225    8  0.670  0.472   320.75   165.44   103.62    80.49    66.26  0 -1.11e-06      0.02 6.725e-01 3.117e-01 2.128e-03 2.570e-03 6.013e-03 -1.000 1.577e-02 -5.279 1.720 1.340 0.153 -2.140 -4.300 -7.199 -8.140 -8.519
0.0152 0.01508 8.69897 2.9222533703 2.5939937329    2.717  4.023  3.4915 -0.233    8  0.671  0.470   325.16   167.57   104.88    81.49    67.09  0 -1.16e-06      0.02 6.725e-01 3.117e-01 2.118e-03 2.570e-03 6.014e-03 -1.000 1.576e-02 -5.288 1.730 1.370 0.185 -2.120 -4.285 -7.209 -8.151 -8.531
0.0152 0.01508 8.69897 2.9222536087 2.5939937371    2.717  4.144  3.4753 -0.418    8  0.671  0.516   456.48   234.34   144.47   112.82    92.96  0 -4.09e-06      0.15 6.717e-01 3.123e-01 2.329e-03 2.567e-03 6.012e-03 -1.000 1.599e-02 -5.589 2.382 2.084 0.683 -1.822 -4.067 -7.470 -8.466 -8.926
0.0152 0.01508 8.69897 2.9222548008 2.5939937583    2.717  4.031  3.4904 -0.246    8  0.671  0.516   333.50   171.52   107.24    83.36    68.63  0 -1.27e-06      0.02 6.717e-01 3.123e-01 2.329e-03 2.567e-03 6.012e-03 -1.000 1.599e-02 -5.308 1.751 1.419 0.237 -2.091 -4.265 -7.231 -8.175 -8.559
0.0152 0.01508 8.69897 2.9222569466 2.5939937964    2.716  3.903  3.5076 -0.048    8  0.671  0.517   226.26   120.04    76.27    58.97    48.51  2 -3.34e-07      0.00 6.717e-01 3.123e-01 2.329e-03 2.567e-03 6.012e-03 -1.000 1.599e-02 -4.987 1.622 0.762 -0.535 -2.505 -4.518 -6.869 -7.788 -8.130
0.0152 0.01508 8.69897 2.9222607613 2.5939938642    2.714  3.787  3.5230  0.128    8  0.671  0.517   159.86    87.20    56.20    43.25    35.55  2 -1.01e-07      0.00 6.717e-01 3.123e-01 2.330e-03 2.567e-03 6.012e-03 -1.000 1.599e-02 -4.698 1.576 0.184 -1.274 -2.880 -4.667 -6.532 -7.433 -7.742
0.0152 0.01508 8.69897 2.9222664833 2.5939939659    2.711  3.817  3.5190  0.082    8  0.672  0.517   175.02    94.78    60.86    46.90    38.55  2 -1.38e-07      0.00 6.717e-01 3.123e-01 2.331e-03 2.567e-03 6.012e-03 -1.000 1.599e-02 -4.772 1.590 0.324 -1.099 -2.794 -4.646 -6.619 -7.525 -7.843
0.0152 0.01508 8.69897 2.9222738743 2.5939940972    2.707  3.887  3.5094 -0.027    8  0.672  0.517   216.74   115.39    73.44    56.76    46.68  2 -2.87e-07      0.00 6.717e-01 3.123e-01 2.331e-03 2.567e-03 6.012e-03 -1.000 1.599e-02 -4.948 1.622 0.700 -0.614 -2.544 -4.536 -6.825 -7.742 -8.080
0.0152 0.01508 8.69897 2.9222834110 2.5939942667    2.703  3.954  3.5002 -0.132    8  0.672  0.517   266.20   139.43    87.98    68.19    56.11  2 -5.82e-07      0.01 6.717e-01 3.123e-01 2.331e-03 2.567e-03 6.012e-03 -1.000 1.599e-02 -5.116 1.662 1.064 -0.158 -2.302 -4.400 -7.019 -7.948 -8.307
0.0152 0.01508 8.69897 2.9222950935 2.5939944743    2.697  4.000  3.4939 -0.203    8  0.673  0.517   305.99   158.53    99.46    77.24    63.58  0 -9.38e-07      0.01 6.717e-01 3.123e-01 2.331e-03 2.567e-03 6.012e-03 -1.000 1.599e-02 -5.229 1.710 1.287 0.095 -2.164 -4.309 -7.147 -8.084 -8.458
0.0152 0.01508 8.69897 2.9223093987 2.5939947284    2.690  4.022  3.4906 -0.240    8  0.673  0.516   328.61   169.33   105.91    82.33    67.78  0  -1.2e-06      0.02 6.717e-01 3.123e-01 2.328e-03 2.567e-03 6.012e-03 -1.000 1.599e-02 -5.285 1.750 1.417 0.238 -2.083 -4.253 -7.209 -8.152 -8.535
0.0152 0.01508 8.69897 2.9223260880 2.5939950250    2.681  4.031  3.4891 -0.256    8  0.674  0.515   338.86   174.23   108.82    84.65    69.69  0 -1.33e-06      0.03 6.718e-01 3.123e-01 2.323e-03 2.567e-03 6.012e-03 -1.000 1.598e-02 -5.307 1.784 1.476 0.290 -2.051 -4.229 -7.232 -8.178 -8.566
0.0152 0.01508 8.69897 2.9223453999 2.5939953681    2.672  4.035  3.4882 -0.265    8  0.675  0.513   344.47   176.93   110.42    85.93    70.74  0  -1.4e-06      0.03 6.718e-01 3.122e-01 2.314e-03 2.567e-03 6.012e-03 -1.000 1.597e-02 -5.317 1.804 1.507 0.313 -2.035 -4.216 -7.242 -8.190 -8.581
0.0152 0.01508 8.69897 2.9223456383 2.5939953724    2.672  4.159  3.4714 -0.456    8  0.675  0.568   477.60   249.81   153.51   120.06    98.93  0 -5.07e-06      0.19 6.709e-01 3.129e-01 2.560e-03 2.564e-03 6.010e-03 -1.000 1.623e-02 -5.626 2.603 2.289 0.824 -1.724 -3.989 -7.491 -8.503 -8.983
0.0152 0.01508 8.69897 2.9223468304 2.5939953936    2.671  4.047  3.4865 -0.284    8  0.675  0.568   357.42   183.06   114.08    88.81    73.12  0 -1.59e-06      0.03 6.709e-01 3.129e-01 2.560e-03 2.564e-03 6.010e-03 -1.000 1.623e-02 -5.347 1.832 1.555 0.346 -2.016 -4.202 -7.274 -8.225 -8.621
0.0152 0.01508 8.69897 2.9223489761 2.5939954317    2.670  3.919  3.5038 -0.088    8  0.675  0.568   243.16   128.33    81.26    62.93    51.77  2 -4.22e-07      0.00 6.709e-01 3.129e-01 2.560e-03 2.564e-03 6.010e-03 -1.000 1.623e-02 -5.029 1.659 0.934 -0.323 -2.380 -4.435 -6.922 -7.846 -8.196
0.0152 0.01508 8.69897 2.9223527908 2.5939954995    2.668  3.804  3.5195  0.090    8  0.675  0.568   171.49    93.00    59.74    46.05    37.85  2 -1.27e-07      0.00 6.709e-01 3.129e-01 2.560e-03 2.564e-03 6.010e-03 -1.000 1.623e-02 -4.739 1.611 0.328 -1.101 -2.783 -4.628 -6.584 -7.490 -7.806
0.0152 0.01508 8.69897 2.9223582745 2.5939955969    2.664  3.833  3.5154  0.044    8  0.675  0.568   187.66   101.06    64.68    49.92    41.04  2 -1.73e-07      0.00 6.709e-01 3.129e-01 2.561e-03 2.564e-03 6.010e-03 -1.000 1.623e-02 -4.813 1.624 0.489 -0.893 -2.675 -4.580 -6.670 -7.581 -7.906
0.0152 0.01508 8.69897 2.9223656654 2.5939957282    2.660  3.902  3.5059 -0.064    8  0.676  0.568   231.63   122.72    77.86    60.27    49.57  2 -3.56e-07      0.00 6.709e-01 3.129e-01 2.560e-03 2.564e-03 6.010e-03 -1.000 1.623e-02 -4.985 1.655 0.858 -0.421 -2.428 -4.460 -6.873 -7.793 -8.139
0.0152 0.01508 8.69897 2.9223749638 2.5939958934    2.654  3.967  3.4968 -0.166    8  0.676  0.568   283.15   147.72    92.93    72.14    59.36  2 -7.09e-07      0.01 6.709e-01 3.129e-01 2.560e-03 2.564e-03 6.010e-03 -1.000 1.623e-02 -5.149 1.702 1.202 0.001 -2.203 -4.326 -7.061 -7.993 -8.360
0.0152 0.01508 8.69897 2.9223866463 2.5939961010    2.647  4.011  3.4906 -0.236    8  0.676  0.567   324.15   167.39   104.71    81.44    67.03  0 -1.13e-06      0.02 6.709e-01 3.129e-01 2.558e-03 2.564e-03 6.010e-03 -1.000 1.623e-02 -5.258 1.762 1.435 0.259 -2.059 -4.229 -7.183 -8.125 -8.507
0.0152 0.01508 8.69897 2.9224007130 2.5939963509    2.639  4.032  3.4874 -0.272    8  0.677  0.567   347.16   178.37   111.26    86.62    71.31  0 -1.42e-06      0.03 6.709e-01 3.128e-01 2.555e-03 2.564e-03 6.010e-03 -1.000 1.623e-02 -5.311 1.821 1.539 0.341 -2.010 -4.192 -7.239 -8.187 -8.579
0.0152 0.01508 8.69897 2.9224171638 2.5939966432    2.629  4.041  3.4859 -0.287    8  0.678  0.566   357.37   183.27   114.16    88.93    73.21  0 -1.57e-06      0.03 6.709e-01 3.128e-01 2.549e-03 2.564e-03 6.010e-03 -1.000 1.622e-02 -5.331 1.853 1.588 0.377 -1.986 -4.173 -7.260 -8.211 -8.608
0.0152 0.01508 8.69897 2.9224362373 2.5939969821    2.618  4.044  3.4851 -0.295    8  0.678  0.564   362.75   185.88   115.70    90.16    74.23  0 -1.65e-06      0.04 6.710e-01 3.128e-01 2.540e-03 2.564e-03 6.010e-03 -1.000 1.621e-02 -5.339 1.873 1.618 0.399 -1.970 -4.159 -7.268 -8.221 -8.621
0.0152 0.01508 8.69897 2.9224364758 2.5939969863    2.618  4.170  3.4677 -0.491    8  0.678  0.625   497.46   264.90   162.28   127.13   104.75  0 -6.15e-06      0.24 6.700e-01 3.135e-01 2.815e-03 2.560e-03 6.008e-03 -1.000 1.650e-02 -5.655 2.918 2.548 1.007 -1.598 -3.890 -7.491 -8.523 -9.028
0.0152 0.01508 8.69897 2.9224374294 2.5939970033    2.617  4.059  3.4829 -0.320    8  0.678  0.625   380.65   194.35   120.73    94.15    77.52  0 -1.95e-06      0.04 6.700e-01 3.135e-01 2.815e-03 2.560e-03 6.008e-03 -1.000 1.650e-02 -5.379 1.909 1.681 0.441 -1.945 -4.141 -7.310 -8.267 -8.673
0.0152 0.01508 8.69897 2.9224398136 2.5939970456    2.616  3.933  3.5002 -0.125    8  0.678  0.625   259.77   136.50    86.15    66.83    54.98  2 -5.23e-07      0.00 6.700e-01 3.135e-01 2.815e-03 2.560e-03 6.008e-03 -1.000 1.650e-02 -5.063 1.702 1.107 -0.112 -2.252 -4.350 -6.967 -7.895 -8.253
0.0152 0.01508 8.69897 2.9224433899 2.5939971092    2.613  3.817  3.5161  0.054    8  0.679  0.625   182.98    98.71    63.22    48.81    40.12  2 -1.57e-07      0.00 6.700e-01 3.135e-01 2.815e-03 2.560e-03 6.008e-03 -1.000 1.650e-02 -4.773 1.646 0.487 -0.902 -2.667 -4.561 -6.629 -7.538 -7.862
0.0152 0.01508 8.69897 2.9224486351 2.5939972024    2.609  3.846  3.5119  0.008    8  0.679  0.625   200.29   107.32    68.47    52.93    43.52  2 -2.13e-07      0.00 6.700e-01 3.135e-01 2.814e-03 2.560e-03 6.008e-03 -1.000 1.650e-02 -4.846 1.662 0.652 -0.689 -2.555 -4.510 -6.714 -7.629 -7.961
0.0152 0.01508 8.69897 2.9224557877 2.5939973295    2.604  3.914  3.5024 -0.099    8  0.679  0.625   246.67   130.14    82.31    63.82    52.49  2 -4.36e-07      0.00 6.700e-01 3.135e-01 2.814e-03 2.560e-03 6.008e-03 -1.000 1.650e-02 -5.016 1.697 1.024 -0.218 -2.305 -4.377 -6.914 -7.839 -8.192
0.0152 0.01508 8.69897 2.9224650860 2.5939974947    2.597  3.978  3.4933 -0.201    8  0.679  0.624   300.55   156.26    98.01    76.20    62.71  0 -8.59e-07      0.01 6.700e-01 3.135e-01 2.813e-03 2.560e-03 6.008e-03 -1.000 1.650e-02 -5.176 1.748 1.348 0.165 -2.098 -4.245 -7.098 -8.034 -8.408
0.0152 0.01508 8.69897 2.9224762917 2.5939976937    2.589  4.021  3.4872 -0.269    8  0.680  0.624   343.39   176.74   110.24    85.88    70.68  0 -1.35e-06      0.02 6.700e-01 3.135e-01 2.811e-03 2.560e-03 6.008e-03 -1.000 1.650e-02 -5.283 1.826 1.555 0.362 -1.985 -4.166 -7.214 -8.161 -8.551
0.0152 0.01508 8.69897 2.9224898815 2.5939979352    2.580  4.042  3.4840 -0.305    8  0.680  0.623   367.70   188.26   117.08    91.30    75.16  0 -1.71e-06      0.04 6.700e-01 3.135e-01 2.807e-03 2.560e-03 6.008e-03 -1.000 1.649e-02 -5.335 1.895 1.659 0.435 -1.939 -4.131 -7.267 -8.221 -8.622
0.0152 0.01508 8.69897 2.9225058556 2.5939982190    2.568  4.050  3.4825 -0.321    8  0.681  0.622   378.98   193.55   120.20    93.79    77.21  0 -1.88e-06      0.04 6.701e-01 3.135e-01 2.801e-03 2.560e-03 6.008e-03 -1.000 1.649e-02 -5.355 1.928 1.710 0.470 -1.915 -4.111 -7.288 -8.245 -8.651
0.0152 0.01508 8.69897 2.9225244522 2.5939985494    2.555  4.053  3.4816 -0.330    8  0.682  0.620   385.41   196.53   121.96    95.20    78.37  0 -1.99e-06      0.05 6.701e-01 3.134e-01 2.793e-03 2.561e-03 6.008e-03 -1.000 1.648e-02 -5.364 1.950 1.743 0.494 -1.897 -4.095 -7.297 -8.256 -8.665
0.0152 0.01508 8.69897 2.9225246906 2.5939985536    2.555  4.182  3.4636 -0.530    8  0.682  0.686   518.18   282.52   172.48   135.36   111.53  0 -7.62e-06      0.34 6.690e-01 3.142e-01 3.091e-03 2.557e-03 6.005e-03 -1.000 1.679e-02 -5.686 3.469 2.958 1.293 -1.405 -3.740 -7.462 -8.528 -9.075
0.0152 0.01508 8.69897 2.9225256443 2.5939985706    2.554  4.073  3.4789 -0.360    8  0.682  0.686   408.85   207.54   128.48   100.37    82.64  0 -2.43e-06      0.06 6.690e-01 3.142e-01 3.091e-03 2.557e-03 6.005e-03 -1.000 1.679e-02 -5.411 2.016 1.830 0.550 -1.863 -4.071 -7.344 -8.309 -8.728
0.0152 0.01508 8.69897 2.9225280285 2.5939986129    2.552  3.947  3.4962 -0.166    8  0.682  0.686   279.52   146.02    91.83    71.38    58.72  2  -6.6e-07      0.01 6.690e-01 3.142e-01 3.091e-03 2.557e-03 6.005e-03 -1.000 1.679e-02 -5.098 1.747 1.267 0.073 -2.137 -4.263 -7.013 -7.946 -8.313
0.0152 0.01508 8.69897 2.9225316048 2.5939986764    2.549  3.831  3.5123  0.015    8  0.682  0.686   196.45   105.39    67.26    52.03    42.77  2 -1.97e-07      0.00 6.690e-01 3.142e-01 3.091e-03 2.557e-03 6.005e-03 -1.000 1.679e-02 -4.808 1.690 0.667 -0.678 -2.534 -4.484 -6.675 -7.590 -7.921
0.0152 0.01508 8.69897 2.9225368500 2.5939987696    2.544  3.860  3.5081 -0.032    8  0.682  0.686   215.18   114.65    72.89    56.45    46.41  2 -2.69e-07      0.00 6.690e-01 3.142e-01 3.091e-03 2.557e-03 6.005e-03 -1.000 1.679e-02 -4.881 1.704 0.831 -0.467 -2.423 -4.429 -6.761 -7.680 -8.020
0.0152 0.01508 8.69897 2.9225440025 2.5939988967    2.538  3.927  3.4986 -0.138    8  0.682  0.686   264.72   138.84    87.50    67.97    55.91  2 -5.45e-07      0.00 6.690e-01 3.142e-01 3.090e-03 2.557e-03 6.005e-03 -1.000 1.679e-02 -5.048 1.743 1.198 -0.009 -2.177 -4.286 -6.957 -7.887 -8.248
0.0152 0.01508 8.69897 2.9225530624 2.5939990577    2.530  3.990  3.4895 -0.239    8  0.683  0.686   321.94   166.33   103.97    80.99    66.64  0 -1.06e-06      0.02 6.691e-01 3.142e-01 3.089e-03 2.557e-03 6.005e-03 -1.000 1.679e-02 -5.205 1.810 1.515 0.346 -1.980 -4.152 -7.135 -8.078 -8.460
0.0152 0.01508 8.69897 2.9225642681 2.5939992567    2.520  4.031  3.4834 -0.307    8  0.683  0.685   367.33   187.85   116.77    91.14    75.01  0 -1.66e-06      0.03 6.691e-01 3.142e-01 3.087e-03 2.557e-03 6.005e-03 -1.000 1.679e-02 -5.309 1.910 1.692 0.468 -1.905 -4.096 -7.245 -8.199 -8.599
0.0152 0.01508 8.69897 2.9225778580 2.5939994982    2.508  4.052  3.4801 -0.342    8  0.684  0.685   393.38   200.06   124.00    96.88    79.75  0 -2.09e-06      0.05 6.691e-01 3.141e-01 3.084e-03 2.557e-03 6.005e-03 -1.000 1.678e-02 -5.360 1.980 1.799 0.541 -1.856 -4.058 -7.297 -8.258 -8.669
0.0152 0.01508 8.69897 2.9225938320 2.5939997819    2.494  4.060  3.4785 -0.359    8  0.684  0.684   405.96   205.89   127.43    99.63    82.01  0 -2.31e-06      0.05 6.691e-01 3.141e-01 3.079e-03 2.557e-03 6.005e-03 -1.000 1.678e-02 -5.379 2.024 1.852 0.577 -1.832 -4.039 -7.316 -8.280 -8.697
0.0152 0.01508 8.69897 2.9226124287 2.5940001123    2.478  4.063  3.4774 -0.369    8  0.685  0.682   413.69   209.41   129.49   101.29    83.38  0 -2.44e-06      0.06 6.691e-01 3.141e-01 3.072e-03 2.557e-03 6.005e-03 -1.000 1.677e-02 -5.387 2.067 1.898 0.609 -1.809 -4.021 -7.323 -8.290 -8.711
0.0152 0.01508 8.69897 2.9226126671 2.5940001165    2.477  4.194  3.4588 -0.575    8  0.685  0.753   542.01   303.74   184.70   145.27   119.69  0 -9.63e-06      0.42 6.680e-01 3.149e-01 3.391e-03 2.553e-03 6.002e-03 -1.000 1.711e-02 -5.716 3.932 3.317 1.547 -1.235 -3.611 -7.449 -8.543 -9.124
0.0152 0.01508 8.69897 2.9226136208 2.5940001335    2.476  4.085  3.4742 -0.405    8  0.685  0.753   435.26   223.36   137.72   107.83    88.78  0  -3.1e-06      0.08 6.680e-01 3.149e-01 3.391e-03 2.553e-03 6.002e-03 -1.000 1.711e-02 -5.444 2.168 2.008 0.677 -1.769 -3.994 -7.374 -8.350 -8.784
0.0152 0.01508 8.69897 2.9226157665 2.5940001716    2.474  3.961  3.4916 -0.211    8  0.685  0.753   303.58   157.40    98.58    76.79    63.17  0 -8.51e-07      0.01 6.680e-01 3.149e-01 3.390e-03 2.553e-03 6.002e-03 -1.000 1.711e-02 -5.133 1.808 1.465 0.296 -1.993 -4.151 -7.061 -7.999 -8.376
0.0152 0.01508 8.69897 2.9226193428 2.5940002351    2.470  3.845  3.5080 -0.030    8  0.685  0.753   212.68   113.35    72.05    55.86    45.91  2 -2.53e-07      0.00 6.680e-01 3.149e-01 3.390e-03 2.553e-03 6.002e-03 -1.000 1.711e-02 -4.842 1.742 0.875 -0.420 -2.379 -4.385 -6.723 -7.642 -7.982
0.0152 0.01508 8.69897 2.9226243496 2.5940003241    2.464  3.874  3.5037 -0.077    8  0.686  0.753   233.18   123.38    78.12    60.65    49.86  2 -3.46e-07      0.00 6.680e-01 3.149e-01 3.389e-03 2.553e-03 6.002e-03 -1.000 1.711e-02 -4.914 1.758 1.043 -0.209 -2.264 -4.319 -6.809 -7.733 -8.082
0.0152 0.01508 8.69897 2.9226310253 2.5940004427    2.457  3.940  3.4941 -0.183    8  0.686  0.753   286.68   149.25    93.69    72.95    59.99  0 -6.96e-07      0.01 6.680e-01 3.149e-01 3.388e-03 2.553e-03 6.002e-03 -1.000 1.711e-02 -5.079 1.802 1.388 0.208 -2.037 -4.177 -7.000 -7.936 -8.306
0.0152 0.01508 8.69897 2.9226398468 2.5940005994    2.447  4.001  3.4850 -0.283    8  0.686  0.752   348.12   178.48   111.13    86.76    71.39  0 -1.34e-06      0.02 6.680e-01 3.149e-01 3.386e-03 2.553e-03 6.002e-03 -1.000 1.710e-02 -5.233 1.878 1.656 0.458 -1.893 -4.076 -7.174 -8.122 -8.513
0.0152 0.01508 8.69897 2.9226505756 2.5940007900    2.435  4.041  3.4788 -0.350    8  0.687  0.752   396.88   201.33   124.67    97.52    80.26  0 -2.08e-06      0.04 6.680e-01 3.149e-01 3.384e-03 2.553e-03 6.002e-03 -1.000 1.710e-02 -5.334 2.006 1.849 0.587 -1.811 -4.014 -7.277 -8.238 -8.650
0.0152 0.01508 8.69897 2.9226636887 2.5940010229    2.421  4.061  3.4754 -0.386    8  0.687  0.751   420.15   214.45   132.40   103.69    85.34  0 -2.61e-06      0.06 6.681e-01 3.148e-01 3.380e-03 2.553e-03 6.002e-03 -1.000 1.710e-02 -5.383 2.108 1.964 0.661 -1.763 -3.980 -7.323 -8.292 -8.716
0.0152 0.01508 8.69897 2.9226789474 2.5940012939    2.404  4.069  3.4737 -0.403    8  0.688  0.749   428.50   220.95   136.21   106.75    87.86  0 -2.89e-06      0.07 6.681e-01 3.148e-01 3.374e-03 2.553e-03 6.002e-03 -1.000 1.709e-02 -5.402 2.178 2.037 0.711 -1.729 -3.953 -7.338 -8.313 -8.744
0.0152 0.01508 8.69897 2.9226965904 2.5940016073    2.385  4.072  3.4724 -0.415    8  0.688  0.748   433.44   225.13   138.64   108.72    89.48  0 -3.07e-06      0.08 6.681e-01 3.148e-01 3.365e-03 2.553e-03 6.002e-03 -1.000 1.708e-02 -5.410 2.224 2.087 0.746 -1.703 -3.931 -7.344 -8.322 -8.758
0.0152 0.01508 8.69897 2.9226968288 2.5940016116    2.385  4.206  3.4532 -0.626    8  0.688  0.823   570.96   329.62   199.53   157.35   129.63  0 -1.24e-05      0.52 6.669e-01 3.156e-01 3.703e-03 2.548e-03 5.999e-03 -1.000 1.744e-02 -5.744 4.517 3.760 1.881 -1.014 -3.444 -7.416 -8.547 -9.169
0.0152 0.01508 8.69897 2.9226977825 2.5940016285    2.383  4.098  3.4687 -0.456    8  0.688  0.823   457.17   242.43   148.79   116.81    96.16  0 -4.03e-06      0.10 6.669e-01 3.156e-01 3.702e-03 2.548e-03 5.999e-03 -1.000 1.744e-02 -5.474 2.328 2.201 0.815 -1.663 -3.907 -7.404 -8.392 -8.841
0.0152 0.01508 8.69897 2.9226999283 2.5940016666    2.380  3.974  3.4863 -0.263    8  0.689  0.823   332.71   170.92   106.57    83.23    68.46  0 -1.12e-06      0.01 6.670e-01 3.156e-01 3.702e-03 2.548e-03 5.999e-03 -1.000 1.744e-02 -5.166 1.885 1.650 0.467 -1.871 -4.048 -7.107 -8.052 -8.439
0.0152 0.01508 8.69897 2.9227032661 2.5940017259    2.375  3.858  3.5030 -0.080    8  0.689  0.823   232.18   122.76    77.68    60.38    49.62  2 -3.32e-07      0.00 6.670e-01 3.156e-01 3.702e-03 2.548e-03 5.999e-03 -1.000 1.744e-02 -4.874 1.806 1.116 -0.128 -2.196 -4.258 -6.771 -7.695 -8.045
0.0152 0.01508 8.69897 2.9227082729 2.5940018149    2.368  3.886  3.4986 -0.128    8  0.689  0.823   254.84   133.72    84.29    65.61    53.93  2 -4.54e-07      0.00 6.670e-01 3.156e-01 3.701e-03 2.549e-03 5.999e-03 -1.000 1.744e-02 -4.946 1.826 1.284 0.080 -2.082 -4.189 -6.856 -7.785 -8.145
0.0152 0.01508 8.69897 2.9227149487 2.5940019335    2.358  3.951  3.4890 -0.233    8  0.689  0.822   313.10   161.56   100.96    78.82    64.81  0 -9.07e-07      0.01 6.670e-01 3.156e-01 3.700e-03 2.549e-03 5.999e-03 -1.000 1.744e-02 -5.109 1.873 1.597 0.434 -1.886 -4.055 -7.044 -7.985 -8.366
0.0152 0.01508 8.69897 2.9227235317 2.5940020859    2.346  4.012  3.4801 -0.331    8  0.690  0.822   379.36   192.67   119.44    93.50    76.92  0 -1.73e-06      0.03 6.670e-01 3.156e-01 3.698e-03 2.549e-03 5.999e-03 -1.000 1.744e-02 -5.259 1.987 1.834 0.596 -1.785 -3.980 -7.207 -8.163 -8.567
0.0152 0.01508 8.69897 2.9227342606 2.5940022765    2.331  4.051  3.4741 -0.397    8  0.690  0.821   419.28   216.79   133.66   104.84    86.27  0 -2.67e-06      0.06 6.670e-01 3.156e-01 3.695e-03 2.549e-03 5.999e-03 -1.000 1.743e-02 -5.357 2.128 2.010 0.704 -1.720 -3.938 -7.304 -8.273 -8.697
0.0152 0.01508 8.69897 2.9227471352 2.5940025052    2.313  4.070  3.4709 -0.432    8  0.690  0.820   437.71   230.56   141.74   111.31    91.60  0 -3.34e-06      0.08 6.670e-01 3.156e-01 3.691e-03 2.549e-03 5.999e-03 -1.000 1.743e-02 -5.405 2.259 2.140 0.788 -1.666 -3.898 -7.343 -8.323 -8.761
0.0152 0.01508 8.69897 2.9227621555 2.5940027720    2.292  4.077  3.4693 -0.450    8  0.691  0.819   446.26   237.43   145.73   114.54    94.26  0 -3.71e-06      0.09 6.670e-01 3.156e-01 3.685e-03 2.549e-03 5.999e-03 -1.000 1.742e-02 -5.423 2.328 2.208 0.834 -1.636 -3.876 -7.357 -8.342 -8.787
0.0152 0.01508 8.69897 2.9227795601 2.5940030811    2.268  4.080  3.4682 -0.462    8  0.692  0.817   451.35   241.90   148.32   116.64    95.99  0 -3.97e-06      0.10 6.670e-01 3.155e-01 3.676e-03 2.549e-03 5.999e-03 -1.000 1.741e-02 -5.430 2.385 2.261 0.871 -1.610 -3.856 -7.361 -8.349 -8.800
0.0152 0.01508 8.69897 2.9227797985 2.5940030854    2.267  4.216  3.4491 -0.674    8  0.692  0.897   585.10    -1.00    -1.00    -1.00    -1.00  0 -1.64e-05      1.09 6.658e-01 3.164e-01 4.031e-03 2.544e-03 5.995e-03 -1.000 1.779e-02 -5.770 7.509 5.678 3.267 -0.095 -2.705 -7.043 -8.356 -9.169
0.0152 0.01508 8.69897 2.9227807522 2.5940031023    2.265  4.109  3.4641 -0.507    8  0.692  0.897   479.53   262.76   160.50   126.39   104.03  0 -5.39e-06      0.31 6.658e-01 3.164e-01 4.031e-03 2.544e-03 5.995e-03 -1.000 1.779e-02 -5.502 3.482 3.023 1.395 -1.275 -3.598 -7.297 -8.353 -8.888
0.0152 0.01508 8.69897 2.9227826595 2.5940031362    2.261  3.987  3.4811 -0.318    8  0.692  0.896   367.11   186.49   115.68    90.64    74.54  0 -1.52e-06      0.04 6.658e-01 3.164e-01 4.031e-03 2.544e-03 5.995e-03 -1.000 1.779e-02 -5.197 2.103 1.907 0.661 -1.727 -3.924 -7.132 -8.092 -8.500
0.0152 0.01508 8.69897 2.9227859974 2.5940031955    2.254  3.870  3.4974 -0.137    8  0.692  0.896   256.73   134.35    84.57    65.95    54.19  2 -4.51e-07      0.01 6.658e-01 3.164e-01 4.030e-03 2.544e-03 5.995e-03 -1.000 1.779e-02 -4.904 1.898 1.389 0.191 -1.992 -4.108 -6.816 -7.748 -8.111
0.0152 0.01508 8.69897 2.9227907658 2.5940032802    2.245  3.899  3.4931 -0.185    8  0.692  0.896   282.04   146.40    91.80    71.69    58.92  0 -6.19e-07      0.01 6.658e-01 3.164e-01 4.029e-03 2.544e-03 5.995e-03 -1.000 1.779e-02 -4.977 1.928 1.542 0.366 -1.895 -4.041 -6.899 -7.837 -8.210
0.0152 0.01508 8.69897 2.9227972031 2.5940033945    2.232  3.963  3.4837 -0.289    8  0.693  0.896   345.86   176.42   109.68    85.91    70.63  0 -1.23e-06      0.03 6.658e-01 3.164e-01 4.028e-03 2.544e-03 5.995e-03 -1.000 1.779e-02 -5.137 2.059 1.837 0.619 -1.747 -3.936 -7.072 -8.026 -8.425
0.0152 0.01508 8.69897 2.9228055477 2.5940035427    2.216  4.022  3.4751 -0.386    8  0.693  0.895   404.14   209.72   129.35   101.60    83.56  0 -2.33e-06      0.09 6.659e-01 3.164e-01 4.025e-03 2.544e-03 5.995e-03 -1.000 1.778e-02 -5.284 2.351 2.165 0.832 -1.616 -3.840 -7.206 -8.184 -8.620
0.0152 0.01508 8.69897 2.9228157997 2.5940037248    2.197  4.060  3.4692 -0.452    8  0.693  0.894   439.69   235.63   144.54   113.76    93.59  0 -3.59e-06      0.17 6.659e-01 3.164e-01 4.022e-03 2.544e-03 5.996e-03 -1.000 1.778e-02 -5.380 2.785 2.526 1.070 -1.467 -3.731 -7.260 -8.269 -8.746
0.0152 0.01508 8.69897 2.9228279591 2.5940039408    2.173  4.079  3.4660 -0.488    8  0.694  0.893   459.55   250.79   153.37   120.87    99.44  0 -4.52e-06      0.25 6.659e-01 3.163e-01 4.017e-03 2.544e-03 5.996e-03 -1.000 1.778e-02 -5.427 3.222 2.849 1.291 -1.325 -3.625 -7.257 -8.294 -8.805
0.0152 0.01508 8.69897 2.9228425026 2.5940041991    2.146  4.086  3.4644 -0.507    8  0.694  0.892   469.45   258.88   158.05   124.68   102.57  0 -5.08e-06      0.30 6.659e-01 3.163e-01 4.011e-03 2.544e-03 5.996e-03 -1.000 1.777e-02 -5.445 3.476 3.035 1.419 -1.240 -3.559 -7.247 -8.300 -8.830
0.0152 0.01508 8.69897 2.9228591919 2.5940044955    2.115  4.089  3.4632 -0.521    8  0.695  0.890   475.97   264.62   161.34   127.38   104.79  0 -5.51e-06      0.33 6.659e-01 3.163e-01 4.002e-03 2.545e-03 5.996e-03 -1.000 1.776e-02 -5.453 3.664 3.172 1.515 -1.176 -3.509 -7.234 -8.299 -8.843
0.0152 0.01508 8.69897 2.9228594303 2.5940044998    2.114  4.227  3.4445 -0.734    8  0.695  0.973   565.00    -1.00    -1.00    -1.00    -1.00  0 -2.32e-05      0.00 6.647e-01 3.172e-01 4.372e-03 2.540e-03 5.992e-03 -1.000 1.815e-02 -5.798 1.795 2.065 0.735 -1.780 -4.092 -7.870 -8.831 -9.273
0.0152 0.01508 8.69897 2.9228603840 2.5940045167    2.111  4.121  3.4588 -0.571    8  0.695  0.973   509.08   289.56   175.83   139.01   114.38  0 -7.72e-06      0.00 6.647e-01 3.172e-01 4.372e-03 2.540e-03 5.992e-03 -1.000 1.815e-02 -5.533 1.882 2.034 0.707 -1.722 -3.968 -7.566 -8.524 -8.949
0.0152 0.01508 8.69897 2.9228622913 2.5940045506    2.105  4.000  3.4751 -0.386    8  0.695  0.973   395.76   207.19   127.71   100.48    82.61  0 -2.21e-06      0.00 6.647e-01 3.172e-01 4.372e-03 2.540e-03 5.992e-03 -1.000 1.815e-02 -5.230 1.933 1.902 0.666 -1.706 -3.903 -7.215 -8.164 -8.563
0.0152 0.01508 8.69897 2.9228653908 2.5940046056    2.096  3.883  3.4906 -0.209    8  0.695  0.973   291.12   150.11    93.87    73.52    60.39  0 -6.62e-07      0.00 6.647e-01 3.172e-01 4.371e-03 2.540e-03 5.992e-03 -1.000 1.815e-02 -4.936 1.962 1.668 0.518 -1.776 -3.937 -6.873 -7.811 -8.184
0.0152 0.01508 8.69897 2.9228701591 2.5940046903    2.082  3.911  3.4865 -0.257    8  0.696  0.972   319.95   163.53   101.85    79.89    65.64  0 -9.13e-07      0.00 6.647e-01 3.171e-01 4.369e-03 2.540e-03 5.992e-03 -1.000 1.815e-02 -5.009 1.963 1.749 0.583 -1.740 -3.912 -6.958 -7.899 -8.279
0.0152 0.01508 8.69897 2.9228763580 2.5940048004    2.064  3.975  3.4779 -0.358    8  0.696  0.972   377.80   195.96   121.04    95.23    78.27  0 -1.81e-06      0.00 6.647e-01 3.171e-01 4.367e-03 2.540e-03 5.992e-03 -1.000 1.815e-02 -5.167 1.954 1.885 0.665 -1.697 -3.888 -7.143 -8.091 -8.486
0.0152 0.01508 8.69897 2.9228844643 2.5940049444    2.040  4.032  3.4703 -0.451    8  0.696  0.971   427.01   231.14   141.68   111.78    91.90  0 -3.42e-06      0.00 6.647e-01 3.171e-01 4.364e-03 2.540e-03 5.992e-03 -1.000 1.814e-02 -5.311 1.933 1.966 0.697 -1.691 -3.900 -7.310 -8.263 -8.670
0.0152 0.01508 8.69897 2.9228942394 2.5940051180    2.012  4.070  3.4656 -0.514    8  0.697  0.970   462.65   257.76   157.17   124.27   102.18  0 -5.27e-06      0.00 6.647e-01 3.171e-01 4.360e-03 2.540e-03 5.992e-03 -1.000 1.814e-02 -5.405 1.917 2.002 0.706 -1.700 -3.924 -7.418 -8.373 -8.787
0.0152 0.01508 8.69897 2.9229061604 2.5940053297    1.978  4.088  3.4636 -0.547    8  0.697  0.969   481.65   272.72   165.81   131.29   107.96  0 -6.69e-06      0.00 6.647e-01 3.171e-01 4.356e-03 2.540e-03 5.992e-03 -1.000 1.814e-02 -5.450 1.909 2.011 0.701 -1.714 -3.945 -7.470 -8.426 -8.844
0.0152 0.01508 8.69897 2.9229202271 2.5940055796    1.939  4.095  3.4632 -0.565    8  0.698  0.968   490.05   280.05   169.98   134.74   110.79  0 -7.64e-06      0.00 6.648e-01 3.171e-01 4.349e-03 2.540e-03 5.992e-03 -1.000 1.813e-02 -5.468 1.907 2.011 0.695 -1.724 -3.957 -7.490 -8.446 -8.865
0.0152 0.01508 8.69897 2.9229364395 2.5940058675    1.894  4.098  3.4635 -0.577    8  0.699  0.966   494.43   284.50   172.47   136.87   112.52  0 -8.45e-06      0.00 6.648e-01 3.171e-01 4.342e-03 2.540e-03 5.992e-03 -1.000 1.812e-02 -5.475 1.906 2.003 0.685 -1.736 -3.969 -7.498 -8.453 -8.873
0.0152 0.01508 8.69897 2.9229366779 2.5940058717    1.894  4.238  3.4482 -0.778    8  0.699  1.051   534.62    -1.00    -1.00    -1.00    -1.00  0 -3.58e-05      0.04 6.635e-01 3.179e-01 4.719e-03 2.535e-03 5.988e-03  7.457 1.852e-02 -5.826 3.082 -0.196 -2.686 -4.250 -5.580 -7.491 -8.579 -9.088
0.0152 0.01508 8.69897 2.9229373932 2.5940058844    1.894  4.133  3.4591 -0.630    8  0.699  1.050   532.12   312.97   188.92   150.13   123.45  0 -1.22e-05      0.00 6.635e-01 3.179e-01 4.718e-03 2.535e-03 5.988e-03  7.454 1.852e-02 -5.563 2.802 -0.294 -2.684 -4.156 -5.417 -7.251 -8.328 -8.790
0.0152 0.01508 8.69897 2.9229390621 2.5940059141    1.893  4.013  3.4714 -0.461    8  0.699  1.050   420.41   230.54   141.08   111.61    91.71  0 -3.56e-06      0.00 6.635e-01 3.179e-01 4.715e-03 2.535e-03 5.988e-03  7.448 1.852e-02 -5.263 2.614 -0.296 -2.589 -3.977 -5.172 -6.934 -8.003 -8.438
0.0152 0.01508 8.69897 2.9229419231 2.5940059649    1.893  3.895  3.4837 -0.293    8  0.699  1.049   333.06   170.42   105.72    83.27    68.37  0 -1.06e-06      0.00 6.636e-01 3.179e-01 4.710e-03 2.535e-03 5.989e-03  7.438 1.851e-02 -4.969 2.507 -0.297 -2.502 -3.813 -4.941 -6.638 -7.687 -8.097
0.0152 0.01508 8.69897 2.9229457378 2.5940060326    1.893  3.924  3.4792 -0.341    8  0.699  1.047   355.65   185.58   114.68    90.44    74.27  0 -1.44e-06      0.00 6.636e-01 3.179e-01 4.703e-03 2.536e-03 5.989e-03  7.424 1.851e-02 -5.041 2.573 -0.267 -2.501 -3.838 -4.990 -6.712 -7.770 -8.189
0.0152 0.01508 8.69897 2.9229512215 2.5940061300    1.892  3.987  3.4696 -0.441    8  0.699  1.045   409.28   222.68   136.49   107.93    88.67  0 -2.77e-06      0.00 6.636e-01 3.179e-01 4.694e-03 2.536e-03 5.989e-03  7.406 1.850e-02 -5.197 2.700 -0.205 -2.501 -3.895 -5.097 -6.866 -7.940 -8.377
0.0152 0.01508 8.69897 2.9229581356 2.5940062528    1.892  4.043  3.4593 -0.539    8  0.700  1.043   468.99   265.73   161.58   128.10   105.29  0 -5.07e-06      0.00 6.636e-01 3.179e-01 4.685e-03 2.536e-03 5.989e-03  7.385 1.849e-02 -5.338 2.931 -0.116 -2.484 -3.941 -5.195 -7.022 -8.105 -8.564
0.0152 0.01508 8.69897 2.9229667187 2.5940064052    1.891  4.080  3.4504 -0.612    8  0.700  1.041   518.92   303.00   183.16   145.49   119.63  0 -7.57e-06      0.00 6.637e-01 3.178e-01 4.675e-03 2.536e-03 5.989e-03  7.362 1.848e-02 -5.430 3.136 -0.008 -2.434 -3.946 -5.246 -7.117 -8.205 -8.682
0.0152 0.01508 8.69897 2.9229769707 2.5940065873    1.890  4.098  3.4431 -0.659    8  0.701  1.039   534.05    -1.00    -1.00    -1.00    -1.00  0 -9.34e-06      0.00 6.637e-01 3.178e-01 4.666e-03 2.536e-03 5.989e-03  7.340 1.847e-02 -5.475 3.289 0.089 -2.376 -3.931 -5.263 -7.163 -8.246 -8.733
0.0152 0.01508 8.69897 2.9229888916 2.5940067990    1.889  4.105  3.4369 -0.691    8  0.701  1.037   533.88    -1.00    -1.00    -1.00    -1.00  0 -1.03e-05      0.00 6.637e-01 3.178e-01 4.659e-03 2.536e-03 5.989e-03  7.323 1.846e-02 -5.493 3.473 0.195 -2.306 -3.898 -5.257 -7.185 -8.266 -8.764
0.0152 0.01508 8.69897 2.9230029583 2.5940070488    1.887  4.108  3.4311 -0.718    8  0.702  1.037   533.69    -1.00    -1.00    -1.00    -1.00  0  -1.1e-05      0.00 6.637e-01 3.178e-01 4.657e-03 2.536e-03 5.989e-03  7.318 1.846e-02 -5.501 3.691 0.308 -2.229 -3.857 -5.244 -7.201 -8.280 -8.793
0.0152 0.01508 8.69897 2.9230031967 2.5940070531    1.887  4.251  3.4028 -0.974    8  0.702  1.107   533.63    -1.00    -1.00    -1.00    -1.00  0 -5.04e-05      2.06 6.627e-01 3.185e-01 4.969e-03 2.532e-03 5.986e-03  7.780 1.879e-02 -5.857 10.303 5.051 1.568 -0.880 -2.791 -5.885 -7.561 -8.865
0.0152 0.01508 8.69897 2.9230039120 2.5940070658    1.887  4.146  3.4237 -0.786    8  0.702  1.107   533.62    -1.00    -1.00    -1.00    -1.00  0 -1.65e-05      0.22 6.627e-01 3.185e-01 4.968e-03 2.532e-03 5.986e-03  7.780 1.879e-02 -5.596 4.517 0.868 -1.803 -3.556 -5.026 -7.130 -8.269 -8.903
0.0152 0.01508 8.69897 2.9230055809 2.5940070954    1.887  4.027  3.4474 -0.572    8  0.702  1.107   490.53   281.79   170.89   135.61   111.48  0 -4.61e-06      0.04 6.627e-01 3.185e-01 4.968e-03 2.532e-03 5.986e-03  7.779 1.879e-02 -5.298 3.422 0.253 -2.192 -3.729 -5.048 -6.950 -8.054 -8.557
0.0152 0.01508 8.69897 2.9230084419 2.5940071462    1.886  3.909  3.4707 -0.361    8  0.702  1.106   365.29   192.30   118.64    93.62    76.89  0  -1.3e-06      0.00 6.627e-01 3.185e-01 4.967e-03 2.532e-03 5.986e-03  7.779 1.879e-02 -5.003 2.802 -0.060 -2.334 -3.714 -4.906 -6.668 -7.746 -8.178
0.0152 0.01508 8.69897 2.9230122566 2.5940072140    1.886  3.938  3.4646 -0.414    8  0.702  1.106   393.45   211.75   130.07   102.79    84.44  0 -1.78e-06      0.01 6.627e-01 3.185e-01 4.967e-03 2.532e-03 5.986e-03  7.778 1.879e-02 -5.075 2.952 0.011 -2.304 -3.722 -4.946 -6.743 -7.829 -8.277
0.0152 0.01508 8.69897 2.9230177402 2.5940073114    1.885  3.999  3.4519 -0.526    8  0.703  1.106   460.19   259.44   157.92   125.17   102.87  0 -3.44e-06      0.02 6.627e-01 3.185e-01 4.966e-03 2.532e-03 5.986e-03  7.777 1.879e-02 -5.228 3.288 0.182 -2.226 -3.728 -5.020 -6.892 -7.992 -8.477
0.0152 0.01508 8.69897 2.9230246544 2.5940074341    1.885  4.055  3.4403 -0.628    8  0.703  1.106   530.23   311.75   188.19   149.57   122.99  0 -6.24e-06      0.06 6.627e-01 3.185e-01 4.965e-03 2.532e-03 5.986e-03  7.777 1.879e-02 -5.366 3.610 0.367 -2.126 -3.711 -5.066 -7.005 -8.111 -8.633
0.0152 0.01508 8.69897 2.9230329990 2.5940075823    1.884  4.090  3.4325 -0.695    8  0.703  1.106   533.25    -1.00    -1.00    -1.00    -1.00  0 -9.17e-06      0.10 6.627e-01 3.185e-01 4.966e-03 2.532e-03 5.986e-03  7.777 1.879e-02 -5.455 3.993 0.561 -2.006 -3.660 -5.064 -7.070 -8.186 -8.750
0.0152 0.01508 8.69897 2.9230432510 2.5940077644    1.883  4.107  3.4279 -0.730    8  0.704  1.106   533.12    -1.00    -1.00    -1.00    -1.00  0 -1.11e-05      0.13 6.627e-01 3.185e-01 4.967e-03 2.532e-03 5.986e-03  7.778 1.879e-02 -5.498 4.210 0.683 -1.925 -3.619 -5.051 -7.093 -8.215 -8.803
0.0152 0.01508 8.69897 2.9230551720 2.5940079761    1.882  4.114  3.4250 -0.749    8  0.704  1.107   532.97    -1.00    -1.00    -1.00    -1.00  0  -1.2e-05      0.16 6.627e-01 3.185e-01 4.971e-03 2.532e-03 5.986e-03  7.782 1.879e-02 -5.514 4.342 0.770 -1.862 -3.581 -5.030 -7.095 -8.218 -8.820
0.0152 0.01508 8.69897 2.9230692387 2.5940082259    1.881  4.117  3.4222 -0.763    8  0.705  1.109   532.80    -1.00    -1.00    -1.00    -1.00  0 -1.25e-05      0.17 6.627e-01 3.185e-01 4.977e-03 2.532e-03 5.986e-03  7.788 1.880e-02 -5.521 4.459 0.851 -1.803 -3.544 -5.007 -7.091 -8.215 -8.828
0.0152 0.01508 8.69897 2.9230694771 2.5940082301    1.880  4.261  3.3961 -1.012    8  0.705  1.172   532.74    -1.00    -1.00    -1.00    -1.00  0  -5.8e-05      3.93 6.617e-01 3.192e-01 5.261e-03 2.529e-03 5.984e-03  7.988 1.910e-02 -5.882 15.973 9.287 5.020 1.947 -0.329 -4.349 -6.531 -8.330
0.0152 0.01508 8.69897 2.9230701923 2.5940082428    1.880  4.157  3.4170 -0.825    8  0.705  1.172   532.71    -1.00    -1.00    -1.00    -1.00  0 -1.91e-05      1.25 6.617e-01 3.192e-01 5.261e-03 2.529e-03 5.984e-03  7.988 1.910e-02 -5.623 7.911 3.358 0.230 -1.919 -3.647 -6.317 -7.768 -8.811
0.0152 0.01508 8.69897 2.9230718613 2.5940082725    1.880  4.039  3.4427 -0.605    8  0.705  1.172   512.70   298.58   180.58   143.44   117.93  0 -5.37e-06      0.26 6.617e-01 3.192e-01 5.261e-03 2.529e-03 5.984e-03  7.989 1.910e-02 -5.329 4.219 0.834 -1.730 -3.371 -4.764 -6.804 -7.979 -8.598
0.0152 0.01508 8.69897 2.9230744839 2.5940083190    1.880  3.921  3.4713 -0.372    8  0.705  1.173   370.49   196.04   120.83    95.39    78.35  0 -1.48e-06      0.03 6.617e-01 3.192e-01 5.263e-03 2.529e-03 5.984e-03  7.989 1.911e-02 -5.033 2.863 -0.027 -2.314 -3.703 -4.900 -6.675 -7.761 -8.211
0.0152 0.01508 8.69897 2.9230782986 2.5940083868    1.879  3.950  3.4755 -0.384    8  0.706  1.173   376.63   200.28   123.33    97.39    79.99  0 -1.92e-06      0.04 6.617e-01 3.192e-01 5.264e-03 2.529e-03 5.984e-03  7.990 1.911e-02 -5.104 2.757 -0.145 -2.422 -3.797 -4.978 -6.742 -7.821 -8.272
0.0152 0.01508 8.69897 2.9230835438 2.5940084799    1.878  4.010  3.4768 -0.439    8  0.706  1.173   406.91   221.40   135.71   107.33    88.18  0 -3.45e-06      0.08 6.617e-01 3.192e-01 5.266e-03 2.529e-03 5.984e-03  7.991 1.911e-02 -5.255 2.756 -0.205 -2.506 -3.896 -5.083 -6.866 -7.952 -8.426
0.0152 0.01508 8.69897 2.9230902195 2.5940085985    1.877  4.064  3.4827 -0.470    8  0.706  1.174   424.71   234.06   143.11   113.28    93.08  0 -5.72e-06      0.21 6.617e-01 3.192e-01 5.269e-03 2.529e-03 5.984e-03  7.993 1.911e-02 -5.390 2.954 -0.120 -2.462 -3.876 -5.071 -6.902 -8.017 -8.558
0.0152 0.01508 8.69897 2.9230983257 2.5940087424    1.875  4.099  3.4960 -0.452    8  0.707  1.175   413.80   226.34   138.60   109.66    90.09  0 -7.56e-06      0.27 6.617e-01 3.192e-01 5.273e-03 2.529e-03 5.984e-03  7.995 1.912e-02 -5.477 2.718 -0.340 -2.639 -4.005 -5.151 -6.943 -8.040 -8.596
0.0152 0.01508 8.69897 2.9231083393 2.5940089202    1.873  4.115  3.5170 -0.385    8  0.707  1.176   376.69   200.47   123.43    97.48    80.07  0 -8.09e-06      0.24 6.617e-01 3.192e-01 5.278e-03 2.529e-03 5.984e-03  7.998 1.912e-02 -5.518 2.130 -0.859 -3.045 -4.302 -5.345 -7.011 -8.030 -8.556
0.0152 0.01508 8.69897 2.9231197834 2.5940091235    1.871  4.122  3.5446 -0.281    8  0.708  1.178   325.73   166.15   103.16    81.25    66.71  0 -7.61e-06      0.19 6.617e-01 3.192e-01 5.284e-03 2.528e-03 5.984e-03  8.001 1.913e-02 -5.534 1.125 -1.606 -3.589 -4.681 -5.585 -7.063 -7.976 -8.430
0.0152 0.01508 8.69897 2.9231333733 2.5940093648    1.868  4.124  3.5780 -0.151    8  0.708  1.179   253.18   131.23    82.35    64.64    53.04  0 -6.72e-06      0.09 6.616e-01 3.192e-01 5.292e-03 2.528e-03 5.983e-03  8.006 1.914e-02 -5.541 0.000 -2.419 -4.218 -5.146 -5.901 -7.147 -7.893 -8.226
0.0152 0.01508 8.69897 2.9231336117 2.5940093690    1.868  4.271  3.5460 -0.425    8  0.709  1.241   398.26   215.59   132.30   104.61    85.93  0 -3.26e-05      1.35 6.607e-01 3.198e-01 5.568e-03 2.525e-03 5.981e-03  8.135 1.943e-02 -5.906 4.386 0.765 -1.714 -3.205 -4.397 -6.484 -7.781 -8.773
0.0152 0.01508 8.69897 2.9231343269 2.5940093817    1.868  4.168  3.5665 -0.240    8  0.709  1.241   302.91   154.33    96.14    75.65    62.09  0 -1.09e-05      0.37 6.607e-01 3.198e-01 5.569e-03 2.525e-03 5.981e-03  8.135 1.944e-02 -5.650 1.076 -1.660 -3.627 -4.697 -5.566 -7.030 -7.928 -8.463
0.0152 0.01508 8.69897 2.9231357574 2.5940094071    1.867  4.051  3.5881 -0.037    8  0.709  1.242   201.86   106.92    67.71    52.99    43.46  0 -3.14e-06      0.09 6.607e-01 3.198e-01 5.569e-03 2.525e-03 5.981e-03  8.136 1.944e-02 -5.358 -0.045 -2.371 -4.136 -5.033 -5.756 -6.953 -7.665 -7.989
0.0152 0.01508 8.69897 2.9231383801 2.5940094537    1.866  3.932  3.6075  0.159    8  0.709  1.242   136.40    75.01    48.27    37.58    30.79  1    -9e-07      0.01 6.607e-01 3.198e-01 5.571e-03 2.525e-03 5.981e-03  8.136 1.944e-02 -5.061 -0.455 -2.494 -4.149 -4.965 -5.619 -6.698 -7.339 -7.577
0.0152 0.01508 8.69897 2.9231421947 2.5940095214    1.865  3.961  3.5918  0.067    8  0.709  1.242   163.76    88.49    56.52    44.11    36.16  1 -1.28e-06      0.02 6.607e-01 3.198e-01 5.573e-03 2.525e-03 5.981e-03  8.137 1.944e-02 -5.132 -0.188 -2.382 -4.092 -4.948 -5.638 -6.776 -7.450 -7.713
0.0152 0.01508 8.69897 2.9231472015 2.5940096103    1.864  4.020  3.5660 -0.096    8  0.709  1.243   226.96   118.86    74.91    58.72    48.17  0  -2.6e-06      0.07 6.607e-01 3.198e-01 5.576e-03 2.525e-03 5.981e-03  8.138 1.944e-02 -5.281 0.477 -2.022 -3.857 -4.820 -5.611 -6.908 -7.691 -8.024
0.0152 0.01508 8.69897 2.9231536388 2.5940097246    1.861  4.073  3.5379 -0.262    8  0.710  1.244   316.06   160.34    99.70    78.50    64.44  0 -4.98e-06      0.18 6.607e-01 3.198e-01 5.580e-03 2.525e-03 5.981e-03  8.140 1.945e-02 -5.414 1.438 -1.350 -3.373 -4.499 -5.431 -6.947 -7.881 -8.346
0.0152 0.01508 8.69897 2.9231615067 2.5940098644    1.859  4.107  3.5098 -0.409    8  0.710  1.245   388.40   208.96   128.39   101.49    83.36  0 -7.91e-06      0.39 6.607e-01 3.199e-01 5.584e-03 2.525e-03 5.981e-03  8.142 1.945e-02 -5.498 2.778 -0.337 -2.623 -3.965 -5.080 -6.865 -7.963 -8.573
0.0152 0.01508 8.69897 2.9231710434 2.5940100337    1.856  4.123  3.4808 -0.542    8  0.710  1.246   467.45   265.55   161.41   128.05   105.24  0 -1.06e-05      0.64 6.607e-01 3.199e-01 5.590e-03 2.525e-03 5.981e-03  8.144 1.946e-02 -5.538 4.256 0.805 -1.743 -3.324 -4.637 -6.709 -7.964 -8.708
0.0152 0.01508 8.69897 2.9231822491 2.5940102327    1.852  4.129  3.4487 -0.677    8  0.711  1.248   528.69    -1.00    -1.00    -1.00    -1.00  0 -1.32e-05      0.99 6.607e-01 3.199e-01 5.597e-03 2.525e-03 5.981e-03  8.147 1.947e-02 -5.553 6.238 2.256 -0.604 -2.483 -4.028 -6.439 -7.839 -8.753
0.0152 0.01508 8.69897 2.9231953621 2.5940104655    1.848  4.132  3.4116 -0.829    8  0.712  1.250   528.08    -1.00    -1.00    -1.00    -1.00  0 -1.62e-05      1.57 6.606e-01 3.199e-01 5.606e-03 2.525e-03 5.981e-03  8.150 1.948e-02 -5.560 9.008 4.181 0.916 -1.351 -3.152 -5.991 -7.532 -8.679
0.0152 0.01508 8.69897 2.9231956005 2.5940104697    1.847  4.280  3.3804 -1.102    8  0.712  1.311   528.01    -1.00    -1.00    -1.00    -1.00  0 -6.93e-06      0.44 6.597e-01 3.205e-01 5.879e-03 2.521e-03 5.978e-03  8.246 1.977e-02 -5.931 5.176 1.215 -1.604 -3.489 -5.044 -7.299 -8.494 -9.241
0.0152 0.01508 8.69897 2.9231963158 2.5940104824    1.847  4.178  3.4025 -0.912    8  0.712  1.311   527.96    -1.00    -1.00    -1.00    -1.00  0 -2.41e-06      0.14 6.597e-01 3.205e-01 5.879e-03 2.521e-03 5.978e-03  8.246 1.977e-02 -5.676 4.512 0.787 -1.911 -3.694 -5.181 -7.280 -8.380 -8.995
0.0152 0.01508 8.69897 2.9231977463 2.5940105078    1.846  4.063  3.4280 -0.694    8  0.712  1.311   527.84    -1.00    -1.00    -1.00    -1.00  0 -1.44e-07      0.00 6.597e-01 3.205e-01 5.880e-03 2.521e-03 5.978e-03  8.246 1.977e-02 -5.386 3.869 0.470 -2.076 -3.718 -5.115 -7.085 -8.163 -8.682
0.0152 0.01508 8.69897 2.9232001305 2.5940105502    1.845  3.944  3.4550 -0.468    8  0.712  1.312   420.60   231.98   141.84   112.33    92.28  0  -2.1e-06      0.18 6.597e-01 3.205e-01 5.881e-03 2.521e-03 5.978e-03  8.247 1.977e-02 -5.089 3.778 0.602 -1.843 -3.376 -4.688 -6.626 -7.779 -8.337
0.0152 0.01508 8.69897 2.9232037067 2.5940106137    1.843  3.972  3.4515 -0.511    8  0.712  1.312   446.48   250.61   152.70   121.07    99.48  0 -2.83e-06      0.23 6.597e-01 3.205e-01 5.883e-03 2.521e-03 5.978e-03  8.247 1.977e-02 -5.160 4.009 0.743 -1.752 -3.327 -4.670 -6.656 -7.828 -8.421
0.0152 0.01508 8.69897 2.9232087135 2.5940107026    1.840  4.031  3.4424 -0.606    8  0.713  1.313   510.34   297.82   180.06   143.13   117.66  0 -5.59e-08      0.00 6.597e-01 3.205e-01 5.885e-03 2.521e-03 5.978e-03  8.248 1.978e-02 -5.307 3.419 0.244 -2.211 -3.762 -5.093 -6.992 -8.079 -8.565
0.0152 0.01508 8.69897 2.9232146740 2.5940108084    1.837  4.083  3.4358 -0.685    8  0.713  1.313   526.55    -1.00    -1.00    -1.00    -1.00  0 -1.46e-07      0.00 6.597e-01 3.205e-01 5.888e-03 2.521e-03 5.978e-03  8.249 1.978e-02 -5.437 3.572 0.278 -2.228 -3.827 -5.192 -7.127 -8.209 -8.713
0.0152 0.01508 8.69897 2.9232223034 2.5940109439    1.833  4.115  3.4342 -0.726    8  0.713  1.314   525.98    -1.00    -1.00    -1.00    -1.00  0 -1.99e-07      0.01 6.597e-01 3.205e-01 5.892e-03 2.521e-03 5.978e-03  8.250 1.978e-02 -5.519 3.594 0.250 -2.275 -3.890 -5.265 -7.212 -8.291 -8.801
0.0152 0.01508 8.69897 2.9232316017 2.5940111090    1.828  4.131  3.4371 -0.731    8  0.714  1.315   525.29    -1.00    -1.00    -1.00    -1.00  0 -1.96e-07      0.01 6.597e-01 3.205e-01 5.897e-03 2.521e-03 5.978e-03  8.252 1.979e-02 -5.558 3.459 0.158 -2.353 -3.953 -5.316 -7.248 -8.327 -8.830
0.0152 0.01508 8.69897 2.9232423306 2.5940112995    1.823  4.137  3.4431 -0.714    8  0.714  1.317   524.48    -1.00    -1.00    -1.00    -1.00  0 -1.71e-07      0.00 6.597e-01 3.205e-01 5.903e-03 2.521e-03 5.978e-03  8.254 1.980e-02 -5.573 3.262 0.028 -2.452 -4.018 -5.354 -7.261 -8.341 -8.833
0.0152 0.01508 8.69897 2.9232549667 2.5940115239    1.816  4.140  3.4508 -0.687    8  0.715  1.318   523.53    -1.00    -1.00    -1.00    -1.00  0 -1.38e-07      0.00 6.596e-01 3.206e-01 5.911e-03 2.521e-03 5.978e-03  8.256 1.980e-02 -5.580 3.062 -0.123 -2.565 -4.090 -5.392 -7.269 -8.351 -8.832
0.0152 0.01508 8.69897 2.9232552052 2.5940115281    1.816  4.290  3.4192 -0.964    8  0.715  1.379   523.45    -1.00    -1.00    -1.00    -1.00  0 -1.57e-06      0.09 6.588e-01 3.211e-01 6.180e-03 2.518e-03 5.976e-03  8.332 2.010e-02 -5.955 3.957 0.325 -2.337 -4.084 -5.547 -7.602 -8.685 -9.264
0.0152 0.01508 8.69897 2.9232559204 2.5940115408    1.815  4.189  3.4396 -0.782    8  0.715  1.379   523.36    -1.00    -1.00    -1.00    -1.00  0 -7.01e-07      0.04 6.588e-01 3.211e-01 6.180e-03 2.518e-03 5.976e-03  8.332 2.010e-02 -5.702 3.408 0.084 -2.443 -4.051 -5.416 -7.361 -8.450 -8.971
0.0152 0.01508 8.69897 2.9232573509 2.5940115662    1.814  4.074  3.4620 -0.577    8  0.715  1.379   487.87   281.71   170.69   135.65   111.48  0 -1.17e-07      0.00 6.588e-01 3.211e-01 6.180e-03 2.518e-03 5.976e-03  8.332 2.010e-02 -5.415 2.834 -0.214 -2.579 -4.031 -5.276 -7.096 -8.173 -8.631
0.0152 0.01508 8.69897 2.9232597351 2.5940116085    1.812  3.955  3.4841 -0.370    8  0.715  1.379   364.29   193.59   119.29    94.28    77.41  0 -2.17e-06      0.19 6.588e-01 3.211e-01 6.180e-03 2.518e-03 5.976e-03  8.332 2.009e-02 -5.116 3.019 0.023 -2.278 -3.663 -4.840 -6.643 -7.752 -8.274
0.0152 0.01508 8.69897 2.9232630730 2.5940116678    1.809  3.983  3.4739 -0.440    8  0.716  1.379   401.63   219.53   134.51   106.51    87.48  0 -3.01e-06      0.28 6.588e-01 3.211e-01 6.179e-03 2.518e-03 5.976e-03  8.332 2.009e-02 -5.187 3.517 0.394 -2.005 -3.479 -4.730 -6.635 -7.797 -8.378
0.0152 0.01508 8.69897 2.9232678413 2.5940117525    1.804  4.041  3.4560 -0.571    8  0.716  1.379   482.35   277.86   168.44   133.86   110.00  0 -9.83e-08      0.00 6.588e-01 3.211e-01 6.180e-03 2.518e-03 5.976e-03  8.332 2.009e-02 -5.332 3.063 -0.025 -2.416 -3.897 -5.168 -7.015 -8.100 -8.568
0.0152 0.01508 8.69897 2.9232738018 2.5940118583    1.799  4.092  3.4378 -0.695    8  0.716  1.379   521.02    -1.00    -1.00    -1.00    -1.00  0 -5.19e-07      0.04 6.588e-01 3.211e-01 6.180e-03 2.518e-03 5.976e-03  8.332 2.010e-02 -5.459 3.595 0.299 -2.213 -3.813 -5.178 -7.121 -8.214 -8.731
0.0152 0.01508 8.69897 2.9232811928 2.5940119895    1.792  4.123  3.4215 -0.794    8  0.717  1.379   520.06    -1.00    -1.00    -1.00    -1.00  0 -1.04e-06      0.07 6.588e-01 3.211e-01 6.183e-03 2.518e-03 5.976e-03  8.333 2.010e-02 -5.538 4.181 0.631 -1.993 -3.708 -5.153 -7.188 -8.277 -8.843
0.0152 0.01508 8.69897 2.9232902527 2.5940121504    1.784  4.138  3.4062 -0.872    8  0.717  1.380   518.91    -1.00    -1.00    -1.00    -1.00  0 -2.51e-06      0.20 6.587e-01 3.211e-01 6.187e-03 2.517e-03 5.976e-03  8.334 2.010e-02 -5.576 4.758 1.003 -1.711 -3.509 -5.006 -7.134 -8.254 -8.896
0.0152 0.01508 8.69897 2.9233007431 2.5940123366    1.775  4.144  3.3901 -0.944    8  0.718  1.382   517.55    -1.00    -1.00    -1.00    -1.00  0 -4.03e-06      0.37 6.587e-01 3.212e-01 6.194e-03 2.517e-03 5.976e-03  8.336 2.011e-02 -5.590 5.313 1.404 -1.388 -3.250 -4.790 -7.011 -8.185 -8.904
0.0152 0.01508 8.69897 2.9233129025 2.5940125525    1.765  4.146  3.3715 -1.024    8  0.718  1.385   515.98    -1.00    -1.00    -1.00    -1.00  0 -5.37e-06      0.50 6.587e-01 3.212e-01 6.206e-03 2.517e-03 5.976e-03  8.339 2.012e-02 -5.596 5.710 1.697 -1.148 -3.055 -4.625 -6.914 -8.129 -8.904
0.0152 0.01508 8.69897 2.9233131409 2.5940125568    1.764  4.298  3.3404 -1.300    8  0.718  1.437   515.89    -1.00    -1.00    -1.00    -1.00  0 -8.33e-06      0.65 6.579e-01 3.217e-01 6.438e-03 2.514e-03 5.974e-03  8.394 2.037e-02 -5.975 5.794 1.662 -1.243 -3.201 -4.806 -7.172 -8.434 -9.268
0.0152 0.01508 8.69897 2.9233136177 2.5940125652    1.763  4.198  3.3613 -1.117    8  0.718  1.437   515.74    -1.00    -1.00    -1.00    -1.00  0 -6.61e-06      0.63 6.579e-01 3.217e-01 6.437e-03 2.514e-03 5.974e-03  8.394 2.037e-02 -5.725 5.981 1.865 -1.032 -2.983 -4.583 -6.939 -8.194 -9.021
0.0152 0.01508 8.69897 2.9233150482 2.5940125906    1.761  4.084  3.3856 -0.906    8  0.719  1.437   515.42    -1.00    -1.00    -1.00    -1.00  0 -3.82e-06      0.44 6.579e-01 3.217e-01 6.437e-03 2.514e-03 5.974e-03  8.394 2.037e-02 -5.441 5.684 1.718 -1.103 -2.989 -4.546 -6.804 -8.001 -8.751
0.0152 0.01508 8.69897 2.9233174324 2.5940126329    1.757  3.965  3.4116 -0.683    8  0.719  1.436   514.90    -1.00    -1.00    -1.00    -1.00  0 -6.37e-07      0.07 6.579e-01 3.217e-01 6.436e-03 2.514e-03 5.974e-03  8.394 2.037e-02 -5.141 4.572 1.034 -1.583 -3.302 -4.755 -6.796 -7.885 -8.452
0.0152 0.01508 8.69897 2.9233207703 2.5940126922    1.752  3.993  3.4080 -0.727    8  0.719  1.436   514.15    -1.00    -1.00    -1.00    -1.00  0  -9.3e-07      0.10 6.579e-01 3.217e-01 6.435e-03 2.514e-03 5.974e-03  8.394 2.037e-02 -5.212 4.642 1.053 -1.585 -3.322 -4.785 -6.846 -7.942 -8.525
0.0152 0.01508 8.69897 2.9233253002 2.5940127726    1.745  4.050  3.3992 -0.821    8  0.719  1.436   513.14    -1.00    -1.00    -1.00    -1.00  0 -2.28e-06      0.23 6.579e-01 3.217e-01 6.435e-03 2.514e-03 5.974e-03  8.394 2.037e-02 -5.355 5.028 1.275 -1.441 -3.241 -4.743 -6.884 -8.019 -8.674
0.0152 0.01508 8.69897 2.9233310223 2.5940128742    1.736  4.100  3.3930 -0.898    8  0.720  1.437   511.85    -1.00    -1.00    -1.00    -1.00  0 -3.49e-06      0.39 6.579e-01 3.217e-01 6.437e-03 2.514e-03 5.974e-03  8.394 2.037e-02 -5.479 5.476 1.554 -1.244 -3.112 -4.656 -6.886 -8.065 -8.792
0.0152 0.01508 8.69897 2.9233381748 2.5940130012    1.726  4.131  3.3917 -0.937    8  0.720  1.438   510.25    -1.00    -1.00    -1.00    -1.00  0 -4.44e-06      0.48 6.579e-01 3.217e-01 6.442e-03 2.514e-03 5.974e-03  8.395 2.038e-02 -5.556 5.687 1.690 -1.146 -3.046 -4.611 -6.890 -8.098 -8.865
0.0152 0.01508 8.69897 2.9233467579 2.5940131536    1.713  4.145  3.3951 -0.941    8  0.720  1.440   508.34    -1.00    -1.00    -1.00    -1.00  0 -4.56e-06      0.48 6.579e-01 3.217e-01 6.451e-03 2.514e-03 5.974e-03  8.397 2.039e-02 -5.593 5.663 1.663 -1.175 -3.076 -4.642 -6.923 -8.133 -8.901
0.0152 0.01508 8.69897 2.9233567715 2.5940133314    1.698  4.151  3.4022 -0.922    8  0.721  1.444   506.10    -1.00    -1.00    -1.00    -1.00  0 -3.97e-06      0.42 6.579e-01 3.217e-01 6.468e-03 2.514e-03 5.974e-03  8.401 2.041e-02 -5.607 5.439 1.493 -1.317 -3.195 -4.746 -6.991 -8.179 -8.918
0.0152 0.01508 8.69897 2.9233684540 2.5940135388    1.681  4.153  3.4118 -0.890    8  0.722  1.450   503.51    -1.00    -1.00    -1.00    -1.00  0 -3.14e-06      0.31 6.578e-01 3.218e-01 6.495e-03 2.514e-03 5.973e-03  8.407 2.044e-02 -5.613 5.091 1.236 -1.529 -3.368 -4.893 -7.082 -8.237 -8.929
0.0152 0.01508 8.69897 2.9233686924 2.5940135430    1.680  4.306  3.3792 -1.174    8  0.722  1.482   503.42    -1.00    -1.00    -1.00    -1.00  0 -9.71e-06      0.92 6.573e-01 3.221e-01 6.638e-03 2.512e-03 5.972e-03  8.437 2.059e-02 -5.996 6.638 2.283 -0.734 -2.789 -4.455 -6.967 -8.313 -9.250
0.0152 0.01508 8.69897 2.9233691692 2.5940135515    1.678  4.207  3.3997 -0.994    8  0.722  1.482   503.19    -1.00    -1.00    -1.00    -1.00  0 -5.51e-06      0.56 6.573e-01 3.221e-01 6.640e-03 2.512e-03 5.972e-03  8.438 2.059e-02 -5.748 5.740 1.680 -1.188 -3.116 -4.699 -7.019 -8.253 -9.053
0.0152 0.01508 8.69897 2.9233705997 2.5940135769    1.675  4.094  3.4227 -0.790    8  0.722  1.483   502.69    -1.00    -1.00    -1.00    -1.00  0 -2.27e-06      0.23 6.573e-01 3.221e-01 6.643e-03 2.512e-03 5.972e-03  8.438 2.060e-02 -5.466 4.710 1.043 -1.638 -3.400 -4.877 -6.991 -8.133 -8.774
0.0152 0.01508 8.69897 2.9233727455 2.5940136150    1.670  3.974  3.4464 -0.576    8  0.722  1.485   474.10   275.18   166.60   132.75   109.03  0 -4.03e-06      0.56 6.573e-01 3.221e-01 6.649e-03 2.512e-03 5.972e-03  8.440 2.060e-02 -5.166 5.212 1.620 -1.045 -2.770 -4.217 -6.401 -7.675 -8.422
0.0152 0.01508 8.69897 2.9233760834 2.5940136743    1.662  4.003  3.4379 -0.641    8  0.722  1.486   500.72    -1.00    -1.00    -1.00    -1.00  0 -3.78e-07      0.04 6.572e-01 3.221e-01 6.657e-03 2.512e-03 5.972e-03  8.441 2.061e-02 -5.237 3.775 0.507 -1.995 -3.588 -4.951 -6.893 -7.991 -8.509
0.0152 0.01508 8.69897 2.9233803749 2.5940137504    1.652  4.059  3.4224 -0.762    8  0.723  1.489   499.16    -1.00    -1.00    -1.00    -1.00  0 -1.97e-06      0.21 6.572e-01 3.222e-01 6.668e-03 2.512e-03 5.972e-03  8.443 2.062e-02 -5.378 4.726 1.086 -1.583 -3.337 -4.809 -6.914 -8.053 -8.685
0.0152 0.01508 8.69897 2.9233860970 2.5940138520    1.639  4.108  3.4075 -0.873    8  0.723  1.492   497.16    -1.00    -1.00    -1.00    -1.00  0 -3.76e-06      0.47 6.572e-01 3.222e-01 6.682e-03 2.511e-03 5.972e-03  8.446 2.064e-02 -5.499 5.674 1.703 -1.121 -3.012 -4.572 -6.842 -8.048 -8.807
0.0152 0.01508 8.69897 2.9233930111 2.5940139748    1.623  4.138  3.3951 -0.957    8  0.723  1.496   494.71    -1.00    -1.00    -1.00    -1.00  0  -5.6e-06      0.70 6.571e-01 3.222e-01 6.699e-03 2.511e-03 5.972e-03  8.450 2.066e-02 -5.575 6.351 2.179 -0.746 -2.722 -4.338 -6.731 -8.007 -8.860
0.0152 0.01508 8.69897 2.9234011173 2.5940141187    1.603  4.152  3.3845 -1.019    8  0.724  1.500   491.77    -1.00    -1.00    -1.00    -1.00  0 -6.81e-06      0.87 6.570e-01 3.223e-01 6.720e-03 2.511e-03 5.971e-03  8.454 2.068e-02 -5.610 6.853 2.543 -0.453 -2.489 -4.143 -6.626 -7.955 -8.871
0.0152 0.01508 8.69897 2.9234108925 2.5940142922    1.581  4.158  3.3739 -1.073    8  0.724  1.506   488.33    -1.00    -1.00    -1.00    -1.00  0 -7.26e-06      0.92 6.570e-01 3.223e-01 6.745e-03 2.511e-03 5.971e-03  8.459 2.071e-02 -5.624 6.989 2.641 -0.374 -2.427 -4.092 -6.600 -7.944 -8.878
0.0152 0.01508 8.69897 2.9234223366 2.5940144954    1.556  4.160  3.3617 -1.131    8  0.725  1.513   484.36    -1.00    -1.00    -1.00    -1.00  0 -7.39e-06      0.92 6.569e-01 3.224e-01 6.774e-03 2.510e-03 5.971e-03  8.464 2.074e-02 -5.630 6.999 2.646 -0.371 -2.425 -4.091 -6.602 -7.947 -8.884
0.0152 0.01508 8.69897 2.9234225750 2.5940144997    1.555  4.315  3.3291 -1.417    8  0.725  1.545   484.28    -1.00    -1.00    -1.00    -1.00  0 -1.25e-05      1.25 6.564e-01 3.227e-01 6.915e-03 2.509e-03 5.970e-03  8.491 2.089e-02 -6.018 7.636 3.021 -0.130 -2.299 -4.037 -6.718 -8.162 -9.211
0.0152 0.01508 8.69897 2.9234230518 2.5940145081    1.553  4.217  3.3497 -1.237    8  0.725  1.545   483.94    -1.00    -1.00    -1.00    -1.00  0 -9.95e-06      1.21 6.564e-01 3.227e-01 6.916e-03 2.509e-03 5.970e-03  8.491 2.090e-02 -5.772 7.756 3.173 0.038 -2.117 -3.846 -6.506 -7.938 -8.975
0.0152 0.01508 8.69897 2.9234244823 2.5940145335    1.548  4.105  3.3730 -1.033    8  0.725  1.545   483.22    -1.00    -1.00    -1.00    -1.00  0 -6.79e-06      1.00 6.564e-01 3.227e-01 6.918e-03 2.509e-03 5.970e-03  8.491 2.090e-02 -5.492 7.375 2.961 -0.087 -2.169 -3.852 -6.402 -7.771 -8.735
0.0152 0.01508 8.69897 2.9234266281 2.5940145716    1.541  3.985  3.3978 -0.816    8  0.726  1.546   482.04    -1.00    -1.00    -1.00    -1.00  0  -2.4e-06      0.38 6.564e-01 3.227e-01 6.921e-03 2.509e-03 5.970e-03  8.492 2.090e-02 -5.192 5.650 1.780 -0.996 -2.846 -4.382 -6.601 -7.784 -8.503
0.0152 0.01508 8.69897 2.9234297276 2.5940146266    1.530  4.013  3.3915 -0.872    8  0.726  1.547   480.33    -1.00    -1.00    -1.00    -1.00  0 -3.28e-06      0.50 6.564e-01 3.227e-01 6.926e-03 2.509e-03 5.970e-03  8.493 2.091e-02 -5.262 6.030 2.028 -0.812 -2.715 -4.284 -6.574 -7.793 -8.569
0.0152 0.01508 8.69897 2.9234340191 2.5940147028    1.516  4.068  3.3795 -0.980    8  0.726  1.548   478.05    -1.00    -1.00    -1.00    -1.00  0  -5.9e-06      0.93 6.564e-01 3.227e-01 6.933e-03 2.509e-03 5.970e-03  8.494 2.091e-02 -5.401 7.246 2.888 -0.131 -2.187 -3.855 -6.368 -7.716 -8.654
0.0152 0.01508 8.69897 2.9234395027 2.5940148002    1.497  4.116  3.3694 -1.073    8  0.726  1.551   475.14    -1.00    -1.00    -1.00    -1.00  0 -7.78e-06      1.14 6.563e-01 3.227e-01 6.943e-03 2.508e-03 5.970e-03  8.496 2.092e-02 -5.519 7.780 3.255 0.151 -1.979 -3.692 -6.315 -7.725 -8.739
0.0152 0.01508 8.69897 2.9234464169 2.5940149229    1.475  4.145  3.3631 -1.134    8  0.727  1.554   471.56    -1.00    -1.00    -1.00    -1.00  0 -8.61e-06      1.22 6.563e-01 3.228e-01 6.956e-03 2.508e-03 5.970e-03  8.498 2.094e-02 -5.593 7.964 3.374 0.235 -1.923 -3.654 -6.319 -7.754 -8.793
0.0152 0.01508 8.69897 2.9234545231 2.5940150668    1.448  4.159  3.3603 -1.167    8  0.727  1.557   467.30    -1.00    -1.00    -1.00    -1.00  0 -8.46e-06      1.14 6.562e-01 3.228e-01 6.973e-03 2.508e-03 5.970e-03  8.501 2.096e-02 -5.627 7.666 3.143 0.039 -2.089 -3.803 -6.424 -7.834 -8.847
0.0152 0.01508 8.69897 2.9234640598 2.5940152361    1.418  4.164  3.3597 -1.184    8  0.728  1.563   462.32    -1.00    -1.00    -1.00    -1.00  0 -8.18e-06      1.08 6.562e-01 3.228e-01 6.996e-03 2.508e-03 5.969e-03  8.505 2.098e-02 -5.640 7.471 2.995 -0.085 -2.194 -3.894 -6.486 -7.878 -8.872
0.0152 0.01508 8.69897 2.9234752655 2.5940154351    1.383  4.166  3.3602 -1.195    8  0.729  1.569   456.60    -1.00    -1.00    -1.00    -1.00  0 -7.78e-06      1.03 6.561e-01 3.229e-01 7.026e-03 2.507e-03 5.969e-03  8.510 2.101e-02 -5.646 7.307 2.871 -0.188 -2.279 -3.968 -6.533 -7.910 -8.884
0.0152 0.01508 8.69897 2.9234755039 2.5940154393    1.383  4.323  3.3295 -1.474    8  0.729  1.592   456.52    -1.00    -1.00    -1.00    -1.00  0 -1.29e-05      1.38 6.557e-01 3.231e-01 7.128e-03 2.506e-03 5.968e-03  8.528 2.113e-02 -6.038 8.000 3.288 0.085 -2.126 -3.891 -6.635 -8.114 -9.203
0.0152 0.01508 8.69897 2.9234759808 2.5940154478    1.380  4.226  3.3481 -1.304    8  0.729  1.593   456.11    -1.00    -1.00    -1.00    -1.00  0 -1.02e-05      1.32 6.557e-01 3.231e-01 7.129e-03 2.506e-03 5.968e-03  8.528 2.113e-02 -5.795 8.065 3.398 0.219 -1.972 -3.725 -6.440 -7.902 -8.973
0.0152 0.01508 8.69897 2.9234771729 2.5940154689    1.375  4.115  3.3689 -1.111    8  0.729  1.593   455.24    -1.00    -1.00    -1.00    -1.00  0 -7.19e-06      1.08 6.557e-01 3.231e-01 7.130e-03 2.506e-03 5.968e-03  8.528 2.113e-02 -5.517 7.607 3.127 0.046 -2.064 -3.766 -6.359 -7.753 -8.748
0.0152 0.01508 8.69897 2.9234793186 2.5940155070    1.366  3.994  3.3911 -0.904    8  0.729  1.593   453.81    -1.00    -1.00    -1.00    -1.00  0 -4.68e-06      0.88 6.557e-01 3.231e-01 7.133e-03 2.506e-03 5.968e-03  8.528 2.113e-02 -5.214 7.293 2.972 -0.029 -2.070 -3.727 -6.217 -7.551 -8.473
0.0152 0.01508 8.69897 2.9234824181 2.5940155620    1.354  4.021  3.3838 -0.964    8  0.729  1.594   451.76    -1.00    -1.00    -1.00    -1.00  0 -3.87e-06      0.62 6.557e-01 3.231e-01 7.136e-03 2.506e-03 5.968e-03  8.529 2.113e-02 -5.283 6.407 2.295 -0.599 -2.549 -4.147 -6.501 -7.755 -8.580
0.0152 0.01508 8.69897 2.9234864712 2.5940156340    1.338  4.075  3.3710 -1.075    8  0.730  1.595   449.00    -1.00    -1.00    -1.00    -1.00  0 -5.79e-06      0.93 6.557e-01 3.231e-01 7.141e-03 2.506e-03 5.968e-03  8.530 2.114e-02 -5.418 7.231 2.873 -0.147 -2.203 -3.871 -6.384 -7.732 -8.670
0.0152 0.01508 8.69897 2.9234917164 2.5940157271    1.317  4.120  3.3594 -1.173    8  0.730  1.597   445.50    -1.00    -1.00    -1.00    -1.00  0  -6.8e-06      1.00 6.557e-01 3.232e-01 7.148e-03 2.506e-03 5.968e-03  8.531 2.115e-02 -5.530 7.330 2.918 -0.129 -2.210 -3.892 -6.442 -7.810 -8.773
0.0152 0.01508 8.69897 2.9234983921 2.5940158456    1.292  4.147  3.3512 -1.241    8  0.731  1.599   441.20    -1.00    -1.00    -1.00    -1.00  0 -7.36e-06      1.02 6.557e-01 3.232e-01 7.156e-03 2.506e-03 5.968e-03  8.532 2.116e-02 -5.598 7.326 2.898 -0.158 -2.246 -3.933 -6.493 -7.867 -8.838
0.0152 0.01508 8.69897 2.9235060215 2.5940159811    1.262  4.159  3.3461 -1.284    8  0.731  1.601   436.09    -1.00    -1.00    -1.00    -1.00  0 -7.08e-06      0.95 6.556e-01 3.232e-01 7.168e-03 2.506e-03 5.968e-03  8.534 2.117e-02 -5.628 7.077 2.705 -0.322 -2.385 -4.056 -6.580 -7.933 -8.878
0.0152 0.01508 8.69897 2.9235153198 2.5940161461    1.228  4.162  3.3432 -1.310    8  0.732  1.605   430.14    -1.00    -1.00    -1.00    -1.00  0 -6.64e-06      0.87 6.556e-01 3.232e-01 7.183e-03 2.506e-03 5.968e-03  8.537 2.119e-02 -5.636 6.821 2.512 -0.482 -2.518 -4.171 -6.653 -7.981 -8.897
0.0152 0.01508 8.69897 2.9235260487 2.5940163366    1.190  4.162  3.3419 -1.329    8  0.733  1.609   423.34    -1.00    -1.00    -1.00    -1.00  0 -6.09e-06      0.77 6.555e-01 3.233e-01 7.201e-03 2.505e-03 5.968e-03  8.540 2.121e-02 -5.636 6.524 2.291 -0.664 -2.667 -4.299 -6.731 -8.030 -8.911
0.0152 0.01508 8.69897 2.9235262871 2.5940163408    1.189  4.321  3.3099 -1.616    8  0.733  1.627   423.23    -1.00    -1.00    -1.00    -1.00  0 -8.76e-06      0.83 6.553e-01 3.234e-01 7.284e-03 2.504e-03 5.967e-03  8.553 2.130e-02 -6.032 6.302 2.025 -0.953 -2.975 -4.620 -7.081 -8.398 -9.299
0.0152 0.01508 8.69897 2.9235267639 2.5940163493    1.187  4.225  3.3284 -1.447    8  0.733  1.628   422.89    -1.00    -1.00    -1.00    -1.00  0 -6.98e-06      0.80 6.553e-01 3.234e-01 7.284e-03 2.504e-03 5.967e-03  8.553 2.130e-02 -5.791 6.461 2.205 -0.763 -2.776 -4.414 -6.862 -8.171 -9.062
0.0152 0.01508 8.69897 2.9235279560 2.5940163704    1.183  4.114  3.3488 -1.256    8  0.733  1.628   422.19    -1.00    -1.00    -1.00    -1.00  0 -4.89e-06      0.66 6.553e-01 3.234e-01 7.285e-03 2.504e-03 5.967e-03  8.553 2.130e-02 -5.516 6.310 2.163 -0.749 -2.714 -4.322 -6.698 -7.965 -8.806
0.0152 0.01508 8.69897 2.9235301018 2.5940164085    1.177  3.992  3.3702 -1.051    8  0.733  1.628   421.03    -1.00    -1.00    -1.00    -1.00  0 -7.11e-06      1.52 6.553e-01 3.235e-01 7.287e-03 2.504e-03 5.967e-03  8.553 2.130e-02 -5.211 9.258 4.436 1.176 -1.083 -2.878 -5.693 -7.212 -8.345
0.0152 0.01508 8.69897 2.9235329628 2.5940164593    1.167  4.019  3.3610 -1.118    8  0.733  1.629   419.36    -1.00    -1.00    -1.00    -1.00  0 -2.68e-06      0.41 6.552e-01 3.235e-01 7.289e-03 2.504e-03 5.967e-03  8.554 2.130e-02 -5.278 5.739 1.801 -1.006 -2.881 -4.430 -6.670 -7.856 -8.591
0.0152 0.01508 8.69897 2.9235367775 2.5940165270    1.155  4.071  3.3462 -1.234    8  0.734  1.629   417.13    -1.00    -1.00    -1.00    -1.00  0 -3.68e-06      0.51 6.552e-01 3.235e-01 7.292e-03 2.504e-03 5.967e-03  8.554 2.131e-02 -5.409 5.926 1.906 -0.942 -2.853 -4.425 -6.719 -7.937 -8.716
0.0152 0.01508 8.69897 2.9235417843 2.5940166159    1.139  4.114  3.3328 -1.336    8  0.734  1.630   414.28    -1.00    -1.00    -1.00    -1.00  0 -4.37e-06      0.55 6.552e-01 3.235e-01 7.297e-03 2.504e-03 5.967e-03  8.555 2.131e-02 -5.516 5.935 1.884 -0.979 -2.902 -4.483 -6.796 -8.026 -8.821
0.0152 0.01508 8.69897 2.9235479832 2.5940167260    1.120  4.139  3.3232 -1.407    8  0.734  1.632   410.80    -1.00    -1.00    -1.00    -1.00  0 -4.74e-06      0.56 6.552e-01 3.235e-01 7.302e-03 2.504e-03 5.967e-03  8.556 2.132e-02 -5.578 5.905 1.846 -1.021 -2.948 -4.531 -6.850 -8.084 -8.883
0.0152 0.01508 8.69897 2.9235553741 2.5940168572    1.098  4.149  3.3173 -1.449    8  0.735  1.633   406.65    -1.00    -1.00    -1.00    -1.00  0 -4.62e-06      0.53 6.552e-01 3.235e-01 7.308e-03 2.504e-03 5.967e-03  8.557 2.132e-02 -5.603 5.795 1.758 -1.098 -3.016 -4.592 -6.897 -8.121 -8.909
0.0152 0.01508 8.69897 2.9235641956 2.5940170137    1.072  4.150  3.3146 -1.472    8  0.736  1.635   401.80    -1.00    -1.00    -1.00    -1.00  0 -4.26e-06      0.48 6.552e-01 3.235e-01 7.315e-03 2.504e-03 5.967e-03  8.558 2.133e-02 -5.606 5.647 1.648 -1.190 -3.091 -4.657 -6.937 -8.147 -8.914
0.0152 0.01508 8.69897 2.9235744476 2.5940171957    1.043  4.148  3.3153 -1.479    8  0.736  1.637   396.26    -1.00    -1.00    -1.00    -1.00  0 -3.85e-06      0.43 6.551e-01 3.235e-01 7.324e-03 2.504e-03 5.967e-03  8.559 2.134e-02 -5.601 5.493 1.535 -1.282 -3.165 -4.720 -6.973 -8.166 -8.912
0.0152 0.01508 8.69897 2.9235746861 2.5940172000    1.042  4.308  3.2870 -1.753    8  0.736  1.655   396.17    -1.00    -1.00    -1.00    -1.00  0 -5.53e-06      0.45 6.549e-01 3.237e-01 7.405e-03 2.503e-03 5.966e-03  8.572 2.143e-02 -6.001 5.162 1.186 -1.640 -3.531 -5.091 -7.355 -8.556 -9.311
0.0152 0.01508 8.69897 2.9235751629 2.5940172084    1.041  4.213  3.3033 -1.593    8  0.736  1.655   395.87    -1.00    -1.00    -1.00    -1.00  0 -4.42e-06      0.44 6.549e-01 3.237e-01 7.404e-03 2.503e-03 5.966e-03  8.571 2.143e-02 -5.763 5.364 1.397 -1.424 -3.311 -4.868 -7.127 -8.323 -9.074
0.0152 0.01508 8.69897 2.9235763550 2.5940172296    1.038  4.104  3.3214 -1.413    8  0.737  1.654   395.25    -1.00    -1.00    -1.00    -1.00  0 -2.99e-06      0.36 6.549e-01 3.237e-01 7.402e-03 2.503e-03 5.966e-03  8.571 2.143e-02 -5.491 5.382 1.481 -1.307 -3.166 -4.704 -6.920 -8.090 -8.805
0.0152 0.01508 8.69897 2.9235782623 2.5940172634    1.032  3.982  3.3410 -1.215    8  0.737  1.654   394.24    -1.00    -1.00    -1.00    -1.00  0  -8.1e-06      1.76 6.549e-01 3.237e-01 7.400e-03 2.503e-03 5.966e-03  8.571 2.142e-02 -5.186 10.025 5.014 1.657 -0.685 -2.531 -5.469 -7.057 -8.265
0.0152 0.01508 8.69897 2.9235811234 2.5940173142    1.025  4.010  3.3340 -1.273    8  0.737  1.653   392.76    -1.00    -1.00    -1.00    -1.00  0  -1.5e-06      0.18 6.549e-01 3.237e-01 7.397e-03 2.503e-03 5.966e-03  8.570 2.142e-02 -5.255 5.054 1.298 -1.416 -3.212 -4.708 -6.828 -7.941 -8.575
0.0152 0.01508 8.69897 2.9235849380 2.5940173819    1.014  4.062  3.3229 -1.374    8  0.737  1.652   390.80    -1.00    -1.00    -1.00    -1.00  0 -2.15e-06      0.24 6.549e-01 3.237e-01 7.393e-03 2.503e-03 5.966e-03  8.570 2.142e-02 -5.385 5.093 1.293 -1.443 -3.258 -4.767 -6.916 -8.045 -8.705
0.0152 0.01508 8.69897 2.9235897064 2.5940174666    1.002  4.105  3.3140 -1.458    8  0.738  1.651   388.29    -1.00    -1.00    -1.00    -1.00  0 -2.58e-06      0.28 6.549e-01 3.237e-01 7.390e-03 2.503e-03 5.966e-03  8.569 2.141e-02 -5.491 5.114 1.282 -1.472 -3.301 -4.819 -6.989 -8.132 -8.810
0.0152 0.01508 8.69897 2.9235956669 2.5940175724    0.986  4.130  3.3094 -1.509    8  0.738  1.651   378.00    -1.00    -1.00    -1.00    -1.00  0 -1.18e-05      1.88 6.549e-01 3.237e-01 7.389e-03 2.503e-03 5.966e-03  8.569 2.141e-02 -5.555 10.040 4.931 1.523 -0.862 -2.734 -5.734 -7.358 -8.605
0.0152 0.01508 8.69897 2.9236030579 2.5940177036    0.967  4.141  3.3094 -1.528    8  0.739  1.652   365.11    -1.00    -1.00    -1.00    -1.00  0 -1.15e-05      1.77 6.549e-01 3.237e-01 7.391e-03 2.503e-03 5.966e-03  8.569 2.141e-02 -5.581 9.690 4.664 1.298 -1.051 -2.901 -5.848 -7.442 -8.656
0.0152 0.01508 8.69897 2.9236116409 2.5940178559    0.945  4.143  3.3141 -1.521    8  0.739  1.653   350.50    -1.00    -1.00    -1.00    -1.00  0 -1.08e-05      1.65 6.549e-01 3.237e-01 7.398e-03 2.503e-03 5.966e-03  8.571 2.142e-02 -5.588 9.305 4.375 1.060 -1.247 -3.071 -5.956 -7.515 -8.690
0.0152 0.01508 8.69897 2.9236214161 2.5940180295    0.921  4.143  3.3240 -1.493    8  0.740  1.657   334.30    -1.00    -1.00    -1.00    -1.00  0 -1.07e-05      1.66 6.548e-01 3.237e-01 7.413e-03 2.503e-03 5.966e-03  8.573 2.144e-02 -5.587 9.334 4.396 1.077 -1.232 -3.058 -5.948 -7.509 -8.688
0.0152 0.01508 8.69897 2.9236214161 2.5940180295    0.920  4.305  3.3008 -1.748    8  0.740  1.657   334.00    -1.00    -1.00    -1.00    -1.00  0 -1.55e-05      1.75 6.548e-01 3.237e-01 7.414e-03 2.503e-03 5.966e-03  8.573 2.144e-02 -5.992 9.211 4.202 0.846 -1.495 -3.341 -6.277 -7.864 -9.071
0.0152 0.01508 8.69897 2.9236221313 2.5940180422    0.919  4.211  3.3146 -1.599    8  0.740  1.657   333.25    -1.00    -1.00    -1.00    -1.00  0 -1.24e-05      1.69 6.548e-01 3.237e-01 7.414e-03 2.503e-03 5.966e-03  8.573 2.144e-02 -5.757 9.257 4.296 0.965 -1.355 -3.187 -6.092 -7.662 -8.850
0.0152 0.01508 8.69897 2.9236230850 2.5940180591    0.917  4.103  3.3303 -1.429    8  0.740  1.657   331.70    -1.00    -1.00    -1.00    -1.00  0 -9.61e-06      1.61 6.548e-01 3.237e-01 7.416e-03 2.503e-03 5.966e-03  8.573 2.144e-02 -5.487 9.278 4.381 1.082 -1.210 -3.025 -5.889 -7.436 -8.599
0.0152 0.01508 8.69897 2.9236249924 2.5940180929    0.913  3.981  3.3478 -1.239    8  0.740  1.658   329.15    -1.00    -1.00    -1.00    -1.00  0 -6.91e-06      1.44 6.548e-01 3.237e-01 7.419e-03 2.503e-03 5.966e-03  8.574 2.144e-02 -5.182 9.044 4.283 1.056 -1.176 -2.954 -5.729 -7.226 -8.334
0.0152 0.01508 8.69897 2.9236276150 2.5940181395    0.907  4.009  3.3446 -1.282    8  0.741  1.659   325.49    -1.00    -1.00    -1.00    -1.00  0 -7.48e-06      1.49 6.548e-01 3.237e-01 7.423e-03 2.503e-03 5.966e-03  8.574 2.145e-02 -5.251 9.134 4.333 1.085 -1.165 -2.954 -5.756 -7.267 -8.391
0.0152 0.01508 8.69897 2.9236311913 2.5940182030    0.900  4.060  3.3393 -1.359    8  0.741  1.660   320.64    -1.00    -1.00    -1.00    -1.00  0  -8.2e-06      1.47 6.548e-01 3.237e-01 7.429e-03 2.503e-03 5.966e-03  8.575 2.146e-02 -5.380 8.956 4.167 0.926 -1.319 -3.104 -5.898 -7.405 -8.523
0.0152 0.01508 8.69897 2.9236359596 2.5940182876    0.890  4.102  3.3374 -1.413    8  0.741  1.662   314.53    -1.00    -1.00    -1.00    -1.00  0 -8.72e-06      1.44 6.548e-01 3.238e-01 7.436e-03 2.503e-03 5.966e-03  8.576 2.146e-02 -5.486 8.747 3.985 0.757 -1.477 -3.255 -6.031 -7.528 -8.637
0.0152 0.01508 8.69897 2.9236414433 2.5940183850    0.879  4.127  3.3404 -1.432    8  0.742  1.664   307.14    -1.00    -1.00    -1.00    -1.00  0 -8.83e-06      1.38 6.547e-01 3.238e-01 7.445e-03 2.503e-03 5.966e-03  8.577 2.147e-02 -5.548 8.511 3.793 0.588 -1.626 -3.392 -6.140 -7.621 -8.712
0.0152 0.01508 8.69897 2.9236483574 2.5940185077    0.865  4.138  3.3489 -1.416    8  0.742  1.666   298.49    -1.00    -1.00    -1.00    -1.00  0 -8.56e-06      1.31 6.547e-01 3.238e-01 7.455e-03 2.502e-03 5.966e-03  8.579 2.148e-02 -5.576 8.245 3.587 0.414 -1.774 -3.523 -6.232 -7.691 -8.757
0.0152 0.01508 8.69897 2.9236564636 2.5940186516    0.849  4.142  3.3631 -1.370    8  0.743  1.669   288.60    -1.00    -1.00    -1.00    -1.00  0 -8.04e-06      1.21 6.547e-01 3.238e-01 7.468e-03 2.502e-03 5.966e-03  8.581 2.150e-02 -5.585 7.941 3.359 0.224 -1.930 -3.660 -6.319 -7.751 -8.788
0.0152 0.01508 8.69897 2.9236657619 2.5940188166    0.831  4.143  3.3841 -1.297    8  0.744  1.672   277.53    -1.00    -1.00    -1.00    -1.00  0 -7.08e-06      1.05 6.546e-01 3.239e-01 7.482e-03 2.502e-03 5.966e-03  8.583 2.151e-02 -5.587 7.449 2.992 -0.078 -2.178 -3.873 -6.452 -7.837 -8.821
0.0152 0.01508 8.69897 2.9236657619 2.5940188166    0.831  4.306  3.3710 -1.513    8  0.744  1.672   277.36    -1.00    -1.00    -1.00    -1.00  0 -1.08e-05      1.23 6.546e-01 3.239e-01 7.482e-03 2.502e-03 5.966e-03  8.583 2.151e-02 -5.995 7.579 2.984 -0.156 -2.316 -4.049 -6.717 -8.153 -9.194
0.0152 0.01508 8.69897 2.9236664772 2.5940188293    0.830  4.213  3.3790 -1.388    8  0.744  1.672   276.88    -1.00    -1.00    -1.00    -1.00  0 -8.65e-06      1.14 6.546e-01 3.239e-01 7.482e-03 2.502e-03 5.966e-03  8.583 2.151e-02 -5.762 7.561 3.030 -0.077 -2.209 -3.925 -6.551 -7.964 -8.980
0.0152 0.01508 8.69897 2.9236674309 2.5940188462    0.828  4.106  3.3888 -1.243    8  0.744  1.672   275.87    -1.00    -1.00    -1.00    -1.00  0 -6.12e-06      0.97 6.546e-01 3.239e-01 7.482e-03 2.502e-03 5.966e-03  8.583 2.151e-02 -5.494 7.297 2.903 -0.135 -2.208 -3.886 -6.424 -7.785 -8.740
0.0152 0.01508 8.69897 2.9236690998 2.5940188759    0.825  3.983  3.4013 -1.071    8  0.744  1.672   274.22    -1.00    -1.00    -1.00    -1.00  0 -3.54e-06      0.64 6.546e-01 3.239e-01 7.482e-03 2.502e-03 5.966e-03  8.583 2.151e-02 -5.188 6.572 2.442 -0.461 -2.419 -4.022 -6.388 -7.648 -8.481
0.0152 0.01508 8.69897 2.9236717224 2.5940189224    0.821  4.010  3.4026 -1.095    8  0.744  1.672   271.86    -1.00    -1.00    -1.00    -1.00  0 -3.84e-06      0.68 6.546e-01 3.239e-01 7.482e-03 2.502e-03 5.966e-03  8.583 2.151e-02 -5.256 6.615 2.457 -0.461 -2.431 -4.042 -6.426 -7.698 -8.544
0.0152 0.01508 8.69897 2.9236750603 2.5940189817    0.816  4.060  3.4038 -1.143    8  0.745  1.672   268.70    -1.00    -1.00    -1.00    -1.00  0 -3.93e-06      0.61 6.546e-01 3.239e-01 7.482e-03 2.502e-03 5.966e-03  8.583 2.151e-02 -5.381 6.276 2.173 -0.717 -2.663 -4.259 -6.607 -7.858 -8.679
0.0152 0.01508 8.69897 2.9236793518 2.5940190578    0.809  4.101  3.4088 -1.167    8  0.745  1.672   264.71    -1.00    -1.00    -1.00    -1.00  0 -3.88e-06      0.55 6.546e-01 3.239e-01 7.482e-03 2.502e-03 5.966e-03  8.583 2.151e-02 -5.481 5.983 1.929 -0.936 -2.860 -4.442 -6.758 -7.989 -8.786
0.0152 0.01508 8.69897 2.9236845970 2.5940191509    0.801  4.124  3.4200 -1.150    8  0.746  1.672   259.87    -1.00    -1.00    -1.00    -1.00  0 -3.21e-06      0.43 6.546e-01 3.239e-01 7.482e-03 2.502e-03 5.966e-03  8.583 2.151e-02 -5.540 5.436 1.533 -1.267 -3.132 -4.673 -6.910 -8.105 -8.841
0.0152 0.01508 8.69897 2.9236910343 2.5940192652    0.791  4.133  3.4392 -1.088    8  0.746  1.672   254.16    -1.00    -1.00    -1.00    -1.00  0 -6.65e-06      0.94 6.546e-01 3.239e-01 7.482e-03 2.502e-03 5.966e-03  8.583 2.151e-02 -5.563 6.460 2.367 -0.554 -2.493 -4.076 -6.505 -7.870 -8.778
0.0152 0.01508 8.69897 2.9236984253 2.5940193964    0.780  4.135  3.4683 -0.980    8  0.747  1.672   247.58    -1.00    -1.00    -1.00    -1.00  0 -3.66e-06      0.39 6.546e-01 3.239e-01 7.482e-03 2.502e-03 5.966e-03  8.583 2.151e-02 -5.568 3.911 0.518 -2.025 -3.610 -4.935 -6.943 -8.128 -8.779
0.0152 0.01508 8.69897 2.9237072468 2.5940195530    0.767  4.134  3.5098 -0.820    8  0.747  1.672   240.17    -1.00    -1.00    -1.00    -1.00  0 -6.73e-07      0.05 6.546e-01 3.239e-01 7.482e-03 2.502e-03 5.966e-03  8.583 2.151e-02 -5.565 1.619 -1.227 -3.364 -4.586 -5.612 -7.209 -8.181 -8.588
0.0152 0.01508 8.69897 2.9237358570 2.5940200608    0.750 -9.999  4.0000  1.148    9  0.750  0.000     0.00     0.00     0.00     0.00     0.00 -1    -1e-30      0.00 6.546e-01 3.239e-01 7.482e-03 2.502e-03 5.966e-03  8.583 2.151e-02 29.767 29.720 29.983 30.032 30.020 30.018 30.066 30.065 30.082
#isochrone terminated
