# File generated by CMD 3.9 (http://stev.oapd.inaf.it/cmd) on Wed May  6 22:05:05 UTC 2026
# isochrones based on PARSEC release v1.2S +  COLIBRI S_37 + S_35 + PR16
# Basic references: Bressan et al. (2012), MNRAS, 427, 127 + Chen et al. (2014, 2015), MNRAS, 444, 2525 + MNRAS, 452, 1068 + Tang et al. (2014), MNRAS, 445, 4287 + Marigo et al. (2017), ApJ, 835, 77 + Pastorelli al. (2019), MNRAS, 485, 5666 + Pastorelli al. (2020), MNRAS, in press
# Thermal pulse cycles included 
# On RGB, assumed Reimers mass loss with efficiency eta=0.2
# LPV periods and growth rates added cf. Trabucchi et al. (2019)
# but fundamental-mode LPV periods + transition are from Trabucchi et al. (2021)
# Photometric system: <i>UBVRIJHK</i> (cf. Maiz-Apellaniz 2006 + Bessell 1990)
# Using YBC version of bolometric corrections as in Chen et al. (2019)
# O-rich circumstellar dpmod60alox40 dust from Groenewegen (2006)
# C-rich circumstellar AMCSIC15 dust from Groenewegen (2006)
# IMF: Kroupa (2001, 2002) + Kroupa et al. (2013) canonical two-part-power law IMF corrected for unresolved binaries 
# Kind of output: isochrone tables
# Zini     MH   logAge Mini        int_IMF         Mass   logL    logTe  logg  label   McoreTP C_O  period0  period1  period2  period3  period4  pmode  Mloss  tau1m   X   Y   Xc  Xn  Xo  Cexcess  Z 	 mbolmag  Umag    Bmag    Vmag    Rmag    Imag    Jmag    Hmag    Kmag
0.06 0.69525 9.30103 0.1000000015 1.1711064122    0.100 -3.262  3.3617  5.099    0  0.000  0.545     0.00     0.00     0.00     0.00     0.00 -1 -6.14e-17      0.00 5.837e-01 3.563e-01 1.079e-02 2.911e-03 2.640e-02 -1.000 6.000e-02 12.925 21.357 19.335 17.679 15.701 13.524 10.819 10.239 9.887
0.06 0.69525 9.30103 0.1199999973 1.3193154249    0.120 -3.055  3.3836  5.058    0  0.000  0.545     0.00     0.00     0.00     0.00     0.00 -1 -9.46e-17      0.00 5.836e-01 3.564e-01 1.079e-02 2.911e-03 2.640e-02 -1.000 6.000e-02 12.407 20.760 18.785 17.144 15.178 13.006 10.302 9.725 9.369
0.06 0.69525 9.30103 0.1400000006 1.4384526719    0.140 -2.895  3.3992  5.028    0  0.000  0.545     0.00     0.00     0.00     0.00     0.00 -1 -1.31e-16      0.00 5.836e-01 3.564e-01 1.079e-02 2.911e-03 2.640e-02 -1.000 6.000e-02 12.008 20.299 18.360 16.730 14.773 12.606 9.903 9.328 8.970
0.06 0.69525 9.30103 0.1599999964 1.5372931554    0.160 -2.765  3.4110  5.003    0  0.000  0.545     0.00     0.00     0.00     0.00     0.00 -1  -1.7e-16      0.00 5.834e-01 3.566e-01 1.079e-02 2.911e-03 2.640e-02 -1.000 6.000e-02 11.683 19.927 18.015 16.395 14.445 12.281 9.579 9.005 8.645
0.06 0.69525 9.30103 0.2000000030 1.6938790862    0.200 -2.559  3.4287  4.965    0  0.000  0.545     0.00     0.00     0.00     0.00     0.00 -1 -2.56e-16      0.00 5.833e-01 3.567e-01 1.079e-02 2.911e-03 2.640e-02 -1.000 6.000e-02 11.167 18.754 17.042 15.479 13.663 11.590 9.085 8.514 8.161
0.06 0.69525 9.30103 0.2189398110 1.7544438354    0.219 -2.471  3.4374  4.951    0  0.000  0.545     0.00     0.00     0.00     0.00     0.00 -1 -3.04e-16      0.00 5.832e-01 3.568e-01 1.079e-02 2.911e-03 2.640e-02 -1.000 6.000e-02 10.948 18.121 16.519 14.994 13.263 11.252 8.883 8.311 7.967
0.06 0.69525 9.30103 0.2750858068 1.9001424273    0.275 -2.254  3.4570  4.911    1  0.000  0.545     0.00     0.00     0.00     0.00     0.00 -1 -4.68e-16      0.00 5.829e-01 3.571e-01 1.079e-02 2.911e-03 2.640e-02 -1.000 6.000e-02 10.405 16.754 15.357 13.894 12.331 10.469 8.379 7.805 7.481
0.06 0.69525 9.30103 0.2882909477 1.9288516935    0.288 -2.214  3.4605  4.905    0  0.000  0.545     0.00     0.00     0.00     0.00     0.00 -1 -5.06e-16      0.00 5.829e-01 3.571e-01 1.079e-02 2.911e-03 2.640e-02 -1.000 6.000e-02 10.304 16.524 15.156 13.700 12.164 10.330 8.285 7.710 7.389
0.06 0.69525 9.30103 0.2946369946 1.9420472685    0.295 -2.191  3.4619  4.898    0  0.000  0.545     0.00     0.00     0.00     0.00     0.00 -1  -5.3e-16      0.00 5.830e-01 3.570e-01 1.079e-02 2.911e-03 2.640e-02 -1.000 6.000e-02 10.248 16.415 15.060 13.609 12.084 10.260 8.233 7.657 7.338
0.06 0.69525 9.30103 0.3000000417 1.9529140366    0.300 -2.176  3.4632  4.895    0  0.000  0.545     0.00     0.00     0.00     0.00     0.00 -1 -5.46e-16      0.00 5.831e-01 3.569e-01 1.079e-02 2.911e-03 2.640e-02 -1.000 6.000e-02 10.209 16.331 14.985 13.538 12.023 10.208 8.196 7.620 7.302
0.06 0.69525 9.30103 0.3385685682 2.0242736959    0.339 -2.047  3.4734  4.860    0  0.000  0.545     0.00     0.00     0.00     0.00     0.00 -1 -7.19e-16      0.00 5.837e-01 3.563e-01 1.079e-02 2.911e-03 2.640e-02 -1.000 6.000e-02 9.888 15.666 14.397 12.979 11.535 9.791 7.895 7.315 7.010
0.06 0.69525 9.30103 0.3499999940 2.0434174644    0.350 -2.012  3.4762  4.851    0  0.000  0.545     0.00     0.00     0.00     0.00     0.00 -1 -7.76e-16      0.00 5.839e-01 3.561e-01 1.079e-02 2.911e-03 2.640e-02 -1.000 6.000e-02 9.799 15.490 14.240 12.830 11.404 9.679 7.813 7.230 6.929
0.06 0.69525 9.30103 0.3539519906 2.0498475411    0.354 -1.999  3.4774  4.847    0  0.000  0.545     0.00     0.00     0.00     0.00     0.00 -1 -7.98e-16      0.00 5.839e-01 3.561e-01 1.079e-02 2.911e-03 2.640e-02 -1.000 6.000e-02 9.767 15.420 14.178 12.770 11.352 9.636 7.783 7.200 6.900
0.06 0.69525 9.30103 0.3613654673 2.0616614992    0.361 -1.975  3.4797  4.841    0  0.000  0.545     0.00     0.00     0.00     0.00     0.00 -1  -8.4e-16      0.00 5.839e-01 3.561e-01 1.079e-02 2.911e-03 2.640e-02 -1.000 6.000e-02 9.707 15.292 14.063 12.661 11.257 9.557 7.728 7.143 6.846
0.06 0.69525 9.30103 0.4000000060 2.1185024399    0.400 -1.861  3.4910  4.817    1  0.000  0.545     0.00     0.00     0.00     0.00     0.00 -1 -1.07e-15      0.00 5.839e-01 3.561e-01 1.079e-02 2.911e-03 2.640e-02 -1.000 6.000e-02 9.422 14.718 13.535 12.145 10.803 9.187 7.470 6.874 6.591
0.06 0.69525 9.30103 0.4500000179 2.1822809362    0.450 -1.713  3.5056  4.779    0  0.000  0.545     0.00     0.00     0.00     0.00     0.00 -1 -1.48e-15      0.00 5.840e-01 3.560e-01 1.079e-02 2.911e-03 2.640e-02 -1.000 6.000e-02 9.053 14.035 12.895 11.543 10.273 8.733 7.133 6.517 6.254
0.06 0.69525 9.30103 0.5320239663 2.2681950523    0.532 -1.464  3.5339  4.715    0  0.000  0.545     0.00     0.00     0.00     0.00     0.00 -1  -2.6e-15      0.00 5.885e-01 3.522e-01 1.067e-02 2.880e-03 2.611e-02 -1.000 5.935e-02 8.429 12.974 11.834 10.532 9.382 7.976 6.579 5.917 5.683
0.06 0.69525 9.30103 0.5414640903 2.2764627634    0.541 -1.436  3.5371  4.708    0  0.000  0.545     0.00     0.00     0.00     0.00     0.00 -1 -2.77e-15      0.00 5.891e-01 3.516e-01 1.066e-02 2.875e-03 2.607e-02 -1.000 5.933e-02 8.360 12.866 11.720 10.424 9.286 7.894 6.518 5.850 5.620
0.06 0.69525 9.30103 0.5500000715 2.2836583126    0.550 -1.412  3.5401  4.702    0  0.000  0.545     0.00     0.00     0.00     0.00     0.00 -1 -2.93e-15      0.00 5.895e-01 3.512e-01 1.065e-02 2.872e-03 2.605e-02 -1.000 5.928e-02 8.299 12.771 11.619 10.328 9.202 7.820 6.464 5.791 5.564
0.06 0.69525 9.30103 0.5580751896 2.2902328844    0.558 -1.385  3.5438  4.697    0  0.000  0.545     0.00     0.00     0.00     0.00     0.00 -1  -3.1e-15      0.00 5.897e-01 3.510e-01 1.064e-02 2.871e-03 2.604e-02 -1.000 5.924e-02 8.233 12.667 11.503 10.216 9.104 7.740 6.408 5.731 5.507
0.06 0.69525 9.30103 0.5671876073 2.2973940586    0.567 -1.356  3.5480  4.692    0  0.000  0.545     0.00     0.00     0.00     0.00     0.00 -1 -3.31e-15      0.00 5.899e-01 3.509e-01 1.063e-02 2.869e-03 2.602e-02 -1.000 5.914e-02 8.161 12.551 11.374 10.090 8.996 7.651 6.346 5.663 5.444
0.06 0.69525 9.30103 0.5956500769 2.3181482875    0.595 -1.269  3.5608  4.677    1  0.000  0.545     0.00     0.00     0.00     0.00     0.00 -1 -4.02e-15      0.00 5.903e-01 3.506e-01 1.063e-02 2.868e-03 2.601e-02 -1.000 5.907e-02 7.942 12.216 10.982 9.697 8.651 7.383 6.162 5.463 5.259
0.06 0.69525 9.30103 0.6000000238 2.3211213258    0.600 -1.256  3.5627  4.675    1  0.000  0.545     0.00     0.00     0.00     0.00     0.00 -1 -4.14e-15      0.00 5.903e-01 3.506e-01 1.062e-02 2.867e-03 2.601e-02 -1.000 5.907e-02 7.910 12.168 10.923 9.635 8.597 7.343 6.135 5.435 5.232
0.06 0.69525 9.30103 0.6499999762 2.3520353107    0.650 -1.098  3.5896  4.660    1  0.000  0.545     0.00     0.00     0.00     0.00     0.00 -1 -5.82e-15      0.00 5.910e-01 3.499e-01 1.061e-02 2.862e-03 2.596e-02 -1.000 5.904e-02 7.515 11.559 10.168 8.859 7.911 6.862 5.817 5.106 4.935
0.06 0.69525 9.30103 0.6887632012 2.3724837772    0.689 -0.980  3.6102  4.649    1  0.000  0.545     0.00     0.00     0.00     0.00     0.00 -1  -7.5e-15      0.00 5.917e-01 3.494e-01 1.060e-02 2.858e-03 2.593e-02 -1.000 5.891e-02 7.221 11.086 9.608 8.305 7.410 6.522 5.576 4.882 4.734
0.06 0.69525 9.30103 0.7000000477 2.3779267258    0.700 -0.947  3.6160  4.646    1  0.000  0.545     0.00     0.00     0.00     0.00     0.00 -1 -8.05e-15      0.00 5.918e-01 3.493e-01 1.059e-02 2.857e-03 2.592e-02 -1.000 5.887e-02 7.138 10.948 9.454 8.158 7.276 6.432 5.509 4.818 4.678
0.06 0.69525 9.30103 0.7439527512 2.3974126799    0.744 -0.807  3.6467  4.655    1  0.000  0.538     0.00     0.00     0.00     0.00     0.00 -1 -1.07e-14      0.00 5.923e-01 3.488e-01 1.045e-02 2.851e-03 2.590e-02 -1.000 5.884e-02 6.787 10.168 8.722 7.492 6.679 6.050 5.246 4.604 4.496
0.06 0.69525 9.30103 0.7500000000 2.3998889087    0.750 -0.788  3.6507  4.656    1  0.000  0.537     0.00     0.00     0.00     0.00     0.00 -1 -1.11e-14      0.00 5.924e-01 3.488e-01 1.044e-02 2.850e-03 2.589e-02 -1.000 5.881e-02 6.740 10.046 8.624 7.408 6.605 6.001 5.211 4.579 4.475
0.06 0.69525 9.30103 0.7956522107 2.4171943591    0.795 -0.673  3.6664  4.629    1  0.000  0.537     0.00     0.00     0.00     0.00     0.00 -1 -1.45e-14      0.00 5.933e-01 3.480e-01 1.041e-02 2.844e-03 2.583e-02 -1.000 5.871e-02 6.453 9.421 8.134 6.985 6.234 5.702 4.972 4.389 4.294
0.06 0.69525 9.30103 0.8413043618 2.4323579464    0.841 -0.560  3.6823  4.604    1  0.000  0.537     0.00     0.00     0.00     0.00     0.00 -1 -1.88e-14      0.00 5.944e-01 3.470e-01 1.039e-02 2.837e-03 2.577e-02 -1.000 5.854e-02 6.170 8.787 7.655 6.582 5.891 5.411 4.737 4.205 4.118
0.06 0.69525 9.30103 0.8535540700 2.4361106673    0.853 -0.530  3.6865  4.596    1  0.000  0.537     0.00     0.00     0.00     0.00     0.00 -1 -2.02e-14      0.00 5.947e-01 3.468e-01 1.038e-02 2.835e-03 2.575e-02 -1.000 5.850e-02 6.094 8.624 7.532 6.478 5.804 5.334 4.675 4.155 4.071
0.06 0.69525 9.30103 0.8869565725 2.4457406105    0.886 -0.449  3.6976  4.577    1  0.000  0.537     0.00     0.00     0.00     0.00     0.00 -1 -2.44e-14      0.00 5.956e-01 3.460e-01 1.036e-02 2.829e-03 2.570e-02 -1.000 5.839e-02 5.893 8.190 7.211 6.208 5.575 5.132 4.510 4.024 3.945
0.06 0.69525 9.30103 0.9080886841 2.4514140226    0.907 -0.399  3.7043  4.564    1  0.000  0.537     0.00     0.00     0.00     0.00     0.00 -1 -2.75e-14      0.00 5.963e-01 3.454e-01 1.034e-02 2.825e-03 2.566e-02 -1.000 5.830e-02 5.767 7.929 7.018 6.044 5.436 5.006 4.408 3.940 3.864
0.06 0.69525 9.30103 0.9326086640 2.4576278163    0.932 -0.342  3.7118  4.548    1  0.000  0.537     0.00     0.00     0.00     0.00     0.00 -1 -3.15e-14      0.00 5.970e-01 3.448e-01 1.032e-02 2.820e-03 2.561e-02 -1.000 5.822e-02 5.624 7.638 6.803 5.861 5.279 4.865 4.291 3.845 3.772
0.06 0.69525 9.30103 0.9604668021 2.4642466818    0.960 -0.277  3.7198  4.529    1  0.000  0.537     0.00     0.00     0.00     0.00     0.00 -1 -3.68e-14      0.00 5.981e-01 3.439e-01 1.030e-02 2.813e-03 2.555e-02 -1.000 5.809e-02 5.463 7.328 6.571 5.662 5.106 4.707 4.159 3.734 3.666
0.06 0.69525 9.30103 0.9782608747 2.4682482635    0.978 -0.237  3.7248  4.517    1  0.000  0.537     0.00     0.00     0.00     0.00     0.00 -1 -4.06e-14      0.00 5.987e-01 3.433e-01 1.028e-02 2.808e-03 2.551e-02 -1.000 5.800e-02 5.363 7.139 6.429 5.540 4.999 4.608 4.077 3.665 3.599
0.06 0.69525 9.30103 0.9950212836 2.4718672572    0.994 -0.199  3.7293  4.504    1  0.000  0.537     0.00     0.00     0.00     0.00     0.00 -1 -4.39e-14      0.00 5.995e-01 3.426e-01 1.026e-02 2.803e-03 2.547e-02 -1.000 5.790e-02 5.268 6.967 6.298 5.427 4.899 4.516 3.999 3.599 3.535
0.06 0.69525 9.30103 1.0239129066 2.4777869913    1.023 -0.135  3.7366  4.482    1  0.000  0.537     0.00     0.00     0.00     0.00     0.00 -1 -5.03e-14      0.00 6.008e-01 3.414e-01 1.023e-02 2.795e-03 2.539e-02 -1.000 5.772e-02 5.109 6.683 6.081 5.239 4.733 4.362 3.868 3.486 3.425
0.06 0.69525 9.30103 1.0585055351 2.4843882614    1.058 -0.060  3.7446  4.453    1  0.000  0.537     0.00     0.00     0.00     0.00     0.00 -1 -5.76e-14      0.00 6.025e-01 3.400e-01 1.020e-02 2.785e-03 2.530e-02 -1.000 5.755e-02 4.921 6.360 5.833 5.023 4.540 4.182 3.713 3.350 3.293
0.06 0.69525 9.30103 1.0695651770 2.4863954431    1.069 -0.037  3.7471  4.444    1  0.000  0.537     0.00     0.00     0.00     0.00     0.00 -1 -6.01e-14      0.00 6.030e-01 3.395e-01 1.018e-02 2.781e-03 2.527e-02 -1.000 5.749e-02 4.862 6.259 5.756 4.955 4.480 4.126 3.664 3.307 3.252
0.06 0.69525 9.30103 1.0817400217 2.4885505315    1.081 -0.011  3.7496  4.433    1  0.000  0.537     0.00     0.00     0.00     0.00     0.00 -1 -6.29e-14      0.00 6.036e-01 3.390e-01 1.017e-02 2.778e-03 2.524e-02 -1.000 5.743e-02 4.798 6.153 5.674 4.883 4.415 4.066 3.611 3.260 3.206
0.06 0.69525 9.30103 1.1152173281 2.4941984324    1.114  0.057  3.7562  4.405    1  0.000  0.537     0.00     0.00     0.00     0.00     0.00 -1  -7.1e-14      0.00 6.051e-01 3.377e-01 1.014e-02 2.770e-03 2.517e-02 -1.000 5.725e-02 4.627 5.876 5.455 4.691 4.243 3.904 3.469 3.133 3.083
0.06 0.69525 9.30103 1.1172223091 2.4945243562    1.116  0.061  3.7566  4.403    1  0.000  0.537     0.00     0.00     0.00     0.00     0.00 -1 -7.15e-14      0.00 6.052e-01 3.375e-01 1.014e-02 2.769e-03 2.516e-02 -1.000 5.724e-02 4.617 5.860 5.443 4.680 4.232 3.895 3.460 3.126 3.076
0.06 0.69525 9.30103 1.1608695984 2.5012998952    1.160  0.147  3.7639  4.364    1  0.000  0.537     0.00     0.00     0.00     0.00     0.00 -1 -8.26e-14      0.00 6.081e-01 3.351e-01 1.007e-02 2.753e-03 2.502e-02 -1.000 5.684e-02 4.404 5.538 5.179 4.446 4.019 3.694 3.280 2.962 2.916
0.06 0.69525 9.30103 1.2006150484 2.5069794722    1.200  0.220  3.7697  4.327    1  0.000  0.537     0.00     0.00     0.00     0.00     0.00 -1  -9.3e-14      0.00 6.114e-01 3.322e-01 1.001e-02 2.734e-03 2.485e-02 -1.000 5.649e-02 4.219 5.273 4.955 4.246 3.835 3.520 3.122 2.817 2.773
0.06 0.69525 9.30103 1.2065217495 2.5077868843    1.206  0.231  3.7705  4.322    1  0.000  0.537     0.00     0.00     0.00     0.00     0.00 -1 -9.46e-14      0.00 6.118e-01 3.317e-01 9.996e-03 2.731e-03 2.483e-02 -1.000 5.644e-02 4.192 5.235 4.922 4.217 3.809 3.495 3.098 2.795 2.752
0.06 0.69525 9.30103 1.2325348854 2.5112370789    1.232  0.278  3.7738  4.298    1  0.000  0.537     0.00     0.00     0.00     0.00     0.00 -1 -1.01e-13      0.00 6.146e-01 3.293e-01 9.935e-03 2.716e-03 2.469e-02 -1.000 5.613e-02 4.075 5.075 4.784 4.092 3.693 3.385 2.998 2.702 2.660
0.06 0.69525 9.30103 1.2521737814 2.5137329177    1.252  0.313  3.7761  4.279    1  0.000  0.536     0.00     0.00     0.00     0.00     0.00 -1 -1.07e-13      0.00 6.167e-01 3.274e-01 9.890e-03 2.704e-03 2.458e-02 -1.000 5.590e-02 3.989 4.958 4.681 4.000 3.607 3.303 2.922 2.632 2.591
0.06 0.69525 9.30103 1.2978260517 2.5192004941    1.298  0.391  3.7809  4.236    1  0.000  0.536     0.00     0.00     0.00     0.00     0.00 -1 -1.19e-13      0.00 6.230e-01 3.219e-01 9.754e-03 2.667e-03 2.425e-02 -1.000 5.515e-02 3.792 4.700 4.452 3.793 3.413 3.117 2.749 2.470 2.431
0.06 0.69525 9.30103 1.3045717478 2.5199711663    1.304  0.403  3.7815  4.229    1  0.000  0.536     0.00     0.00     0.00     0.00     0.00 -1  -1.2e-13      0.00 6.233e-01 3.216e-01 9.749e-03 2.666e-03 2.424e-02 -1.000 5.513e-02 3.764 4.664 4.420 3.763 3.384 3.090 2.724 2.446 2.408
0.06 0.69525 9.30103 1.3434782028 2.5242429455    1.343  0.468  3.7849  4.190    1  0.000  0.536     0.00     0.00     0.00     0.00     0.00 -1  -1.3e-13      0.00 6.253e-01 3.197e-01 9.715e-03 2.657e-03 2.417e-02 -1.000 5.499e-02 3.601 4.463 4.235 3.593 3.223 2.935 2.577 2.307 2.270
0.06 0.69525 9.30103 1.3467708826 2.5245914644    1.347  0.473  3.7851  4.186    1  0.000  0.536     0.00     0.00     0.00     0.00     0.00 -1 -1.31e-13      0.00 6.253e-01 3.197e-01 9.715e-03 2.657e-03 2.417e-02 -1.000 5.499e-02 3.587 4.446 4.220 3.579 3.210 2.922 2.565 2.295 2.258
0.06 0.69525 9.30103 1.3891304731 2.5289061702    1.389  0.541  3.7876  4.142    1  0.000  0.536     0.00     0.00     0.00     0.00     0.00 -1 -1.39e-13      0.00 6.254e-01 3.196e-01 9.716e-03 2.657e-03 2.417e-02 -1.000 5.500e-02 3.417 4.249 4.033 3.403 3.041 2.758 2.407 2.143 2.107
0.06 0.69525 9.30103 1.4042384624 2.5303728198    1.404  0.565  3.7882  4.125    1  0.000  0.536     0.00     0.00     0.00     0.00     0.00 -1 -1.42e-13      0.00 6.254e-01 3.196e-01 9.717e-03 2.657e-03 2.417e-02 -1.000 5.500e-02 3.358 4.182 3.970 3.342 2.982 2.700 2.351 2.088 2.052
0.06 0.69525 9.30103 1.4315425158 2.5329333483    1.431  0.607  3.7888  4.094    1  0.000  0.536     0.00     0.00     0.00     0.00     0.00 -1 -1.46e-13      0.00 6.253e-01 3.197e-01 9.721e-03 2.657e-03 2.418e-02 -1.000 5.499e-02 3.252 4.070 3.859 3.235 2.877 2.596 2.249 1.988 1.952
0.06 0.69525 9.30103 1.4347825050 2.5332297594    1.435  0.612  3.7889  4.090    1  0.000  0.536     0.00     0.00     0.00     0.00     0.00 -1 -1.46e-13      0.00 6.253e-01 3.197e-01 9.721e-03 2.657e-03 2.419e-02 -1.000 5.500e-02 3.240 4.057 3.847 3.223 2.865 2.584 2.236 1.976 1.940
0.06 0.69525 9.30103 1.4576051235 2.5352748308    1.457  0.647  3.7891  4.064    1  0.000  0.536     0.00     0.00     0.00     0.00     0.00 -1 -1.47e-13      0.00 6.250e-01 3.199e-01 9.727e-03 2.658e-03 2.419e-02 -1.000 5.505e-02 3.154 3.969 3.758 3.136 2.779 2.498 2.152 1.892 1.856
0.06 0.69525 9.30103 1.4799083471 2.5372034404    1.480  0.680  3.7890  4.036    1  0.000  0.536     0.00     0.00     0.00     0.00     0.00 -1 -1.48e-13      0.00 6.247e-01 3.202e-01 9.735e-03 2.659e-03 2.420e-02 -1.000 5.508e-02 3.071 3.888 3.676 3.053 2.696 2.415 2.068 1.808 1.772
0.06 0.69525 9.30103 1.4804346561 2.5372481451    1.480  0.680  3.7890  4.036    1  0.000  0.536     0.00     0.00     0.00     0.00     0.00 -1 -1.48e-13      0.00 6.247e-01 3.202e-01 9.735e-03 2.659e-03 2.420e-02 -1.000 5.508e-02 3.069 3.887 3.674 3.051 2.694 2.413 2.066 1.806 1.770
0.06 0.69525 9.30103 1.4979721308 2.5387171444    1.498  0.706  3.7887  4.014    1  0.000  0.536     0.00     0.00     0.00     0.00     0.00 -1 -1.46e-13      0.00 6.242e-01 3.207e-01 9.745e-03 2.661e-03 2.422e-02 -1.000 5.513e-02 3.005 3.826 3.611 2.987 2.630 2.348 2.000 1.740 1.703
0.06 0.69525 9.30103 1.5248740911 2.5408952014    1.524  0.745  3.7876  3.978    1  0.000  0.537     0.00     0.00     0.00     0.00     0.00 -1 -1.44e-13      0.00 6.233e-01 3.215e-01 9.764e-03 2.666e-03 2.425e-02 -1.000 5.520e-02 2.908 3.742 3.521 2.892 2.532 2.249 1.898 1.635 1.598
0.06 0.69525 9.30103 1.5260870457 2.5409913270    1.526  0.747  3.7875  3.977    1  0.000  0.537     0.00     0.00     0.00     0.00     0.00 -1 -1.43e-13      0.00 6.232e-01 3.215e-01 9.765e-03 2.666e-03 2.426e-02 -1.000 5.520e-02 2.904 3.739 3.517 2.888 2.528 2.245 1.893 1.631 1.594
0.06 0.69525 9.30103 1.5477437973 2.5426784836    1.547  0.777  3.7862  3.947    1  0.000  0.537     0.00     0.00     0.00     0.00     0.00 -1 -1.36e-13      0.00 6.225e-01 3.222e-01 9.780e-03 2.671e-03 2.430e-02 -1.000 5.530e-02 2.827 3.677 3.447 2.813 2.450 2.165 1.811 1.546 1.508
0.06 0.69525 9.30103 1.5698128939 2.5443428073    1.569  0.808  3.7846  3.916    1  0.000  0.537     0.00     0.00     0.00     0.00     0.00 -1 -1.29e-13      0.00 6.217e-01 3.229e-01 9.797e-03 2.676e-03 2.434e-02 -1.000 5.540e-02 2.751 3.620 3.381 2.740 2.373 2.085 1.726 1.457 1.419
0.06 0.69525 9.30103 1.5717389584 2.5444855119    1.571  0.810  3.7844  3.913    1  0.000  0.537     0.00     0.00     0.00     0.00     0.00 -1 -1.29e-13      0.00 6.216e-01 3.230e-01 9.799e-03 2.677e-03 2.434e-02 -1.000 5.541e-02 2.744 3.616 3.375 2.733 2.366 2.078 1.718 1.450 1.411
0.06 0.69525 9.30103 1.5818498135 2.5452280874    1.581  0.824  3.7835  3.899    1  0.000  0.537     0.00     0.00     0.00     0.00     0.00 -1 -1.21e-13      0.00 6.214e-01 3.232e-01 9.803e-03 2.678e-03 2.435e-02 -1.000 5.543e-02 2.709 3.591 3.345 2.700 2.331 2.041 1.679 1.409 1.370
0.06 0.69525 9.30103 1.6005178690 2.5465708242    1.600  0.849  3.7815  3.871    1  0.000  0.537     0.00     0.00     0.00     0.00     0.00 -1 -1.09e-13      0.00 6.210e-01 3.236e-01 9.814e-03 2.680e-03 2.438e-02 -1.000 5.549e-02 2.647 3.552 3.295 2.641 2.267 1.974 1.606 1.331 1.291
0.06 0.69525 9.30103 1.6173913479 2.5477538624    1.617  0.872  3.7791  3.844    1  0.000  0.537     0.00     0.00     0.00     0.00     0.00 -1 -9.89e-14      0.00 6.205e-01 3.240e-01 9.825e-03 2.683e-03 2.441e-02 -1.000 5.555e-02 2.591 3.525 3.255 2.591 2.211 1.914 1.540 1.260 1.219
0.06 0.69525 9.30103 1.6203931570 2.5479613595    1.620  0.875  3.7787  3.839    1  0.000  0.537     0.00     0.00     0.00     0.00     0.00 -1 -4.94e-14      0.00 6.204e-01 3.240e-01 9.826e-03 2.683e-03 2.441e-02 -1.000 5.556e-02 2.581 3.520 3.248 2.582 2.201 1.903 1.528 1.247 1.205
0.06 0.69525 9.30103 1.6380231380 2.5491623831    1.637  0.898  3.7760  3.810    1  0.000  0.537     0.00     0.00     0.00     0.00     0.00 -1 -8.63e-16      0.00 6.200e-01 3.244e-01 9.834e-03 2.686e-03 2.443e-02 -1.000 5.560e-02 2.525 3.497 3.209 2.531 2.144 1.841 1.458 1.171 1.129
0.06 0.69525 9.30103 1.6545405388 2.5502609478    1.654  0.919  3.7733  3.783    1  0.000  0.537     0.00     0.00     0.00     0.00     0.00 -1 -2.01e-17      0.00 6.196e-01 3.248e-01 9.844e-03 2.689e-03 2.446e-02 -1.000 5.563e-02 2.473 3.478 3.175 2.486 2.091 1.783 1.393 1.100 1.056
0.06 0.69525 9.30103 1.6630434990 2.5508167011    1.662  0.930  3.7718  3.768    1  0.000  0.537     0.00     0.00     0.00     0.00     0.00 -1 -2.95e-18      0.00 6.194e-01 3.249e-01 9.847e-03 2.690e-03 2.447e-02 -1.000 5.564e-02 2.446 3.470 3.159 2.462 2.065 1.754 1.359 1.062 1.018
0.06 0.69525 9.30103 1.6643537283 2.5509017571    1.664  0.931  3.7716  3.766    1  0.000  0.537     0.00     0.00     0.00     0.00     0.00 -1 -1.28e-18      0.00 6.194e-01 3.250e-01 9.848e-03 2.690e-03 2.447e-02 -1.000 5.564e-02 2.442 3.469 3.156 2.459 2.060 1.749 1.354 1.056 1.012
0.06 0.69525 9.30103 1.6827374697 2.5520791295    1.682  0.955  3.7680  3.733    1  0.000  0.537     0.00     0.00     0.00     0.00     0.00 -1 -1.13e-23      0.00 6.184e-01 3.258e-01 9.869e-03 2.697e-03 2.452e-02 -1.000 5.580e-02 2.382 3.454 3.121 2.408 2.001 1.683 1.277 0.972 0.926
0.06 0.69525 9.30103 1.6993046999 2.5531151064    1.698  0.981  3.7653  3.700    1  0.000  0.537     0.00     0.00     0.00     0.00     0.00 -1 -3.48e-28      0.00 6.178e-01 3.263e-01 9.881e-03 2.701e-03 2.456e-02 -1.000 5.588e-02 2.318 3.423 3.074 2.350 1.936 1.614 1.200 0.889 0.842
0.06 0.69525 9.30103 1.7077119350 2.5536319921    1.707  0.997  3.7644  3.683    1  0.000  0.537     0.00     0.00     0.00     0.00     0.00 -1 -1.84e-30      0.00 6.177e-01 3.264e-01 9.882e-03 2.702e-03 2.456e-02 -1.000 5.585e-02 2.278 3.394 3.040 2.313 1.897 1.572 1.157 0.843 0.795
0.06 0.69525 9.30103 1.7086954117 2.5536920753    1.708  1.000  3.7647  3.681    1  0.000  0.537     0.00     0.00     0.00     0.00     0.00 -1    -1e-30      0.00 6.178e-01 3.264e-01 9.882e-03 2.702e-03 2.456e-02 -1.000 5.585e-02 2.269 3.382 3.029 2.303 1.888 1.564 1.149 0.836 0.788
0.06 0.69525 9.30103 1.7119644880 2.5538912212    1.711  1.013  3.7655  3.673    1  0.000  0.537     0.00     0.00     0.00     0.00     0.00 -1    -1e-30      0.00 6.177e-01 3.264e-01 9.883e-03 2.702e-03 2.456e-02 -1.000 5.586e-02 2.238 3.340 2.992 2.270 1.857 1.534 1.122 0.811 0.764
0.06 0.69525 9.30103 1.7184575796 2.5542841853    1.717  1.062  3.7721  3.651    1  0.000  0.537     0.00     0.00     0.00     0.00     0.00 -1    -1e-30      0.00 6.176e-01 3.265e-01 9.886e-03 2.703e-03 2.456e-02 -1.000 5.591e-02 2.115 3.138 2.824 2.129 1.733 1.423 1.029 0.734 0.689
0.06 0.69525 9.30103 1.7199167013 2.5543720224    1.719  1.098  3.7784  3.641    1  0.000  0.537     0.00     0.00     0.00     0.00     0.00 -1    -1e-30      0.00 6.175e-01 3.266e-01 9.887e-03 2.703e-03 2.456e-02 -1.000 5.592e-02 2.025 2.973 2.689 2.023 1.644 1.346 0.969 0.690 0.647
0.06 0.69525 9.30103 1.7204818726 2.5544059989    1.719  1.135  3.7847  3.629    1  0.000  0.537     0.00     0.00     0.00     0.00     0.00 -1    -1e-30      0.00 6.175e-01 3.266e-01 9.888e-03 2.703e-03 2.457e-02 -1.000 5.592e-02 1.933 2.811 2.555 1.917 1.554 1.268 0.909 0.644 0.604
0.06 0.69525 9.30103 1.7207368612 2.5544213197    1.720  1.171  3.7905  3.616    1  0.000  0.537     0.00     0.00     0.00     0.00     0.00 -1    -1e-30      0.00 6.175e-01 3.266e-01 9.888e-03 2.703e-03 2.457e-02 -1.000 5.592e-02 1.842 2.659 2.426 1.814 1.465 1.190 0.846 0.594 0.557
0.06 0.69525 9.30103 1.7209174633 2.5544321679    1.720  1.204  3.7957  3.605    1  0.000  0.537     0.00     0.00     0.00     0.00     0.00 -1    -1e-30      0.00 6.175e-01 3.266e-01 9.888e-03 2.703e-03 2.457e-02 -1.000 5.592e-02 1.761 2.529 2.313 1.724 1.388 1.122 0.792 0.552 0.516
0.06 0.69525 9.30103 1.7209445238 2.5544337931    1.720  1.192  3.7943  3.610    1  0.000  0.537     0.00     0.00     0.00     0.00     0.00 -1    -1e-30      0.00 6.175e-01 3.266e-01 9.888e-03 2.703e-03 2.457e-02 -1.000 5.592e-02 1.789 2.570 2.349 1.754 1.415 1.147 0.813 0.570 0.534
0.06 0.69525 9.30103 1.7210375071 2.5544393771    1.720  1.160  3.7890  3.621    2  0.000  0.537     0.00     0.00     0.00     0.00     0.00 -1    -1e-30      0.00 6.175e-01 3.266e-01 9.888e-03 2.703e-03 2.457e-02 -1.000 5.592e-02 1.869 2.702 2.464 1.844 1.492 1.214 0.866 0.611 0.572
0.06 0.69525 9.30103 1.7211544514 2.5544463990    1.720  1.148  3.7812  3.602    2  0.000  0.537     0.00     0.00     0.00     0.00     0.00 -1    -1e-30      0.00 6.175e-01 3.266e-01 9.888e-03 2.703e-03 2.457e-02 -1.000 5.593e-02 1.899 2.816 2.544 1.890 1.518 1.226 0.857 0.584 0.543
0.06 0.69525 9.30103 1.7213451862 2.5544578494    1.720  1.157  3.7721  3.557    2  0.000  0.537     0.00     0.00     0.00     0.00     0.00 -1    -1e-30      0.00 6.175e-01 3.266e-01 9.889e-03 2.703e-03 2.457e-02 -1.000 5.592e-02 1.878 2.903 2.586 1.892 1.497 1.187 0.792 0.498 0.453
0.06 0.69525 9.30103 1.7217161655 2.5544801120    1.721  1.159  3.7611  3.511    2  0.000  0.537     0.00     0.00     0.00     0.00     0.00 -1    -1e-30      0.00 6.171e-01 3.270e-01 9.896e-03 2.705e-03 2.459e-02 -1.000 5.594e-02 1.872 3.029 2.654 1.914 1.492 1.162 0.736 0.415 0.366
0.06 0.69525 9.30103 1.7222651243 2.5545130349    1.721  1.146  3.7502  3.480    2  0.000  0.537     0.00     0.00     0.00     0.00     0.00 -1    -1e-30      0.00 6.134e-01 3.302e-01 9.977e-03 2.727e-03 2.478e-02 -1.000 5.636e-02 1.904 3.205 2.764 1.980 1.530 1.179 0.720 0.371 0.318
0.06 0.69525 9.30103 1.7228852510 2.5545501970    1.722  1.123  3.7406  3.465    2  0.000  0.537     0.00     0.00     0.00     0.00     0.00 -1    -1e-30      0.00 6.054e-01 3.373e-01 1.016e-02 2.775e-03 2.521e-02 -1.000 5.735e-02 1.962 3.398 2.892 2.071 1.596 1.227 0.738 0.364 0.306
0.06 0.69525 9.30103 1.7233799696 2.5545798218    1.722  1.100  3.7337  3.461    2  0.000  0.537     0.00     0.00     0.00     0.00     0.00 -1    -1e-30      0.00 6.005e-01 3.416e-01 1.027e-02 2.805e-03 2.548e-02 -1.000 5.792e-02 2.020 3.559 3.000 2.153 1.661 1.281 0.769 0.377 0.317
0.06 0.69525 9.30103 1.7238736153 2.5546093628    1.723  1.072  3.7270  3.462    2  0.000  0.537     0.00     0.00     0.00     0.00     0.00 -1    -1e-30      0.00 5.970e-01 3.446e-01 1.035e-02 2.827e-03 2.568e-02 -1.000 5.837e-02 2.089 3.733 3.120 2.246 1.738 1.347 0.813 0.404 0.341
0.06 0.69525 9.30103 1.7243661880 2.5546388202    1.723  1.043  3.7203  3.465    2  0.000  0.537     0.00     0.00     0.00     0.00     0.00 -1    -1e-30      0.00 5.943e-01 3.470e-01 1.041e-02 2.844e-03 2.584e-02 -1.000 5.872e-02 2.163 3.913 3.245 2.346 1.820 1.418 0.862 0.435 0.369
0.06 0.69525 9.30103 1.7248576880 2.5546681942    1.724  1.015  3.7137  3.467    2  0.000  0.538     0.00     0.00     0.00     0.00     0.00 -1    -1e-30      0.00 5.922e-01 3.489e-01 1.046e-02 2.857e-03 2.595e-02 -1.000 5.896e-02 2.234 4.097 3.370 2.445 1.902 1.488 0.910 0.466 0.396
0.06 0.69525 9.30103 1.7255928516 2.5547120946    1.725  0.986  3.7042  3.458    2  0.000  0.538     0.00     0.00     0.00     0.00     0.00 -1    -1e-30      0.00 5.898e-01 3.509e-01 1.051e-02 2.871e-03 2.607e-02 -1.000 5.928e-02 2.305 4.342 3.524 2.560 1.991 1.559 0.949 0.478 0.404
0.06 0.69525 9.30103 1.7257150412 2.5547193870    1.725  0.984  3.7026  3.454    2  0.000  0.538     0.00     0.00     0.00     0.00     0.00 -1    -1e-30      0.00 5.895e-01 3.512e-01 1.052e-02 2.873e-03 2.609e-02 -1.000 5.930e-02 2.311 4.377 3.543 2.573 1.999 1.565 0.949 0.474 0.399
0.06 0.69525 9.30103 1.7264338732 2.5547622636    1.725  1.003  3.6943  3.401    3  0.000  0.535     0.00     0.00     0.00     0.00     0.00 -1    -1e-30      0.00 5.875e-01 3.530e-01 1.049e-02 2.907e-03 2.617e-02 -1.000 5.949e-02 2.262 4.493 3.575 2.567 1.968 1.517 0.872 0.374 0.294
0.06 0.69525 9.30103 1.7270303965 2.5547978136    1.726  1.048  3.6881  3.331    3  0.000  0.508     0.00     0.00     0.00     0.00     0.00 -1    -1e-30      0.00 5.856e-01 3.547e-01 9.994e-03 3.346e-03 2.622e-02 -1.000 5.966e-02 2.150 4.509 3.527 2.490 1.872 1.408 0.740 0.225 0.141
0.06 0.69525 9.30103 1.7274199724 2.5548210153    1.726  1.089  3.6842  3.275    3  0.000  0.468     0.00     0.00     0.00     0.00     0.00 -1    -1e-30      0.00 5.841e-01 3.560e-01 9.219e-03 4.233e-03 2.624e-02 -1.000 5.986e-02 2.047 4.485 3.463 2.409 1.779 1.306 0.624 0.098 0.012
0.06 0.69525 9.30103 1.7277473211 2.5548405017    1.727  1.130  3.6811  3.222    3  0.000  0.439     0.00     0.00     0.00     0.00     0.00 -1    -1e-30      0.00 5.829e-01 3.571e-01 8.641e-03 4.946e-03 2.626e-02 -1.000 6.001e-02 1.945 4.446 3.393 2.324 1.686 1.206 0.513 -0.022 -0.110
0.06 0.69525 9.30103 1.7280464172 2.5548582988    1.727  1.171  3.6783  3.170    3  0.000  0.421     0.00     0.00     0.00     0.00     0.00 -1    -1e-30      0.00 5.819e-01 3.580e-01 8.289e-03 5.388e-03 2.627e-02 -1.000 6.010e-02 1.843 4.406 3.323 2.240 1.593 1.106 0.402 -0.140 -0.230
0.06 0.69525 9.30103 1.7283267975 2.5548749758    1.727  1.211  3.6757  3.119    3  0.000  0.409     0.00     0.00     0.00     0.00     0.00 -1    -1e-30      0.00 5.809e-01 3.589e-01 8.062e-03 5.680e-03 2.629e-02 -1.000 6.017e-02 1.743 4.365 3.253 2.156 1.501 1.008 0.294 -0.256 -0.347
0.06 0.69525 9.30103 1.7285978794 2.5548910938    1.728  1.251  3.6731  3.069    3  0.000  0.400     0.00     0.00     0.00     0.00     0.00 -1    -1e-30      0.00 5.800e-01 3.598e-01 7.906e-03 5.893e-03 2.632e-02 -1.000 6.027e-02 1.643 4.322 3.182 2.071 1.408 0.910 0.186 -0.372 -0.465
0.06 0.69525 9.30103 1.7288603783 2.5549066960    1.728  1.291  3.6706  3.019    3  0.000  0.395     0.00     0.00     0.00     0.00     0.00 -1    -1e-30      0.00 5.789e-01 3.607e-01 7.795e-03 6.057e-03 2.634e-02 -1.000 6.040e-02 1.543 4.279 3.110 1.987 1.316 0.812 0.078 -0.486 -0.581
0.06 0.69525 9.30103 1.7291187048 2.5549220449    1.728  1.330  3.6682  2.970    3  0.000  0.391     0.00     0.00     0.00     0.00     0.00 -1    -1e-30      0.00 5.774e-01 3.621e-01 7.709e-03 6.200e-03 2.631e-02 -1.000 6.049e-02 1.444 4.237 3.041 1.905 1.227 0.716 -0.027 -0.599 -0.695
0.06 0.69525 9.30103 1.7293767929 2.5549373743    1.728  1.370  3.6658  2.921    3  0.000  0.388     0.00     0.00     0.00     0.00     0.00 -1    -1e-30      0.00 5.759e-01 3.636e-01 7.637e-03 6.331e-03 2.624e-02 -1.000 6.050e-02 1.346 4.196 2.971 1.823 1.137 0.620 -0.132 -0.711 -0.810
0.06 0.69525 9.30103 1.7296335697 2.5549526206    1.729  1.409  3.6633  2.872    3  0.000  0.386     0.00     0.00     0.00     0.00     0.00 -1    -1e-30      0.00 5.744e-01 3.651e-01 7.579e-03 6.449e-03 2.616e-02 -1.000 6.050e-02 1.247 4.155 2.901 1.741 1.047 0.524 -0.238 -0.824 -0.925
0.06 0.69525 9.30103 1.7298866510 2.5549676425    1.729  1.449  3.6609  2.823    3  0.000  0.385     0.00     0.00     0.00     0.00     0.00 -1    -1e-30      0.00 5.730e-01 3.665e-01 7.534e-03 6.549e-03 2.610e-02 -1.000 6.050e-02 1.148 4.114 2.831 1.660 0.958 0.428 -0.343 -0.937 -1.039
0.06 0.69525 9.30103 1.7301387787 2.5549826026    1.729  1.488  3.6584  2.773    3  0.000  0.384     0.00     0.00     0.00     0.00     0.00 -1    -1e-30      0.00 5.718e-01 3.677e-01 7.497e-03 6.636e-03 2.604e-02 -1.000 6.050e-02 1.049 4.077 2.763 1.579 0.869 0.332 -0.449 -1.050 -1.154
0.06 0.69525 9.30103 1.7303886414 2.5549974235    1.729  1.528  3.6559  2.723    3  0.000  0.383     0.00     0.00     0.00     0.00     0.00 -1    -1e-30      0.00 5.707e-01 3.688e-01 7.468e-03 6.706e-03 2.599e-02 -1.000 6.050e-02 0.949 4.041 2.695 1.498 0.780 0.235 -0.556 -1.165 -1.271
0.06 0.69525 9.30103 1.7306318283 2.5550118436    1.730  1.568  3.6533  2.673    3  0.000  0.383     0.00     0.00     0.00     0.00     0.00 -1    -1e-30      0.00 5.699e-01 3.696e-01 7.447e-03 6.760e-03 2.595e-02 -1.000 6.054e-02 0.849 4.008 2.628 1.418 0.691 0.139 -0.663 -1.279 -1.387
0.06 0.69525 9.30103 1.7309136391 2.5550285482    1.730  1.615  3.6502  2.614    3  0.000  0.382     0.00     0.00     0.00     0.00     0.00 -1    -1e-30      0.00 5.691e-01 3.704e-01 7.427e-03 6.811e-03 2.591e-02 -1.000 6.050e-02 0.733 3.969 2.549 1.324 0.587 0.026 -0.788 -1.413 -1.524
0.06 0.69525 9.30103 1.7311530113 2.5550427323    1.730  1.655  3.6475  2.563    3  0.000  0.382     0.00     0.00     0.00     0.00     0.00 -1    -1e-30      0.00 5.686e-01 3.709e-01 7.415e-03 6.843e-03 2.589e-02 -1.000 6.050e-02 0.632 3.939 2.484 1.246 0.501 -0.071 -0.895 -1.529 -1.642
0.06 0.69525 9.30103 1.7314031124 2.5550575473    1.730  1.698  3.6446  2.508    3  0.000  0.382     0.00     0.00     0.00     0.00     0.00 -1    -1e-30      0.00 5.683e-01 3.711e-01 7.406e-03 6.864e-03 2.588e-02 -1.000 6.054e-02 0.525 3.909 2.415 1.163 0.408 -0.174 -1.010 -1.653 -1.769
0.06 0.69525 9.30103 1.7316210270 2.5550704516    1.731  1.737  3.6419  2.459    3  0.000  0.382     0.00     0.00     0.00     0.00     0.00 -1    -1e-30      0.00 5.682e-01 3.713e-01 7.403e-03 6.874e-03 2.587e-02 -1.000 6.055e-02 0.428 3.894 2.359 1.089 0.325 -0.266 -1.114 -1.763 -1.882
0.06 0.69525 9.30103 1.7318414450 2.5550835005    1.731  1.776  3.6391  2.409    3  0.000  0.381     0.00     0.00     0.00     0.00     0.00 -1    -1e-30      0.00 5.681e-01 3.714e-01 7.402e-03 6.877e-03 2.587e-02 -1.000 6.054e-02 0.330 3.882 2.304 1.016 0.242 -0.361 -1.220 -1.877 -1.998
0.06 0.69525 9.30103 1.7320866585 2.5550980127    1.731  1.820  3.6360  2.353    3  0.000  0.381     0.00     0.00     0.00     0.00     0.00 -1    -1e-30      0.00 5.681e-01 3.714e-01 7.401e-03 6.879e-03 2.587e-02 -1.000 6.051e-02 0.221 3.868 2.244 0.936 0.152 -0.467 -1.338 -2.003 -2.127
0.06 0.69525 9.30103 1.7323448658 2.5551132889    1.731  1.866  3.6327  2.293    3  0.000  0.381     0.00     0.00     0.00     0.00     0.00 -1    -1e-30      0.00 5.681e-01 3.714e-01 7.401e-03 6.880e-03 2.587e-02 -1.000 6.050e-02 0.105 3.856 2.181 0.852 0.056 -0.578 -1.463 -2.136 -2.264
0.06 0.69525 9.30103 1.7325694561 2.5551265719    1.731  1.907  3.6297  2.241    3  0.000  0.381     0.00     0.00     0.00     0.00     0.00 -1    -1e-30      0.00 5.681e-01 3.714e-01 7.401e-03 6.880e-03 2.587e-02 -1.000 6.050e-02 0.004 3.847 2.127 0.780 -0.027 -0.675 -1.572 -2.253 -2.384
0.06 0.69525 9.30103 1.7328180075 2.5551412674    1.732  1.949  3.6266  2.186    3  0.000  0.381     0.00     0.00     0.00     0.00     0.00 -1    -1e-30      0.00 5.681e-01 3.714e-01 7.401e-03 6.880e-03 2.587e-02 -1.000 6.050e-02 -0.103 3.833 2.071 0.707 -0.108 -0.777 -1.688 -2.377 -2.511
0.06 0.69525 9.30103 1.7331321239 2.5551598326    1.732  1.989  3.6237  2.134    3  0.000  0.381     0.00     0.00     0.00     0.00     0.00 -1    -1e-30      0.00 5.681e-01 3.714e-01 7.401e-03 6.881e-03 2.587e-02 -1.000 6.050e-02 -0.202 3.823 2.020 0.639 -0.185 -0.871 -1.795 -2.491 -2.628
0.06 0.69525 9.30103 1.7333166599 2.5551707355    1.732  2.006  3.6224  2.112    3  0.000  0.381     0.00     0.00     0.00     0.00     0.00 -1    -1e-30      0.00 5.681e-01 3.714e-01 7.400e-03 6.881e-03 2.587e-02 -1.000 6.050e-02 -0.245 3.819 1.999 0.611 -0.217 -0.912 -1.841 -2.540 -2.678
0.06 0.69525 9.30103 1.7334640026 2.5551794391    1.732  1.990  3.6236  2.133    3  0.000  0.381     0.00     0.00     0.00     0.00     0.00 -1    -1e-30      0.00 5.681e-01 3.714e-01 7.400e-03 6.882e-03 2.587e-02 -1.000 6.050e-02 -0.204 3.821 2.018 0.637 -0.187 -0.874 -1.797 -2.494 -2.630
0.06 0.69525 9.30103 1.7336592674 2.5551909708    1.733  1.957  3.6262  2.177    3  0.000  0.381     0.00     0.00     0.00     0.00     0.00 -1    -1e-30      0.00 5.681e-01 3.714e-01 7.400e-03 6.882e-03 2.587e-02 -1.000 6.050e-02 -0.122 3.826 2.059 0.692 -0.125 -0.795 -1.708 -2.398 -2.532
0.06 0.69525 9.30103 1.7337751389 2.5551978124    1.733  1.919  3.6291  2.226    3  0.000  0.381     0.00     0.00     0.00     0.00     0.00 -1    -1e-30      0.00 5.681e-01 3.714e-01 7.400e-03 6.882e-03 2.587e-02 -1.000 6.050e-02 -0.028 3.834 2.106 0.755 -0.054 -0.705 -1.606 -2.288 -2.420
0.06 0.69525 9.30103 1.7338709831 2.5552034707    1.733  1.881  3.6320  2.276    3  0.000  0.381     0.00     0.00     0.00     0.00     0.00 -1    -1e-30      0.00 5.681e-01 3.714e-01 7.400e-03 6.882e-03 2.587e-02 -1.000 6.050e-02 0.068 3.842 2.156 0.822 0.023 -0.614 -1.502 -2.177 -2.305
0.06 0.69525 9.30103 1.7339594364 2.5552086920    1.733  1.843  3.6348  2.325    3  0.000  0.381     0.00     0.00     0.00     0.00     0.00 -1    -1e-30      0.00 5.681e-01 3.714e-01 7.400e-03 6.883e-03 2.587e-02 -1.000 6.050e-02 0.162 3.849 2.205 0.889 0.100 -0.524 -1.400 -2.068 -2.194
0.06 0.69525 9.30103 1.7340544462 2.5552142996    1.733  1.804  3.6377  2.375    3  0.000  0.381     0.00     0.00     0.00     0.00     0.00 -1    -1e-30      0.00 5.681e-01 3.714e-01 7.400e-03 6.883e-03 2.587e-02 -1.000 6.050e-02 0.259 3.857 2.257 0.959 0.180 -0.430 -1.295 -1.955 -2.077
0.06 0.69525 9.30103 1.7341564894 2.5552203216    1.733  1.767  3.6405  2.424    3  0.000  0.381     0.00     0.00     0.00     0.00     0.00 -1    -1e-30      0.00 5.681e-01 3.714e-01 7.400e-03 6.883e-03 2.587e-02 -1.000 6.050e-02 0.353 3.867 2.307 1.027 0.257 -0.340 -1.193 -1.846 -1.966
0.06 0.69525 9.30103 1.7342816591 2.5552277073    1.733  1.729  3.6432  2.472    3  0.000  0.381     0.00     0.00     0.00     0.00     0.00 -1    -1e-30      0.00 5.681e-01 3.714e-01 7.400e-03 6.883e-03 2.587e-02 -1.000 6.050e-02 0.447 3.875 2.359 1.096 0.337 -0.250 -1.092 -1.738 -1.855
0.06 0.69525 9.30103 1.7344352007 2.5552367654    1.733  1.765  3.6406  2.426    3  0.000  0.381     0.00     0.00     0.00     0.00     0.00 -1    -1e-30      0.00 5.681e-01 3.714e-01 7.400e-03 6.884e-03 2.587e-02 -1.000 6.050e-02 0.357 3.867 2.309 1.029 0.260 -0.336 -1.188 -1.841 -1.961
0.06 0.69525 9.30103 1.7347006798 2.5552524228    1.734  1.813  3.6372  2.364    3  0.000  0.381     0.00     0.00     0.00     0.00     0.00 -1    -1e-30      0.00 5.681e-01 3.714e-01 7.400e-03 6.884e-03 2.587e-02 -1.000 6.050e-02 0.237 3.851 2.242 0.941 0.160 -0.452 -1.319 -1.980 -2.103
0.06 0.69525 9.30103 1.7349392176 2.5552664866    1.734  1.850  3.6345  2.317    3  0.000  0.381     0.00     0.00     0.00     0.00     0.00 -1    -1e-30      0.00 5.680e-01 3.715e-01 7.400e-03 6.885e-03 2.587e-02 -1.000 6.050e-02 0.145 3.841 2.192 0.874 0.085 -0.540 -1.418 -2.086 -2.212
0.06 0.69525 9.30103 1.7352300882 2.5552836298    1.734  1.894  3.6314  2.261    3  0.000  0.381     0.00     0.00     0.00     0.00     0.00 -1    -1e-30      0.00 5.680e-01 3.715e-01 7.399e-03 6.885e-03 2.587e-02 -1.000 6.050e-02 0.036 3.831 2.134 0.796 -0.005 -0.645 -1.536 -2.212 -2.341
0.06 0.69525 9.30103 1.7354781628 2.5552982455    1.734  1.930  3.6287  2.214    3  0.000  0.381     0.00     0.00     0.00     0.00     0.00 -1    -1e-30      0.00 5.680e-01 3.715e-01 7.399e-03 6.886e-03 2.587e-02 -1.000 6.050e-02 -0.055 3.821 2.086 0.732 -0.078 -0.732 -1.634 -2.318 -2.450
0.06 0.69525 9.30103 1.7357237339 2.5553127089    1.735  1.966  3.6260  2.167    3  0.000  0.381     0.00     0.00     0.00     0.00     0.00 -1    -1e-30      0.00 5.680e-01 3.715e-01 7.399e-03 6.886e-03 2.587e-02 -1.000 6.050e-02 -0.146 3.810 2.039 0.670 -0.147 -0.818 -1.732 -2.422 -2.556
0.06 0.69525 9.30103 1.7360191345 2.5553301010    1.735  2.010  3.6228  2.111    3  0.000  0.381     0.00     0.00     0.00     0.00     0.00 -1    -1e-30      0.00 5.680e-01 3.715e-01 7.399e-03 6.887e-03 2.587e-02 -1.000 6.050e-02 -0.254 3.801 1.984 0.597 -0.230 -0.922 -1.849 -2.548 -2.686
0.06 0.69525 9.30103 1.7363133430 2.5553474161    1.735  2.054  3.6194  2.053    3  0.000  0.381     0.00     0.00     0.00     0.00     0.00 -1    -1e-30      0.00 5.680e-01 3.715e-01 7.399e-03 6.887e-03 2.587e-02 -1.000 6.050e-02 -0.364 3.793 1.929 0.524 -0.313 -1.027 -1.968 -2.675 -2.817
0.06 0.69525 9.30103 1.7365943193 2.5553639461    1.735  2.096  3.6161  1.998    3  0.000  0.381     0.00     0.00     0.00     0.00     0.00 -1    -1e-30      0.00 5.680e-01 3.715e-01 7.399e-03 6.888e-03 2.587e-02 -1.000 6.050e-02 -0.471 3.779 1.877 0.458 -0.386 -1.128 -2.084 -2.799 -2.944
0.06 0.69525 9.30103 1.7368657589 2.5553799093    1.736  2.139  3.6129  1.942    3  0.000  0.381     0.00     0.00     0.00     0.00     0.00 -1    -1e-30      0.00 5.680e-01 3.715e-01 7.399e-03 6.888e-03 2.587e-02 -1.000 6.050e-02 -0.577 3.744 1.829 0.391 -0.461 -1.227 -2.200 -2.913 -3.067
0.06 0.69525 9.30103 1.7371239662 2.5553950889    1.736  2.180  3.6095  1.887    3  0.000  0.381     0.00     0.00     0.00     0.00     0.00 -1    -1e-30      0.00 5.680e-01 3.715e-01 7.398e-03 6.889e-03 2.586e-02 -1.000 6.050e-02 -0.681 3.708 1.784 0.327 -0.533 -1.323 -2.313 -3.026 -3.188
0.06 0.69525 9.30103 1.7373684645 2.5554094578    1.736  2.221  3.6062  1.833    3  0.000  0.381     0.00     0.00     0.00     0.00     0.00 -1    -1e-30      0.00 5.680e-01 3.715e-01 7.398e-03 6.889e-03 2.586e-02 -1.000 6.050e-02 -0.783 3.659 1.738 0.270 -0.599 -1.416 -2.426 -3.137 -3.307
0.06 0.69525 9.30103 1.7375984192 2.5554229678    1.736  2.261  3.6031  1.780    3  0.000  0.381     0.00     0.00     0.00     0.00     0.00 -1    -1e-30      0.00 5.680e-01 3.715e-01 7.398e-03 6.890e-03 2.586e-02 -1.000 6.050e-02 -0.884 3.609 1.692 0.213 -0.667 -1.508 -2.536 -3.246 -3.425
0.06 0.69525 9.30103 1.7378126383 2.5554355496    1.737  2.300  3.5998  1.728    3  0.000  0.381     0.00     0.00     0.00     0.00     0.00 -1    -1e-30      0.00 5.680e-01 3.715e-01 7.398e-03 6.890e-03 2.586e-02 -1.000 6.050e-02 -0.981 3.563 1.650 0.160 -0.731 -1.595 -2.643 -3.352 -3.540
0.06 0.69525 9.30103 1.7380166054 2.5554475260    1.737  2.339  3.5965  1.676    3  0.000  0.381     0.00     0.00     0.00     0.00     0.00 -1    -1e-30      0.00 5.680e-01 3.715e-01 7.398e-03 6.890e-03 2.586e-02 -1.000 6.050e-02 -1.078 3.508 1.614 0.119 -0.786 -1.680 -2.750 -3.459 -3.655
0.06 0.69525 9.30103 1.7382067442 2.5554586874    1.737  2.377  3.5933  1.626    3  0.000  0.381     0.00     0.00     0.00     0.00     0.00 -1    -1e-30      0.00 5.680e-01 3.715e-01 7.398e-03 6.891e-03 2.586e-02 -1.000 6.050e-02 -1.173 3.451 1.578 0.079 -0.842 -1.763 -2.855 -3.563 -3.768
0.06 0.69525 9.30103 1.7383811474 2.5554689227    1.737  2.414  3.5902  1.577    3  0.000  0.381     0.00     0.00     0.00     0.00     0.00 -1    -1e-30      0.00 5.680e-01 3.715e-01 7.398e-03 6.891e-03 2.586e-02 -1.000 6.050e-02 -1.264 3.395 1.542 0.039 -0.898 -1.842 -2.955 -3.662 -3.876
0.06 0.69525 9.30103 1.7385458946 2.5554785892    1.737  2.449  3.5871  1.529    3  0.000  0.381     0.00     0.00     0.00     0.00     0.00 -1    -1e-30      0.00 5.680e-01 3.715e-01 7.398e-03 6.891e-03 2.586e-02 -1.000 6.050e-02 -1.354 3.335 1.515 0.013 -0.943 -1.916 -3.055 -3.762 -3.983
0.06 0.69525 9.30103 1.7386987209 2.5554875543    1.738  2.485  3.5839  1.481    3  0.000  0.381     0.00     0.00     0.00     0.00     0.00 -1    -1e-30      0.00 5.680e-01 3.715e-01 7.398e-03 6.892e-03 2.586e-02 -1.000 6.050e-02 -1.441 3.291 1.495 -0.006 -0.984 -1.989 -3.153 -3.862 -4.091
0.06 0.69525 9.30103 1.7388421297 2.5554959653    1.738  2.519  3.5808  1.434    3  0.000  0.381    10.33     7.34     5.24     3.95     3.22  4    -1e-30      0.00 5.680e-01 3.715e-01 7.397e-03 6.892e-03 2.586e-02 -1.000 6.050e-02 -1.528 3.272 1.476 -0.024 -1.020 -2.063 -3.250 -3.965 -4.198
0.06 0.69525 9.30103 1.7389739752 2.5555036967    1.738  2.552  3.5778  1.389    3  0.000  0.381    11.31     7.97     5.66     4.28     3.48  4    -1e-30      0.00 5.680e-01 3.715e-01 7.397e-03 6.892e-03 2.586e-02 -1.000 6.050e-02 -1.611 3.252 1.468 -0.028 -1.045 -2.131 -3.344 -4.064 -4.302
0.06 0.69525 9.30103 1.7390953302 2.5555108118    1.738  2.584  3.5749  1.345    3  0.000  0.381    12.35     8.62     6.10     4.61     3.76  4    -1e-30      0.00 5.680e-01 3.715e-01 7.397e-03 6.892e-03 2.586e-02 -1.000 6.050e-02 -1.691 3.233 1.463 -0.027 -1.065 -2.194 -3.434 -4.159 -4.401
0.06 0.69525 9.30103 1.7392091751 2.5555174855    1.738  2.616  3.5720  1.302    3  0.000  0.381    13.47     9.32     6.58     4.98     4.06  4    -1e-30      0.00 5.680e-01 3.715e-01 7.397e-03 6.893e-03 2.586e-02 -1.000 6.050e-02 -1.770 3.216 1.460 -0.024 -1.084 -2.256 -3.523 -4.253 -4.499
0.06 0.69525 9.30103 1.7393165827 2.5555237809    1.738  2.647  3.5689  1.259    3  0.000  0.381    14.69    10.07     7.08     5.37     4.37  4    -1e-30      0.00 5.680e-01 3.715e-01 7.397e-03 6.893e-03 2.586e-02 -1.000 6.050e-02 -1.847 3.200 1.465 -0.011 -1.096 -2.313 -3.611 -4.346 -4.597
0.06 0.69525 9.30103 1.7394171953 2.5555296773    1.738  2.677  3.5660  1.217    3  0.000  0.381    15.98    10.87     7.62     5.78     4.71  4    -1e-30      0.00 5.680e-01 3.715e-01 7.397e-03 6.893e-03 2.586e-02 -1.000 6.050e-02 -1.922 3.184 1.480 0.014 -1.099 -2.364 -3.697 -4.436 -4.692
0.06 0.69525 9.30103 1.7395082712 2.5555350140    1.738  2.705  3.5632  1.177    3  0.000  0.381    17.30    11.67     8.16     6.19     5.05  4    -1e-30      0.00 5.680e-01 3.715e-01 7.397e-03 6.893e-03 2.586e-02 -1.000 6.050e-02 -1.993 3.170 1.493 0.038 -1.103 -2.413 -3.777 -4.522 -4.782
0.06 0.69525 9.30103 1.7395926714 2.5555399590    1.738  2.733  3.5604  1.139    3  0.000  0.381    18.70    12.52     8.72     6.63     5.40  4    -1e-30      0.00 5.680e-01 3.715e-01 7.397e-03 6.893e-03 2.586e-02 -1.000 6.050e-02 -2.063 3.156 1.507 0.062 -1.105 -2.460 -3.856 -4.605 -4.870
0.06 0.69525 9.30103 1.7396726608 2.5555446451    1.739  2.760  3.5577  1.101    3  0.000  0.381    20.19    13.41     9.31     7.08     5.78  4    -1e-30      0.00 5.680e-01 3.715e-01 7.397e-03 6.894e-03 2.586e-02 -1.000 6.050e-02 -2.130 3.142 1.535 0.101 -1.098 -2.496 -3.933 -4.687 -4.956
0.06 0.69525 9.30103 1.7397469282 2.5555489955    1.739  2.786  3.5550  1.064    3  0.000  0.381    21.74    14.33     9.92     7.56     6.16  4    -1e-30      0.00 5.680e-01 3.715e-01 7.397e-03 6.894e-03 2.586e-02 -1.000 6.050e-02 -2.196 3.130 1.563 0.143 -1.089 -2.529 -4.008 -4.765 -5.039
0.06 0.69525 9.30103 1.7398169041 2.5555530942    1.739  2.812  3.5524  1.028    3  0.000  0.381    23.37    15.30    10.56     8.05     6.57  4    -1e-30      0.00 5.680e-01 3.715e-01 7.397e-03 6.894e-03 2.586e-02 -1.000 6.050e-02 -2.260 3.118 1.592 0.184 -1.080 -2.562 -4.081 -4.843 -5.121
0.06 0.69525 9.30103 1.7398823500 2.5555569272    1.739  2.836  3.5498  0.993    3  0.000  0.381    25.06    16.29    11.21     8.56     6.98  4    -1e-30      0.00 5.680e-01 3.715e-01 7.397e-03 6.894e-03 2.586e-02 -1.000 6.050e-02 -2.321 3.106 1.622 0.227 -1.069 -2.592 -4.152 -4.917 -5.200
0.06 0.69525 9.30103 1.7399435043 2.5555605085    1.739  2.860  3.5473  0.959    3  0.000  0.381    26.81    17.31    11.88     9.08     7.41  4    -1e-30      0.00 5.680e-01 3.715e-01 7.397e-03 6.894e-03 2.586e-02 -1.000 6.050e-02 -2.380 3.093 1.666 0.285 -1.048 -2.607 -4.219 -4.988 -5.276
0.06 0.69525 9.30103 1.7400056124 2.5555641454    1.739  2.884  3.5448  0.925    3  0.000  0.381    28.72    18.41    12.60     9.64     7.86  4    -1e-30      0.00 5.680e-01 3.715e-01 7.397e-03 6.894e-03 2.586e-02 -1.000 6.050e-02 -2.440 3.081 1.710 0.344 -1.027 -2.624 -4.288 -5.061 -5.353
0.06 0.69525 9.30103 1.7400056124 2.5555641454    1.739  1.589  3.6575  2.671    4  0.000  0.382     0.00     0.00     0.00     0.00     0.00 -1    -1e-30      0.00 5.673e-01 3.722e-01 7.408e-03 6.883e-03 2.585e-02 -1.000 6.050e-02 0.797 3.848 2.521 1.331 0.621 0.082 -0.704 -1.307 -1.412
0.06 0.69525 9.30103 1.7416795492 2.5556620542    1.741  1.619  3.6555  2.633    4  0.000  0.382     0.00     0.00     0.00     0.00     0.00 -1    -1e-30      0.00 5.673e-01 3.722e-01 7.407e-03 6.887e-03 2.585e-02 -1.000 6.050e-02 0.721 3.825 2.471 1.271 0.554 0.009 -0.785 -1.394 -1.501
0.06 0.69525 9.30103 1.7432614565 2.5557543816    1.742  1.620  3.6557  2.634    4  0.000  0.382     0.00     0.00     0.00     0.00     0.00 -1    -1e-30      0.00 5.673e-01 3.722e-01 7.406e-03 6.890e-03 2.585e-02 -1.000 6.050e-02 0.720 3.818 2.467 1.268 0.551 0.007 -0.787 -1.395 -1.502
0.06 0.69525 9.30103 1.7448731661 2.5558482504    1.744  1.621  3.6559  2.634    4  0.000  0.382     0.00     0.00     0.00     0.00     0.00 -1    -1e-30      0.00 5.672e-01 3.723e-01 7.405e-03 6.893e-03 2.585e-02 -1.000 6.050e-02 0.718 3.811 2.463 1.264 0.549 0.005 -0.788 -1.395 -1.502
0.06 0.69525 9.30103 1.7466518879 2.5559516150    1.746  1.622  3.6561  2.635    4  0.000  0.382     0.00     0.00     0.00     0.00     0.00 -1    -1e-30      0.00 5.672e-01 3.723e-01 7.404e-03 6.896e-03 2.584e-02 -1.000 6.050e-02 0.716 3.804 2.458 1.260 0.546 0.002 -0.790 -1.396 -1.503
0.06 0.69525 9.30103 1.7485202551 2.5560599287    1.747  1.623  3.6563  2.635    4  0.000  0.382     0.00     0.00     0.00     0.00     0.00 -1    -1e-30      0.00 5.672e-01 3.723e-01 7.403e-03 6.900e-03 2.584e-02 -1.000 6.050e-02 0.713 3.796 2.453 1.256 0.542 -0.001 -0.792 -1.398 -1.505
0.06 0.69525 9.30103 1.7500000000 2.5561455243    1.749  1.624  3.6564  2.635    4  0.000  0.382     0.00     0.00     0.00     0.00     0.00 -1    -1e-30      0.00 5.672e-01 3.723e-01 7.402e-03 6.903e-03 2.584e-02 -1.000 6.050e-02 0.710 3.789 2.448 1.252 0.539 -0.004 -0.794 -1.400 -1.506
0.06 0.69525 9.30103 1.7514613867 2.5562298948    1.750  1.626  3.6565  2.633    4  0.000  0.382     0.00     0.00     0.00     0.00     0.00 -1    -1e-30      0.00 5.672e-01 3.723e-01 7.401e-03 6.906e-03 2.584e-02 -1.000 6.050e-02 0.704 3.782 2.441 1.245 0.532 -0.010 -0.800 -1.406 -1.512
0.06 0.69525 9.30103 1.7559431791 2.5564876360    1.755  1.629  3.6571  2.633    4  0.000  0.382     0.00     0.00     0.00     0.00     0.00 -1    -1e-30      0.00 5.672e-01 3.723e-01 7.398e-03 6.915e-03 2.583e-02 -1.000 6.050e-02 0.697 3.761 2.427 1.234 0.523 -0.018 -0.806 -1.409 -1.515
0.06 0.69525 9.30103 1.7608240843 2.5567666139    1.760  1.630  3.6578  2.636    4  0.000  0.382     0.00     0.00     0.00     0.00     0.00 -1    -1e-30      0.00 5.672e-01 3.723e-01 7.395e-03 6.924e-03 2.583e-02 -1.000 6.050e-02 0.694 3.739 2.415 1.225 0.517 -0.022 -0.807 -1.408 -1.514
0.06 0.69525 9.30103 1.7625943422 2.5568673576    1.762  1.641  3.6573  2.624    4  0.000  0.382     0.00     0.00     0.00     0.00     0.00 -1    -1e-30      0.00 5.673e-01 3.722e-01 7.393e-03 6.928e-03 2.582e-02 -1.000 6.050e-02 0.667 3.725 2.395 1.202 0.492 -0.048 -0.835 -1.438 -1.544
0.06 0.69525 9.30103 1.7651408911 2.5570118717    1.764  1.644  3.6575  2.623    4  0.000  0.382     0.00     0.00     0.00     0.00     0.00 -1    -1e-30      0.00 5.673e-01 3.722e-01 7.392e-03 6.933e-03 2.582e-02 -1.000 6.050e-02 0.661 3.715 2.386 1.195 0.485 -0.054 -0.840 -1.442 -1.548
0.06 0.69525 9.30103 1.7682732344 2.5571889727    1.767  1.646  3.6577  2.622    4  0.000  0.382     0.00     0.00     0.00     0.00     0.00 -1    -1e-30      0.00 5.673e-01 3.722e-01 7.389e-03 6.939e-03 2.582e-02 -1.000 6.050e-02 0.654 3.702 2.376 1.185 0.477 -0.061 -0.847 -1.448 -1.554
0.06 0.69525 9.30103 1.7718876600 2.5573924359    1.771  1.653  3.6577  2.616    4  0.000  0.382     0.00     0.00     0.00     0.00     0.00 -1    -1e-30      0.00 5.673e-01 3.722e-01 7.387e-03 6.946e-03 2.581e-02 -1.000 6.050e-02 0.638 3.685 2.360 1.169 0.461 -0.077 -0.863 -1.464 -1.570
0.06 0.69525 9.30103 1.7763754129 2.5576437357    1.775  1.660  3.6578  2.610    4  0.000  0.381     0.00     0.00     0.00     0.00     0.00 -1    -1e-30      0.00 5.673e-01 3.722e-01 7.384e-03 6.955e-03 2.581e-02 -1.000 6.050e-02 0.620 3.665 2.341 1.150 0.443 -0.096 -0.881 -1.482 -1.588
0.06 0.69525 9.30103 1.7823439837 2.5579757028    1.781  1.674  3.6575  2.596    4  0.000  0.381     0.00     0.00     0.00     0.00     0.00 -1    -1e-30      0.00 5.673e-01 3.722e-01 7.380e-03 6.966e-03 2.580e-02 -1.000 6.050e-02 0.584 3.637 2.309 1.116 0.408 -0.131 -0.918 -1.519 -1.625
0.06 0.69525 9.30103 1.7898446321 2.5583892745    1.789  1.697  3.6568  2.573    4  0.000  0.381     0.00     0.00     0.00     0.00     0.00 -1    -1e-30      0.00 5.674e-01 3.721e-01 7.375e-03 6.981e-03 2.579e-02 -1.000 6.050e-02 0.528 3.600 2.262 1.066 0.355 -0.186 -0.976 -1.579 -1.686
0.06 0.69525 9.30103 1.7946977615 2.5586547498    1.793  1.714  3.6560  2.554    4  0.000  0.381     0.00     0.00     0.00     0.00     0.00 -1    -1e-30      0.00 5.674e-01 3.721e-01 7.372e-03 6.990e-03 2.579e-02 -1.000 6.050e-02 0.485 3.577 2.229 1.029 0.316 -0.227 -1.021 -1.627 -1.734
0.06 0.69525 9.30103 1.7954552174 2.5586960352    1.794  1.718  3.6558  2.549    4  0.000  0.381     0.00     0.00     0.00     0.00     0.00 -1    -1e-30      0.00 5.674e-01 3.721e-01 7.371e-03 6.991e-03 2.579e-02 -1.000 6.050e-02 0.476 3.573 2.222 1.021 0.307 -0.237 -1.031 -1.637 -1.745
0.06 0.69525 9.30103 1.7966308594 2.5587600346    1.795  1.724  3.6554  2.542    4  0.000  0.381     0.00     0.00     0.00     0.00     0.00 -1    -1e-30      0.00 5.674e-01 3.721e-01 7.370e-03 6.994e-03 2.578e-02 -1.000 6.050e-02 0.460 3.568 2.211 1.008 0.293 -0.252 -1.047 -1.655 -1.763
0.06 0.69525 9.30103 1.7977132797 2.5588188742    1.796  1.730  3.6550  2.535    4  0.000  0.381     0.00     0.00     0.00     0.00     0.00 -1    -1e-30      0.00 5.674e-01 3.721e-01 7.370e-03 6.996e-03 2.578e-02 -1.000 6.050e-02 0.445 3.562 2.201 0.996 0.280 -0.266 -1.063 -1.672 -1.780
0.06 0.69525 9.30103 1.7987627983 2.5588758475    1.797  1.736  3.6546  2.527    4  0.000  0.381     0.00     0.00     0.00     0.00     0.00 -1    -1e-30      0.00 5.674e-01 3.721e-01 7.369e-03 6.998e-03 2.578e-02 -1.000 6.050e-02 0.431 3.557 2.191 0.984 0.267 -0.280 -1.079 -1.689 -1.797
0.06 0.69525 9.30103 1.7997925282 2.5589316723    1.798  1.742  3.6542  2.520    4  0.000  0.381     0.00     0.00     0.00     0.00     0.00 -1    -1e-30      0.00 5.674e-01 3.721e-01 7.368e-03 7.000e-03 2.578e-02 -1.000 6.050e-02 0.416 3.553 2.181 0.972 0.254 -0.294 -1.094 -1.706 -1.815
0.06 0.69525 9.30103 1.7999999523 2.5589429085    1.799  1.746  3.6539  2.515    6  0.000  0.381     0.00     0.00     0.00     0.00     0.00 -1    -1e-30      0.00 5.674e-01 3.721e-01 7.368e-03 7.000e-03 2.578e-02 -1.000 6.050e-02 0.406 3.550 2.175 0.964 0.245 -0.304 -1.106 -1.718 -1.827
0.06 0.69525 9.30103 1.8024648428 2.5590762046    1.801  1.759  3.6531  2.499    6  0.000  0.381     0.00     0.00     0.00     0.00     0.00 -1    -1e-30      0.00 5.674e-01 3.721e-01 7.367e-03 7.005e-03 2.578e-02 -1.000 6.050e-02 0.374 3.540 2.154 0.939 0.217 -0.335 -1.140 -1.754 -1.864
0.06 0.69525 9.30103 1.8060507774 2.5592693773    1.805  1.794  3.6504  2.454    6  0.000  0.381     0.00     0.00     0.00     0.00     0.00 -1    -1e-30      0.00 5.673e-01 3.722e-01 7.365e-03 7.012e-03 2.577e-02 -1.000 6.050e-02 0.285 3.532 2.104 0.871 0.138 -0.421 -1.237 -1.858 -1.971
0.06 0.69525 9.30103 1.8080102205 2.5593745594    1.807  1.825  3.6480  2.414    6  0.000  0.381     0.00     0.00     0.00     0.00     0.00 -1    -1e-30      0.00 5.673e-01 3.722e-01 7.364e-03 7.015e-03 2.577e-02 -1.000 6.050e-02 0.208 3.528 2.063 0.815 0.073 -0.495 -1.320 -1.948 -2.063
0.06 0.69525 9.30103 1.8091995716 2.5594382756    1.808  1.880  3.6434  2.341    6  0.000  0.381     0.00     0.00     0.00     0.00     0.00 -1    -1e-30      0.00 5.673e-01 3.722e-01 7.364e-03 7.017e-03 2.577e-02 -1.000 6.050e-02 0.069 3.530 1.994 0.715 -0.044 -0.628 -1.472 -2.112 -2.231
0.06 0.69525 9.30103 1.8097628355 2.5594684172    1.809  1.929  3.6394  2.277    6  0.000  0.381     0.00     0.00     0.00     0.00     0.00 -1    -1e-30      0.00 5.672e-01 3.723e-01 7.364e-03 7.019e-03 2.576e-02 -1.000 6.050e-02 -0.051 3.532 1.934 0.629 -0.145 -0.744 -1.603 -2.254 -2.376
0.06 0.69525 9.30103 1.8101108074 2.5594870273    1.809  1.982  3.6351  2.206    6  0.000  0.381     0.00     0.00     0.00     0.00     0.00 -1    -1e-30      0.00 5.672e-01 3.723e-01 7.364e-03 7.019e-03 2.576e-02 -1.000 6.050e-02 -0.184 3.533 1.870 0.539 -0.251 -0.870 -1.747 -2.410 -2.537
0.06 0.69525 9.30103 1.8102858067 2.5594963834    1.809  2.030  3.6312  2.142    6  0.000  0.381     0.00     0.00     0.00     0.00     0.00 -1    -1e-30      0.00 5.672e-01 3.723e-01 7.363e-03 7.020e-03 2.576e-02 -1.000 6.050e-02 -0.306 3.533 1.810 0.454 -0.350 -0.986 -1.879 -2.552 -2.683
0.06 0.69525 9.30103 1.8104437590 2.5595048264    1.809  2.118  3.6238  2.025    6  0.000  0.381     0.00     0.00     0.00     0.00     0.00 -1    -1e-30      0.00 5.672e-01 3.723e-01 7.363e-03 7.020e-03 2.576e-02 -1.000 6.050e-02 -0.524 3.536 1.710 0.313 -0.514 -1.193 -2.118 -2.810 -2.948
0.06 0.69525 9.30103 1.8104749918 2.5595064956    1.809  2.146  3.6215  1.988    6  0.000  0.381     0.00     0.00     0.00     0.00     0.00 -1    -1e-30      0.00 5.672e-01 3.723e-01 7.363e-03 7.020e-03 2.576e-02 -1.000 6.050e-02 -0.595 3.532 1.678 0.266 -0.568 -1.260 -2.194 -2.890 -3.032
0.06 0.69525 9.30103 1.8105119467 2.5595084706    1.809  2.174  3.6191  1.950    7  0.000  0.381     0.00     0.00     0.00     0.00     0.00 -1    -1e-30      0.00 5.672e-01 3.723e-01 7.363e-03 7.020e-03 2.576e-02 -1.000 6.050e-02 -0.665 3.518 1.649 0.222 -0.618 -1.326 -2.271 -2.967 -3.114
0.06 0.69525 9.30103 1.8105459213 2.5595102863    1.809  2.195  3.6173  1.922    7  0.000  0.381     0.00     0.00     0.00     0.00     0.00 -1    -1e-30      0.00 5.672e-01 3.723e-01 7.363e-03 7.020e-03 2.576e-02 -1.000 6.050e-02 -0.717 3.505 1.628 0.191 -0.652 -1.374 -2.329 -3.024 -3.176
0.06 0.69525 9.30103 1.8105797768 2.5595120955    1.809  2.203  3.6166  1.911    7  0.000  0.381     0.00     0.00     0.00     0.00     0.00 -1    -1e-30      0.00 5.672e-01 3.723e-01 7.363e-03 7.020e-03 2.576e-02 -1.000 6.050e-02 -0.737 3.500 1.619 0.179 -0.666 -1.393 -2.351 -3.047 -3.200
0.06 0.69525 9.30103 1.8106514215 2.5595159239    1.810  2.190  3.6177  1.928    7  0.000  0.381     0.00     0.00     0.00     0.00     0.00 -1    -1e-30      0.00 5.672e-01 3.723e-01 7.363e-03 7.020e-03 2.576e-02 -1.000 6.050e-02 -0.705 3.508 1.632 0.198 -0.645 -1.363 -2.316 -3.011 -3.162
0.06 0.69525 9.30103 1.8107138872 2.5595192615    1.810  2.181  3.6185  1.941    7  0.000  0.381     0.00     0.00     0.00     0.00     0.00 -1    -1e-30      0.00 5.672e-01 3.723e-01 7.363e-03 7.020e-03 2.576e-02 -1.000 6.050e-02 -0.683 3.513 1.641 0.211 -0.630 -1.342 -2.291 -2.986 -3.135
0.06 0.69525 9.30103 1.8108316660 2.5595255538    1.810  2.160  3.6203  1.969    7  0.000  0.381     0.00     0.00     0.00     0.00     0.00 -1    -1e-30      0.00 5.672e-01 3.723e-01 7.363e-03 7.021e-03 2.576e-02 -1.000 6.050e-02 -0.629 3.526 1.664 0.244 -0.593 -1.292 -2.232 -2.928 -3.072
0.06 0.69525 9.30103 1.8111572266 2.5595429419    1.810  2.121  3.6236  2.021    7  0.000  0.381     0.00     0.00     0.00     0.00     0.00 -1    -1e-30      0.00 5.672e-01 3.723e-01 7.363e-03 7.021e-03 2.576e-02 -1.000 6.050e-02 -0.533 3.533 1.705 0.306 -0.522 -1.202 -2.127 -2.820 -2.958
0.06 0.69525 9.30103 1.8137437105 2.5596808302    1.813  2.117  3.6242  2.028    7  0.000  0.381     0.00     0.00     0.00     0.00     0.00 -1    -1e-30      0.00 5.672e-01 3.723e-01 7.362e-03 7.026e-03 2.576e-02 -1.000 6.050e-02 -0.523 3.526 1.705 0.309 -0.517 -1.193 -2.116 -2.806 -2.944
0.06 0.69525 9.30103 1.8155744076 2.5597781538    1.814  2.174  3.6195  1.952    7  0.000  0.381     0.00     0.00     0.00     0.00     0.00 -1    -1e-30      0.00 5.671e-01 3.724e-01 7.361e-03 7.030e-03 2.575e-02 -1.000 6.050e-02 -0.666 3.508 1.642 0.216 -0.623 -1.327 -2.271 -2.966 -3.113
0.06 0.69525 9.30103 1.8168100119 2.5598437135    1.816  2.214  3.6162  1.900    7  0.000  0.381     0.00     0.00     0.00     0.00     0.00 -1    -1e-30      0.00 5.671e-01 3.724e-01 7.361e-03 7.032e-03 2.575e-02 -1.000 6.050e-02 -0.765 3.481 1.600 0.156 -0.690 -1.419 -2.380 -3.075 -3.229
0.06 0.69525 9.30103 1.8176019192 2.5598856772    1.816  2.260  3.6123  1.839    7  0.000  0.381     0.00     0.00     0.00     0.00     0.00 -1    -1e-30      0.00 5.671e-01 3.724e-01 7.360e-03 7.033e-03 2.575e-02 -1.000 6.050e-02 -0.880 3.446 1.550 0.086 -0.770 -1.525 -2.506 -3.200 -3.364
0.06 0.69525 9.30103 1.8181915283 2.5599168938    1.817  2.307  3.6083  1.776    7  0.000  0.381     0.00     0.00     0.00     0.00     0.00 -1    -1e-30      0.00 5.671e-01 3.724e-01 7.360e-03 7.034e-03 2.575e-02 -1.000 6.050e-02 -0.997 3.404 1.500 0.019 -0.848 -1.632 -2.634 -3.328 -3.503
0.06 0.69525 9.30103 1.8186618090 2.5599417759    1.817  2.353  3.6042  1.713    7  0.000  0.381     0.00     0.00     0.00     0.00     0.00 -1    -1e-30      0.00 5.671e-01 3.724e-01 7.360e-03 7.035e-03 2.575e-02 -1.000 6.050e-02 -1.113 3.354 1.453 -0.040 -0.920 -1.736 -2.763 -3.456 -3.641
0.06 0.69525 9.30103 1.8190561533 2.5599626288    1.818  2.400  3.6001  1.650    7  0.000  0.381     0.00     0.00     0.00     0.00     0.00 -1    -1e-30      0.00 5.671e-01 3.724e-01 7.360e-03 7.036e-03 2.575e-02 -1.000 6.050e-02 -1.229 3.302 1.406 -0.100 -0.995 -1.840 -2.890 -3.584 -3.780
0.06 0.69525 9.30103 1.8193966150 2.5599806241    1.818  2.446  3.5960  1.588    7  0.000  0.381     0.00     0.00     0.00     0.00     0.00 -1    -1e-30      0.00 5.671e-01 3.724e-01 7.359e-03 7.037e-03 2.575e-02 -1.000 6.050e-02 -1.345 3.236 1.362 -0.148 -1.061 -1.941 -3.019 -3.712 -3.919
0.06 0.69525 9.30103 1.8196945190 2.5599963636    1.819  2.492  3.5918  1.525    7  0.000  0.381     0.00     0.00     0.00     0.00     0.00 -1    -1e-30      0.00 5.671e-01 3.724e-01 7.359e-03 7.037e-03 2.575e-02 -1.000 6.050e-02 -1.460 3.170 1.323 -0.192 -1.126 -2.039 -3.147 -3.840 -4.057
0.06 0.69525 9.30103 1.8199537992 2.5600100576    1.819  2.536  3.5877  1.465    7  0.000  0.381     9.90     7.02     5.03     3.78     3.08  4    -1e-30      0.00 5.671e-01 3.724e-01 7.359e-03 7.038e-03 2.575e-02 -1.000 6.050e-02 -1.569 3.130 1.296 -0.220 -1.178 -2.133 -3.269 -3.967 -4.193
0.06 0.69525 9.30103 1.8201733828 2.5600216516    1.819  2.576  3.5840  1.410    7  0.000  0.381    11.05     7.76     5.52     4.16     3.39  4    -1e-30      0.00 5.671e-01 3.724e-01 7.359e-03 7.038e-03 2.575e-02 -1.000 6.050e-02 -1.669 3.110 1.277 -0.238 -1.217 -2.218 -3.382 -4.087 -4.318
0.06 0.69525 9.30103 1.8203521967 2.5600310905    1.819  2.611  3.5807  1.362    7  0.000  0.381    12.18     8.47     6.01     4.53     3.69  4    -1e-30      0.00 5.671e-01 3.724e-01 7.359e-03 7.039e-03 2.575e-02 -1.000 6.050e-02 -1.757 3.093 1.260 -0.255 -1.253 -2.294 -3.481 -4.192 -4.428
0.06 0.69525 9.30103 1.8204950094 2.5600386275    1.819  2.642  3.5777  1.319    7  0.000  0.381    13.27     9.15     6.47     4.89     3.98  4    -1e-30      0.00 5.671e-01 3.724e-01 7.359e-03 7.039e-03 2.575e-02 -1.000 6.050e-02 -1.835 3.076 1.256 -0.253 -1.272 -2.356 -3.569 -4.286 -4.526
0.06 0.69525 9.30103 1.8205986023 2.5600440938    1.819  2.669  3.5751  1.281    7  0.000  0.381    14.30     9.79     6.90     5.22     4.25  4    -1e-30      0.00 5.671e-01 3.724e-01 7.359e-03 7.039e-03 2.575e-02 -1.000 6.050e-02 -1.902 3.063 1.256 -0.248 -1.286 -2.408 -3.646 -4.367 -4.611
0.06 0.69525 9.30103 1.8206883669 2.5600488299    1.820  2.695  3.5725  1.245    7  0.000  0.381    15.38    10.45     7.34     5.56     4.53  4    -1e-30      0.00 5.671e-01 3.724e-01 7.359e-03 7.039e-03 2.575e-02 -1.000 6.050e-02 -1.967 3.050 1.258 -0.241 -1.299 -2.458 -3.719 -4.445 -4.693
0.06 0.69525 9.30103 1.8207664490 2.5600529491    1.820  2.722  3.5697  1.207    7  0.000  0.381    16.61    11.21     7.85     5.95     4.85  4    -1e-30      0.00 5.671e-01 3.724e-01 7.359e-03 7.039e-03 2.575e-02 -1.000 6.050e-02 -2.035 3.039 1.262 -0.230 -1.309 -2.510 -3.797 -4.528 -4.780
0.06 0.69525 9.30103 1.8208440542 2.5600570428    1.820  2.755  3.5663  1.161    7  0.000  0.381    18.21    12.18     8.50     6.45     5.26  4    -1e-30      0.00 5.671e-01 3.724e-01 7.358e-03 7.040e-03 2.575e-02 -1.000 6.050e-02 -2.116 3.024 1.283 -0.197 -1.308 -2.564 -3.890 -4.626 -4.884
0.06 0.69525 9.30103 1.8209121227 2.5600606331    1.820  2.788  3.5628  1.113    7  0.000  0.381    20.02    13.26     9.22     7.00     5.71  4    -1e-30      0.00 5.671e-01 3.724e-01 7.358e-03 7.040e-03 2.575e-02 -1.000 6.050e-02 -2.200 3.010 1.305 -0.163 -1.307 -2.619 -3.985 -4.727 -4.991
0.06 0.69525 9.30103 1.8209830523 2.5600643740    1.820  2.828  3.5586  1.056    7  0.000  0.381    22.47    14.72    10.19     7.75     6.32  4    -1e-30      0.00 5.671e-01 3.724e-01 7.358e-03 7.040e-03 2.575e-02 -1.000 6.050e-02 -2.301 2.993 1.340 -0.110 -1.299 -2.680 -4.102 -4.851 -5.121
0.06 0.69525 9.30103 1.8210654259 2.5600687180    1.820  2.882  3.5528  0.980    7  0.000  0.381    26.17    16.89    11.61     8.85     7.23  4    -1e-30      0.00 5.671e-01 3.724e-01 7.358e-03 7.040e-03 2.575e-02 -1.000 6.050e-02 -2.434 2.969 1.410 -0.012 -1.271 -2.744 -4.255 -5.013 -5.292
0.06 0.69525 9.30103 1.8211344481 2.5600723576    1.820  2.931  3.5474  0.908    7  0.000  0.381    30.19    19.21    13.14    10.03     8.19  4    -1e-30      0.00 5.671e-01 3.724e-01 7.358e-03 7.040e-03 2.575e-02 -1.000 6.050e-02 -2.558 2.944 1.492 0.101 -1.232 -2.790 -4.398 -5.164 -5.453
0.06 0.69525 9.30103 1.8212057352 2.5600761163    1.820  2.985  3.5413  0.830    7  0.000  0.381    35.31    22.13    15.04    11.51     9.40  4    -1e-30      0.00 5.671e-01 3.724e-01 7.358e-03 7.041e-03 2.575e-02 -1.000 6.050e-02 -2.693 2.922 1.607 0.250 -1.173 -2.823 -4.554 -5.330 -5.629
0.06 0.69525 9.30103 1.8212919235 2.5600806602    1.820  3.050  3.5338  0.735    7  0.000  0.381    42.72    26.28    17.72    13.60    11.11  4    -1e-30      0.00 5.671e-01 3.724e-01 7.358e-03 7.041e-03 2.575e-02 -1.000 6.050e-02 -2.856 2.895 1.780 0.468 -1.077 -2.824 -4.741 -5.529 -5.843
0.06 0.69525 9.30103 1.8213636875 2.5600844432    1.820  3.102  3.5277  0.658    7  0.000  0.381    49.81    30.19    20.23    15.55    12.71  3    -1e-30      0.00 5.671e-01 3.724e-01 7.358e-03 7.041e-03 2.575e-02 -1.000 6.050e-02 -2.986 2.879 1.946 0.676 -0.976 -2.795 -4.890 -5.688 -6.014
0.06 0.69525 9.30103 1.8214379549 2.5600883579    1.820  3.153  3.5215  0.583    7  0.000  0.381    57.88    34.57    23.02    17.74    14.50  3    -1e-30      0.00 5.671e-01 3.724e-01 7.357e-03 7.041e-03 2.575e-02 -1.000 6.050e-02 -3.112 2.880 2.147 0.920 -0.847 -2.733 -5.033 -5.842 -6.181
0.06 0.69525 9.30103 1.8215318918 2.5600933088    1.820  3.212  3.5141  0.495    7  0.000  0.381    69.08    40.56    26.81    20.71    16.94  3    -1e-30      0.00 5.671e-01 3.724e-01 7.357e-03 7.041e-03 2.575e-02 -1.000 6.050e-02 -3.259 2.927 2.428 1.257 -0.656 -2.620 -5.198 -6.019 -6.376
0.06 0.69525 9.30103 1.8216282129 2.5600983848    1.820  3.268  3.5069  0.409    7  0.000  0.381    82.02    47.35    31.09    24.06    19.69  3    -1e-30      0.00 5.671e-01 3.724e-01 7.357e-03 7.041e-03 2.575e-02 -1.000 6.050e-02 -3.401 2.925 2.695 1.591 -0.452 -2.484 -5.354 -6.194 -6.565
0.06 0.69525 9.30103 1.8217235804 2.5601034099    1.821  3.322  3.4998  0.327    7  0.000  0.381    96.71    54.95    35.84    27.80    22.76  3    -1e-30      0.00 5.670e-01 3.725e-01 7.357e-03 7.042e-03 2.574e-02 -1.000 6.050e-02 -3.536 2.926 2.928 1.856 -0.284 -2.365 -5.501 -6.360 -6.745
0.06 0.69525 9.30103 1.8218194246 2.5601084596    1.821  3.376  3.4928  0.246    7  0.000  0.381   113.83    63.66    41.25    32.06    26.25  2    -1e-30      0.00 5.670e-01 3.725e-01 7.357e-03 7.042e-03 2.574e-02 -1.000 6.050e-02 -3.669 2.943 3.130 2.029 -0.161 -2.263 -5.642 -6.523 -6.921
0.06 0.69525 9.30103 1.8219099045 2.5601132260    1.821  3.426  3.4859  0.168    7  0.000  0.381   133.02    73.27    47.17    36.75    30.10  2    -1e-30      0.00 5.670e-01 3.725e-01 7.357e-03 7.042e-03 2.574e-02 -1.000 6.050e-02 -3.794 2.957 3.281 2.114 -0.101 -2.213 -5.774 -6.677 -7.087
0.06 0.69525 9.30103 1.8219389915 2.5601147582    1.821  3.442  3.4836  0.143    7  0.000  0.381   139.93    76.70    49.28    38.41    31.47  2    -1e-30      0.00 5.670e-01 3.725e-01 7.357e-03 7.042e-03 2.574e-02 -1.000 6.050e-02 -3.835 2.959 3.316 2.118 -0.098 -2.211 -5.816 -6.727 -7.141
0.06 0.69525 9.30103 1.8219510317 2.5601153924    1.821  3.449  3.4827  0.132    7  0.000  0.381   142.91    78.17    50.18    39.13    32.06  2    -1e-30      0.00 5.670e-01 3.725e-01 7.357e-03 7.042e-03 2.574e-02 -1.000 6.050e-02 -3.852 2.959 3.330 2.120 -0.097 -2.209 -5.834 -6.748 -7.163
0.06 0.69525 9.30103 1.8219523430 2.5601154615    1.821  3.450  3.4826  0.131    7  0.000  0.381   143.25    78.34    50.29    39.21    32.12  2    -1e-30      0.00 5.670e-01 3.725e-01 7.357e-03 7.042e-03 2.574e-02 -1.000 6.050e-02 -3.854 2.960 3.332 2.121 -0.097 -2.209 -5.836 -6.750 -7.166
0.06 0.69525 9.30103 1.8219535351 2.5601155243    1.821  3.450  3.4825  0.130    7  0.000  0.381   143.54    78.48    50.37    39.28    32.18  2    -1e-30      0.00 5.670e-01 3.725e-01 7.357e-03 7.042e-03 2.574e-02 -1.000 6.050e-02 -3.856 2.960 3.333 2.121 -0.096 -2.209 -5.838 -6.752 -7.168
0.06 0.69525 9.30103 1.8219563961 2.5601156750    1.821  3.452  3.4823  0.127    7  0.000  0.381   144.27    78.84    50.59    39.45    32.32  2    -1e-30      0.00 5.670e-01 3.725e-01 7.357e-03 7.042e-03 2.574e-02 -1.000 6.050e-02 -3.860 2.960 3.337 2.121 -0.096 -2.208 -5.842 -6.757 -7.173
0.06 0.69525 9.30103 1.8219583035 2.5601157754    1.821  3.453  3.4821  0.126    7  0.000  0.381   144.76    79.08    50.74    39.57    32.42  2    -1e-30      0.00 5.670e-01 3.725e-01 7.357e-03 7.042e-03 2.574e-02 -1.000 6.050e-02 -3.862 2.960 3.339 2.122 -0.096 -2.208 -5.845 -6.760 -7.177
0.06 0.69525 9.30103 1.8219610453 2.5601159199    1.821  3.455  3.4819  0.123    7  0.000  0.381   145.47    79.44    50.96    39.74    32.56  2    -1e-30      0.00 5.670e-01 3.725e-01 7.357e-03 7.042e-03 2.574e-02 -1.000 6.050e-02 -3.866 2.960 3.343 2.122 -0.095 -2.208 -5.849 -6.765 -7.182
0.06 0.69525 9.30103 1.8219649792 2.5601161271    1.821  3.457  3.4816  0.120    7  0.000  0.381   146.48    79.93    51.26    39.98    32.76  2    -1e-30      0.00 5.670e-01 3.725e-01 7.357e-03 7.042e-03 2.574e-02 -1.000 6.050e-02 -3.872 2.961 3.348 2.123 -0.095 -2.207 -5.854 -6.772 -7.190
0.06 0.69525 9.30103 1.8219714165 2.5601164661    1.821  3.460  3.4811  0.114    7  0.000  0.381   148.16    80.76    51.77    40.38    33.09  2    -1e-30      0.00 5.670e-01 3.725e-01 7.357e-03 7.042e-03 2.574e-02 -1.000 6.050e-02 -3.881 2.961 3.356 2.124 -0.094 -2.206 -5.864 -6.783 -7.202
0.06 0.69525 9.30103 1.8219797611 2.5601169057    1.821  3.465  3.4804  0.107    7  0.521  0.381   150.37    81.84    52.43    40.91    33.52  2    -1e-30      0.00 5.670e-01 3.725e-01 7.357e-03 7.042e-03 2.574e-02 -1.000 6.050e-02 -3.893 2.962 3.367 2.126 -0.092 -2.204 -5.876 -6.798 -7.218
0.06 0.69525 9.30103 1.8221553564 2.5601261536    1.821  3.582  3.4629 -0.080    7  0.553  0.381   218.80   114.82    72.45    56.81    46.58  2    -1e-30      0.00 5.670e-01 3.725e-01 7.357e-03 7.042e-03 2.574e-02 -1.000 6.050e-02 -4.186 2.974 3.533 2.078 -0.171 -2.299 -6.172 -7.156 -7.601
0.06 0.69525 9.30103 1.8221559525 2.5601261850    1.821  3.582  3.4557 -0.109    8  0.553  0.399   231.80   120.96    76.14    59.75    49.01  0 -9.89e-08      0.00 5.670e-01 3.724e-01 7.774e-03 7.048e-03 2.598e-02 -1.000 6.051e-02 -4.186 3.052 3.652 2.147 -0.120 -2.262 -6.170 -7.178 -7.630
0.06 0.69525 9.30103 1.8221560717 2.5601261913    1.820  3.379  3.4835  0.205    8  0.553  0.399   123.41    68.47    44.22    34.41    28.18  2  -4.1e-08      0.00 5.670e-01 3.724e-01 7.774e-03 7.048e-03 2.598e-02 -1.000 6.051e-02 -3.677 3.063 3.429 2.243 0.040 -2.066 -5.657 -6.570 -6.981
0.06 0.69525 9.30103 1.8221561909 2.5601261975    1.820  3.322  3.4919  0.296    8  0.554  0.399   102.92    58.13    37.81    29.36    24.03  3 -3.27e-08      0.00 5.670e-01 3.724e-01 7.774e-03 7.048e-03 2.598e-02 -1.000 6.051e-02 -3.534 3.047 3.267 2.173 -0.009 -2.108 -5.507 -6.394 -6.791
0.06 0.69525 9.30103 1.8221564293 2.5601262101    1.820  3.122  3.5213  0.613    8  0.554  0.399    54.55    32.77    21.88    16.84    13.77  3 -1.58e-08      0.00 5.670e-01 3.724e-01 7.774e-03 7.048e-03 2.598e-02 -1.000 6.051e-02 -3.036 2.928 2.221 1.006 -0.761 -2.647 -4.957 -5.768 -6.107
0.06 0.69525 9.30103 1.8221569061 2.5601262352    1.820  3.135  3.5194  0.593    8  0.554  0.399    56.81    33.99    22.65    17.45    14.27  3 -1.65e-08      0.00 5.670e-01 3.724e-01 7.774e-03 7.048e-03 2.598e-02 -1.000 6.051e-02 -3.067 2.937 2.296 1.096 -0.708 -2.614 -4.993 -5.808 -6.151
0.06 0.69525 9.30103 1.8221576214 2.5601262729    1.820  3.224  3.5059  0.449    8  0.554  0.399    75.71    44.05    29.02    22.44    18.36  3 -2.25e-08      0.00 5.670e-01 3.724e-01 7.774e-03 7.048e-03 2.598e-02 -1.000 6.051e-02 -3.290 3.018 2.834 1.744 -0.303 -2.338 -5.244 -6.090 -6.461
0.06 0.69525 9.30103 1.8221583366 2.5601263105    1.819  3.351  3.4868  0.246    8  0.554  0.399   113.70    63.59    41.20    32.03    26.23  2 -3.65e-08      0.00 5.670e-01 3.724e-01 7.774e-03 7.048e-03 2.598e-02 -1.000 6.051e-02 -3.608 3.067 3.385 2.243 0.045 -2.060 -5.585 -6.488 -6.893
0.06 0.69525 9.30103 1.8221594095 2.5601263670    1.819  3.463  3.4700  0.067    8  0.554  0.399   162.81    87.93    56.15    43.86    35.94  2 -5.77e-08      0.00 5.670e-01 3.724e-01 7.774e-03 7.048e-03 2.598e-02 -1.000 6.051e-02 -3.887 3.093 3.612 2.252 0.033 -2.079 -5.871 -6.832 -7.264
0.06 0.69525 9.30103 1.8221606016 2.5601264298    1.819  3.535  3.4589 -0.050    8  0.554  0.399   205.74   108.61    68.70    53.83    44.13  2 -7.84e-08      0.00 5.670e-01 3.724e-01 7.774e-03 7.048e-03 2.598e-02 -1.000 6.051e-02 -4.068 3.094 3.686 2.211 -0.037 -2.167 -6.053 -7.051 -7.497
0.06 0.69525 9.30103 1.8221619129 2.5601264989    1.819  3.570  3.4533 -0.107    8  0.554  0.399   230.73   120.45    75.83    59.51    48.80  0 -9.09e-08      0.00 5.670e-01 3.724e-01 7.774e-03 7.048e-03 2.598e-02 -1.000 6.051e-02 -4.155 3.095 3.708 2.195 -0.078 -2.225 -6.139 -7.154 -7.607
0.06 0.69525 9.30103 1.8221634626 2.5601265805    1.818  3.582  3.4510 -0.128    8  0.554  0.399   240.54   125.06    78.60    61.71    50.62  0 -9.54e-08      0.00 5.670e-01 3.724e-01 7.774e-03 7.048e-03 2.598e-02 -1.000 6.051e-02 -4.184 3.099 3.721 2.192 -0.089 -2.244 -6.168 -7.190 -7.646
0.06 0.69525 9.30103 1.8221652508 2.5601266746    1.818  3.584  3.4500 -0.135    8  0.554  0.399   243.85   126.61    79.53    62.46    51.23  0 -9.62e-08      0.00 5.670e-01 3.724e-01 7.774e-03 7.048e-03 2.598e-02 -1.000 6.051e-02 -4.191 3.104 3.731 2.196 -0.089 -2.246 -6.174 -7.200 -7.656
0.06 0.69525 9.30103 1.8221652508 2.5601266746    1.817  3.452  3.4693  0.075    8  0.554  0.399   160.21    86.66    55.37    43.24    35.43  2 -5.41e-08      0.00 5.670e-01 3.724e-01 7.774e-03 7.048e-03 2.598e-02 -1.000 6.051e-02 -3.859 3.118 3.643 2.280 0.062 -2.050 -5.843 -6.807 -7.239
0.06 0.69525 9.30103 1.8221654892 2.5601266872    1.817  3.326  3.4879  0.275    8  0.554  0.399   107.28    60.34    39.19    30.44    24.92  3 -3.24e-08      0.00 5.670e-01 3.724e-01 7.774e-03 7.048e-03 2.598e-02 -1.000 6.051e-02 -3.545 3.095 3.400 2.275 0.082 -2.021 -5.521 -6.422 -6.824
0.06 0.69525 9.30103 1.8221658468 2.5601267060    1.817  3.127  3.5173  0.592    8  0.554  0.399    56.90    34.04    22.69    17.47    14.29  3 -1.56e-08      0.00 5.670e-01 3.724e-01 7.774e-03 7.048e-03 2.598e-02 -1.000 6.051e-02 -3.047 2.979 2.420 1.247 -0.592 -2.518 -4.977 -5.799 -6.144
0.06 0.69525 9.30103 1.8221663237 2.5601267311    1.817  3.139  3.5154  0.571    8  0.554  0.399    59.26    35.32    23.50    18.11    14.81  3 -1.62e-08      0.00 5.670e-01 3.724e-01 7.774e-03 7.048e-03 2.598e-02 -1.000 6.051e-02 -3.078 2.996 2.500 1.344 -0.532 -2.478 -5.013 -5.838 -6.188
0.06 0.69525 9.30103 1.8221669197 2.5601267625    1.817  3.229  3.5020  0.428    8  0.554  0.399    78.92    45.74    30.08    23.27    19.04  3 -2.23e-08      0.00 5.670e-01 3.724e-01 7.774e-03 7.048e-03 2.598e-02 -1.000 6.051e-02 -3.302 3.063 3.014 1.947 -0.150 -2.210 -5.261 -6.119 -6.497
0.06 0.69525 9.30103 1.8221678734 2.5601268127    1.817  3.355  3.4830  0.226    8  0.554  0.399   118.40    65.96    42.66    33.18    27.18  2 -3.63e-08      0.00 5.670e-01 3.724e-01 7.774e-03 7.048e-03 2.598e-02 -1.000 6.051e-02 -3.619 3.106 3.483 2.295 0.098 -2.005 -5.599 -6.515 -6.925
0.06 0.69525 9.30103 1.8221688271 2.5601268630    1.816  3.467  3.4662  0.047    8  0.555  0.399   169.37    91.11    58.08    45.40    37.20  2 -5.75e-08      0.00 5.670e-01 3.724e-01 7.774e-03 7.048e-03 2.598e-02 -1.000 6.051e-02 -3.898 3.125 3.672 2.278 0.053 -2.063 -5.882 -6.856 -7.291
0.06 0.69525 9.30103 1.8221701384 2.5601269320    1.816  3.540  3.4552 -0.070    8  0.555  0.399   213.96   112.51    71.05    55.70    45.67  2 -7.83e-08      0.00 5.670e-01 3.724e-01 7.774e-03 7.048e-03 2.598e-02 -1.000 6.051e-02 -4.079 3.122 3.731 2.237 -0.024 -2.165 -6.063 -7.072 -7.522
0.06 0.69525 9.30103 1.8221715689 2.5601270073    1.816  3.575  3.4497 -0.127    8  0.555  0.399   240.01   124.80    78.44    61.59    50.52  0 -9.11e-08      0.00 5.670e-01 3.724e-01 7.774e-03 7.048e-03 2.598e-02 -1.000 6.051e-02 -4.167 3.122 3.751 2.219 -0.066 -2.223 -6.150 -7.176 -7.632
0.06 0.69525 9.30103 1.8221731186 2.5601270889    1.815  3.587  3.4475 -0.148    8  0.555  0.399   250.41   129.67    81.36    63.92    52.43  0  -9.6e-08      0.00 5.670e-01 3.724e-01 7.774e-03 7.048e-03 2.598e-02 -1.000 6.051e-02 -4.198 3.119 3.755 2.217 -0.080 -2.247 -6.182 -7.212 -7.671
0.06 0.69525 9.30103 1.8221750259 2.5601271894    1.815  3.591  3.4466 -0.156    8  0.555  0.399   254.12   131.40    82.40    64.75    53.11  0 -9.73e-08      0.00 5.670e-01 3.724e-01 7.774e-03 7.048e-03 2.598e-02 -1.000 6.051e-02 -4.207 3.121 3.760 2.220 -0.082 -2.252 -6.191 -7.223 -7.682
0.06 0.69525 9.30103 1.8221750259 2.5601271894    1.814  3.460  3.4656  0.052    8  0.555  0.399   167.80    90.35    57.62    45.03    36.90  2  -5.5e-08      0.00 5.670e-01 3.724e-01 7.774e-03 7.048e-03 2.598e-02 -1.000 6.051e-02 -3.879 3.143 3.696 2.298 0.074 -2.043 -5.864 -6.839 -7.275
0.06 0.69525 9.30103 1.8221752644 2.5601272019    1.814  3.334  3.4842  0.251    8  0.555  0.399   112.47    62.96    40.81    31.72    25.98  3 -3.29e-08      0.00 5.670e-01 3.724e-01 7.774e-03 7.048e-03 2.598e-02 -1.000 6.051e-02 -3.566 3.126 3.486 2.317 0.123 -1.979 -5.545 -6.457 -6.865
0.06 0.69525 9.30103 1.8221756220 2.5601272208    1.814  3.136  3.5137  0.568    8  0.555  0.399    59.68    35.54    23.64    18.22    14.90  3 -1.57e-08      0.00 5.670e-01 3.724e-01 7.774e-03 7.048e-03 2.598e-02 -1.000 6.051e-02 -3.070 3.027 2.596 1.461 -0.446 -2.407 -5.007 -5.837 -6.190
0.06 0.69525 9.30103 1.8221760988 2.5601272459    1.814  3.149  3.5118  0.547    8  0.555  0.399    62.24    36.92    24.51    18.90    15.46  3 -1.65e-08      0.00 5.670e-01 3.724e-01 7.774e-03 7.048e-03 2.598e-02 -1.000 6.051e-02 -3.103 3.044 2.680 1.564 -0.383 -2.365 -5.044 -5.878 -6.236
0.06 0.69525 9.30103 1.8221766949 2.5601272773    1.814  3.239  3.4983  0.403    8  0.555  0.399    83.00    47.87    31.41    24.32    19.90  3 -2.28e-08      0.00 5.670e-01 3.724e-01 7.774e-03 7.048e-03 2.598e-02 -1.000 6.051e-02 -3.327 3.096 3.157 2.095 -0.036 -2.113 -5.292 -6.161 -6.545
0.06 0.69525 9.30103 1.8221776485 2.5601273275    1.813  3.366  3.4793  0.200    8  0.555  0.399   124.70    69.11    44.61    34.72    28.44  2 -3.73e-08      0.00 5.670e-01 3.724e-01 7.774e-03 7.048e-03 2.598e-02 -1.000 6.051e-02 -3.645 3.135 3.564 2.330 0.133 -1.969 -5.627 -6.556 -6.972
0.06 0.69525 9.30103 1.8221786022 2.5601273777    1.813  3.478  3.4625  0.020    8  0.555  0.399   178.78    95.66    60.85    47.59    39.01  2 -5.95e-08      0.00 5.670e-01 3.724e-01 7.774e-03 7.048e-03 2.598e-02 -1.000 6.051e-02 -3.926 3.147 3.722 2.292 0.059 -2.062 -5.911 -6.897 -7.337
0.06 0.69525 9.30103 1.8221799135 2.5601274468    1.812  3.552  3.4513 -0.098    8  0.555  0.399   226.55   118.45    74.62    58.55    48.02  0 -8.17e-08      0.00 5.670e-01 3.724e-01 7.774e-03 7.048e-03 2.598e-02 -1.000 6.051e-02 -4.110 3.142 3.767 2.249 -0.027 -2.178 -6.094 -7.115 -7.568
0.06 0.69525 9.30103 1.8221813440 2.5601275221    1.812  3.589  3.4457 -0.158    8  0.556  0.399   255.13   131.86    82.67    64.97    53.29  0  -9.6e-08      0.00 5.670e-01 3.724e-01 7.774e-03 7.048e-03 2.598e-02 -1.000 6.051e-02 -4.202 3.130 3.772 2.233 -0.073 -2.247 -6.186 -7.220 -7.680
0.06 0.69525 9.30103 1.8221828938 2.5601276037    1.811  3.603  3.4435 -0.181    8  0.556  0.399   267.36   137.54    86.07    67.68    55.53  0 -1.02e-07      0.00 5.670e-01 3.725e-01 7.774e-03 7.048e-03 2.598e-02 -1.000 6.051e-02 -4.238 3.126 3.775 2.228 -0.090 -2.273 -6.222 -7.262 -7.724
0.06 0.69525 9.30103 1.8221848011 2.5601277041    1.811  3.609  3.4426 -0.191    8  0.556  0.399   272.62   139.98    87.52    68.84    56.48  0 -1.05e-07      0.00 5.670e-01 3.725e-01 7.774e-03 7.048e-03 2.598e-02 -1.000 6.051e-02 -4.252 3.125 3.776 2.226 -0.097 -2.284 -6.237 -7.278 -7.742
0.06 0.69525 9.30103 1.8221848011 2.5601277041    1.810  3.480  3.4617  0.015    8  0.556  0.399   180.60    96.54    61.38    48.02    39.36  2 -5.98e-08      0.00 5.670e-01 3.725e-01 7.774e-03 7.048e-03 2.598e-02 -1.000 6.051e-02 -3.930 3.153 3.734 2.296 0.062 -2.060 -5.915 -6.903 -7.344
0.06 0.69525 9.30103 1.8221850395 2.5601277167    1.810  3.355  3.4806  0.215    8  0.556  0.399   120.88    67.20    43.43    33.79    27.67  2 -3.57e-08      0.00 5.670e-01 3.725e-01 7.774e-03 7.048e-03 2.598e-02 -1.000 6.051e-02 -3.617 3.138 3.553 2.336 0.140 -1.962 -5.599 -6.524 -6.937
0.06 0.69525 9.30103 1.8221853971 2.5601277355    1.810  3.157  3.5104  0.533    8  0.556  0.399    63.96    37.84    25.09    19.36    15.83  3 -1.69e-08      0.00 5.670e-01 3.725e-01 7.774e-03 7.048e-03 2.598e-02 -1.000 6.051e-02 -3.122 3.059 2.741 1.637 -0.337 -2.334 -5.066 -5.903 -6.263
0.06 0.69525 9.30103 1.8221858740 2.5601277606    1.809  3.170  3.5085  0.512    8  0.556  0.399    66.71    39.30    26.02    20.09    16.43  3 -1.77e-08      0.00 5.670e-01 3.725e-01 7.775e-03 7.048e-03 2.598e-02 -1.000 6.051e-02 -3.154 3.076 2.819 1.725 -0.281 -2.294 -5.102 -5.943 -6.308
0.06 0.69525 9.30103 1.8221865892 2.5601277983    1.809  3.259  3.4949  0.368    8  0.556  0.399    88.99    50.97    33.35    25.85    21.15  3 -2.46e-08      0.00 5.670e-01 3.725e-01 7.775e-03 7.048e-03 2.598e-02 -1.000 6.051e-02 -3.378 3.109 3.259 2.183 0.030 -2.056 -5.346 -6.227 -6.616
0.06 0.69525 9.30103 1.8221874237 2.5601278422    1.809  3.385  3.4757  0.165    8  0.556  0.399   133.69    73.59    47.36    36.90    30.23  2 -4.04e-08      0.00 5.670e-01 3.725e-01 7.775e-03 7.048e-03 2.598e-02 -1.000 6.051e-02 -3.694 3.149 3.615 2.335 0.133 -1.971 -5.676 -6.618 -7.039
0.06 0.69525 9.30103 1.8221884966 2.5601278987    1.808  3.497  3.4587 -0.015    8  0.556  0.399   191.64   101.83    64.59    50.57    41.46  2 -6.43e-08      0.00 5.670e-01 3.725e-01 7.775e-03 7.048e-03 2.598e-02 -1.000 6.051e-02 -3.973 3.157 3.755 2.290 0.047 -2.081 -5.958 -6.956 -7.400
0.06 0.69525 9.30103 1.8221896887 2.5601279615    1.807  3.570  3.4475 -0.133    8  0.556  0.399   242.75   126.05    79.18    62.19    51.01  0 -8.82e-08      0.00 5.670e-01 3.725e-01 7.775e-03 7.048e-03 2.598e-02 -1.000 6.051e-02 -4.155 3.146 3.784 2.251 -0.043 -2.209 -6.140 -7.170 -7.627
0.06 0.69525 9.30103 1.8221911192 2.5601280368    1.806  3.607  3.4419 -0.192    8  0.557  0.399   273.24   140.24    87.68    68.97    56.59  0 -1.04e-07      0.00 5.670e-01 3.725e-01 7.775e-03 7.048e-03 2.598e-02 -1.000 6.051e-02 -4.246 3.135 3.789 2.239 -0.087 -2.277 -6.231 -7.274 -7.738
0.06 0.69525 9.30103 1.8221927881 2.5601281247    1.806  3.621  3.4397 -0.215    8  0.557  0.399   286.18   146.21    91.23    71.82    58.93  0  -1.1e-07      0.00 5.670e-01 3.725e-01 7.775e-03 7.048e-03 2.598e-02 -1.000 6.051e-02 -4.282 3.132 3.792 2.235 -0.104 -2.303 -6.266 -7.315 -7.781
0.06 0.69525 9.30103 1.8221946955 2.5601282251    1.804  3.626  3.4388 -0.225    8  0.557  0.399   291.55   148.68    92.70    72.99    59.89  0 -1.13e-07      0.00 5.670e-01 3.725e-01 7.775e-03 7.048e-03 2.598e-02 -1.000 6.051e-02 -4.296 3.129 3.791 2.234 -0.111 -2.314 -6.281 -7.331 -7.797
0.06 0.69525 9.30103 1.8221946955 2.5601282251    1.804  3.499  3.4580 -0.021    8  0.557  0.399   193.91   102.91    65.24    51.09    41.88  2  -6.5e-08      0.00 5.670e-01 3.725e-01 7.775e-03 7.048e-03 2.598e-02 -1.000 6.051e-02 -3.978 3.161 3.762 2.293 0.047 -2.084 -5.963 -6.963 -7.409
0.06 0.69525 9.30103 1.8221949339 2.5601282377    1.804  3.375  3.4771  0.180    8  0.557  0.399   129.62    71.56    46.11    35.92    29.42  2 -3.87e-08      0.00 5.670e-01 3.725e-01 7.775e-03 7.048e-03 2.598e-02 -1.000 6.051e-02 -3.667 3.151 3.603 2.341 0.141 -1.962 -5.649 -6.586 -7.005
0.06 0.69525 9.30103 1.8221952915 2.5601282565    1.804  3.177  3.5073  0.499    8  0.557  0.399    68.40    40.20    26.58    20.53    16.79  3 -1.83e-08      0.00 5.670e-01 3.725e-01 7.775e-03 7.048e-03 2.598e-02 -1.000 6.051e-02 -3.172 3.087 2.863 1.771 -0.250 -2.272 -5.122 -5.966 -6.333
0.06 0.69525 9.30103 1.8221957684 2.5601282816    1.803  3.190  3.5053  0.478    8  0.557  0.399    71.34    41.75    27.56    21.30    17.42  3 -1.91e-08      0.00 5.670e-01 3.725e-01 7.775e-03 7.048e-03 2.598e-02 -1.000 6.051e-02 -3.204 3.090 2.932 1.851 -0.198 -2.233 -5.158 -6.007 -6.378
0.06 0.69525 9.30103 1.8221964836 2.5601283193    1.803  3.279  3.4917  0.334    8  0.557  0.399    95.19    54.16    35.34    27.42    22.44  3 -2.66e-08      0.00 5.670e-01 3.725e-01 7.775e-03 7.048e-03 2.598e-02 -1.000 6.051e-02 -3.427 3.125 3.359 2.270 0.096 -2.000 -5.399 -6.289 -6.685
0.06 0.69525 9.30103 1.8221973181 2.5601283632    1.802  3.404  3.4723  0.131    8  0.557  0.399   142.99    78.18    50.18    39.14    32.06  2 -4.37e-08      0.00 5.670e-01 3.725e-01 7.775e-03 7.048e-03 2.598e-02 -1.000 6.051e-02 -3.741 3.161 3.661 2.339 0.132 -1.975 -5.724 -6.678 -7.104
0.06 0.69525 9.30103 1.8221983910 2.5601284197    1.801  3.515  3.4552 -0.049    8  0.557  0.399   204.91   108.15    68.40    53.61    43.96  2 -6.97e-08      0.00 5.670e-01 3.725e-01 7.775e-03 7.048e-03 2.598e-02 -1.000 6.051e-02 -4.018 3.162 3.774 2.286 0.029 -2.110 -6.003 -7.011 -7.460
0.06 0.69525 9.30103 1.8221997023 2.5601284888    1.800  3.588  3.4440 -0.167    8  0.557  0.399   259.48   133.82    83.83    65.91    54.06  0 -9.55e-08      0.00 5.670e-01 3.725e-01 7.775e-03 7.048e-03 2.598e-02 -1.000 6.051e-02 -4.200 3.148 3.796 2.254 -0.060 -2.240 -6.185 -7.223 -7.684
0.06 0.69525 9.30103 1.8222012520 2.5601285704    1.799  3.624  3.4384 -0.226    8  0.558  0.399   291.92   148.81    92.78    73.06    59.95  0 -1.12e-07      0.00 5.670e-01 3.725e-01 7.775e-03 7.048e-03 2.598e-02 -1.000 6.051e-02 -4.291 3.136 3.800 2.243 -0.104 -2.309 -6.276 -7.326 -7.793
0.06 0.69525 9.30103 1.8222029209 2.5601286583    1.798  3.638  3.4363 -0.249    8  0.558  0.399   305.58   155.07    96.50    76.04    62.39  0  -1.2e-07      0.00 5.670e-01 3.725e-01 7.775e-03 7.048e-03 2.598e-02 -1.000 6.051e-02 -4.326 3.130 3.799 2.240 -0.122 -2.337 -6.311 -7.366 -7.835
0.06 0.69525 9.30103 1.8222048283 2.5601287587    1.796  3.644  3.4355 -0.258    8  0.558  0.399   309.79   157.58    97.99    77.23    63.38  0 -1.23e-07      0.00 5.670e-01 3.725e-01 7.775e-03 7.048e-03 2.598e-02 -1.000 6.051e-02 -4.340 3.127 3.797 2.237 -0.129 -2.348 -6.325 -7.382 -7.852
0.06 0.69525 9.30103 1.8222048283 2.5601287587    1.796  3.519  3.4547 -0.056    8  0.558  0.399   207.85   109.53    69.23    54.28    44.50  2 -7.13e-08      0.00 5.670e-01 3.725e-01 7.775e-03 7.048e-03 2.598e-02 -1.000 6.052e-02 -4.028 3.163 3.776 2.284 0.024 -2.116 -6.013 -7.023 -7.472
0.06 0.69525 9.30103 1.8222050667 2.5601287713    1.796  3.395  3.4740  0.145    8  0.558  0.399   138.80    76.10    48.90    38.13    31.23  2 -4.24e-08      0.00 5.670e-01 3.725e-01 7.775e-03 7.048e-03 2.598e-02 -1.000 6.051e-02 -3.717 3.158 3.641 2.339 0.134 -1.972 -5.700 -6.649 -7.072
0.06 0.69525 9.30103 1.8222054243 2.5601287901    1.795  3.197  3.5046  0.465    8  0.558  0.399    73.06    42.66    28.13    21.75    17.79  3 -1.99e-08      0.00 5.670e-01 3.725e-01 7.775e-03 7.048e-03 2.598e-02 -1.000 6.051e-02 -3.223 3.088 2.953 1.875 -0.185 -2.226 -5.178 -6.029 -6.402
0.06 0.69525 9.30103 1.8222059011 2.5601288152    1.794  3.210  3.5025  0.444    8  0.558  0.399    76.27    44.35    29.20    22.59    18.48  3 -2.08e-08      0.00 5.670e-01 3.725e-01 7.775e-03 7.048e-03 2.598e-02 -1.000 6.052e-02 -3.256 3.093 3.028 1.960 -0.128 -2.183 -5.214 -6.071 -6.447
0.06 0.69525 9.30103 1.8222066164 2.5601288529    1.794  3.299  3.4886  0.299    8  0.558  0.399   101.88    57.58    37.46    29.09    23.82  3  -2.9e-08      0.00 5.670e-01 3.725e-01 7.775e-03 7.048e-03 2.598e-02 -1.000 6.052e-02 -3.478 3.135 3.432 2.319 0.131 -1.970 -5.453 -6.352 -6.753
0.06 0.69525 9.30103 1.8222074509 2.5601288968    1.793  3.424  3.4690  0.096    8  0.558  0.399   153.19    83.17    53.23    41.56    34.05  2 -4.77e-08      0.00 5.670e-01 3.725e-01 7.775e-03 7.048e-03 2.598e-02 -1.000 6.052e-02 -3.790 3.170 3.700 2.339 0.125 -1.985 -5.773 -6.739 -7.170
0.06 0.69525 9.30103 1.8222085238 2.5601289533    1.791  3.534  3.4517 -0.084    8  0.558  0.399   219.75   115.15    72.62    56.98    46.72  2  -7.6e-08      0.00 5.670e-01 3.725e-01 7.775e-03 7.048e-03 2.598e-02 -1.000 6.052e-02 -4.066 3.170 3.795 2.283 0.011 -2.139 -6.050 -7.069 -7.522
0.06 0.69525 9.30103 1.8222098351 2.5601290224    1.790  3.607  3.4402 -0.203    8  0.559  0.399   278.61   142.62    89.08    70.12    57.52  0 -1.04e-07      0.00 5.670e-01 3.725e-01 7.775e-03 7.048e-03 2.598e-02 -1.000 6.052e-02 -4.247 3.152 3.812 2.258 -0.076 -2.272 -6.231 -7.278 -7.743
0.06 0.69525 9.30103 1.8222112656 2.5601290977    1.788  3.643  3.4345 -0.263    8  0.559  0.399   311.37   158.82    98.71    77.83    63.86  0 -1.22e-07      0.00 5.670e-01 3.725e-01 7.775e-03 7.048e-03 2.598e-02 -1.000 6.052e-02 -4.337 3.138 3.812 2.252 -0.120 -2.343 -6.323 -7.381 -7.852
0.06 0.69525 9.30103 1.8222129345 2.5601291856    1.786  3.657  3.4322 -0.286    8  0.559  0.399   321.88   165.77   102.83    81.13    66.58  0 -1.45e-07      0.00 5.670e-01 3.725e-01 7.775e-03 7.048e-03 2.598e-02 -1.000 6.052e-02 -4.372 3.137 3.814 2.252 -0.136 -2.370 -6.358 -7.421 -7.895
0.06 0.69525 9.30103 1.8222148418 2.5601292860    1.784  3.663  3.4312 -0.297    8  0.559  0.399   326.34   168.78   104.61    82.56    67.76  0 -1.71e-07      0.00 5.670e-01 3.725e-01 7.775e-03 7.048e-03 2.598e-02 -1.000 6.052e-02 -4.387 3.141 3.818 2.254 -0.142 -2.380 -6.372 -7.438 -7.913
0.06 0.69525 9.30103 1.8222148418 2.5601292860    1.783  3.541  3.4503 -0.098    8  0.559  0.399   225.63   117.89    74.26    58.30    47.80  0 -7.85e-08      0.00 5.670e-01 3.725e-01 7.775e-03 7.048e-03 2.598e-02 -1.000 6.052e-02 -4.081 3.177 3.807 2.285 0.007 -2.147 -6.065 -7.089 -7.543
0.06 0.69525 9.30103 1.8222150803 2.5601292986    1.783  3.417  3.4698  0.104    8  0.559  0.399   150.51    81.84    52.41    40.92    33.52  2 -4.66e-08      0.00 5.670e-01 3.725e-01 7.775e-03 7.048e-03 2.598e-02 -1.000 6.052e-02 -3.771 3.176 3.701 2.347 0.136 -1.972 -5.754 -6.718 -7.148
0.06 0.69525 9.30103 1.8222154379 2.5601293174    1.782  3.219  3.5008  0.425    8  0.559  0.399    79.01    45.79    30.09    23.30    19.06  3 -2.17e-08      0.00 5.670e-01 3.725e-01 7.775e-03 7.048e-03 2.598e-02 -1.000 6.052e-02 -3.278 3.102 3.093 2.033 -0.078 -2.145 -5.239 -6.101 -6.480
0.06 0.69525 9.30103 1.8222160339 2.5601293488    1.781  3.232  3.4987  0.404    8  0.559  0.399    82.49    47.60    31.23    24.19    19.79  3 -2.28e-08      0.00 5.670e-01 3.725e-01 7.775e-03 7.048e-03 2.598e-02 -1.000 6.052e-02 -3.310 3.108 3.158 2.097 -0.032 -2.109 -5.274 -6.142 -6.525
0.06 0.69525 9.30103 1.8222167492 2.5601293864    1.780  3.320  3.4847  0.259    8  0.559  0.399   110.18    61.78    40.06    31.16    25.51  3 -3.18e-08      0.00 5.670e-01 3.725e-01 7.775e-03 7.048e-03 2.598e-02 -1.000 6.052e-02 -3.531 3.149 3.503 2.340 0.148 -1.954 -5.509 -6.421 -6.827
0.06 0.69525 9.30103 1.8222175837 2.5601294304    1.779  3.444  3.4650  0.056    8  0.560  0.399   165.58    89.18    56.88    44.48    36.44  2 -5.23e-08      0.00 5.670e-01 3.725e-01 7.775e-03 7.048e-03 2.598e-02 -1.000 6.052e-02 -3.841 3.181 3.739 2.338 0.114 -2.003 -5.825 -6.803 -7.239
0.06 0.69525 9.30103 1.8222187757 2.5601294931    1.777  3.554  3.4476 -0.124    8  0.560  0.399   237.33   123.36    77.54    60.92    49.96  0 -8.33e-08      0.00 5.670e-01 3.725e-01 7.775e-03 7.048e-03 2.598e-02 -1.000 6.052e-02 -4.114 3.178 3.816 2.287 -0.006 -2.170 -6.099 -7.128 -7.585
0.06 0.69525 9.30103 1.8222200871 2.5601295622    1.775  3.625  3.4362 -0.242    8  0.560  0.399   300.69   152.66    95.04    74.91    61.46  0 -1.14e-07      0.00 5.670e-01 3.725e-01 7.775e-03 7.048e-03 2.598e-02 -1.000 6.052e-02 -4.294 3.155 3.825 2.269 -0.091 -2.307 -6.279 -7.334 -7.803
0.06 0.69525 9.30103 1.8222216368 2.5601296438    1.772  3.661  3.4304 -0.301    8  0.560  0.399   327.55   169.87   105.24    83.08    68.18  0 -1.84e-07      0.00 5.670e-01 3.725e-01 7.776e-03 7.048e-03 2.598e-02 -1.000 6.052e-02 -4.383 3.155 3.833 2.269 -0.132 -2.374 -6.368 -7.436 -7.911
0.06 0.69525 9.30103 1.8222234249 2.5601297379    1.769  3.675  3.4282 -0.325    8  0.560  0.399   338.44   177.20   109.57    86.56    71.04  0  -2.7e-07      0.01 5.670e-01 3.725e-01 7.776e-03 7.048e-03 2.598e-02 -1.000 6.052e-02 -4.418 3.165 3.841 2.278 -0.144 -2.399 -6.401 -7.473 -7.951
0.06 0.69525 9.30103 1.8222254515 2.5601298447    1.766  3.681  3.4273 -0.334    8  0.560  0.399   342.94   180.30   111.39    88.03    72.25  0 -3.16e-07      0.01 5.670e-01 3.725e-01 7.776e-03 7.048e-03 2.598e-02 -1.000 6.052e-02 -4.432 3.174 3.847 2.284 -0.147 -2.407 -6.413 -7.487 -7.968
0.06 0.69525 9.30103 1.8222254515 2.5601298447    1.765  3.561  3.4463 -0.139    8  0.560  0.399   244.50   126.65    79.50    62.50    51.25  0 -8.69e-08      0.00 5.670e-01 3.725e-01 7.776e-03 7.048e-03 2.598e-02 -1.000 6.052e-02 -4.133 3.179 3.821 2.287 -0.013 -2.183 -6.117 -7.150 -7.608
0.06 0.69525 9.30103 1.8222256899 2.5601298572    1.765  3.438  3.4659  0.063    8  0.560  0.399   162.96    87.88    56.08    43.85    35.93  2 -5.15e-08      0.00 5.670e-01 3.725e-01 7.776e-03 7.048e-03 2.598e-02 -1.000 6.052e-02 -3.824 3.186 3.737 2.345 0.123 -1.993 -5.808 -6.783 -7.218
0.06 0.69525 9.30103 1.8222260475 2.5601298760    1.764  3.240  3.4973  0.385    8  0.561  0.399    85.34    49.08    32.15    24.92    20.39  3 -2.38e-08      0.00 5.670e-01 3.725e-01 7.776e-03 7.048e-03 2.598e-02 -1.000 6.052e-02 -3.331 3.116 3.202 2.135 -0.004 -2.085 -5.297 -6.169 -6.555
0.06 0.69525 9.30103 1.8222265244 2.5601299012    1.763  3.253  3.4951  0.363    8  0.561  0.399    89.16    51.05    33.38    25.89    21.19  3  -2.5e-08      0.00 5.670e-01 3.725e-01 7.776e-03 7.048e-03 2.598e-02 -1.000 6.052e-02 -3.363 3.125 3.268 2.192 0.039 -2.048 -5.331 -6.211 -6.600
0.06 0.69525 9.30103 1.8222272396 2.5601299388    1.761  3.341  3.4809  0.219    8  0.561  0.399   119.19    66.30    42.84    33.37    27.32  2 -3.49e-08      0.00 5.670e-01 3.725e-01 7.776e-03 7.048e-03 2.598e-02 -1.000 6.052e-02 -3.582 3.167 3.576 2.364 0.168 -1.933 -5.563 -6.487 -6.900
0.06 0.69525 9.30103 1.8222280741 2.5601299828    1.758  3.464  3.4610  0.015    8  0.561  0.399   179.19    95.71    60.83    47.63    39.04  2 -5.75e-08      0.00 5.670e-01 3.725e-01 7.776e-03 7.048e-03 2.598e-02 -1.000 6.052e-02 -3.889 3.198 3.785 2.341 0.107 -2.015 -5.874 -6.865 -7.307
0.06 0.69525 9.30103 1.8222291470 2.5601300392    1.755  3.572  3.4433 -0.165    8  0.561  0.399   257.02   132.41    82.94    65.26    53.52  0 -9.14e-08      0.00 5.670e-01 3.725e-01 7.776e-03 7.048e-03 2.598e-02 -1.000 6.052e-02 -4.160 3.187 3.839 2.298 -0.018 -2.201 -6.145 -7.185 -7.645
0.06 0.69525 9.30103 1.8222304583 2.5601301083    1.751  3.643  3.4316 -0.283    8  0.561  0.399   317.83   163.96   101.71    80.29    65.88  0 -1.36e-07      0.00 5.670e-01 3.725e-01 7.776e-03 7.048e-03 2.598e-02 -1.000 6.052e-02 -4.337 3.169 3.849 2.289 -0.100 -2.336 -6.323 -7.388 -7.861
0.06 0.69525 9.30103 1.8222320080 2.5601301899    1.747  3.678  3.4257 -0.343    8  0.561  0.399   345.72   182.64   112.75    89.15    73.17  0 -3.62e-07      0.01 5.670e-01 3.725e-01 7.776e-03 7.048e-03 2.598e-02 -1.000 6.052e-02 -4.425 3.208 3.881 2.322 -0.124 -2.394 -6.405 -7.482 -7.964
0.06 0.69525 9.30103 1.8222336769 2.5601302778    1.743  3.692  3.4232 -0.368    8  0.562  0.399   357.60   190.81   117.55    93.02    76.35  0 -5.31e-07      0.03 5.670e-01 3.725e-01 7.776e-03 7.048e-03 2.598e-02 -1.000 6.052e-02 -4.459 3.297 3.945 2.371 -0.110 -2.398 -6.428 -7.513 -8.005
0.06 0.69525 9.30103 1.8222355843 2.5601303782    1.737  3.697  3.4221 -0.379    8  0.562  0.399   362.79   194.49   119.71    94.76    77.78  0 -6.28e-07      0.04 5.670e-01 3.725e-01 7.776e-03 7.048e-03 2.598e-02 -1.000 6.052e-02 -4.472 3.355 3.988 2.403 -0.097 -2.394 -6.433 -7.525 -8.021
0.06 0.69525 9.30103 1.8222355843 2.5601303782    1.737  3.580  3.4409 -0.187    8  0.562  0.399   268.09   137.42    85.92    67.67    55.49  0 -9.57e-08      0.00 5.670e-01 3.725e-01 7.776e-03 7.048e-03 2.598e-02 -1.000 6.052e-02 -4.180 3.199 3.858 2.310 -0.019 -2.211 -6.165 -7.210 -7.673
0.06 0.69525 9.30103 1.8222358227 2.5601303908    1.736  3.457  3.4608  0.016    8  0.562  0.399   178.49    95.30    60.57    47.45    38.88  2 -5.66e-08      0.00 5.670e-01 3.725e-01 7.776e-03 7.048e-03 2.598e-02 -1.000 6.052e-02 -3.872 3.216 3.804 2.360 0.126 -1.997 -5.857 -6.849 -7.290
0.06 0.69525 9.30103 1.8222361803 2.5601304096    1.735  3.260  3.4925  0.339    8  0.562  0.399    93.19    53.11    34.65    26.91    22.02  3  -2.6e-08      0.00 5.670e-01 3.725e-01 7.776e-03 7.048e-03 2.598e-02 -1.000 6.052e-02 -3.380 3.158 3.368 2.283 0.113 -1.981 -5.352 -6.239 -6.633
0.06 0.69525 9.30103 1.8222367764 2.5601304410    1.732  3.273  3.4903  0.317    8  0.562  0.399    97.37    55.25    35.98    27.96    22.88  3 -2.73e-08      0.00 5.670e-01 3.725e-01 7.776e-03 7.048e-03 2.598e-02 -1.000 6.052e-02 -3.412 3.170 3.441 2.346 0.161 -1.939 -5.386 -6.280 -6.678
0.06 0.69525 9.30103 1.8222374916 2.5601304786    1.730  3.360  3.4760  0.172    8  0.562  0.399   130.19    71.74    46.18    36.03    29.50  2 -3.82e-08      0.00 5.670e-01 3.725e-01 7.776e-03 7.048e-03 2.598e-02 -1.000 6.052e-02 -3.629 3.204 3.667 2.393 0.192 -1.912 -5.611 -6.553 -6.973
0.06 0.69525 9.30103 1.8222384453 2.5601305288    1.726  3.481  3.4560 -0.031    8  0.562  0.399   195.66   103.47    65.51    51.39    42.12  2  -6.3e-08      0.00 5.670e-01 3.725e-01 7.776e-03 7.048e-03 2.598e-02 -1.000 6.052e-02 -3.934 3.225 3.835 2.356 0.104 -2.032 -5.919 -6.924 -7.371
0.06 0.69525 9.30103 1.8222396374 2.5601305916    1.722  3.589  3.4382 -0.210    8  0.562  0.399   280.50   143.03    89.24    70.35    57.70  0    -1e-07      0.00 5.670e-01 3.725e-01 7.776e-03 7.048e-03 2.598e-02 -1.000 6.052e-02 -4.202 3.209 3.876 2.325 -0.020 -2.225 -6.188 -7.238 -7.704
0.06 0.69525 9.30103 1.8222409487 2.5601306607    1.717  3.659  3.4265 -0.328    8  0.562  0.399   336.11   176.96   109.36    86.48    70.97  0 -2.84e-07      0.01 5.670e-01 3.725e-01 7.776e-03 7.048e-03 2.598e-02 -1.000 6.052e-02 -4.377 3.209 3.891 2.339 -0.094 -2.357 -6.361 -7.434 -7.913
0.06 0.69525 9.30103 1.8222424984 2.5601307423    1.711  3.693  3.4205 -0.388    8  0.563  0.399   365.55   197.04   121.17    95.99    78.78  0 -7.21e-07      0.05 5.670e-01 3.725e-01 7.776e-03 7.048e-03 2.598e-02 -1.000 6.052e-02 -4.463 3.427 4.048 2.458 -0.061 -2.369 -6.418 -7.515 -8.015
0.06 0.69525 9.30103 1.8222444057 2.5601308427    1.704  3.706  3.4181 -0.413    8  0.563  0.399   378.00   205.78   126.28   100.12    82.18  0 -1.04e-06      0.10 5.670e-01 3.725e-01 7.776e-03 7.048e-03 2.598e-02 -1.000 6.052e-02 -4.496 3.689 4.223 2.576 -0.003 -2.332 -6.415 -7.534 -8.053
0.06 0.69525 9.30103 1.8222464323 2.5601309494    1.696  3.711  3.4171 -0.424    8  0.563  0.399   383.34   209.67   128.55   101.96    83.69  0 -1.22e-06      0.14 5.670e-01 3.725e-01 7.776e-03 7.048e-03 2.598e-02 -1.000 6.052e-02 -4.508 3.896 4.360 2.668 0.050 -2.293 -6.400 -7.533 -8.067
0.06 0.69525 9.30103 1.8222464323 2.5601309494    1.696  3.597  3.4357 -0.235    8  0.563  0.399   293.00   149.12    92.84    73.27    60.09  0 -1.06e-07      0.00 5.670e-01 3.725e-01 7.776e-03 7.048e-03 2.598e-02 -1.000 6.052e-02 -4.223 3.220 3.893 2.340 -0.022 -2.238 -6.210 -7.265 -7.733
0.06 0.69525 9.30103 1.8222466707 2.5601309620    1.695  3.475  3.4558 -0.032    8  0.563  0.399   195.66   103.35    65.41    51.35    42.07  2 -6.27e-08      0.00 5.670e-01 3.725e-01 7.776e-03 7.048e-03 2.598e-02 -1.000 6.052e-02 -3.916 3.245 3.856 2.376 0.123 -2.014 -5.901 -6.908 -7.355
0.06 0.69525 9.30103 1.8222470284 2.5601309808    1.693  3.278  3.4879  0.292    8  0.563  0.399   101.81    57.48    37.35    29.07    23.78  3 -2.86e-08      0.00 5.670e-01 3.725e-01 7.776e-03 7.048e-03 2.598e-02 -1.000 6.052e-02 -3.425 3.200 3.508 2.386 0.197 -1.904 -5.401 -6.303 -6.705
0.06 0.69525 9.30103 1.8222476244 2.5601310122    1.690  3.291  3.4856  0.270    8  0.563  0.399   106.46    59.82    38.80    30.22    24.73  2    -3e-08      0.00 5.670e-01 3.725e-01 7.776e-03 7.048e-03 2.598e-02 -1.000 6.052e-02 -3.456 3.207 3.549 2.398 0.206 -1.895 -5.434 -6.343 -6.748
0.06 0.69525 9.30103 1.8222483397 2.5601310498    1.685  3.377  3.4711  0.124    8  0.563  0.399   142.48    77.71    49.81    38.95    31.89  2 -4.22e-08      0.00 5.670e-01 3.725e-01 7.776e-03 7.048e-03 2.598e-02 -1.000 6.052e-02 -3.672 3.246 3.759 2.423 0.215 -1.891 -5.654 -6.614 -7.041
0.06 0.69525 9.30103 1.8222492933 2.5601311000    1.680  3.497  3.4509 -0.079    8  0.564  0.399   214.31   112.09    70.67    55.56    45.53  0 -6.96e-08      0.00 5.670e-01 3.725e-01 7.776e-03 7.048e-03 2.598e-02 -1.000 6.052e-02 -3.973 3.261 3.891 2.379 0.105 -2.046 -5.958 -6.979 -7.431
0.06 0.69525 9.30103 1.8222504854 2.5601311628    1.674  3.604  3.4329 -0.258    8  0.564  0.399   301.21   154.96    96.28    76.07    62.38  0  -1.1e-07      0.00 5.670e-01 3.725e-01 7.776e-03 7.048e-03 2.598e-02 -1.000 6.052e-02 -4.239 3.236 3.916 2.362 -0.017 -2.246 -6.225 -7.286 -7.757
0.06 0.69525 9.30103 1.8222517967 2.5601312319    1.666  3.673  3.4209 -0.377    8  0.564  0.399   356.33   191.86   118.05    93.58    76.78  0 -6.05e-07      0.04 5.670e-01 3.725e-01 7.776e-03 7.048e-03 2.598e-02 -1.000 6.052e-02 -4.411 3.406 4.047 2.472 -0.033 -2.335 -6.374 -7.466 -7.961
0.06 0.69525 9.30103 1.8222533464 2.5601313135    1.658  3.706  3.4148 -0.438    8  0.564  0.399   388.02   213.90   130.95   103.99    85.35  0 -1.49e-06      0.19 5.670e-01 3.725e-01 7.776e-03 7.048e-03 2.598e-02 -1.000 6.052e-02 -4.496 4.205 4.575 2.827 0.152 -2.211 -6.350 -7.503 -8.056
0.06 0.69525 9.30103 1.8222552538 2.5601314139    1.648  3.719  3.4121 -0.464    8  0.564  0.399   401.84   223.81   136.72   108.67    89.19  0 -2.15e-06      0.36 5.670e-01 3.725e-01 7.776e-03 7.048e-03 2.598e-02 -1.000 6.052e-02 -4.528 5.099 5.147 3.212 0.387 -2.025 -6.259 -7.472 -8.083
0.06 0.69525 9.30103 1.8222572803 2.5601315206    1.637  3.724  3.4108 -0.476    8  0.565  0.399   408.22   228.58   139.48   110.92    91.04  0 -2.56e-06      0.44 5.670e-01 3.725e-01 7.776e-03 7.048e-03 2.598e-02 -1.000 6.052e-02 -4.539 5.545 5.434 3.407 0.508 -1.928 -6.209 -7.452 -8.092
0.06 0.69525 9.30103 1.8222572803 2.5601315206    1.636  3.613  3.4293 -0.292    8  0.565  0.399   313.09   163.64   101.37    80.22    65.79  0 -1.55e-07      0.00 5.670e-01 3.725e-01 7.776e-03 7.048e-03 2.598e-02 -1.000 6.052e-02 -4.261 3.260 3.947 2.393 -0.010 -2.257 -6.248 -7.316 -7.790
0.06 0.69525 9.30103 1.8222575188 2.5601315331    1.635  3.490  3.4496 -0.088    8  0.565  0.399   217.35   113.28    71.35    56.16    46.01  0 -6.98e-08      0.00 5.670e-01 3.725e-01 7.776e-03 7.048e-03 2.598e-02 -1.000 6.052e-02 -3.956 3.295 3.930 2.411 0.132 -2.023 -5.940 -6.964 -7.418
0.06 0.69525 9.30103 1.8222578764 2.5601315520    1.632  3.294  3.4822  0.238    8  0.565  0.399   112.54    62.81    40.62    31.70    25.93  2 -3.16e-08      0.00 5.670e-01 3.725e-01 7.776e-03 7.048e-03 2.598e-02 -1.000 6.052e-02 -3.465 3.255 3.646 2.452 0.258 -1.843 -5.445 -6.365 -6.775
0.06 0.69525 9.30103 1.8222583532 2.5601315771    1.629  3.306  3.4800  0.215    8  0.565  0.399   117.67    65.36    42.19    32.95    26.96  2 -3.32e-08      0.00 5.670e-01 3.725e-01 7.776e-03 7.048e-03 2.598e-02 -1.000 6.052e-02 -3.496 3.264 3.688 2.465 0.270 -1.831 -5.477 -6.405 -6.819
0.06 0.69525 9.30103 1.8222590685 2.5601316147    1.624  3.392  3.4654  0.070    8  0.565  0.399   157.56    84.88    54.15    42.45    34.76  2 -4.67e-08      0.00 5.670e-01 3.725e-01 7.776e-03 7.048e-03 2.598e-02 -1.000 6.052e-02 -3.709 3.298 3.854 2.459 0.238 -1.877 -5.693 -6.670 -7.105
0.06 0.69525 9.30103 1.8222600222 2.5601316650    1.617  3.511  3.4450 -0.132    8  0.565  0.399   237.03   122.33    76.76    60.51    49.58  0 -7.71e-08      0.00 5.670e-01 3.725e-01 7.776e-03 7.048e-03 2.598e-02 -1.000 6.052e-02 -4.007 3.302 3.951 2.420 0.116 -2.059 -5.992 -7.027 -7.485
0.06 0.69525 9.30103 1.8222610950 2.5601317215    1.609  3.616  3.4269 -0.312    8  0.565  0.399   320.17   168.96   104.47    82.76    67.87  0 -2.14e-07      0.01 5.670e-01 3.725e-01 7.776e-03 7.048e-03 2.598e-02 -1.000 6.052e-02 -4.269 3.277 3.967 2.424 0.000 -2.258 -6.256 -7.326 -7.802
0.06 0.69525 9.30103 1.8222624063 2.5601317905    1.600  3.684  3.4148 -0.430    8  0.565  0.399   378.98   209.05   128.01   101.75    83.48  0 -1.32e-06      0.16 5.670e-01 3.725e-01 7.776e-03 7.048e-03 2.598e-02 -1.000 6.052e-02 -4.439 4.105 4.527 2.813 0.164 -2.191 -6.313 -7.456 -7.999
0.06 0.69525 9.30103 1.8222639561 2.5601318721    1.590  3.717  3.4086 -0.491    8  0.566  0.399   412.84   233.00   141.97   113.05    92.77  0 -3.11e-06      0.60 5.670e-01 3.725e-01 7.776e-03 7.048e-03 2.598e-02 -1.000 6.052e-02 -4.522 6.419 5.998 3.808 0.774 -1.706 -6.076 -7.374 -8.066
0.06 0.69525 9.30103 1.8222657442 2.5601319662    1.578  3.729  3.4058 -0.517    8  0.566  0.399   427.69   243.85   148.25   118.17    96.98  0 -4.42e-06      0.96 5.670e-01 3.725e-01 7.776e-03 7.048e-03 2.598e-02 -1.000 6.052e-02 -4.552 8.327 7.192 4.646 1.311 -1.270 -5.841 -7.263 -8.070
0.06 0.69525 9.30103 1.8222676516 2.5601320667    1.564  3.733  3.4044 -0.531    8  0.566  0.399   434.73   249.21   151.33   120.70    99.05  0 -5.25e-06      1.28 5.670e-01 3.725e-01 7.776e-03 7.048e-03 2.598e-02 -1.000 6.052e-02 -4.562 9.993 8.212 5.377 1.797 -0.869 -5.616 -7.143 -8.044
0.06 0.69525 9.30103 1.8222676516 2.5601320667    1.564  3.625  3.4228 -0.349    8  0.566  0.399   334.38   179.52   110.63    87.81    72.01  0 -3.87e-07      0.02 5.670e-01 3.725e-01 7.776e-03 7.048e-03 2.598e-02 -1.000 6.052e-02 -4.292 3.360 4.040 2.496 0.029 -2.255 -6.271 -7.351 -7.834
0.06 0.69525 9.30103 1.8222678900 2.5601320792    1.562  3.503  3.4434 -0.145    8  0.566  0.399   241.73   124.12    77.77    61.40    50.30  0 -7.77e-08      0.00 5.670e-01 3.725e-01 7.776e-03 7.048e-03 2.598e-02 -1.000 6.052e-02 -3.987 3.341 3.994 2.460 0.148 -2.033 -5.972 -7.011 -7.470
0.06 0.69525 9.30103 1.8222682476 2.5601320981    1.559  3.307  3.4766  0.182    8  0.566  0.399   124.46    68.60    44.14    34.55    28.26  2  -3.5e-08      0.00 5.670e-01 3.725e-01 7.776e-03 7.048e-03 2.598e-02 -1.000 6.052e-02 -3.497 3.321 3.779 2.513 0.314 -1.789 -5.479 -6.419 -6.838
0.06 0.69525 9.30103 1.8222688437 2.5601321294    1.555  3.319  3.4743  0.160    8  0.566  0.399   130.22    71.42    45.87    35.93    29.39  2 -3.68e-08      0.00 5.670e-01 3.725e-01 7.776e-03 7.048e-03 2.598e-02 -1.000 6.052e-02 -3.528 3.331 3.813 2.517 0.315 -1.789 -5.510 -6.458 -6.880
0.06 0.69525 9.30103 1.8222695589 2.5601321671    1.549  3.404  3.4595  0.014    8  0.567  0.399   174.67    92.81    58.90    46.32    37.92  2 -5.19e-08      0.00 5.670e-01 3.725e-01 7.776e-03 7.048e-03 2.598e-02 -1.000 6.052e-02 -3.739 3.359 3.956 2.502 0.266 -1.858 -5.724 -6.720 -7.162
0.06 0.69525 9.30103 1.8222705126 2.5601322173    1.542  3.522  3.4388 -0.189    8  0.567  0.399   263.27   133.79    83.52    66.04    54.11  0 -8.57e-08      0.00 5.670e-01 3.725e-01 7.776e-03 7.048e-03 2.598e-02 -1.000 6.052e-02 -4.035 3.352 4.019 2.475 0.136 -2.064 -6.021 -7.069 -7.533
0.06 0.69525 9.30103 1.8222715855 2.5601322738    1.532  3.626  3.4205 -0.368    8  0.567  0.399   341.21   184.86   113.72    90.37    74.10  0 -5.17e-07      0.03 5.670e-01 3.725e-01 7.776e-03 7.048e-03 2.598e-02 -1.000 6.052e-02 -4.294 3.465 4.124 2.568 0.069 -2.231 -6.264 -7.352 -7.843
0.06 0.69525 9.30103 1.8222730160 2.5601323491    1.522  3.693  3.4082 -0.488    8  0.567  0.399   404.68   228.90   139.44   111.19    91.21  0 -2.91e-06      0.56 5.670e-01 3.725e-01 7.776e-03 7.048e-03 2.598e-02 -1.000 6.052e-02 -4.462 6.285 5.935 3.782 0.778 -1.693 -6.042 -7.328 -8.009
0.06 0.69525 9.30103 1.8222745657 2.5601324307    1.509  3.725  3.4018 -0.549    8  0.567  0.399   441.56   255.44   154.82   123.68   101.48  0 -6.61e-06      1.74 5.670e-01 3.725e-01 7.776e-03 7.048e-03 2.598e-02 -1.000 6.052e-02 -4.544 12.404 9.700 6.454 2.523 -0.264 -5.262 -6.940 -7.975
0.06 0.69525 9.30103 1.8222763538 2.5601325249    1.495  3.737  3.3989 -0.577    8  0.568  0.399   458.20   267.79   161.92   129.50   106.26  0 -7.43e-06      2.05 5.670e-01 3.725e-01 7.776e-03 7.048e-03 2.598e-02 -1.000 6.052e-02 -4.573 13.985 10.645 7.116 2.971 0.107 -5.063 -6.839 -7.958
0.06 0.69525 9.30103 1.8222783804 2.5601326316    1.480  3.741  3.3973 -0.592    8  0.568  0.399   466.64   274.29   165.63   132.56   108.77  0  -7.5e-06      2.06 5.670e-01 3.725e-01 7.776e-03 7.048e-03 2.598e-02 -1.000 6.052e-02 -4.582 14.044 10.681 7.137 2.981 0.114 -5.065 -6.845 -7.968
0.06 0.69525 9.30103 1.8222783804 2.5601326316    1.479  3.636  3.4155 -0.414    8  0.568  0.399   359.93   198.85   121.83    97.05    79.57  0 -1.01e-06      0.10 5.670e-01 3.725e-01 7.776e-03 7.048e-03 2.598e-02 -1.000 6.052e-02 -4.320 3.879 4.416 2.773 0.184 -2.152 -6.238 -7.358 -7.879
0.06 0.69525 9.30103 1.8222786188 2.5601326441    1.477  3.514  3.4365 -0.209    8  0.568  0.399   266.81   137.27    85.51    67.75    55.49  0 -8.76e-08      0.00 5.670e-01 3.725e-01 7.776e-03 7.048e-03 2.598e-02 -1.000 6.052e-02 -4.016 3.398 4.071 2.526 0.173 -2.038 -6.003 -7.056 -7.521
0.06 0.69525 9.30103 1.8222789764 2.5601326630    1.474  3.319  3.4703  0.121    8  0.568  0.399   139.22    75.58    48.36    37.98    31.06  2 -3.92e-08      0.00 5.670e-01 3.725e-01 7.776e-03 7.048e-03 2.598e-02 -1.000 6.052e-02 -3.527 3.401 3.923 2.577 0.370 -1.737 -5.510 -6.472 -6.901
0.06 0.69525 9.30103 1.8222794533 2.5601326881    1.469  3.331  3.4679  0.098    8  0.568  0.399   145.82    78.74    50.28    39.52    32.33  2 -4.13e-08      0.00 5.670e-01 3.725e-01 7.776e-03 7.048e-03 2.598e-02 -1.000 6.052e-02 -3.557 3.408 3.948 2.578 0.364 -1.746 -5.540 -6.510 -6.941
0.06 0.69525 9.30103 1.8222801685 2.5601327257    1.462  3.415  3.4528 -0.049    8  0.568  0.399   196.14   102.45    64.65    51.02    41.76  0 -5.83e-08      0.00 5.670e-01 3.725e-01 7.776e-03 7.048e-03 2.598e-02 -1.000 6.052e-02 -3.767 3.426 4.051 2.555 0.292 -1.853 -5.751 -6.766 -7.216
0.06 0.69525 9.30103 1.8222810030 2.5601327697    1.454  3.532  3.4317 -0.252    8  0.568  0.399   282.53   147.88    91.78    72.84    59.67  0  -9.6e-08      0.00 5.670e-01 3.725e-01 7.776e-03 7.048e-03 2.598e-02 -1.000 6.052e-02 -4.059 3.412 4.097 2.549 0.166 -2.067 -6.047 -7.109 -7.579
0.06 0.69525 9.30103 1.8222820759 2.5601328261    1.443  3.634  3.4129 -0.433    8  0.568  0.399   367.16   204.66   125.16    99.83    81.84  0 -1.33e-06      0.17 5.670e-01 3.725e-01 7.776e-03 7.048e-03 2.598e-02 -1.000 6.052e-02 -4.315 4.288 4.690 2.963 0.305 -2.053 -6.182 -7.328 -7.875
0.06 0.69525 9.30103 1.8222833872 2.5601328952    1.431  3.700  3.4002 -0.554    8  0.569  0.399   436.90   253.94   153.77   123.08   100.94  0 -6.83e-06      1.94 5.670e-01 3.725e-01 7.776e-03 7.048e-03 2.598e-02 -1.000 6.052e-02 -4.481 13.511 10.393 6.965 2.896 0.059 -5.049 -6.791 -7.880
0.06 0.69525 9.30103 1.8222849369 2.5601329768    1.417  3.732  3.3934 -0.617    8  0.569  0.399   462.14    -1.00    -1.00    -1.00    -1.00  0 -7.35e-06      2.03 5.670e-01 3.725e-01 7.776e-03 7.048e-03 2.598e-02 -1.000 6.052e-02 -4.560 13.961 10.644 7.114 2.970 0.107 -5.062 -6.835 -7.953
0.06 0.69525 9.30103 1.8222866058 2.5601330647    1.401  3.743  3.3900 -0.647    8  0.569  0.399   459.51    -1.00    -1.00    -1.00    -1.00  0 -7.54e-06      2.07 5.670e-01 3.725e-01 7.776e-03 7.048e-03 2.598e-02 -1.000 6.052e-02 -4.588 14.119 10.733 7.165 2.995 0.122 -5.067 -6.851 -7.979
0.06 0.69525 9.30103 1.8222885132 2.5601331651    1.383  3.746  3.3878 -0.665    8  0.569  0.399   456.56    -1.00    -1.00    -1.00    -1.00  0 -7.59e-06      2.07 5.670e-01 3.725e-01 7.776e-03 7.048e-03 2.598e-02 -1.000 6.052e-02 -4.596 14.172 10.765 7.183 3.004 0.128 -5.069 -6.856 -7.987
0.06 0.69525 9.30103 1.8222885132 2.5601331651    1.382  3.644  3.4060 -0.490    8  0.569  0.399   393.34   224.24   136.44   109.14    89.46  0  -2.9e-06      0.63 5.670e-01 3.725e-01 7.776e-03 7.048e-03 2.598e-02 -1.000 6.052e-02 -4.341 6.739 6.266 4.052 0.996 -1.491 -5.875 -7.183 -7.883
0.06 0.69525 9.30103 1.8222887516 2.5601331776    1.380  3.523  3.4274 -0.284    8  0.569  0.399   290.13   154.43    95.55    76.02    62.26  0  -1.3e-07      0.00 5.670e-01 3.725e-01 7.776e-03 7.048e-03 2.598e-02 -1.000 6.052e-02 -4.039 3.464 4.163 2.628 0.216 -2.038 -6.027 -7.095 -7.568
0.06 0.69525 9.30103 1.8222891092 2.5601331965    1.377  3.328  3.4621  0.049    8  0.569  0.399   158.92    84.59    53.77    42.41    34.68  2 -4.38e-08      0.00 5.670e-01 3.725e-01 7.776e-03 7.048e-03 2.598e-02 -1.000 6.052e-02 -3.550 3.498 4.079 2.653 0.426 -1.693 -5.535 -6.523 -6.961
0.06 0.69525 9.30103 1.8222895861 2.5601332216    1.371  3.340  3.4595  0.025    8  0.570  0.399   166.70    88.22    55.97    44.17    36.12  2 -4.61e-08      0.00 5.670e-01 3.725e-01 7.776e-03 7.048e-03 2.598e-02 -1.000 6.052e-02 -3.580 3.507 4.105 2.655 0.421 -1.703 -5.565 -6.561 -7.003
0.06 0.69525 9.30103 1.8222903013 2.5601332592    1.364  3.423  3.4440 -0.123    8  0.570  0.399   225.17   115.06    72.12    57.15    46.77  0 -6.52e-08      0.00 5.670e-01 3.725e-01 7.776e-03 7.048e-03 2.598e-02 -1.000 6.052e-02 -3.789 3.514 4.168 2.641 0.335 -1.842 -5.774 -6.811 -7.268
0.06 0.69525 9.30103 1.8222912550 2.5601333094    1.355  3.539  3.4224 -0.328    8  0.570  0.399   307.66   166.51   102.63    81.80    66.99  0 -2.66e-07      0.01 5.670e-01 3.725e-01 7.776e-03 7.048e-03 2.598e-02 -1.000 6.052e-02 -4.078 3.495 4.197 2.678 0.221 -2.060 -6.065 -7.140 -7.618
0.06 0.69525 9.30103 1.8222923279 2.5601333659    1.344  3.641  3.4030 -0.510    8  0.570  0.399   401.81   231.07   140.32   112.41    92.13  0 -3.78e-06      0.91 5.670e-01 3.725e-01 7.776e-03 7.048e-03 2.598e-02 -1.000 6.052e-02 -4.332 8.292 7.252 4.752 1.456 -1.111 -5.656 -7.061 -7.854
0.06 0.69525 9.30103 1.8222936392 2.5601334350    1.331  3.706  3.3899 -0.633    8  0.570  0.399   447.86    -1.00    -1.00    -1.00    -1.00  0 -6.92e-06      1.96 5.670e-01 3.725e-01 7.776e-03 7.048e-03 2.598e-02 -1.000 6.052e-02 -4.496 13.659 10.491 7.022 2.925 0.078 -5.053 -6.803 -7.902
0.06 0.69525 9.30103 1.8222950697 2.5601335103    1.316  3.738  3.3826 -0.698    8  0.570  0.399   445.31    -1.00    -1.00    -1.00    -1.00  0 -7.44e-06      2.05 5.670e-01 3.725e-01 7.776e-03 7.048e-03 2.598e-02 -1.000 6.052e-02 -4.575 14.096 10.734 7.163 2.994 0.121 -5.067 -6.847 -7.974
0.06 0.69525 9.30103 1.8222968578 2.5601336044    1.299  3.749  3.3788 -0.730    8  0.571  0.399   442.40    -1.00    -1.00    -1.00    -1.00  0 -7.64e-06      2.08 5.670e-01 3.725e-01 7.776e-03 7.048e-03 2.598e-02 -1.000 6.052e-02 -4.602 14.250 10.819 7.213 3.018 0.135 -5.072 -6.862 -7.999
0.06 0.69525 9.30103 1.8222987652 2.5601337049    1.280  3.752  3.3762 -0.750    8  0.571  0.399   439.15    -1.00    -1.00    -1.00    -1.00  0 -7.69e-06      2.09 5.670e-01 3.725e-01 7.776e-03 7.048e-03 2.598e-02 -1.000 6.052e-02 -4.610 14.301 10.850 7.231 3.026 0.140 -5.075 -6.868 -8.008
0.06 0.69525 9.30103 1.8222987652 2.5601337049    1.279  3.653  3.3945 -0.578    8  0.571  0.399   437.55   257.89   155.66   125.13   102.54  0 -6.12e-06      1.80 5.670e-01 3.725e-01 7.776e-03 7.048e-03 2.598e-02 -1.000 6.052e-02 -4.362 12.941 10.104 6.791 2.809 0.004 -5.035 -6.734 -7.789
0.06 0.69525 9.30103 1.8222990036 2.5601337174    1.277  3.533  3.4165 -0.370    8  0.571  0.399   320.86   177.02   108.67    86.88    71.13  0 -5.05e-07      0.03 5.670e-01 3.725e-01 7.776e-03 7.048e-03 2.598e-02 -1.000 6.052e-02 -4.061 3.710 4.376 2.832 0.317 -1.994 -6.030 -7.121 -7.613
0.06 0.69525 9.30103 1.8222993612 2.5601337362    1.273  3.338  3.4522 -0.034    8  0.571  0.399   185.54    96.33    60.77    48.15    39.37  0 -4.94e-08      0.00 5.670e-01 3.725e-01 7.776e-03 7.048e-03 2.598e-02 -1.000 6.052e-02 -3.574 3.607 4.237 2.744 0.482 -1.663 -5.559 -6.575 -7.024
0.06 0.69525 9.30103 1.8222998381 2.5601337613    1.268  3.350  3.4495 -0.059    8  0.571  0.399   195.00   100.59    63.33    50.23    41.06  0  -5.2e-08      0.00 5.670e-01 3.725e-01 7.776e-03 7.048e-03 2.598e-02 -1.000 6.052e-02 -3.604 3.616 4.256 2.747 0.474 -1.681 -5.589 -6.613 -7.064
0.06 0.69525 9.30103 1.8223005533 2.5601337990    1.260  3.432  3.4335 -0.208    8  0.571  0.399   250.78   131.62    81.85    65.19    53.33  0 -7.37e-08      0.00 5.670e-01 3.725e-01 7.776e-03 7.048e-03 2.598e-02 -1.000 6.052e-02 -3.811 3.609 4.294 2.758 0.391 -1.833 -5.799 -6.857 -7.323
0.06 0.69525 9.30103 1.8223013878 2.5601338429    1.250  3.547  3.4111 -0.416    8  0.571  0.399   341.01   191.20   116.91    93.65    76.67  0 -9.88e-07      0.11 5.670e-01 3.725e-01 7.776e-03 7.048e-03 2.598e-02 -1.000 6.052e-02 -4.099 4.148 4.670 3.019 0.420 -1.920 -6.011 -7.135 -7.658
0.06 0.69525 9.30103 1.8223024607 2.5601338994    1.238  3.648  3.3911 -0.601    8  0.572  0.399   431.98    -1.00    -1.00    -1.00    -1.00  0 -6.05e-06      1.79 5.670e-01 3.725e-01 7.776e-03 7.048e-03 2.598e-02 -1.000 6.052e-02 -4.350 12.901 10.089 6.782 2.805 0.001 -5.034 -6.729 -7.782
0.06 0.69525 9.30103 1.8223037720 2.5601339685    1.225  3.713  3.3775 -0.725    8  0.572  0.399   429.55    -1.00    -1.00    -1.00    -1.00  0 -7.03e-06      1.98 5.670e-01 3.725e-01 7.776e-03 7.048e-03 2.598e-02 -1.000 6.052e-02 -4.513 13.812 10.592 7.078 2.951 0.094 -5.058 -6.816 -7.926
0.06 0.69525 9.30103 1.8223052025 2.5601340438    1.209  3.744  3.3698 -0.793    8  0.572  0.399   426.75    -1.00    -1.00    -1.00    -1.00  0 -7.56e-06      2.07 5.670e-01 3.725e-01 7.776e-03 7.048e-03 2.598e-02 -1.000 6.052e-02 -4.591 14.237 10.825 7.215 3.017 0.133 -5.073 -6.860 -7.996
0.06 0.69525 9.30103 1.8223068714 2.5601341317    1.191  3.755  3.3656 -0.827    8  0.572  0.399   423.56    -1.00    -1.00    -1.00    -1.00  0 -7.75e-06      2.10 5.670e-01 3.725e-01 7.776e-03 7.048e-03 2.598e-02 -1.000 6.052e-02 -4.619 14.398 10.919 7.276 3.044 0.148 -5.080 -6.877 -8.024
0.06 0.69525 9.30103 1.8223087788 2.5601342321    1.171  3.759  3.3627 -0.850    8  0.573  0.399   419.99    -1.00    -1.00    -1.00    -1.00  0 -7.81e-06      2.11 5.670e-01 3.725e-01 7.776e-03 7.048e-03 2.598e-02 -1.000 6.052e-02 -4.627 14.458 10.958 7.303 3.056 0.153 -5.083 -6.884 -8.035
0.06 0.69525 9.30103 1.8223087788 2.5601342321    1.170  3.663  3.3810 -0.680    8  0.573  0.399   419.85    -1.00    -1.00    -1.00    -1.00  0 -6.26e-06      1.83 5.670e-01 3.725e-01 7.776e-03 7.048e-03 2.598e-02 -1.000 6.052e-02 -4.387 13.152 10.239 6.868 2.847 0.028 -5.040 -6.751 -7.820
0.06 0.69525 9.30103 1.8223090172 2.5601342446    1.168  3.543  3.4039 -0.470    8  0.573  0.399   361.61   207.10   125.98   101.29    82.90  0 -2.07e-06      0.45 5.670e-01 3.725e-01 7.776e-03 7.048e-03 2.598e-02 -1.000 6.052e-02 -4.087 6.041 5.913 3.879 0.973 -1.465 -5.750 -6.996 -7.639
0.06 0.69525 9.30103 1.8223093748 2.5601342635    1.164  3.348  3.4409 -0.129    8  0.573  0.399   216.04   111.67    69.84    55.65    45.48  0 -5.68e-08      0.00 5.670e-01 3.725e-01 7.776e-03 7.048e-03 2.598e-02 -1.000 6.052e-02 -3.601 3.718 4.384 2.857 0.539 -1.650 -5.587 -6.630 -7.089
0.06 0.69525 9.30103 1.8223098516 2.5601342886    1.158  3.360  3.4381 -0.154    8  0.573  0.399   223.99   116.73    72.85    58.09    47.48  0    -6e-08      0.00 5.670e-01 3.725e-01 7.776e-03 7.048e-03 2.598e-02 -1.000 6.052e-02 -3.630 3.721 4.396 2.866 0.531 -1.670 -5.617 -6.665 -7.127
0.06 0.69525 9.30103 1.8223105669 2.5601343262    1.150  3.442  3.4215 -0.305    8  0.573  0.399   280.82   153.25    94.47    75.65    61.87  0 -1.78e-07      0.00 5.670e-01 3.725e-01 7.776e-03 7.048e-03 2.598e-02 -1.000 6.052e-02 -3.836 3.674 4.394 2.901 0.449 -1.832 -5.828 -6.898 -7.371
0.06 0.69525 9.30103 1.8223114014 2.5601343702    1.140  3.556  3.3984 -0.515    8  0.573  0.399   384.50   223.56   135.45   109.12    89.31  0  -3.8e-06      1.12 5.670e-01 3.725e-01 7.776e-03 7.048e-03 2.598e-02 -1.000 6.052e-02 -4.121 9.584 8.129 5.442 1.987 -0.635 -5.293 -6.766 -7.620
0.06 0.69525 9.30103 1.8223124743 2.5601344266    1.128  3.656  3.3777 -0.702    8  0.573  0.399   412.23    -1.00    -1.00    -1.00    -1.00  0 -6.16e-06      1.81 5.670e-01 3.725e-01 7.776e-03 7.048e-03 2.598e-02 -1.000 6.052e-02 -4.369 13.082 10.208 6.848 2.837 0.021 -5.039 -6.744 -7.809
0.06 0.69525 9.30103 1.8223137856 2.5601344957    1.114  3.720  3.3636 -0.829    8  0.573  0.399   409.62    -1.00    -1.00    -1.00    -1.00  0 -7.14e-06      2.00 5.670e-01 3.725e-01 7.776e-03 7.048e-03 2.598e-02 -1.000 6.052e-02 -4.530 13.971 10.699 7.145 2.980 0.107 -5.066 -6.832 -7.953
0.06 0.69525 9.30103 1.8223152161 2.5601345710    1.098  3.751  3.3556 -0.898    8  0.574  0.399   406.60    -1.00    -1.00    -1.00    -1.00  0 -7.67e-06      2.09 5.670e-01 3.725e-01 7.776e-03 7.048e-03 2.598e-02 -1.000 6.052e-02 -4.607 14.405 10.947 7.306 3.054 0.146 -5.084 -6.879 -8.027
0.06 0.69525 9.30103 1.8223168850 2.5601346589    1.079  3.762  3.3514 -0.933    8  0.574  0.399   403.18    -1.00    -1.00    -1.00    -1.00  0 -7.86e-06      2.12 5.670e-01 3.725e-01 7.776e-03 7.048e-03 2.598e-02 -1.000 6.052e-02 -4.634 14.537 11.015 7.347 3.073 0.158 -5.089 -6.893 -8.050
0.06 0.69525 9.30103 1.8223187923 2.5601347593    1.059  3.765  3.3485 -0.956    8  0.574  0.399   399.36    -1.00    -1.00    -1.00    -1.00  0 -7.92e-06      2.13 5.670e-01 3.725e-01 7.776e-03 7.048e-03 2.598e-02 -1.000 6.052e-02 -4.643 14.575 11.035 7.358 3.079 0.162 -5.090 -6.897 -8.056
0.06 0.69525 9.30103 1.8223187923 2.5601347593    1.058  3.672  3.3672 -0.788    8  0.574  0.399   399.21    -1.00    -1.00    -1.00    -1.00  0 -6.39e-06      1.86 5.670e-01 3.725e-01 7.776e-03 7.048e-03 2.598e-02 -1.000 6.052e-02 -4.409 13.340 10.358 6.937 2.879 0.046 -5.047 -6.768 -7.849
0.06 0.69525 9.30103 1.8223190308 2.5601347718    1.056  3.552  3.3911 -0.574    8  0.574  0.399   398.81    -1.00    -1.00    -1.00    -1.00  0 -4.85e-06      1.61 5.670e-01 3.725e-01 7.776e-03 7.048e-03 2.598e-02 -1.000 6.052e-02 -4.110 12.204 9.751 6.608 2.768 0.012 -4.922 -6.560 -7.560
0.06 0.69525 9.30103 1.8223193884 2.5601347907    1.052  3.358  3.4300 -0.226    8  0.574  0.399   241.38   129.76    80.42    64.46    52.66  0  -6.7e-08      0.00 5.670e-01 3.725e-01 7.776e-03 7.048e-03 2.598e-02 -1.000 6.052e-02 -3.625 3.822 4.518 2.984 0.598 -1.641 -5.614 -6.678 -7.147
0.06 0.69525 9.30103 1.8223198652 2.5601348158    1.046  3.370  3.4272 -0.251    8  0.574  0.399   250.43   135.67    83.91    67.31    54.99  0 -7.14e-08      0.00 5.670e-01 3.725e-01 7.776e-03 7.048e-03 2.598e-02 -1.000 6.052e-02 -3.655 3.812 4.518 2.997 0.589 -1.664 -5.646 -6.711 -7.181
0.06 0.69525 9.30103 1.8223204613 2.5601348472    1.039  3.451  3.4100 -0.405    8  0.574  0.399   315.67   178.71   109.15    87.94    71.89  0 -7.92e-07      0.08 5.670e-01 3.725e-01 7.776e-03 7.048e-03 2.598e-02 -1.000 6.052e-02 -3.858 4.238 4.808 3.191 0.617 -1.714 -5.789 -6.903 -7.417
0.06 0.69525 9.30103 1.8223212957 2.5601348911    1.029  3.564  3.3862 -0.617    8  0.575  0.399   393.53    -1.00    -1.00    -1.00    -1.00  0 -4.99e-06      1.63 5.670e-01 3.725e-01 7.776e-03 7.048e-03 2.598e-02 -1.000 6.052e-02 -4.140 12.326 9.822 6.646 2.781 0.016 -4.937 -6.583 -7.593
0.06 0.69525 9.30103 1.8223223686 2.5601349476    1.017  3.663  3.3649 -0.806    8  0.575  0.399   391.21    -1.00    -1.00    -1.00    -1.00  0 -6.26e-06      1.83 5.670e-01 3.725e-01 7.776e-03 7.048e-03 2.598e-02 -1.000 6.052e-02 -4.387 13.239 10.310 6.909 2.864 0.035 -5.045 -6.758 -7.833
0.06 0.69525 9.30103 1.8223235607 2.5601350103    1.002  3.726  3.3505 -0.933    8  0.575  0.399   388.47    -1.00    -1.00    -1.00    -1.00  0 -7.24e-06      2.02 5.670e-01 3.725e-01 7.776e-03 7.048e-03 2.598e-02 -1.000 6.052e-02 -4.545 14.109 10.794 7.215 3.009 0.118 -5.074 -6.847 -7.977
0.06 0.69525 9.30103 1.8223248720 2.5601350794    0.986  3.757  3.3426 -1.002    8  0.575  0.399   378.33    -1.00    -1.00    -1.00    -1.00  0 -7.77e-06      2.10 5.670e-01 3.725e-01 7.776e-03 7.048e-03 2.598e-02 -1.000 6.052e-02 -4.621 14.475 10.983 7.328 3.064 0.153 -5.087 -6.886 -8.039
0.06 0.69525 9.30103 1.8223265409 2.5601351672    0.968  3.767  3.3388 -1.036    8  0.575  0.399   365.73    -1.00    -1.00    -1.00    -1.00  0 -7.96e-06      2.13 5.670e-01 3.725e-01 7.776e-03 7.048e-03 2.598e-02 -1.000 6.052e-02 -4.648 14.601 11.048 7.366 3.083 0.164 -5.091 -6.900 -8.061
0.06 0.69525 9.30103 1.8223283291 2.5601352614    0.948  3.770  3.3365 -1.058    8  0.576  0.399   352.03    -1.00    -1.00    -1.00    -1.00  0 -8.02e-06      2.14 5.670e-01 3.725e-01 7.776e-03 7.048e-03 2.598e-02 -1.000 6.052e-02 -4.656 14.637 11.067 7.377 3.088 0.167 -5.092 -6.904 -8.067
0.06 0.69525 9.30103 1.8223283291 2.5601352614    0.947  3.680  3.3558 -0.890    8  0.576  0.399   351.49    -1.00    -1.00    -1.00    -1.00  0 -6.51e-06      1.88 5.670e-01 3.725e-01 7.776e-03 7.048e-03 2.598e-02 -1.000 6.052e-02 -4.429 13.528 10.489 7.031 2.918 0.061 -5.057 -6.788 -7.882
0.06 0.69525 9.30103 1.8223285675 2.5601352739    0.945  3.561  3.3810 -0.671    8  0.576  0.399   350.01    -1.00    -1.00    -1.00    -1.00  0 -4.95e-06      1.63 5.670e-01 3.725e-01 7.776e-03 7.048e-03 2.598e-02 -1.000 6.052e-02 -4.132 12.346 9.847 6.659 2.789 0.022 -4.935 -6.580 -7.591
0.06 0.69525 9.30103 1.8223288059 2.5601352865    0.941  3.367  3.4222 -0.315    8  0.576  0.399   265.70   148.05    90.99    73.37    59.91  0 -1.96e-07      0.01 5.670e-01 3.725e-01 7.776e-03 7.048e-03 2.598e-02 -1.000 6.052e-02 -3.647 3.889 4.600 3.094 0.642 -1.638 -5.637 -6.709 -7.184
0.06 0.69525 9.30103 1.8223292828 2.5601353116    0.934  3.378  3.4195 -0.340    8  0.576  0.399   275.57   154.72    94.89    76.58    62.53  0  -2.9e-07      0.01 5.670e-01 3.725e-01 7.776e-03 7.048e-03 2.598e-02 -1.000 6.052e-02 -3.676 3.932 4.636 3.126 0.647 -1.649 -5.662 -6.740 -7.220
0.06 0.69525 9.30103 1.8223299980 2.5601353493    0.926  3.459  3.4018 -0.496    8  0.576  0.399   337.84    -1.00    -1.00    -1.00    -1.00  0 -2.69e-06      0.81 5.670e-01 3.725e-01 7.776e-03 7.048e-03 2.598e-02 -1.000 6.052e-02 -3.878 8.162 7.335 4.944 1.740 -0.798 -5.281 -6.649 -7.407
0.06 0.69525 9.30103 1.8223307133 2.5601353869    0.916  3.571  3.3772 -0.710    8  0.576  0.399   331.09    -1.00    -1.00    -1.00    -1.00  0 -5.07e-06      1.64 5.670e-01 3.725e-01 7.776e-03 7.048e-03 2.598e-02 -1.000 6.052e-02 -4.158 12.447 9.904 6.689 2.797 0.023 -4.948 -6.601 -7.619
0.06 0.69525 9.30103 1.8223317862 2.5601354434    0.904  3.669  3.3555 -0.900    8  0.576  0.399   323.02    -1.00    -1.00    -1.00    -1.00  0 -6.35e-06      1.85 5.670e-01 3.725e-01 7.776e-03 7.048e-03 2.598e-02 -1.000 6.052e-02 -4.402 13.397 10.425 6.994 2.899 0.048 -5.055 -6.775 -7.862
0.06 0.69525 9.30103 1.8223329782 2.5601355062    0.889  3.731  3.3413 -1.027    8  0.576  0.399   313.69    -1.00    -1.00    -1.00    -1.00  0 -7.33e-06      2.03 5.670e-01 3.725e-01 7.776e-03 7.048e-03 2.598e-02 -1.000 6.052e-02 -4.558 14.172 10.827 7.235 3.019 0.124 -5.076 -6.854 -7.988
0.06 0.69525 9.30103 1.8223342896 2.5601355752    0.872  3.761  3.3342 -1.094    8  0.577  0.399   303.19    -1.00    -1.00    -1.00    -1.00  0 -7.85e-06      2.12 5.670e-01 3.725e-01 7.776e-03 7.048e-03 2.598e-02 -1.000 6.052e-02 -4.633 14.530 11.012 7.345 3.072 0.158 -5.088 -6.892 -8.049
0.06 0.69525 9.30103 1.8223358393 2.5601356568    0.854  3.772  3.3317 -1.123    8  0.577  0.399   291.61    -1.00    -1.00    -1.00    -1.00  0 -8.04e-06      2.15 5.670e-01 3.725e-01 7.776e-03 7.048e-03 2.598e-02 -1.000 6.052e-02 -4.659 14.652 11.075 7.382 3.090 0.169 -5.093 -6.906 -8.070
0.06 0.69525 9.30103 1.8223376274 2.5601357509    0.833  3.774  3.3312 -1.139    8  0.577  0.399   279.08    -1.00    -1.00    -1.00    -1.00  0  -8.1e-06      2.15 5.670e-01 3.725e-01 7.776e-03 7.048e-03 2.598e-02 -1.000 6.052e-02 -4.666 14.686 11.092 7.392 3.095 0.172 -5.094 -6.910 -8.076
0.06 0.69525 9.30103 1.8223376274 2.5601357509    0.833  3.687  3.3512 -0.971    8  0.577  0.399   278.66    -1.00    -1.00    -1.00    -1.00  0 -6.61e-06      1.90 5.670e-01 3.725e-01 7.776e-03 7.048e-03 2.598e-02 -1.000 6.052e-02 -4.446 13.622 10.542 7.064 2.934 0.070 -5.060 -6.797 -7.898
0.06 0.69525 9.30103 1.8223378658 2.5601357635    0.831  3.568  3.3782 -0.746    8  0.577  0.399   277.45    -1.00    -1.00    -1.00    -1.00  0 -5.03e-06      1.64 5.670e-01 3.725e-01 7.776e-03 7.048e-03 2.598e-02 -1.000 6.052e-02 -4.150 12.449 9.913 6.694 2.801 0.025 -4.946 -6.597 -7.615
0.06 0.69525 9.30103 1.8223381042 2.5601357760    0.827  3.375  3.4224 -0.377    8  0.577  0.399   275.22    -1.00    -1.00    -1.00    -1.00  0 -4.91e-07      0.04 5.670e-01 3.725e-01 7.776e-03 7.048e-03 2.598e-02 -1.000 6.052e-02 -3.666 4.143 4.779 3.197 0.702 -1.592 -5.629 -6.719 -7.214
0.06 0.69525 9.30103 1.8223385811 2.5601358011    0.822  3.386  3.4202 -0.400    8  0.577  0.399   271.92    -1.00    -1.00    -1.00    -1.00  0 -6.89e-07      0.07 5.670e-01 3.725e-01 7.776e-03 7.048e-03 2.598e-02 -1.000 6.052e-02 -3.695 4.321 4.904 3.286 0.744 -1.571 -5.635 -6.741 -7.250
0.06 0.69525 9.30103 1.8223391771 2.5601358325    0.814  3.466  3.4025 -0.556    8  0.577  0.399   267.51    -1.00    -1.00    -1.00    -1.00  0 -3.98e-06      1.45 5.670e-01 3.725e-01 7.776e-03 7.048e-03 2.598e-02 -1.000 6.052e-02 -3.896 11.581 9.448 6.452 2.735 0.022 -4.824 -6.408 -7.362
0.06 0.69525 9.30103 1.8223400116 2.5601358765    0.805  3.577  3.3777 -0.771    8  0.578  0.399   261.99    -1.00    -1.00    -1.00    -1.00  0 -5.14e-06      1.66 5.670e-01 3.725e-01 7.776e-03 7.048e-03 2.598e-02 -1.000 6.052e-02 -4.173 12.527 9.955 6.716 2.806 0.025 -4.958 -6.614 -7.639
0.06 0.69525 9.30103 1.8223409653 2.5601359267    0.794  3.674  3.3563 -0.959    8  0.578  0.399   255.41    -1.00    -1.00    -1.00    -1.00  0 -6.42e-06      1.86 5.670e-01 3.725e-01 7.776e-03 7.048e-03 2.598e-02 -1.000 6.052e-02 -4.414 13.462 10.458 7.014 2.909 0.054 -5.056 -6.782 -7.872
0.06 0.69525 9.30103 1.8223420382 2.5601359832    0.780  3.736  3.3431 -1.081    8  0.578  0.399   247.79    -1.00    -1.00    -1.00    -1.00  0 -7.41e-06      2.04 5.670e-01 3.725e-01 7.776e-03 7.048e-03 2.598e-02 -1.000 6.052e-02 -4.569 14.225 10.855 7.251 3.027 0.129 -5.078 -6.860 -7.997
0.06 0.69525 9.30103 1.8223433495 2.5601360522    0.765  3.765  3.3377 -1.141    8  0.578  0.399   239.22    -1.00    -1.00    -1.00    -1.00  0 -7.93e-06      2.13 5.670e-01 3.725e-01 7.776e-03 7.048e-03 2.598e-02 -1.000 6.052e-02 -4.643 14.578 11.037 7.359 3.080 0.162 -5.090 -6.898 -8.057
0.06 0.69525 9.30103 1.8223448992 2.5601361338    0.748  3.775  3.3373 -1.162    8  0.578  0.399   229.78    -1.00    -1.00    -1.00    -1.00  0 -8.12e-06      2.16 5.670e-01 3.725e-01 7.776e-03 7.048e-03 2.598e-02 -1.000 6.052e-02 -4.669 14.698 11.099 7.396 3.097 0.173 -5.095 -6.911 -8.078
0.06 0.69525 9.30103 1.8223465681 2.5601362216    0.730  3.778  3.3394 -1.167    8  0.579  0.399   219.58    -1.00    -1.00    -1.00    -1.00  0 -8.17e-06      2.16 5.670e-01 3.725e-01 7.776e-03 7.048e-03 2.598e-02 -1.000 6.052e-02 -4.676 14.731 11.115 7.406 3.102 0.176 -5.096 -6.915 -8.083
0.06 0.69525 9.30103 1.8223593235 2.5601368932    0.580 -9.999  4.0000  1.538    9  0.580  0.000     0.00     0.00     0.00     0.00     0.00 -1    -1e-30      0.00 5.670e-01 3.725e-01 7.776e-03 7.048e-03 2.598e-02 -1.000 6.052e-02 29.767 29.659 29.932 29.989 29.976 29.980 30.037 30.040 30.061
#isochrone terminated
