# File generated by CMD 3.9 (http://stev.oapd.inaf.it/cmd) on Mon May 11 23:26:08 UTC 2026
# isochrones based on PARSEC release v1.2S +  COLIBRI S_37 + S_35 + PR16
# Basic references: Bressan et al. (2012), MNRAS, 427, 127 + Chen et al. (2014, 2015), MNRAS, 444, 2525 + MNRAS, 452, 1068 + Tang et al. (2014), MNRAS, 445, 4287 + Marigo et al. (2017), ApJ, 835, 77 + Pastorelli al. (2019), MNRAS, 485, 5666 + Pastorelli al. (2020), MNRAS, in press
# Thermal pulse cycles included 
# On RGB, assumed Reimers mass loss with efficiency eta=0.2
# LPV periods and growth rates added cf. Trabucchi et al. (2019)
# but fundamental-mode LPV periods + transition are from Trabucchi et al. (2021)
# Photometric system: <i>UBVRIJHK</i> (cf. Maiz-Apellaniz 2006 + Bessell 1990)
# Using YBC version of bolometric corrections as in Chen et al. (2019)
# O-rich circumstellar dpmod60alox40 dust from Groenewegen (2006)
# C-rich circumstellar AMCSIC15 dust from Groenewegen (2006)
# IMF: Kroupa (2001, 2002) + Kroupa et al. (2013) canonical two-part-power law IMF corrected for unresolved binaries 
# Kind of output: isochrone tables
# Zini     MH   logAge Mini        int_IMF         Mass   logL    logTe  logg  label   McoreTP C_O  period0  period1  period2  period3  period4  pmode  Mloss  tau1m   X   Y   Xc  Xn  Xo  Cexcess  Z 	 mbolmag  Umag    Bmag    Vmag    Rmag    Imag    Jmag    Hmag    Kmag
0.0152 0.01508 9.30103 0.0900000036 1.0816895926    0.090 -3.422  3.3624  5.216    0  0.000  0.545     0.00     0.00     0.00     0.00     0.00 -1 -3.91e-17      0.00 7.090e-01 2.757e-01 2.746e-03 7.408e-04 6.719e-03 -1.000 1.527e-02 13.326 22.600 19.978 18.141 15.988 13.738 11.235 10.620 10.331
0.0152 0.01508 9.30103 0.1000000015 1.1711064122    0.100 -3.242  3.3880  5.184    0  0.000  0.545     0.00     0.00     0.00     0.00     0.00 -1 -5.84e-17      0.00 7.089e-01 2.758e-01 2.746e-03 7.408e-04 6.719e-03 -1.000 1.527e-02 12.875 22.088 19.500 17.672 15.531 13.286 10.785 10.171 9.878
0.0152 0.01508 9.30103 0.1002330631 1.1730503091    0.100 -3.238  3.3885  5.183    0  0.000  0.545     0.00     0.00     0.00     0.00     0.00 -1 -5.88e-17      0.00 7.089e-01 2.758e-01 2.746e-03 7.408e-04 6.719e-03 -1.000 1.527e-02 12.866 22.078 19.491 17.664 15.522 13.278 10.777 10.163 9.870
0.0152 0.01508 9.30103 0.1200000122 1.3193155232    0.120 -2.978  3.4227  5.138    1  0.000  0.545     0.00     0.00     0.00     0.00     0.00 -1 -1.03e-16      0.00 7.087e-01 2.760e-01 2.746e-03 7.408e-04 6.719e-03 -1.000 1.527e-02 12.214 21.038 18.594 16.799 14.740 12.550 10.139 9.526 9.227
0.0152 0.01508 9.30103 0.1303722411 1.3840715935    0.130 -2.879  3.4336  5.118    0  0.000  0.545     0.00     0.00     0.00     0.00     0.00 -1 -1.27e-16      0.00 7.087e-01 2.761e-01 2.746e-03 7.408e-04 6.719e-03 -1.000 1.527e-02 11.967 20.165 17.919 16.170 14.248 12.153 9.919 9.304 9.003
0.0152 0.01508 9.30103 0.1400000006 1.4384526719    0.140 -2.794  3.4430  5.102    0  0.000  0.545     0.00     0.00     0.00     0.00     0.00 -1 -1.52e-16      0.00 7.086e-01 2.761e-01 2.746e-03 7.408e-04 6.719e-03 -1.000 1.527e-02 11.755 19.485 17.374 15.666 13.847 11.828 9.728 9.112 8.812
0.0152 0.01508 9.30103 0.1599999964 1.5372931554    0.160 -2.653  3.4565  5.073    0  0.000  0.545     0.00     0.00     0.00     0.00     0.00 -1 -2.03e-16      0.00 7.085e-01 2.763e-01 2.746e-03 7.408e-04 6.719e-03 -1.000 1.527e-02 11.403 18.481 16.557 14.897 13.224 11.325 9.408 8.791 8.494
0.0152 0.01508 9.30103 0.1858222783 1.6434368661    0.186 -2.509  3.4691  5.044    1  0.000  0.545     0.00     0.00     0.00     0.00     0.00 -1 -2.72e-16      0.00 7.083e-01 2.764e-01 2.746e-03 7.408e-04 6.719e-03 -1.000 1.527e-02 11.042 17.573 15.799 14.180 12.632 10.845 9.077 8.459 8.167
0.0152 0.01508 9.30103 0.2000000030 1.6938790862    0.200 -2.438  3.4753  5.030    1  0.000  0.545     0.00     0.00     0.00     0.00     0.00 -1 -3.14e-16      0.00 7.082e-01 2.765e-01 2.746e-03 7.408e-04 6.719e-03 -1.000 1.527e-02 10.864 17.151 15.441 13.840 12.349 10.616 8.915 8.295 8.007
0.0152 0.01508 9.30103 0.2500000000 1.8403257998    0.250 -2.235  3.4917  4.990    1  0.000  0.545     0.00     0.00     0.00     0.00     0.00 -1 -4.69e-16      0.00 7.080e-01 2.768e-01 2.746e-03 7.408e-04 6.719e-03 -1.000 1.527e-02 10.357 16.052 14.490 12.922 11.565 9.988 8.449 7.827 7.549
0.0152 0.01508 9.30103 0.3358241618 2.0195523698    0.336 -1.960  3.5089  4.912    0  0.000  0.545     0.00     0.00     0.00     0.00     0.00 -1 -8.32e-16      0.00 7.090e-01 2.757e-01 2.746e-03 7.408e-04 6.719e-03 -1.000 1.527e-02 9.670 14.854 13.413 11.901 10.657 9.210 7.802 7.175 6.911
0.0152 0.01508 9.30103 0.3462212682 2.0371804174    0.346 -1.931  3.5109  4.904    0  0.000  0.545     0.00     0.00     0.00     0.00     0.00 -1 -8.83e-16      0.00 7.091e-01 2.757e-01 2.746e-03 7.408e-04 6.719e-03 -1.000 1.527e-02 9.598 14.729 13.300 11.793 10.560 9.128 7.734 7.106 6.844
0.0152 0.01508 9.30103 0.3500000238 2.0434175133    0.350 -1.921  3.5116  4.902    0  0.000  0.545     0.00     0.00     0.00     0.00     0.00 -1 -9.02e-16      0.00 7.091e-01 2.756e-01 2.746e-03 7.408e-04 6.719e-03 -1.000 1.527e-02 9.572 14.686 13.260 11.755 10.526 9.099 7.710 7.082 6.821
0.0152 0.01508 9.30103 0.3805441260 2.0908159818    0.381 -1.829  3.5184  4.873    0  0.000  0.545     0.00     0.00     0.00     0.00     0.00 -1  -1.1e-15      0.00 7.092e-01 2.756e-01 2.746e-03 7.408e-04 6.719e-03 -1.000 1.527e-02 9.344 14.293 12.899 11.411 10.220 8.842 7.498 6.865 6.610
0.0152 0.01508 9.30103 0.3919107914 2.1072084208    0.392 -1.798  3.5208  4.864    0  0.000  0.545     0.00     0.00     0.00     0.00     0.00 -1 -1.18e-15      0.00 7.092e-01 2.756e-01 2.746e-03 7.408e-04 6.719e-03 -1.000 1.527e-02 9.265 14.160 12.775 11.294 10.114 8.753 7.425 6.791 6.538
0.0152 0.01508 9.30103 0.4000000358 2.1185024810    0.400 -1.776  3.5226  4.859    0  0.000  0.545     0.00     0.00     0.00     0.00     0.00 -1 -1.24e-15      0.00 7.092e-01 2.755e-01 2.746e-03 7.408e-04 6.719e-03 -1.000 1.527e-02 9.211 14.071 12.691 11.214 10.042 8.693 7.375 6.740 6.488
0.0152 0.01508 9.30103 0.4405908585 2.1710039774    0.440 -1.654  3.5325  4.818    0  0.000  0.545     0.00     0.00     0.00     0.00     0.00 -1 -1.64e-15      0.00 7.092e-01 2.755e-01 2.746e-03 7.408e-04 6.719e-03 -1.000 1.527e-02 8.905 13.570 12.217 10.763 9.637 8.353 7.095 6.452 6.208
0.0152 0.01508 9.30103 0.4500000477 2.1822809714    0.450 -1.627  3.5347  4.809    0  0.000  0.545     0.00     0.00     0.00     0.00     0.00 -1 -1.74e-15      0.00 7.092e-01 2.755e-01 2.746e-03 7.408e-04 6.719e-03 -1.000 1.527e-02 8.838 13.465 12.116 10.667 9.550 8.280 7.033 6.389 6.147
0.0152 0.01508 9.30103 0.4564152062 2.1897953243    0.456 -1.607  3.5367  4.802    0  0.000  0.545     0.00     0.00     0.00     0.00     0.00 -1 -1.83e-15      0.00 7.092e-01 2.755e-01 2.746e-03 7.408e-04 6.719e-03 -1.000 1.527e-02 8.786 13.380 12.034 10.589 9.480 8.222 6.986 6.340 6.100
0.0152 0.01508 9.30103 0.4981113374 2.2355023965    0.498 -1.478  3.5487  4.760    0  0.000  0.545     0.00     0.00     0.00     0.00     0.00 -1 -2.47e-15      0.00 7.092e-01 2.755e-01 2.746e-03 7.408e-04 6.719e-03 -1.000 1.527e-02 8.465 12.874 11.536 10.113 9.050 7.867 6.696 6.041 5.809
0.0152 0.01508 9.30103 0.5000000000 2.2374541529    0.500 -1.473  3.5493  4.759    0  0.000  0.545     0.00     0.00     0.00     0.00     0.00 -1  -2.5e-15      0.00 7.092e-01 2.755e-01 2.746e-03 7.408e-04 6.719e-03 -1.000 1.527e-02 8.451 12.852 11.515 10.093 9.031 7.852 6.683 6.028 5.797
0.0152 0.01508 9.30103 0.5500000119 2.2836582633    0.550 -1.311  3.5679  4.712    1  0.000  0.545     0.00     0.00     0.00     0.00     0.00 -1 -3.65e-15      0.00 7.139e-01 2.711e-01 2.703e-03 7.294e-04 6.616e-03 -1.000 1.504e-02 8.046 12.214 10.863 9.460 8.456 7.405 6.329 5.660 5.446
0.0152 0.01508 9.30103 0.6000000238 2.3211213258    0.600 -1.148  3.5908  4.679    1  0.000  0.545     0.00     0.00     0.00     0.00     0.00 -1 -5.28e-15      0.00 7.147e-01 2.703e-01 2.697e-03 7.278e-04 6.602e-03 -1.000 1.502e-02 7.639 11.561 10.182 8.807 7.860 6.964 5.984 5.297 5.112
0.0152 0.01508 9.30103 0.6227849722 2.3359169165    0.623 -1.072  3.6035  4.670    1  0.000  0.545     0.00     0.00     0.00     0.00     0.00 -1 -6.24e-15      0.00 7.150e-01 2.700e-01 2.695e-03 7.271e-04 6.595e-03 -1.000 1.501e-02 7.450 11.248 9.850 8.502 7.585 6.762 5.824 5.131 4.967
0.0152 0.01508 9.30103 0.6499999762 2.3520353107    0.650 -0.985  3.6180  4.660    1  0.000  0.545     0.00     0.00     0.00     0.00     0.00 -1 -7.55e-15      0.00 7.153e-01 2.697e-01 2.691e-03 7.262e-04 6.587e-03 -1.000 1.501e-02 7.232 10.881 9.464 8.158 7.275 6.531 5.639 4.947 4.805
0.0152 0.01508 9.30103 0.6860606074 2.3711440592    0.686 -0.871  3.6387  4.652    1  0.000  0.545     0.00     0.00     0.00     0.00     0.00 -1 -9.64e-15      0.00 7.158e-01 2.692e-01 2.688e-03 7.252e-04 6.578e-03 -1.000 1.496e-02 6.947 10.316 8.916 7.692 6.868 6.234 5.405 4.730 4.618
0.0152 0.01508 9.30103 0.7000000477 2.3779267258    0.700 -0.828  3.6464  4.649    1  0.000  0.545     0.00     0.00     0.00     0.00     0.00 -1 -1.06e-14      0.00 7.160e-01 2.691e-01 2.686e-03 7.248e-04 6.575e-03 -1.000 1.494e-02 6.841 10.066 8.706 7.518 6.719 6.123 5.320 4.660 4.556
0.0152 0.01508 9.30103 0.7496555448 2.3997490946    0.750 -0.680  3.6748  4.644    1  0.000  0.537     0.00     0.00     0.00     0.00     0.00 -1 -1.44e-14      0.00 7.167e-01 2.685e-01 2.646e-03 7.225e-04 6.563e-03 -1.000 1.488e-02 6.470 9.054 7.964 6.917 6.228 5.733 5.033 4.456 4.373
0.0152 0.01508 9.30103 0.7500000000 2.3998889087    0.750 -0.679  3.6751  4.644    1  0.000  0.537     0.00     0.00     0.00     0.00     0.00 -1 -1.44e-14      0.00 7.166e-01 2.685e-01 2.645e-03 7.225e-04 6.564e-03 -1.000 1.493e-02 6.468 9.045 7.958 6.913 6.225 5.731 5.031 4.456 4.373
0.0152 0.01508 9.30103 0.7873790264 2.4142291140    0.787 -0.578  3.6907  4.627    1  0.000  0.537     0.00     0.00     0.00     0.00     0.00 -1 -1.82e-14      0.00 7.174e-01 2.677e-01 2.639e-03 7.208e-04 6.548e-03 -1.000 1.491e-02 6.214 8.457 7.529 6.556 5.929 5.473 4.827 4.301 4.225
0.0152 0.01508 9.30103 0.8000000119 2.4187244405    0.800 -0.544  3.6958  4.621    1  0.000  0.537     0.00     0.00     0.00     0.00     0.00 -1 -1.96e-14      0.00 7.176e-01 2.675e-01 2.637e-03 7.203e-04 6.543e-03 -1.000 1.490e-02 6.131 8.265 7.393 6.443 5.835 5.390 4.762 4.250 4.178
0.0152 0.01508 9.30103 0.8099113703 2.4221419378    0.810 -0.518  3.6998  4.616    1  0.000  0.537     0.00     0.00     0.00     0.00     0.00 -1 -2.08e-14      0.00 7.179e-01 2.673e-01 2.635e-03 7.197e-04 6.539e-03 -1.000 1.487e-02 6.066 8.116 7.287 6.355 5.762 5.325 4.710 4.211 4.140
0.0152 0.01508 9.30103 0.8500000238 2.4350346840    0.850 -0.415  3.7153  4.596    1  0.000  0.537     0.00     0.00     0.00     0.00     0.00 -1 -2.63e-14      0.00 7.188e-01 2.664e-01 2.628e-03 7.177e-04 6.521e-03 -1.000 1.477e-02 5.809 7.562 6.891 6.022 5.480 5.072 4.508 4.054 3.990
0.0152 0.01508 9.30103 0.9000000358 2.4492786175    0.899 -0.292  3.7330  4.568    1  0.000  0.537     0.00     0.00     0.00     0.00     0.00 -1 -3.51e-14      0.00 7.202e-01 2.650e-01 2.616e-03 7.145e-04 6.492e-03 -1.000 1.476e-02 5.500 6.944 6.445 5.644 5.154 4.776 4.267 3.861 3.803
0.0152 0.01508 9.30103 0.9426122308 2.4600563751    0.942 -0.191  3.7466  4.541    1  0.000  0.537     0.00     0.00     0.00     0.00     0.00 -1 -4.47e-14      0.00 7.218e-01 2.635e-01 2.603e-03 7.110e-04 6.461e-03 -1.000 1.466e-02 5.246 6.455 6.090 5.346 4.896 4.540 4.072 3.698 3.647
0.0152 0.01508 9.30103 0.9500000477 2.4618122009    0.949 -0.173  3.7489  4.536    1  0.000  0.537     0.00     0.00     0.00     0.00     0.00 -1 -4.66e-14      0.00 7.221e-01 2.633e-01 2.600e-03 7.104e-04 6.455e-03 -1.000 1.464e-02 5.203 6.372 6.031 5.296 4.853 4.500 4.039 3.670 3.621
0.0152 0.01508 9.30103 0.9849485755 2.4697092919    0.985 -0.092  3.7589  4.511    1  0.000  0.537     0.00     0.00     0.00     0.00     0.00 -1 -5.68e-14      0.00 7.239e-01 2.615e-01 2.586e-03 7.065e-04 6.420e-03 -1.000 1.457e-02 5.000 6.011 5.763 5.069 4.652 4.315 3.881 3.535 3.489
0.0152 0.01508 9.30103 1.0000000000 2.4729154477    1.000 -0.058  3.7631  4.500    1  0.000  0.537     0.00     0.00     0.00     0.00     0.00 -1 -6.18e-14      0.00 7.247e-01 2.608e-01 2.579e-03 7.047e-04 6.404e-03 -1.000 1.454e-02 4.914 5.864 5.651 4.974 4.569 4.238 3.815 3.478 3.434
0.0152 0.01508 9.30103 1.0071231127 2.4743944036    1.007 -0.042  3.7649  4.494    1  0.000  0.537     0.00     0.00     0.00     0.00     0.00 -1 -6.36e-14      0.00 7.252e-01 2.603e-01 2.575e-03 7.035e-04 6.393e-03 -1.000 1.453e-02 4.874 5.797 5.599 4.930 4.529 4.201 3.783 3.450 3.408
0.0152 0.01508 9.30103 1.0467154980 2.4821947171    1.046  0.048  3.7748  4.461    1  0.000  0.537     0.00     0.00     0.00     0.00     0.00 -1 -7.51e-14      0.00 7.283e-01 2.573e-01 2.550e-03 6.967e-04 6.332e-03 -1.000 1.441e-02 4.651 5.441 5.315 4.689 4.313 4.002 3.610 3.298 3.260
0.0152 0.01508 9.30103 1.0499999523 2.4828114860    1.049  0.055  3.7756  4.458    1  0.000  0.537     0.00     0.00     0.00     0.00     0.00 -1 -7.61e-14      0.00 7.286e-01 2.570e-01 2.547e-03 6.961e-04 6.327e-03 -1.000 1.439e-02 4.633 5.412 5.291 4.669 4.296 3.985 3.595 3.285 3.248
0.0152 0.01508 9.30103 1.0724914074 2.4869185580    1.072  0.105  3.7807  4.438    1  0.000  0.537     0.00     0.00     0.00     0.00     0.00 -1 -8.34e-14      0.00 7.312e-01 2.545e-01 2.526e-03 6.903e-04 6.275e-03 -1.000 1.425e-02 4.508 5.224 5.136 4.537 4.176 3.874 3.497 3.198 3.163
0.0152 0.01508 9.30103 1.1000000238 2.4916801480    1.099  0.165  3.7868  4.413    1  0.000  0.536     0.00     0.00     0.00     0.00     0.00 -1 -9.31e-14      0.00 7.348e-01 2.511e-01 2.496e-03 6.824e-04 6.204e-03 -1.000 1.408e-02 4.358 5.010 4.953 4.379 4.032 3.740 3.377 3.090 3.058
0.0152 0.01508 9.30103 1.1235125065 2.4955381958    1.123  0.215  3.7915  4.391    1  0.000  0.536     0.00     0.00     0.00     0.00     0.00 -1 -1.02e-13      0.00 7.378e-01 2.482e-01 2.474e-03 6.764e-04 6.150e-03 -1.000 1.398e-02 4.232 4.835 4.800 4.248 3.912 3.627 3.276 2.998 2.968
0.0152 0.01508 9.30103 1.1499999762 2.4996678137    1.149  0.271  3.7966  4.366    1  0.000  0.536     0.00     0.00     0.00     0.00     0.00 -1 -1.13e-13      0.00 7.413e-01 2.449e-01 2.449e-03 6.699e-04 6.093e-03 -1.000 1.381e-02 4.092 4.648 4.633 4.103 3.778 3.501 3.163 2.895 2.867
0.0152 0.01508 9.30103 1.1512181759 2.4998524914    1.150  0.274  3.7969  4.365    1  0.000  0.536     0.00     0.00     0.00     0.00     0.00 -1 -1.13e-13      0.00 7.413e-01 2.449e-01 2.450e-03 6.700e-04 6.093e-03 -1.000 1.382e-02 4.086 4.640 4.626 4.096 3.772 3.496 3.157 2.891 2.863
0.0152 0.01508 9.30103 1.1853816509 2.5048543826    1.185  0.345  3.8031  4.331    1  0.000  0.536     0.00     0.00     0.00     0.00     0.00 -1 -1.28e-13      0.00 7.409e-01 2.451e-01 2.462e-03 6.735e-04 6.127e-03 -1.000 1.391e-02 3.908 4.409 4.415 3.912 3.602 3.336 3.012 2.758 2.732
0.0152 0.01508 9.30103 1.2000000477 2.5068948796    1.199  0.375  3.8056  4.317    1  0.000  0.536     0.00     0.00     0.00     0.00     0.00 -1 -1.35e-13      0.00 7.407e-01 2.454e-01 2.469e-03 6.755e-04 6.145e-03 -1.000 1.396e-02 3.833 4.315 4.328 3.835 3.531 3.269 2.951 2.701 2.677
0.0152 0.01508 9.30103 1.2500000000 2.5134610955    1.249  0.472  3.8131  4.267    1  0.000  0.535     0.00     0.00     0.00     0.00     0.00 -1 -1.57e-13      0.00 7.410e-01 2.450e-01 2.468e-03 6.755e-04 6.147e-03 -1.000 1.395e-02 3.590 4.021 4.047 3.587 3.299 3.049 2.748 2.514 2.491
0.0152 0.01508 9.30103 1.2999999523 2.5194498592    1.300  0.563  3.8191  4.217    1  0.000  0.535     0.00     0.00     0.00     0.00     0.00 -1 -1.79e-13      0.00 7.414e-01 2.447e-01 2.466e-03 6.746e-04 6.144e-03 -1.000 1.395e-02 3.363 3.765 3.793 3.355 3.079 2.839 2.552 2.330 2.309
0.0152 0.01508 9.30103 1.3016570807 2.5196393028    1.301  0.566  3.8192  4.216    1  0.000  0.535     0.00     0.00     0.00     0.00     0.00 -1  -1.8e-13      0.00 7.413e-01 2.447e-01 2.467e-03 6.747e-04 6.145e-03 -1.000 1.396e-02 3.356 3.757 3.785 3.347 3.072 2.832 2.546 2.324 2.303
0.0152 0.01508 9.30103 1.3500001431 2.5249313723    1.350  0.648  3.8231  4.165    1  0.000  0.535     0.00     0.00     0.00     0.00     0.00 -1 -1.99e-13      0.00 7.401e-01 2.458e-01 2.477e-03 6.765e-04 6.179e-03 -1.000 1.407e-02 3.150 3.535 3.560 3.137 2.870 2.637 2.360 2.147 2.126
0.0152 0.01508 9.30103 1.3759628534 2.5275976334    1.376  0.691  3.8247  4.136    1  0.000  0.534     0.00     0.00     0.00     0.00     0.00 -1 -2.07e-13      0.00 7.403e-01 2.457e-01 2.477e-03 6.748e-04 6.184e-03 -1.000 1.405e-02 3.042 3.420 3.443 3.026 2.763 2.533 2.260 2.050 2.029
0.0152 0.01508 9.30103 1.4000000954 2.5299650415    1.400  0.731  3.8257  4.108    1  0.000  0.534     0.00     0.00     0.00     0.00     0.00 -1 -2.16e-13      0.00 7.402e-01 2.458e-01 2.478e-03 6.738e-04 6.186e-03 -1.000 1.404e-02 2.942 3.318 3.338 2.926 2.664 2.437 2.165 1.958 1.938
0.0152 0.01508 9.30103 1.4272136688 2.5325349065    1.427  0.776  3.8269  4.076    1  0.000  0.535     0.00     0.00     0.00     0.00     0.00 -1 -2.23e-13      0.00 7.399e-01 2.460e-01 2.477e-03 6.754e-04 6.176e-03 -1.000 1.407e-02 2.830 3.201 3.218 2.811 2.552 2.327 2.059 1.855 1.834
0.0152 0.01508 9.30103 1.4500000477 2.5346015836    1.450  0.814  3.8275  4.048    1  0.000  0.535     0.00     0.00     0.00     0.00     0.00 -1  -2.3e-13      0.00 7.397e-01 2.463e-01 2.477e-03 6.768e-04 6.169e-03 -1.000 1.408e-02 2.736 3.106 3.120 2.716 2.459 2.235 1.968 1.765 1.745
0.0152 0.01508 9.30103 1.4731934071 2.5366298481    1.473  0.851  3.8272  4.016    1  0.000  0.536     0.00     0.00     0.00     0.00     0.00 -1 -2.32e-13      0.00 7.396e-01 2.464e-01 2.478e-03 6.768e-04 6.166e-03 -1.000 1.405e-02 2.643 3.016 3.027 2.622 2.365 2.141 1.873 1.670 1.649
0.0152 0.01508 9.30103 1.4979618788 2.5387162972    1.498  0.890  3.8260  3.979    1  0.000  0.536     0.00     0.00     0.00     0.00     0.00 -1 -2.36e-13      0.00 7.394e-01 2.466e-01 2.479e-03 6.771e-04 6.165e-03 -1.000 1.400e-02 2.544 2.925 2.931 2.523 2.264 2.039 1.768 1.564 1.542
0.0152 0.01508 9.30103 1.5000000000 2.5388844597    1.500  0.894  3.8259  3.976    1  0.000  0.536     0.00     0.00     0.00     0.00     0.00 -1 -2.36e-13      0.00 7.393e-01 2.467e-01 2.479e-03 6.771e-04 6.165e-03 -1.000 1.400e-02 2.536 2.917 2.923 2.515 2.256 2.030 1.760 1.555 1.533
0.0152 0.01508 9.30103 1.5173438787 2.5402944822    1.517  0.920  3.8242  3.947    1  0.000  0.536     0.00     0.00     0.00     0.00     0.00 -1 -2.33e-13      0.00 7.393e-01 2.467e-01 2.480e-03 6.774e-04 6.170e-03 -1.000 1.403e-02 2.469 2.860 2.862 2.449 2.187 1.959 1.684 1.476 1.454
0.0152 0.01508 9.30103 1.5394068956 2.5420354637    1.539  0.954  3.8209  3.907    1  0.000  0.536     0.00     0.00     0.00     0.00     0.00 -1  -2.3e-13      0.00 7.391e-01 2.468e-01 2.481e-03 6.780e-04 6.176e-03 -1.000 1.408e-02 2.386 2.794 2.790 2.367 2.099 1.866 1.584 1.370 1.347
0.0152 0.01508 9.30103 1.5499999523 2.5428511323    1.550  0.969  3.8191  3.887    1  0.000  0.536     0.00     0.00     0.00     0.00     0.00 -1 -2.29e-13      0.00 7.390e-01 2.469e-01 2.482e-03 6.783e-04 6.180e-03 -1.000 1.409e-02 2.347 2.765 2.758 2.329 2.058 1.822 1.535 1.318 1.294
0.0152 0.01508 9.30103 1.5631195307 2.5438437410    1.563  0.989  3.8168  3.862    1  0.000  0.536     0.00     0.00     0.00     0.00     0.00 -1 -2.21e-13      0.00 7.389e-01 2.470e-01 2.483e-03 6.788e-04 6.181e-03 -1.000 1.407e-02 2.298 2.730 2.719 2.282 2.007 1.767 1.475 1.254 1.230
0.0152 0.01508 9.30103 1.5806497335 2.5451405207    1.580  1.014  3.8129  3.827    1  0.000  0.536     0.00     0.00     0.00     0.00     0.00 -1  -2.1e-13      0.00 7.387e-01 2.473e-01 2.485e-03 6.795e-04 6.184e-03 -1.000 1.407e-02 2.236 2.690 2.672 2.222 1.940 1.694 1.393 1.164 1.139
0.0152 0.01508 9.30103 1.5973827839 2.5463478477    1.597  1.036  3.8083  3.790    1  0.000  0.536     0.00     0.00     0.00     0.00     0.00 -1 -2.01e-13      0.00 7.384e-01 2.475e-01 2.487e-03 6.803e-04 6.186e-03 -1.000 1.404e-02 2.179 2.664 2.636 2.168 1.876 1.623 1.311 1.074 1.047
0.0152 0.01508 9.30103 1.6000000238 2.5465340628    1.599  1.040  3.8076  3.785    1  0.000  0.536     0.00     0.00     0.00     0.00     0.00 -1 -1.99e-13      0.00 7.384e-01 2.476e-01 2.487e-03 6.804e-04 6.187e-03 -1.000 1.405e-02 2.170 2.661 2.631 2.160 1.866 1.612 1.298 1.060 1.033
0.0152 0.01508 9.30103 1.6136877537 2.5474966313    1.613  1.058  3.8036  3.754    1  0.000  0.536     0.00     0.00     0.00     0.00     0.00 -1 -1.77e-13      0.00 7.381e-01 2.478e-01 2.489e-03 6.808e-04 6.191e-03 -1.000 1.408e-02 2.126 2.646 2.605 2.118 1.817 1.556 1.233 0.986 0.958
0.0152 0.01508 9.30103 1.6293081045 2.5485724165    1.629  1.078  3.7986  3.718    1  0.000  0.536     0.00     0.00     0.00     0.00     0.00 -1 -1.55e-13      0.00 7.378e-01 2.480e-01 2.491e-03 6.814e-04 6.197e-03 -1.000 1.412e-02 2.075 2.635 2.580 2.072 1.760 1.491 1.156 0.900 0.870
0.0152 0.01508 9.30103 1.6452080011 2.5496433625    1.644  1.101  3.7937  3.679    1  0.000  0.536     0.00     0.00     0.00     0.00     0.00 -1 -1.37e-13      0.00 7.375e-01 2.483e-01 2.494e-03 6.820e-04 6.204e-03 -1.000 1.414e-02 2.017 2.619 2.547 2.019 1.696 1.419 1.072 0.806 0.774
0.0152 0.01508 9.30103 1.6500000954 2.5499614852    1.649  1.111  3.7926  3.667    1  0.000  0.536     0.00     0.00     0.00     0.00     0.00 -1 -1.32e-13      0.00 7.374e-01 2.484e-01 2.495e-03 6.822e-04 6.206e-03 -1.000 1.414e-02 1.993 2.605 2.530 1.997 1.672 1.393 1.043 0.776 0.743
0.0152 0.01508 9.30103 1.6532844305 2.5501782911    1.653  1.117  3.7920  3.659    1  0.000  0.536     0.00     0.00     0.00     0.00     0.00 -1 -9.71e-15      0.00 7.374e-01 2.485e-01 2.495e-03 6.823e-04 6.207e-03 -1.000 1.415e-02 1.977 2.594 2.516 1.981 1.654 1.375 1.024 0.755 0.722
0.0152 0.01508 9.30103 1.6575635672 2.5504592841    1.657  1.143  3.7952  3.647    1  0.000  0.536     0.00     0.00     0.00     0.00     0.00 -1 -3.34e-16      0.00 7.373e-01 2.486e-01 2.496e-03 6.826e-04 6.208e-03 -1.000 1.412e-02 1.913 2.504 2.434 1.913 1.593 1.319 0.976 0.714 0.682
0.0152 0.01508 9.30103 1.6610677242 2.5506881479    1.660  1.180  3.8016  3.637    1  0.000  0.536     0.00     0.00     0.00     0.00     0.00 -1 -2.19e-17      0.00 7.372e-01 2.487e-01 2.496e-03 6.828e-04 6.210e-03 -1.000 1.412e-02 1.821 2.361 2.305 1.813 1.508 1.245 0.917 0.668 0.639
0.0152 0.01508 9.30103 1.6619435549 2.5507451769    1.661  1.209  3.8081  3.633    1  0.000  0.536     0.00     0.00     0.00     0.00     0.00 -1 -1.15e-17      0.00 7.372e-01 2.487e-01 2.497e-03 6.829e-04 6.210e-03 -1.000 1.412e-02 1.746 2.241 2.197 1.731 1.441 1.189 0.876 0.641 0.613
0.0152 0.01508 9.30103 1.6622878313 2.5507675753    1.662  1.237  3.8142  3.630    1  0.000  0.536     0.00     0.00     0.00     0.00     0.00 -1 -9.18e-18      0.00 7.371e-01 2.487e-01 2.497e-03 6.829e-04 6.210e-03 -1.000 1.413e-02 1.677 2.135 2.096 1.656 1.379 1.138 0.840 0.617 0.591
0.0152 0.01508 9.30103 1.6624541283 2.5507783906    1.662  1.262  3.8199  3.628    1  0.000  0.536     0.00     0.00     0.00     0.00     0.00 -1 -8.41e-18      0.00 7.371e-01 2.487e-01 2.497e-03 6.829e-04 6.211e-03 -1.000 1.413e-02 1.615 2.044 2.007 1.588 1.323 1.091 0.807 0.596 0.571
0.0152 0.01508 9.30103 1.6625809669 2.5507866381    1.662  1.283  3.8253  3.629    1  0.000  0.536     0.00     0.00     0.00     0.00     0.00 -1 -7.88e-18      0.00 7.371e-01 2.487e-01 2.497e-03 6.829e-04 6.211e-03 -1.000 1.413e-02 1.562 1.967 1.930 1.530 1.276 1.054 0.782 0.582 0.558
0.0152 0.01508 9.30103 1.6626170874 2.5507889865    1.662  1.271  3.8236  3.634    2  0.000  0.536     0.00     0.00     0.00     0.00     0.00 -1 -7.48e-18      0.00 7.371e-01 2.487e-01 2.497e-03 6.830e-04 6.211e-03 -1.000 1.413e-02 1.593 2.005 1.969 1.563 1.305 1.080 0.804 0.601 0.577
0.0152 0.01508 9.30103 1.6626816988 2.5507931869    1.662  1.239  3.8177  3.642    2  0.000  0.536     0.00     0.00     0.00     0.00     0.00 -1  -6.7e-18      0.00 7.371e-01 2.487e-01 2.497e-03 6.830e-04 6.211e-03 -1.000 1.413e-02 1.671 2.111 2.074 1.647 1.377 1.142 0.852 0.636 0.611
0.0152 0.01508 9.30103 1.6627629995 2.5507984719    1.662  1.221  3.8096  3.628    2  0.000  0.536     0.00     0.00     0.00     0.00     0.00 -1 -6.14e-18      0.00 7.371e-01 2.488e-01 2.497e-03 6.830e-04 6.211e-03 -1.000 1.413e-02 1.718 2.202 2.160 1.701 1.414 1.165 0.856 0.624 0.597
0.0152 0.01508 9.30103 1.6628844738 2.5508063671    1.662  1.223  3.8005  3.590    2  0.000  0.536     0.00     0.00     0.00     0.00     0.00 -1 -5.76e-18      0.00 7.371e-01 2.488e-01 2.497e-03 6.830e-04 6.211e-03 -1.000 1.413e-02 1.712 2.262 2.200 1.704 1.397 1.133 0.802 0.552 0.522
0.0152 0.01508 9.30103 1.6630805731 2.5508191099    1.662  1.230  3.7912  3.546    2  0.000  0.536     0.00     0.00     0.00     0.00     0.00 -1 -5.16e-18      0.00 7.371e-01 2.488e-01 2.497e-03 6.830e-04 6.211e-03 -1.000 1.413e-02 1.696 2.324 2.235 1.698 1.371 1.091 0.738 0.469 0.435
0.0152 0.01508 9.30103 1.6633863449 2.5508389725    1.663  1.227  3.7818  3.511    2  0.000  0.536     0.00     0.00     0.00     0.00     0.00 -1 -4.13e-18      0.00 7.367e-01 2.491e-01 2.500e-03 6.838e-04 6.218e-03 -1.000 1.414e-02 1.703 2.416 2.297 1.719 1.371 1.075 0.698 0.409 0.371
0.0152 0.01508 9.30103 1.6638129950 2.5508666731    1.663  1.214  3.7721  3.486    2  0.000  0.536     0.00     0.00     0.00     0.00     0.00 -1 -2.93e-18      0.00 7.350e-01 2.508e-01 2.513e-03 6.873e-04 6.250e-03 -1.000 1.423e-02 1.735 2.551 2.390 1.768 1.398 1.085 0.683 0.371 0.330
0.0152 0.01508 9.30103 1.6643488407 2.5509014401    1.664  1.190  3.7623  3.471    2  0.000  0.537     0.00     0.00     0.00     0.00     0.00 -1 -1.85e-18      0.00 7.287e-01 2.568e-01 2.561e-03 6.999e-04 6.362e-03 -1.000 1.448e-02 1.796 2.720 2.512 1.849 1.457 1.127 0.698 0.363 0.318
0.0152 0.01508 9.30103 1.6649029255 2.5509373636    1.664  1.158  3.7530  3.465    2  0.000  0.537     0.00     0.00     0.00     0.00     0.00 -1 -1.13e-18      0.00 7.227e-01 2.626e-01 2.608e-03 7.125e-04 6.474e-03 -1.000 1.473e-02 1.876 2.914 2.654 1.951 1.537 1.191 0.736 0.379 0.331
0.0152 0.01508 9.30103 1.6653172970 2.5509642109    1.665  1.130  3.7460  3.466    2  0.000  0.537     0.00     0.00     0.00     0.00     0.00 -1 -7.78e-19      0.00 7.196e-01 2.656e-01 2.631e-03 7.189e-04 6.531e-03 -1.000 1.485e-02 1.946 3.076 2.770 2.040 1.609 1.252 0.776 0.401 0.350
0.0152 0.01508 9.30103 1.6657220125 2.5509904178    1.665  1.102  3.7393  3.466    2  0.000  0.537     0.00     0.00     0.00     0.00     0.00 -1 -5.39e-19      0.00 7.173e-01 2.678e-01 2.648e-03 7.234e-04 6.571e-03 -1.000 1.495e-02 2.015 3.241 2.885 2.128 1.681 1.312 0.816 0.422 0.370
0.0152 0.01508 9.30103 1.6662486792 2.5510244995    1.665  1.073  3.7306  3.461    2  0.000  0.538     0.00     0.00     0.00     0.00     0.00 -1  -3.4e-19      0.00 7.152e-01 2.697e-01 2.663e-03 7.274e-04 6.606e-03 -1.000 1.505e-02 2.088 3.434 3.018 2.228 1.761 1.378 0.855 0.439 0.383
0.0152 0.01508 9.30103 1.6667736769 2.5510584486    1.666  1.061  3.7227  3.441    2  0.000  0.538     0.00     0.00     0.00     0.00     0.00 -1 -2.24e-19      0.00 7.136e-01 2.713e-01 2.673e-03 7.303e-04 6.631e-03 -1.000 1.509e-02 2.117 3.583 3.106 2.284 1.798 1.402 0.854 0.416 0.358
0.0152 0.01508 9.30103 1.6672973633 2.5510922884    1.667  1.064  3.7155  3.409    2  0.000  0.537     0.00     0.00     0.00     0.00     0.00 -1 -1.52e-19      0.00 7.121e-01 2.728e-01 2.679e-03 7.327e-04 6.649e-03 -1.000 1.509e-02 2.109 3.693 3.154 2.304 1.799 1.391 0.819 0.361 0.300
0.0152 0.01508 9.30103 1.6675448418 2.5511082716    1.667  1.080  3.7129  3.383    2  0.000  0.529     0.00     0.00     0.00     0.00     0.00 -1  -1.3e-19      0.00 7.111e-01 2.738e-01 2.642e-03 7.605e-04 6.655e-03 -1.000 1.512e-02 2.070 3.697 3.136 2.275 1.764 1.351 0.770 0.305 0.243
0.0152 0.01508 9.30103 1.6680395603 2.5511402062    1.667  1.115  3.7080  3.329    3  0.000  0.502     0.00     0.00     0.00     0.00     0.00 -1  -9.6e-20      0.00 7.090e-01 2.758e-01 2.509e-03 8.873e-04 6.667e-03 -1.000 1.519e-02 1.981 3.690 3.087 2.206 1.683 1.261 0.664 0.185 0.121
0.0152 0.01508 9.30103 1.6684911251 2.5511693361    1.668  1.156  3.7043  3.273    3  0.000  0.456     0.00     0.00     0.00     0.00     0.00 -1 -7.39e-20      0.00 7.067e-01 2.781e-01 2.279e-03 1.156e-03 6.674e-03 -1.000 1.525e-02 1.879 3.654 3.018 2.119 1.586 1.158 0.548 0.059 -0.006
0.0152 0.01508 9.30103 1.6688901186 2.5511950597    1.668  1.197  3.7014  3.221    3  0.000  0.422     0.00     0.00     0.00     0.00     0.00 -1 -5.89e-20      0.00 7.045e-01 2.803e-01 2.115e-03 1.360e-03 6.679e-03 -1.000 1.527e-02 1.778 3.604 2.942 2.031 1.491 1.056 0.437 -0.060 -0.126
0.0152 0.01508 9.30103 1.6692628860 2.5512190797    1.668  1.236  3.6989  3.171    3  0.000  0.402     0.00     0.00     0.00     0.00     0.00 -1 -4.78e-20      0.00 7.025e-01 2.822e-01 2.015e-03 1.486e-03 6.683e-03 -1.000 1.530e-02 1.679 3.550 2.866 1.942 1.396 0.957 0.329 -0.176 -0.243
0.0152 0.01508 9.30103 1.6696220636 2.5512422123    1.669  1.276  3.6966  3.122    3  0.000  0.389     0.00     0.00     0.00     0.00     0.00 -1 -3.91e-20      0.00 7.008e-01 2.839e-01 1.951e-03 1.567e-03 6.688e-03 -1.000 1.532e-02 1.579 3.495 2.788 1.854 1.301 0.858 0.221 -0.290 -0.358
0.0152 0.01508 9.30103 1.6699707508 2.5512646583    1.669  1.316  3.6943  3.074    3  0.000  0.380     0.00     0.00     0.00     0.00     0.00 -1 -3.21e-20      0.00 6.993e-01 2.853e-01 1.910e-03 1.623e-03 6.695e-03 -1.000 1.533e-02 1.481 3.439 2.711 1.766 1.207 0.759 0.114 -0.403 -0.472
0.0152 0.01508 9.30103 1.6703144312 2.5512867715    1.670  1.355  3.6921  3.026    3  0.000  0.374     0.00     0.00     0.00     0.00     0.00 -1 -2.64e-20      0.00 6.979e-01 2.867e-01 1.882e-03 1.667e-03 6.702e-03 -1.000 1.538e-02 1.382 3.382 2.634 1.678 1.113 0.661 0.008 -0.516 -0.586
0.0152 0.01508 9.30103 1.6706540585 2.5513086136    1.670  1.394  3.6899  2.978    3  0.000  0.371     0.00     0.00     0.00     0.00     0.00 -1 -2.18e-20      0.00 6.965e-01 2.881e-01 1.861e-03 1.707e-03 6.695e-03 -1.000 1.541e-02 1.285 3.325 2.557 1.591 1.021 0.564 -0.097 -0.626 -0.698
0.0152 0.01508 9.30103 1.6711621284 2.5513412696    1.670  1.451  3.6868  2.909    3  0.000  0.368     0.00     0.00     0.00     0.00     0.00 -1 -1.62e-20      0.00 6.938e-01 2.907e-01 1.837e-03 1.772e-03 6.656e-03 -1.000 1.544e-02 1.142 3.245 2.445 1.465 0.886 0.423 -0.249 -0.788 -0.861
0.0152 0.01508 9.30103 1.6715848446 2.5513684221    1.671  1.498  3.6842  2.851    3  0.000  0.367     0.00     0.00     0.00     0.00     0.00 -1 -1.26e-20      0.00 6.916e-01 2.930e-01 1.821e-03 1.822e-03 6.619e-03 -1.000 1.542e-02 1.025 3.178 2.353 1.361 0.775 0.307 -0.375 -0.922 -0.997
0.0152 0.01508 9.30103 1.6720089912 2.5513956506    1.671  1.546  3.6815  2.793    3  0.000  0.366     0.00     0.00     0.00     0.00     0.00 -1 -9.74e-21      0.00 6.897e-01 2.949e-01 1.810e-03 1.863e-03 6.587e-03 -1.000 1.545e-02 0.906 3.111 2.260 1.256 0.663 0.189 -0.503 -1.057 -1.133
0.0152 0.01508 9.30103 1.6723443270 2.5514171665    1.672  1.584  3.6793  2.747    3  0.000  0.366     0.00     0.00     0.00     0.00     0.00 -1 -7.95e-21      0.00 6.884e-01 2.962e-01 1.803e-03 1.890e-03 6.566e-03 -1.000 1.543e-02 0.811 3.060 2.187 1.173 0.574 0.095 -0.605 -1.165 -1.243
0.0152 0.01508 9.30103 1.6727086306 2.5514405299    1.672  1.626  3.6768  2.695    3  0.000  0.366     0.00     0.00     0.00     0.00     0.00 -1 -6.39e-21      0.00 6.873e-01 2.973e-01 1.797e-03 1.912e-03 6.549e-03 -1.000 1.540e-02 0.706 3.008 2.109 1.083 0.477 -0.007 -0.717 -1.285 -1.364
0.0152 0.01508 9.30103 1.6730824709 2.5514644927    1.672  1.669  3.6742  2.641    3  0.000  0.365     0.00     0.00     0.00     0.00     0.00 -1 -5.09e-21      0.00 6.865e-01 2.981e-01 1.792e-03 1.928e-03 6.536e-03 -1.000 1.542e-02 0.597 2.954 2.028 0.989 0.376 -0.114 -0.833 -1.410 -1.491
0.0152 0.01508 9.30103 1.6734029055 2.5514850224    1.673  1.707  3.6718  2.593    3  0.000  0.365     0.00     0.00     0.00     0.00     0.00 -1 -4.19e-21      0.00 6.860e-01 2.986e-01 1.790e-03 1.938e-03 6.529e-03 -1.000 1.542e-02 0.502 2.907 1.957 0.907 0.287 -0.208 -0.936 -1.520 -1.602
0.0152 0.01508 9.30103 1.6737293005 2.5515059248    1.673  1.747  3.6693  2.543    3  0.000  0.365     0.00     0.00     0.00     0.00     0.00 -1 -3.43e-21      0.00 6.858e-01 2.988e-01 1.788e-03 1.943e-03 6.525e-03 -1.000 1.540e-02 0.402 2.861 1.884 0.823 0.195 -0.305 -1.043 -1.634 -1.719
0.0152 0.01508 9.30103 1.6740553379 2.5515267948    1.673  1.787  3.6667  2.493    3  0.000  0.365     0.00     0.00     0.00     0.00     0.00 -1 -2.81e-21      0.00 6.857e-01 2.989e-01 1.788e-03 1.945e-03 6.523e-03 -1.000 1.539e-02 0.302 2.818 1.813 0.739 0.103 -0.403 -1.151 -1.750 -1.836
0.0152 0.01508 9.30103 1.6743754148 2.5515472743    1.674  1.827  3.6641  2.443    3  0.000  0.365     0.00     0.00     0.00     0.00     0.00 -1 -2.31e-21      0.00 6.856e-01 2.990e-01 1.788e-03 1.946e-03 6.522e-03 -1.000 1.539e-02 0.203 2.791 1.747 0.657 0.012 -0.500 -1.258 -1.864 -1.952
0.0152 0.01508 9.30103 1.6747447252 2.5515708926    1.674  1.873  3.6611  2.385    3  0.000  0.365     0.00     0.00     0.00     0.00     0.00 -1 -1.84e-21      0.00 6.856e-01 2.990e-01 1.788e-03 1.947e-03 6.522e-03 -1.000 1.539e-02 0.088 2.760 1.671 0.561 -0.094 -0.613 -1.383 -1.998 -2.087
0.0152 0.01508 9.30103 1.6750439405 2.5515900194    1.674  1.910  3.6585  2.337    3  0.000  0.365     0.00     0.00     0.00     0.00     0.00 -1 -1.52e-21      0.00 6.856e-01 2.990e-01 1.788e-03 1.947e-03 6.522e-03 -1.000 1.539e-02 -0.006 2.738 1.611 0.485 -0.180 -0.704 -1.484 -2.107 -2.198
0.0152 0.01508 9.30103 1.6753525734 2.5516097400    1.675  1.948  3.6560  2.290    3  0.000  0.365     0.00     0.00     0.00     0.00     0.00 -1 -1.25e-21      0.00 6.856e-01 2.990e-01 1.787e-03 1.947e-03 6.521e-03 -1.000 1.539e-02 -0.101 2.718 1.552 0.409 -0.265 -0.796 -1.586 -2.216 -2.309
0.0152 0.01508 9.30103 1.6757402420 2.5516344989    1.675  1.988  3.6533  2.239    3  0.000  0.365     0.00     0.00     0.00     0.00     0.00 -1 -9.67e-22      0.00 6.856e-01 2.990e-01 1.787e-03 1.948e-03 6.521e-03 -1.000 1.539e-02 -0.201 2.697 1.490 0.329 -0.355 -0.893 -1.694 -2.332 -2.426
0.0152 0.01508 9.30103 1.6761552095 2.5516609866    1.675  2.017  3.6513  2.202    3  0.000  0.365     0.00     0.00     0.00     0.00     0.00 -1 -7.13e-22      0.00 6.856e-01 2.990e-01 1.787e-03 1.948e-03 6.521e-03 -1.000 1.539e-02 -0.273 2.682 1.444 0.271 -0.420 -0.963 -1.772 -2.415 -2.511
0.0152 0.01508 9.30103 1.6764590740 2.5516803729    1.676  1.993  3.6531  2.233    3  0.000  0.365     0.00     0.00     0.00     0.00     0.00 -1 -5.28e-22      0.00 6.856e-01 2.990e-01 1.787e-03 1.948e-03 6.520e-03 -1.000 1.539e-02 -0.213 2.690 1.480 0.317 -0.367 -0.906 -1.707 -2.346 -2.440
0.0152 0.01508 9.30103 1.6766421795 2.5516920511    1.676  1.963  3.6552  2.272    3  0.000  0.365     0.00     0.00     0.00     0.00     0.00 -1 -4.33e-22      0.00 6.856e-01 2.990e-01 1.787e-03 1.949e-03 6.520e-03 -1.000 1.539e-02 -0.137 2.703 1.526 0.378 -0.299 -0.832 -1.625 -2.257 -2.350
0.0152 0.01508 9.30103 1.6768012047 2.5517021910    1.676  1.918  3.6584  2.329    3  0.000  0.365     0.00     0.00     0.00     0.00     0.00 -1 -3.51e-22      0.00 6.856e-01 2.990e-01 1.787e-03 1.949e-03 6.520e-03 -1.000 1.539e-02 -0.026 2.724 1.594 0.466 -0.199 -0.724 -1.505 -2.127 -2.218
0.0152 0.01508 9.30103 1.6769144535 2.5517094108    1.676  1.879  3.6611  2.380    3  0.000  0.365     0.00     0.00     0.00     0.00     0.00 -1 -2.98e-22      0.00 6.856e-01 2.990e-01 1.787e-03 1.949e-03 6.520e-03 -1.000 1.539e-02 0.072 2.744 1.655 0.545 -0.110 -0.628 -1.398 -2.013 -2.102
0.0152 0.01508 9.30103 1.6770364046 2.5517171840    1.676  1.834  3.6642  2.437    3  0.000  0.365     0.00     0.00     0.00     0.00     0.00 -1 -2.49e-22      0.00 6.856e-01 2.990e-01 1.787e-03 1.949e-03 6.520e-03 -1.000 1.539e-02 0.185 2.771 1.728 0.638 -0.006 -0.518 -1.276 -1.881 -1.969
0.0152 0.01508 9.30103 1.6771470308 2.5517242343    1.676  1.794  3.6670  2.488    3  0.000  0.365     0.00     0.00     0.00     0.00     0.00 -1 -2.12e-22      0.00 6.856e-01 2.990e-01 1.787e-03 1.949e-03 6.520e-03 -1.000 1.539e-02 0.286 2.796 1.793 0.720 0.086 -0.419 -1.167 -1.764 -1.850
0.0152 0.01508 9.30103 1.6772650480 2.5517317545    1.676  1.754  3.6697  2.539    3  0.000  0.365     0.00     0.00     0.00     0.00     0.00 -1 -1.79e-22      0.00 6.856e-01 2.990e-01 1.787e-03 1.949e-03 6.520e-03 -1.000 1.539e-02 0.384 2.833 1.861 0.801 0.175 -0.324 -1.061 -1.650 -1.734
0.0152 0.01508 9.30103 1.6774179935 2.5517414985    1.677  1.711  3.6726  2.593    3  0.000  0.365     0.00     0.00     0.00     0.00     0.00 -1 -1.46e-22      0.00 6.856e-01 2.990e-01 1.787e-03 1.949e-03 6.519e-03 -1.000 1.539e-02 0.492 2.881 1.939 0.892 0.275 -0.218 -0.944 -1.525 -1.607
0.0152 0.01508 9.30103 1.6775304079 2.5517486590    1.677  1.688  3.6741  2.623    3  0.000  0.365     0.00     0.00     0.00     0.00     0.00 -1 -1.28e-22      0.00 6.856e-01 2.990e-01 1.787e-03 1.950e-03 6.519e-03 -1.000 1.539e-02 0.550 2.906 1.980 0.941 0.328 -0.161 -0.881 -1.458 -1.539
0.0152 0.01508 9.30103 1.6776690483 2.5517574885    1.677  1.704  3.6731  2.603    3  0.000  0.365     0.00     0.00     0.00     0.00     0.00 -1 -1.16e-22      0.00 6.856e-01 2.990e-01 1.787e-03 1.950e-03 6.519e-03 -1.000 1.539e-02 0.509 2.887 1.951 0.907 0.291 -0.201 -0.925 -1.504 -1.586
0.0152 0.01508 9.30103 1.6779892445 2.5517778742    1.677  1.744  3.6705  2.553    3  0.000  0.365     0.00     0.00     0.00     0.00     0.00 -1 -9.48e-23      0.00 6.856e-01 2.990e-01 1.787e-03 1.950e-03 6.519e-03 -1.000 1.539e-02 0.411 2.841 1.879 0.823 0.200 -0.297 -1.031 -1.618 -1.701
0.0152 0.01508 9.30103 1.6784133911 2.5518048643    1.678  1.786  3.6678  2.500    3  0.000  0.365     0.00     0.00     0.00     0.00     0.00 -1 -7.09e-23      0.00 6.856e-01 2.990e-01 1.786e-03 1.951e-03 6.519e-03 -1.000 1.539e-02 0.305 2.795 1.803 0.735 0.103 -0.400 -1.144 -1.740 -1.825
0.0152 0.01508 9.30103 1.6788825989 2.5518347035    1.678  1.829  3.6650  2.445    3  0.000  0.365     0.00     0.00     0.00     0.00     0.00 -1  -5.1e-23      0.00 6.856e-01 2.990e-01 1.786e-03 1.951e-03 6.518e-03 -1.000 1.539e-02 0.197 2.765 1.731 0.645 0.003 -0.507 -1.262 -1.865 -1.952
0.0152 0.01508 9.30103 1.6793330908 2.5518633345    1.678  1.870  3.6623  2.394    3  0.000  0.365     0.00     0.00     0.00     0.00     0.00 -1 -3.71e-23      0.00 6.856e-01 2.991e-01 1.786e-03 1.952e-03 6.518e-03 -1.000 1.539e-02 0.095 2.737 1.664 0.560 -0.091 -0.607 -1.372 -1.983 -2.072
0.0152 0.01508 9.30103 1.6798021793 2.5518931286    1.679  1.912  3.6595  2.341    3  0.000  0.365     0.00     0.00     0.00     0.00     0.00 -1 -2.65e-23      0.00 6.855e-01 2.991e-01 1.786e-03 1.952e-03 6.517e-03 -1.000 1.539e-02 -0.010 2.710 1.596 0.474 -0.187 -0.709 -1.486 -2.105 -2.195
0.0152 0.01508 9.30103 1.6802607775 2.5519222379    1.679  1.953  3.6567  2.289    3  0.000  0.365     0.00     0.00     0.00     0.00     0.00 -1  -1.9e-23      0.00 6.855e-01 2.991e-01 1.786e-03 1.953e-03 6.517e-03 -1.000 1.539e-02 -0.113 2.689 1.531 0.391 -0.280 -0.809 -1.597 -2.225 -2.317
0.0152 0.01508 9.30103 1.6807105541 2.5519507695    1.680  1.995  3.6539  2.236    3  0.000  0.365     0.00     0.00     0.00     0.00     0.00 -1 -1.37e-23      0.00 6.855e-01 2.991e-01 1.786e-03 1.953e-03 6.516e-03 -1.000 1.539e-02 -0.216 2.667 1.467 0.308 -0.374 -0.910 -1.708 -2.344 -2.438
0.0152 0.01508 9.30103 1.6811414957 2.5519780899    1.680  2.035  3.6510  2.184    3  0.000  0.365     0.00     0.00     0.00     0.00     0.00 -1 -1.01e-23      0.00 6.855e-01 2.991e-01 1.786e-03 1.954e-03 6.516e-03 -1.000 1.539e-02 -0.318 2.648 1.404 0.227 -0.465 -1.008 -1.818 -2.462 -2.558
0.0152 0.01508 9.30103 1.6815581322 2.5520044880    1.681  2.076  3.6482  2.133    3  0.000  0.365     0.00     0.00     0.00     0.00     0.00 -1 -7.42e-24      0.00 6.855e-01 2.991e-01 1.785e-03 1.954e-03 6.516e-03 -1.000 1.539e-02 -0.419 2.632 1.344 0.148 -0.555 -1.106 -1.927 -2.580 -2.678
0.0152 0.01508 9.30103 1.6819628477 2.5520301165    1.681  2.117  3.6453  2.080    3  0.000  0.365     0.00     0.00     0.00     0.00     0.00 -1 -5.53e-24      0.00 6.855e-01 2.991e-01 1.785e-03 1.954e-03 6.515e-03 -1.000 1.539e-02 -0.522 2.619 1.284 0.069 -0.645 -1.204 -2.038 -2.699 -2.799
0.0152 0.01508 9.30103 1.6823376417 2.5520538375    1.681  2.156  3.6425  2.029    3  0.000  0.365     0.00     0.00     0.00     0.00     0.00 -1 -4.22e-24      0.00 6.855e-01 2.991e-01 1.785e-03 1.955e-03 6.515e-03 -1.000 1.539e-02 -0.620 2.607 1.227 -0.007 -0.732 -1.299 -2.144 -2.814 -2.916
0.0152 0.01508 9.30103 1.6826961040 2.5520765135    1.682  2.196  3.6396  1.979    3  0.000  0.365     0.00     0.00     0.00     0.00     0.00 -1 -3.25e-24      0.00 6.855e-01 2.991e-01 1.785e-03 1.955e-03 6.515e-03 -1.000 1.539e-02 -0.719 2.586 1.170 -0.084 -0.819 -1.393 -2.250 -2.927 -3.032
0.0152 0.01508 9.30103 1.6830415726 2.5520983570    1.682  2.236  3.6367  1.927    3  0.000  0.365     0.00     0.00     0.00     0.00     0.00 -1 -2.53e-24      0.00 6.855e-01 2.991e-01 1.785e-03 1.956e-03 6.514e-03 -1.000 1.538e-02 -0.819 2.552 1.116 -0.161 -0.904 -1.487 -2.355 -3.037 -3.147
0.0152 0.01508 9.30103 1.6833646297 2.5521187742    1.682  2.275  3.6339  1.877    3  0.000  0.365     0.00     0.00     0.00     0.00     0.00 -1 -2.01e-24      0.00 6.855e-01 2.991e-01 1.785e-03 1.956e-03 6.514e-03 -1.000 1.538e-02 -0.917 2.516 1.061 -0.237 -0.988 -1.578 -2.459 -3.145 -3.259
0.0152 0.01508 9.30103 1.6836671829 2.5521378873    1.683  2.314  3.6310  1.827    3  0.000  0.365     0.00     0.00     0.00     0.00     0.00 -1 -1.62e-24      0.00 6.855e-01 2.991e-01 1.785e-03 1.956e-03 6.514e-03 -1.000 1.538e-02 -1.014 2.480 1.006 -0.313 -1.070 -1.668 -2.561 -3.251 -3.371
0.0152 0.01508 9.30103 1.6839574575 2.5521562173    1.683  2.353  3.6281  1.776    3  0.000  0.365     0.00     0.00     0.00     0.00     0.00 -1 -1.31e-24      0.00 6.855e-01 2.991e-01 1.785e-03 1.957e-03 6.514e-03 -1.000 1.538e-02 -1.112 2.442 0.951 -0.388 -1.152 -1.758 -2.664 -3.358 -3.483
0.0152 0.01508 9.30103 1.6842238903 2.5521730354    1.683  2.391  3.6253  1.727    3  0.000  0.365     0.00     0.00     0.00     0.00     0.00 -1 -1.09e-24      0.00 6.855e-01 2.991e-01 1.785e-03 1.957e-03 6.513e-03 -1.000 1.538e-02 -1.207 2.401 0.897 -0.460 -1.230 -1.846 -2.764 -3.463 -3.593
0.0152 0.01508 9.30103 1.6844803095 2.5521892157    1.684  2.429  3.6224  1.676    3  0.000  0.365     0.00     0.00     0.00     0.00     0.00 -1 -9.07e-25      0.00 6.855e-01 2.991e-01 1.785e-03 1.957e-03 6.513e-03 -1.000 1.538e-02 -1.304 2.360 0.843 -0.534 -1.310 -1.934 -2.866 -3.569 -3.705
0.0152 0.01508 9.30103 1.6847172976 2.5522041647    1.684  2.467  3.6195  1.627    3  0.000  0.365     0.00     0.00     0.00     0.00     0.00 -1 -7.69e-25      0.00 6.855e-01 2.991e-01 1.785e-03 1.957e-03 6.513e-03 -1.000 1.538e-02 -1.398 2.319 0.789 -0.605 -1.388 -2.020 -2.965 -3.673 -3.814
0.0152 0.01508 9.30103 1.6849403381 2.5522182296    1.684  2.505  3.6166  1.578    3  0.000  0.365     7.63     5.61     4.05     3.05     2.48  4 -6.59e-25      0.00 6.855e-01 2.991e-01 1.784e-03 1.958e-03 6.513e-03 -1.000 1.538e-02 -1.492 2.277 0.737 -0.673 -1.462 -2.105 -3.063 -3.776 -3.923
0.0152 0.01508 9.30103 1.6851493120 2.5522314035    1.684  2.542  3.6138  1.530    3  0.000  0.365     8.41     6.13     4.40     3.32     2.70  4 -5.71e-25      0.00 6.855e-01 2.992e-01 1.784e-03 1.958e-03 6.513e-03 -1.000 1.538e-02 -1.585 2.235 0.684 -0.741 -1.537 -2.189 -3.161 -3.878 -4.031
0.0152 0.01508 9.30103 1.6853451729 2.5522437474    1.684  2.579  3.6108  1.481    3  0.000  0.365     9.28     6.69     4.79     3.61     2.94  4    -5e-25      0.00 6.855e-01 2.992e-01 1.784e-03 1.958e-03 6.512e-03 -1.000 1.538e-02 -1.678 2.212 0.636 -0.806 -1.610 -2.272 -3.259 -3.982 -4.141
0.0152 0.01508 9.30103 1.6855301857 2.5522554045    1.685  2.616  3.6079  1.432    3  0.000  0.365    10.24     7.31     5.21     3.93     3.20  4 -4.41e-25      0.00 6.855e-01 2.992e-01 1.784e-03 1.958e-03 6.512e-03 -1.000 1.538e-02 -1.770 2.213 0.594 -0.864 -1.681 -2.357 -3.358 -4.090 -4.253
0.0152 0.01508 9.30103 1.6857018471 2.5522662178    1.685  2.652  3.6050  1.384    3  0.000  0.365    11.27     7.97     5.66     4.28     3.48  4 -3.94e-25      0.00 6.855e-01 2.992e-01 1.784e-03 1.959e-03 6.512e-03 -1.000 1.538e-02 -1.860 2.216 0.556 -0.919 -1.748 -2.440 -3.455 -4.195 -4.362
0.0152 0.01508 9.30103 1.6858619452 2.5522763004    1.685  2.688  3.6021  1.338    3  0.000  0.365    12.38     8.67     6.13     4.64     3.78  4 -3.55e-25      0.00 6.855e-01 2.992e-01 1.784e-03 1.959e-03 6.512e-03 -1.000 1.538e-02 -1.949 2.219 0.518 -0.973 -1.815 -2.521 -3.550 -4.297 -4.469
0.0152 0.01508 9.30103 1.6860151291 2.5522859455    1.685  2.724  3.5993  1.290    3  0.000  0.365    13.62     9.44     6.65     5.04     4.11  4 -3.22e-25      0.00 6.855e-01 2.992e-01 1.784e-03 1.959e-03 6.512e-03 -1.000 1.538e-02 -2.039 2.219 0.479 -1.028 -1.881 -2.603 -3.646 -4.402 -4.578
0.0152 0.01508 9.30103 1.6861886978 2.5522968717    1.685  2.767  3.5956  1.233    3  0.000  0.365    15.30    10.48     7.35     5.58     4.55  4 -2.88e-25      0.00 6.854e-01 2.992e-01 1.784e-03 1.959e-03 6.512e-03 -1.000 1.538e-02 -2.146 2.222 0.440 -1.083 -1.953 -2.700 -3.763 -4.528 -4.710
0.0152 0.01508 9.30103 1.6863481998 2.5523069101    1.685  2.809  3.5921  1.176    3  0.000  0.365    17.15    11.61     8.11     6.16     5.02  4 -2.61e-25      0.00 6.854e-01 2.992e-01 1.784e-03 1.959e-03 6.511e-03 -1.000 1.538e-02 -2.252 2.224 0.401 -1.139 -2.025 -2.796 -3.877 -4.652 -4.839
0.0152 0.01508 9.30103 1.6864985228 2.5523163688    1.685  2.851  3.5884  1.119    3  0.000  0.365    19.24    12.87     8.95     6.81     5.55  4 -2.38e-25      0.00 6.854e-01 2.992e-01 1.784e-03 1.959e-03 6.511e-03 -1.000 1.538e-02 -2.359 2.225 0.365 -1.190 -2.093 -2.891 -3.992 -4.776 -4.969
0.0152 0.01508 9.30103 1.6866118908 2.5523235009    1.686  2.885  3.5855  1.073    3  0.000  0.365    21.09    13.98     9.68     7.38     6.02  4 -2.23e-25      0.00 6.854e-01 2.992e-01 1.784e-03 1.960e-03 6.511e-03 -1.000 1.538e-02 -2.444 2.224 0.339 -1.227 -2.144 -2.967 -4.084 -4.876 -5.073
0.0152 0.01508 9.30103 1.6867418289 2.5523316742    1.686  2.927  3.5819  1.018    3  0.000  0.365    23.59    15.46    10.66     8.14     6.64  4 -2.07e-25      0.00 6.854e-01 2.992e-01 1.784e-03 1.960e-03 6.511e-03 -1.000 1.538e-02 -2.546 2.225 0.310 -1.270 -2.205 -3.057 -4.195 -4.997 -5.200
0.0152 0.01508 9.30103 1.6868604422 2.5523391338    1.686  2.966  3.5782  0.963    3  0.000  0.365    26.31    17.05    11.70     8.95     7.30  3 -1.94e-25      0.00 6.854e-01 2.992e-01 1.784e-03 1.960e-03 6.511e-03 -1.000 1.538e-02 -2.646 2.229 0.291 -1.299 -2.254 -3.143 -4.303 -5.114 -5.323
0.0152 0.01508 9.30103 1.6869723797 2.5523461724    1.686  3.006  3.5745  0.909    3  0.000  0.365    29.36    18.82    12.86     9.84     8.03  3 -1.83e-25      0.00 6.854e-01 2.992e-01 1.784e-03 1.960e-03 6.511e-03 -1.000 1.538e-02 -2.744 2.232 0.279 -1.318 -2.295 -3.228 -4.413 -5.232 -5.446
0.0152 0.01508 9.30103 1.6870760918 2.5523526929    1.686  3.044  3.5708  0.855    3  0.000  0.365    32.70    20.73    14.10    10.81     8.83  3 -1.73e-25      0.00 6.854e-01 2.992e-01 1.784e-03 1.960e-03 6.511e-03 -1.000 1.538e-02 -2.841 2.237 0.270 -1.336 -2.334 -3.310 -4.519 -5.347 -5.568
0.0152 0.01508 9.30103 1.6871725321 2.5523587554    1.686  3.083  3.5671  0.803    3  0.000  0.365    36.36    22.80    15.45    11.86     9.68  3 -1.65e-25      0.00 6.854e-01 2.992e-01 1.784e-03 1.960e-03 6.511e-03 -1.000 1.538e-02 -2.936 2.236 0.269 -1.337 -2.361 -3.388 -4.625 -5.461 -5.687
0.0152 0.01508 9.30103 1.6872620583 2.5523643825    1.686  3.120  3.5635  0.751    3  0.000  0.365    40.38    25.05    16.90    12.99    10.61  3 -1.58e-25      0.00 6.854e-01 2.992e-01 1.784e-03 1.960e-03 6.511e-03 -1.000 1.538e-02 -3.030 2.236 0.274 -1.332 -2.383 -3.463 -4.730 -5.573 -5.805
0.0152 0.01508 9.30103 1.6873470545 2.5523697243    1.686  3.157  3.5597  0.699    3  0.000  0.365    44.85    27.53    18.49    14.24    11.63  3 -1.53e-25      0.00 6.854e-01 2.992e-01 1.784e-03 1.960e-03 6.511e-03 -1.000 1.538e-02 -3.123 2.237 0.282 -1.323 -2.402 -3.537 -4.834 -5.684 -5.923
0.0152 0.01508 9.30103 1.6874251366 2.5523746310    1.686  3.193  3.5560  0.648    3  0.000  0.365    49.64    30.15    20.17    15.55    12.70  3 -1.48e-25      0.00 6.854e-01 2.992e-01 1.784e-03 1.960e-03 6.510e-03 -1.000 1.538e-02 -3.212 2.236 0.307 -1.290 -2.404 -3.601 -4.934 -5.792 -6.036
0.0152 0.01508 9.30103 1.6875015497 2.5523794323    1.686  3.228  3.5523  0.598    3  0.000  0.365    54.93    33.03    22.00    16.99    13.88  3 -1.43e-25      0.00 6.854e-01 2.992e-01 1.784e-03 1.961e-03 6.510e-03 -1.000 1.538e-02 -3.301 2.235 0.333 -1.255 -2.404 -3.664 -5.034 -5.899 -6.150
0.0152 0.01508 9.30103 1.6875321865 2.5523813571    1.686  3.242  3.5508  0.578    3  0.000  0.365    57.23    34.26    22.79    17.60    14.38  3 -1.41e-25      0.00 6.854e-01 2.992e-01 1.784e-03 1.961e-03 6.510e-03 -1.000 1.538e-02 -3.336 2.236 0.345 -1.240 -2.404 -3.689 -5.074 -5.942 -6.195
0.0152 0.01508 9.30103 1.6875321865 2.5523813571    1.686  1.707  3.6842  2.646    4  0.000  0.366     0.00     0.00     0.00     0.00     0.00 -1    -1e-30      0.00 6.846e-01 3.000e-01 1.787e-03 1.953e-03 6.508e-03 -1.000 1.538e-02 0.502 2.646 1.829 0.834 0.253 -0.215 -0.898 -1.443 -1.518
0.0152 0.01508 9.30103 1.6885857582 2.5524475029    1.687  1.728  3.6825  2.619    4  0.000  0.366     0.00     0.00     0.00     0.00     0.00 -1    -1e-30      0.00 6.846e-01 3.000e-01 1.787e-03 1.954e-03 6.507e-03 -1.000 1.538e-02 0.450 2.628 1.794 0.791 0.206 -0.266 -0.955 -1.505 -1.581
0.0152 0.01508 9.30103 1.6896868944 2.5525165336    1.688  1.733  3.6823  2.614    4  0.000  0.366     0.00     0.00     0.00     0.00     0.00 -1    -1e-30      0.00 6.846e-01 3.001e-01 1.787e-03 1.955e-03 6.506e-03 -1.000 1.538e-02 0.439 2.620 1.784 0.780 0.195 -0.278 -0.968 -1.518 -1.594
0.0152 0.01508 9.30103 1.6907908916 2.5525856398    1.689  1.732  3.6826  2.616    4  0.000  0.366     0.00     0.00     0.00     0.00     0.00 -1    -1e-30      0.00 6.845e-01 3.001e-01 1.786e-03 1.957e-03 6.505e-03 -1.000 1.538e-02 0.440 2.615 1.783 0.780 0.195 -0.276 -0.965 -1.514 -1.590
0.0152 0.01508 9.30103 1.6919268370 2.5526566376    1.691  1.731  3.6830  2.619    4  0.000  0.366     0.00     0.00     0.00     0.00     0.00 -1    -1e-30      0.00 6.845e-01 3.001e-01 1.786e-03 1.958e-03 6.504e-03 -1.000 1.538e-02 0.442 2.610 1.781 0.780 0.196 -0.275 -0.963 -1.511 -1.587
0.0152 0.01508 9.30103 1.6930261850 2.5527252438    1.692  1.731  3.6832  2.620    4  0.000  0.366     0.00     0.00     0.00     0.00     0.00 -1    -1e-30      0.00 6.845e-01 3.001e-01 1.786e-03 1.959e-03 6.503e-03 -1.000 1.538e-02 0.442 2.604 1.779 0.779 0.196 -0.274 -0.961 -1.508 -1.584
0.0152 0.01508 9.30103 1.6941512823 2.5527953508    1.693  1.731  3.6835  2.622    4  0.000  0.366     0.00     0.00     0.00     0.00     0.00 -1    -1e-30      0.00 6.845e-01 3.001e-01 1.785e-03 1.960e-03 6.502e-03 -1.000 1.538e-02 0.443 2.599 1.776 0.778 0.195 -0.274 -0.960 -1.506 -1.582
0.0152 0.01508 9.30103 1.6952279806 2.5528623418    1.694  1.731  3.6838  2.623    4  0.000  0.366     0.00     0.00     0.00     0.00     0.00 -1    -1e-30      0.00 6.845e-01 3.002e-01 1.785e-03 1.962e-03 6.501e-03 -1.000 1.537e-02 0.443 2.594 1.774 0.776 0.195 -0.274 -0.959 -1.504 -1.580
0.0152 0.01508 9.30103 1.6963175535 2.5529300343    1.695  1.731  3.6841  2.625    4  0.000  0.366     0.00     0.00     0.00     0.00     0.00 -1    -1e-30      0.00 6.845e-01 3.002e-01 1.784e-03 1.963e-03 6.500e-03 -1.000 1.537e-02 0.443 2.588 1.771 0.775 0.194 -0.274 -0.958 -1.503 -1.578
0.0152 0.01508 9.30103 1.6974744797 2.5530018019    1.696  1.731  3.6843  2.625    4  0.000  0.366     0.00     0.00     0.00     0.00     0.00 -1    -1e-30      0.00 6.844e-01 3.002e-01 1.784e-03 1.964e-03 6.499e-03 -1.000 1.537e-02 0.442 2.582 1.768 0.773 0.193 -0.275 -0.958 -1.502 -1.577
0.0152 0.01508 9.30103 1.6985355616 2.5530675251    1.698  1.732  3.6845  2.626    4  0.000  0.366     0.00     0.00     0.00     0.00     0.00 -1    -1e-30      0.00 6.844e-01 3.002e-01 1.784e-03 1.966e-03 6.498e-03 -1.000 1.537e-02 0.440 2.577 1.764 0.770 0.191 -0.277 -0.959 -1.502 -1.577
0.0152 0.01508 9.30103 1.6996357441 2.5531355706    1.699  1.733  3.6847  2.626    4  0.000  0.366     0.00     0.00     0.00     0.00     0.00 -1    -1e-30      0.00 6.844e-01 3.002e-01 1.783e-03 1.967e-03 6.497e-03 -1.000 1.537e-02 0.438 2.571 1.761 0.767 0.188 -0.279 -0.960 -1.503 -1.578
0.0152 0.01508 9.30103 1.6997683048 2.5531437626    1.699  1.733  3.6847  2.626    4  0.000  0.366     0.00     0.00     0.00     0.00     0.00 -1    -1e-30      0.00 6.844e-01 3.002e-01 1.783e-03 1.967e-03 6.497e-03 -1.000 1.537e-02 0.438 2.570 1.760 0.767 0.188 -0.279 -0.960 -1.503 -1.578
0.0152 0.01508 9.30103 1.7002961636 2.5531763685    1.700  1.733  3.6848  2.627    4  0.000  0.366     0.00     0.00     0.00     0.00     0.00 -1    -1e-30      0.00 6.844e-01 3.002e-01 1.783e-03 1.968e-03 6.496e-03 -1.000 1.537e-02 0.438 2.568 1.758 0.765 0.187 -0.280 -0.961 -1.503 -1.578
0.0152 0.01508 9.30103 1.7014751434 2.5532491102    1.701  1.734  3.6850  2.627    4  0.000  0.366     0.00     0.00     0.00     0.00     0.00 -1    -1e-30      0.00 6.844e-01 3.003e-01 1.783e-03 1.969e-03 6.495e-03 -1.000 1.537e-02 0.435 2.561 1.754 0.762 0.185 -0.282 -0.962 -1.504 -1.579
0.0152 0.01508 9.30103 1.7025321722 2.5533142291    1.702  1.735  3.6852  2.627    4  0.000  0.366     0.00     0.00     0.00     0.00     0.00 -1    -1e-30      0.00 6.844e-01 3.003e-01 1.782e-03 1.970e-03 6.495e-03 -1.000 1.537e-02 0.433 2.556 1.751 0.759 0.182 -0.284 -0.964 -1.505 -1.580
0.0152 0.01508 9.30103 1.7031682730 2.5533533717    1.702  1.735  3.6853  2.627    4  0.000  0.366     0.00     0.00     0.00     0.00     0.00 -1    -1e-30      0.00 6.843e-01 3.003e-01 1.782e-03 1.971e-03 6.494e-03 -1.000 1.537e-02 0.432 2.553 1.748 0.757 0.180 -0.286 -0.965 -1.506 -1.580
0.0152 0.01508 9.30103 1.7036901712 2.5533854618    1.703  1.736  3.6854  2.627    4  0.000  0.366     0.00     0.00     0.00     0.00     0.00 -1    -1e-30      0.00 6.843e-01 3.003e-01 1.782e-03 1.971e-03 6.494e-03 -1.000 1.537e-02 0.431 2.550 1.746 0.756 0.179 -0.287 -0.966 -1.507 -1.581
0.0152 0.01508 9.30103 1.7047775984 2.5534522520    1.704  1.737  3.6855  2.627    4  0.000  0.366     0.00     0.00     0.00     0.00     0.00 -1    -1e-30      0.00 6.843e-01 3.003e-01 1.782e-03 1.973e-03 6.493e-03 -1.000 1.537e-02 0.428 2.544 1.742 0.752 0.176 -0.290 -0.968 -1.509 -1.583
0.0152 0.01508 9.30103 1.7059792280 2.5535259427    1.705  1.738  3.6856  2.626    4  0.000  0.366     0.00     0.00     0.00     0.00     0.00 -1    -1e-30      0.00 6.843e-01 3.003e-01 1.782e-03 1.974e-03 6.492e-03 -1.000 1.538e-02 0.424 2.538 1.737 0.747 0.172 -0.294 -0.972 -1.512 -1.586
0.0152 0.01508 9.30103 1.7070894241 2.5535939202    1.706  1.740  3.6857  2.625    4  0.000  0.366     0.00     0.00     0.00     0.00     0.00 -1    -1e-30      0.00 6.843e-01 3.003e-01 1.781e-03 1.975e-03 6.491e-03 -1.000 1.538e-02 0.420 2.532 1.732 0.743 0.168 -0.298 -0.975 -1.515 -1.590
0.0152 0.01508 9.30103 1.7081996202 2.5536617960    1.707  1.742  3.6858  2.624    4  0.000  0.366     0.00     0.00     0.00     0.00     0.00 -1    -1e-30      0.00 6.843e-01 3.004e-01 1.781e-03 1.977e-03 6.490e-03 -1.000 1.538e-02 0.416 2.527 1.728 0.739 0.163 -0.302 -0.979 -1.519 -1.593
0.0152 0.01508 9.30103 1.7093369961 2.5537312285    1.708  1.744  3.6858  2.622    4  0.000  0.366     0.00     0.00     0.00     0.00     0.00 -1    -1e-30      0.00 6.842e-01 3.004e-01 1.781e-03 1.978e-03 6.489e-03 -1.000 1.538e-02 0.411 2.521 1.722 0.733 0.158 -0.307 -0.984 -1.523 -1.598
0.0152 0.01508 9.30103 1.7104403973 2.5537984854    1.710  1.746  3.6858  2.621    4  0.000  0.366     0.00     0.00     0.00     0.00     0.00 -1    -1e-30      0.00 6.842e-01 3.004e-01 1.780e-03 1.979e-03 6.488e-03 -1.000 1.538e-02 0.406 2.516 1.717 0.728 0.153 -0.312 -0.989 -1.528 -1.603
0.0152 0.01508 9.30103 1.7116278410 2.5538707537    1.711  1.748  3.6858  2.619    4  0.000  0.366     0.00     0.00     0.00     0.00     0.00 -1    -1e-30      0.00 6.842e-01 3.004e-01 1.780e-03 1.980e-03 6.487e-03 -1.000 1.538e-02 0.400 2.510 1.711 0.723 0.148 -0.318 -0.995 -1.534 -1.609
0.0152 0.01508 9.30103 1.7119574547 2.5538907937    1.711  1.749  3.6858  2.618    4  0.000  0.366     0.00     0.00     0.00     0.00     0.00 -1    -1e-30      0.00 6.842e-01 3.004e-01 1.780e-03 1.981e-03 6.487e-03 -1.000 1.538e-02 0.398 2.508 1.710 0.721 0.146 -0.319 -0.997 -1.536 -1.611
0.0152 0.01508 9.30103 1.7131179571 2.5539612798    1.712  1.751  3.6857  2.615    4  0.000  0.366     0.00     0.00     0.00     0.00     0.00 -1    -1e-30      0.00 6.842e-01 3.004e-01 1.780e-03 1.982e-03 6.486e-03 -1.000 1.538e-02 0.392 2.503 1.704 0.714 0.139 -0.326 -1.004 -1.543 -1.618
0.0152 0.01508 9.30103 1.7142291069 2.5540286655    1.713  1.754  3.6856  2.612    4  0.000  0.366     0.00     0.00     0.00     0.00     0.00 -1    -1e-30      0.00 6.842e-01 3.005e-01 1.779e-03 1.983e-03 6.485e-03 -1.000 1.538e-02 0.384 2.498 1.698 0.708 0.132 -0.333 -1.011 -1.551 -1.626
0.0152 0.01508 9.30103 1.7153481245 2.5540964269    1.714  1.758  3.6855  2.608    4  0.000  0.366     0.00     0.00     0.00     0.00     0.00 -1    -1e-30      0.00 6.841e-01 3.005e-01 1.779e-03 1.984e-03 6.484e-03 -1.000 1.538e-02 0.376 2.493 1.691 0.700 0.124 -0.342 -1.020 -1.561 -1.635
0.0152 0.01508 9.30103 1.7164665461 2.5541640507    1.716  1.761  3.6852  2.604    4  0.000  0.366     0.00     0.00     0.00     0.00     0.00 -1    -1e-30      0.00 6.841e-01 3.005e-01 1.779e-03 1.986e-03 6.483e-03 -1.000 1.538e-02 0.367 2.488 1.684 0.692 0.116 -0.351 -1.030 -1.571 -1.646
0.0152 0.01508 9.30103 1.7176092863 2.5542330403    1.717  1.766  3.6849  2.599    4  0.000  0.366     0.00     0.00     0.00     0.00     0.00 -1    -1e-30      0.00 6.841e-01 3.005e-01 1.778e-03 1.987e-03 6.482e-03 -1.000 1.539e-02 0.355 2.482 1.675 0.682 0.105 -0.362 -1.043 -1.585 -1.660
0.0152 0.01508 9.30103 1.7187492847 2.5543017593    1.718  1.771  3.6845  2.592    4  0.000  0.366     0.00     0.00     0.00     0.00     0.00 -1    -1e-30      0.00 6.841e-01 3.005e-01 1.778e-03 1.988e-03 6.481e-03 -1.000 1.539e-02 0.342 2.476 1.666 0.671 0.092 -0.375 -1.057 -1.600 -1.676
0.0152 0.01508 9.30103 1.7198771238 2.5543696422    1.719  1.777  3.6841  2.585    4  0.000  0.366     0.00     0.00     0.00     0.00     0.00 -1    -1e-30      0.00 6.841e-01 3.005e-01 1.778e-03 1.989e-03 6.480e-03 -1.000 1.539e-02 0.328 2.471 1.656 0.659 0.079 -0.389 -1.073 -1.617 -1.692
0.0152 0.01508 9.30103 1.7210025787 2.5544372796    1.720  1.782  3.6838  2.578    4  0.000  0.366     0.00     0.00     0.00     0.00     0.00 -1    -1e-30      0.00 6.841e-01 3.006e-01 1.777e-03 1.991e-03 6.479e-03 -1.000 1.539e-02 0.314 2.465 1.646 0.647 0.067 -0.402 -1.087 -1.633 -1.708
0.0152 0.01508 9.30103 1.7221442461 2.5545057875    1.721  1.784  3.6838  2.577    4  0.000  0.366     0.00     0.00     0.00     0.00     0.00 -1    -1e-30      0.00 6.840e-01 3.006e-01 1.777e-03 1.992e-03 6.478e-03 -1.000 1.539e-02 0.311 2.460 1.642 0.644 0.063 -0.406 -1.091 -1.637 -1.712
0.0152 0.01508 9.30103 1.7233071327 2.5545754614    1.722  1.802  3.6821  2.553    4  0.000  0.366     0.00     0.00     0.00     0.00     0.00 -1    -1e-30      0.00 6.840e-01 3.006e-01 1.777e-03 1.993e-03 6.477e-03 -1.000 1.539e-02 0.266 2.449 1.614 0.608 0.023 -0.450 -1.141 -1.691 -1.768
0.0152 0.01508 9.30103 1.7244653702 2.5546447493    1.723  1.834  3.6790  2.509    4  0.000  0.366     0.00     0.00     0.00     0.00     0.00 -1    -1e-30      0.00 6.840e-01 3.006e-01 1.776e-03 1.995e-03 6.477e-03 -1.000 1.539e-02 0.185 2.429 1.563 0.543 -0.050 -0.529 -1.232 -1.791 -1.869
0.0152 0.01508 9.30103 1.7251580954 2.5546861383    1.724  1.872  3.6756  2.457    4  0.000  0.366     0.00     0.00     0.00     0.00     0.00 -1    -1e-30      0.00 6.840e-01 3.006e-01 1.776e-03 1.995e-03 6.476e-03 -1.000 1.539e-02 0.090 2.418 1.508 0.469 -0.136 -0.622 -1.337 -1.907 -1.987
0.0152 0.01508 9.30103 1.7255090475 2.5547070924    1.725  1.912  3.6721  2.403    4  0.000  0.366     0.00     0.00     0.00     0.00     0.00 -1    -1e-30      0.00 6.840e-01 3.006e-01 1.776e-03 1.996e-03 6.476e-03 -1.000 1.539e-02 -0.010 2.407 1.449 0.389 -0.227 -0.720 -1.449 -2.028 -2.111
0.0152 0.01508 9.30103 1.7256797552 2.5547172812    1.725  1.950  3.6689  2.352    4  0.000  0.366     0.00     0.00     0.00     0.00     0.00 -1    -1e-30      0.00 6.840e-01 3.006e-01 1.776e-03 1.996e-03 6.476e-03 -1.000 1.539e-02 -0.105 2.397 1.394 0.314 -0.313 -0.814 -1.555 -2.143 -2.228
0.0152 0.01508 9.30103 1.7257659435 2.5547224246    1.725  1.989  3.6656  2.300    4  0.000  0.366     0.00     0.00     0.00     0.00     0.00 -1    -1e-30      0.00 6.840e-01 3.006e-01 1.776e-03 1.996e-03 6.475e-03 -1.000 1.539e-02 -0.202 2.387 1.337 0.238 -0.400 -0.908 -1.662 -2.260 -2.346
0.0152 0.01508 9.30103 1.7258107662 2.5547250992    1.725  2.027  3.6624  2.250    4  0.000  0.366     0.00     0.00     0.00     0.00     0.00 -1    -1e-30      0.00 6.840e-01 3.006e-01 1.776e-03 1.996e-03 6.475e-03 -1.000 1.539e-02 -0.297 2.378 1.283 0.165 -0.485 -1.000 -1.766 -2.373 -2.462
0.0152 0.01508 9.30103 1.7258368731 2.5547266569    1.725  2.062  3.6595  2.203    4  0.000  0.366     0.00     0.00     0.00     0.00     0.00 -1    -1e-30      0.00 6.840e-01 3.006e-01 1.776e-03 1.996e-03 6.475e-03 -1.000 1.539e-02 -0.385 2.369 1.232 0.096 -0.564 -1.086 -1.863 -2.479 -2.569
0.0152 0.01508 9.30103 1.7258508205 2.5547274891    1.725  2.087  3.6575  2.170    4  0.000  0.366     0.00     0.00     0.00     0.00     0.00 -1    -1e-30      0.00 6.840e-01 3.006e-01 1.776e-03 1.996e-03 6.475e-03 -1.000 1.539e-02 -0.447 2.365 1.198 0.048 -0.619 -1.146 -1.931 -2.552 -2.644
0.0152 0.01508 9.30103 1.7258510590 2.5547275033    1.725  2.087  3.6575  2.169    7  0.000  0.366     0.00     0.00     0.00     0.00     0.00 -1    -1e-30      0.00 6.840e-01 3.006e-01 1.776e-03 1.996e-03 6.475e-03 -1.000 1.539e-02 -0.448 2.365 1.197 0.047 -0.620 -1.147 -1.932 -2.554 -2.646
0.0152 0.01508 9.30103 1.7258603573 2.5547280581    1.725  2.108  3.6558  2.142    7  0.000  0.366     0.00     0.00     0.00     0.00     0.00 -1    -1e-30      0.00 6.840e-01 3.006e-01 1.776e-03 1.996e-03 6.475e-03 -1.000 1.539e-02 -0.500 2.361 1.168 0.008 -0.666 -1.197 -1.989 -2.615 -2.708
0.0152 0.01508 9.30103 1.7258791924 2.5547291819    1.725  2.151  3.6523  2.085    7  0.000  0.366     0.00     0.00     0.00     0.00     0.00 -1    -1e-30      0.00 6.840e-01 3.006e-01 1.776e-03 1.996e-03 6.475e-03 -1.000 1.539e-02 -0.608 2.354 1.107 -0.075 -0.762 -1.301 -2.107 -2.745 -2.840
0.0152 0.01508 9.30103 1.7258970737 2.5547302487    1.725  2.179  3.6501  2.048    7  0.000  0.366     0.00     0.00     0.00     0.00     0.00 -1    -1e-30      0.00 6.840e-01 3.006e-01 1.776e-03 1.996e-03 6.475e-03 -1.000 1.539e-02 -0.678 2.348 1.068 -0.128 -0.824 -1.369 -2.184 -2.828 -2.924
0.0152 0.01508 9.30103 1.7259403467 2.5547328304    1.725  2.184  3.6498  2.042    7  0.000  0.366     0.00     0.00     0.00     0.00     0.00 -1    -1e-30      0.00 6.840e-01 3.006e-01 1.776e-03 1.996e-03 6.475e-03 -1.000 1.539e-02 -0.689 2.346 1.061 -0.137 -0.833 -1.379 -2.195 -2.840 -2.937
0.0152 0.01508 9.30103 1.7259755135 2.5547349283    1.725  2.162  3.6515  2.071    7  0.000  0.366     0.00     0.00     0.00     0.00     0.00 -1  -1.1e-30      0.00 6.840e-01 3.006e-01 1.776e-03 1.996e-03 6.475e-03 -1.000 1.539e-02 -0.636 2.349 1.091 -0.096 -0.786 -1.328 -2.137 -2.776 -2.872
0.0152 0.01508 9.30103 1.7261068821 2.5547427645    1.725  2.129  3.6542  2.115    7  0.000  0.366     0.00     0.00     0.00     0.00     0.00 -1 -8.09e-30      0.00 6.840e-01 3.006e-01 1.776e-03 1.996e-03 6.475e-03 -1.000 1.543e-02 -0.552 2.354 1.137 -0.033 -0.712 -1.247 -2.045 -2.676 -2.770
0.0152 0.01508 9.30103 1.7273072004 2.5548143003    1.726  2.153  3.6523  2.084    7  0.000  0.366     0.00     0.00     0.00     0.00     0.00 -1 -2.41e-12      0.00 6.840e-01 3.002e-01 1.776e-03 1.998e-03 6.474e-03 -1.000 1.582e-02 -0.612 2.350 1.104 -0.078 -0.765 -1.305 -2.110 -2.748 -2.843
0.0152 0.01508 9.30103 1.7278143167 2.5548444887    1.726  2.185  3.6497  2.041    7  0.000  0.366     0.00     0.00     0.00     0.00     0.00 -1 -1.57e-10      0.00 6.839e-01 3.002e-01 1.775e-03 1.998e-03 6.474e-03 -1.000 1.584e-02 -0.692 2.345 1.059 -0.140 -0.836 -1.382 -2.199 -2.844 -2.941
0.0152 0.01508 9.30103 1.7282140255 2.5548682689    1.726  2.224  3.6466  1.990    7  0.000  0.366     0.00     0.00     0.00     0.00     0.00 -1 -1.91e-10      0.00 6.839e-01 3.002e-01 1.775e-03 1.999e-03 6.473e-03 -1.000 1.584e-02 -0.789 2.339 1.008 -0.212 -0.920 -1.475 -2.304 -2.958 -3.057
0.0152 0.01508 9.30103 1.7285405397 2.5548876850    1.727  2.263  3.6434  1.938    7  0.000  0.366     0.00     0.00     0.00     0.00     0.00 -1 -2.31e-10      0.00 6.839e-01 3.002e-01 1.775e-03 1.999e-03 6.473e-03 -1.000 1.584e-02 -0.887 2.314 0.957 -0.287 -1.005 -1.567 -2.409 -3.068 -3.172
0.0152 0.01508 9.30103 1.7288156748 2.5549040394    1.727  2.302  3.6402  1.886    7  0.000  0.366     0.00     0.00     0.00     0.00     0.00 -1 -2.81e-10      0.00 6.839e-01 3.002e-01 1.775e-03 1.999e-03 6.473e-03 -1.000 1.584e-02 -0.986 2.287 0.905 -0.363 -1.089 -1.659 -2.514 -3.178 -3.287
0.0152 0.01508 9.30103 1.7290546894 2.5549182418    1.727  2.342  3.6369  1.833    7  0.000  0.366     0.00     0.00     0.00     0.00     0.00 -1 -3.42e-10      0.00 6.839e-01 3.002e-01 1.775e-03 2.000e-03 6.473e-03 -1.000 1.584e-02 -1.086 2.260 0.854 -0.438 -1.173 -1.751 -2.621 -3.290 -3.405
0.0152 0.01508 9.30103 1.7292622328 2.5549305705    1.727  2.382  3.6337  1.780    7  0.000  0.366     0.00     0.00     0.00     0.00     0.00 -1 -4.17e-10      0.00 6.839e-01 3.002e-01 1.775e-03 2.000e-03 6.473e-03 -1.000 1.584e-02 -1.185 2.230 0.802 -0.513 -1.256 -1.843 -2.726 -3.401 -3.521
0.0152 0.01508 9.30103 1.7294455767 2.5549414589    1.727  2.421  3.6305  1.728    7  0.000  0.366     0.00     0.00     0.00     0.00     0.00 -1 -5.04e-10      0.00 6.839e-01 3.002e-01 1.775e-03 2.000e-03 6.472e-03 -1.000 1.584e-02 -1.283 2.199 0.749 -0.587 -1.338 -1.934 -2.831 -3.511 -3.636
0.0152 0.01508 9.30103 1.7296127081 2.5549513822    1.726  2.461  3.6272  1.675    7  0.000  0.366     0.00     0.00     0.00     0.00     0.00 -1 -6.15e-10      0.00 6.839e-01 3.002e-01 1.775e-03 2.000e-03 6.472e-03 -1.000 1.584e-02 -1.383 2.164 0.696 -0.661 -1.419 -2.024 -2.936 -3.622 -3.753
0.0152 0.01508 9.30103 1.7297672033 2.5549605532    1.726  2.502  3.6239  1.620    7  0.000  0.366     7.08     5.23     3.79     2.84     2.31  4  -7.5e-10      0.00 6.839e-01 3.003e-01 1.775e-03 2.000e-03 6.472e-03 -1.000 1.584e-02 -1.485 2.127 0.642 -0.736 -1.502 -2.117 -3.044 -3.736 -3.873
0.0152 0.01508 9.30103 1.7299091816 2.5549689795    1.726  2.543  3.6205  1.567    7  0.000  0.366     7.89     5.77     4.16     3.13     2.54  4 -9.11e-10      0.00 6.839e-01 3.003e-01 1.775e-03 2.001e-03 6.472e-03 -1.000 1.584e-02 -1.586 2.089 0.586 -0.810 -1.584 -2.209 -3.151 -3.848 -3.992
0.0152 0.01508 9.30103 1.7300071716 2.5549747943    1.726  2.571  3.6175  1.526    7  0.000  0.365     8.57     6.21     4.46     3.36     2.73  4 -1.05e-09      0.00 6.839e-01 3.003e-01 1.775e-03 2.001e-03 6.472e-03 -1.000 1.584e-02 -1.659 2.075 0.557 -0.855 -1.637 -2.272 -3.228 -3.931 -4.081
0.0152 0.01508 9.30103 1.7301324606 2.5549822278    1.726  2.609  3.6123  1.467    7  0.000  0.365     9.65     6.91     4.94     3.72     3.03  4 -1.26e-09      0.00 6.839e-01 3.003e-01 1.774e-03 2.001e-03 6.472e-03 -1.000 1.584e-02 -1.753 2.112 0.542 -0.897 -1.696 -2.352 -3.332 -4.050 -4.208
0.0152 0.01508 9.30103 1.7302566767 2.5549895965    1.725  2.649  3.6082  1.411    7  0.000  0.365    10.79     7.64     5.44     4.11     3.34  4 -1.52e-09      0.00 6.839e-01 3.003e-01 1.774e-03 2.001e-03 6.472e-03 -1.000 1.584e-02 -1.852 2.137 0.511 -0.949 -1.765 -2.440 -3.440 -4.170 -4.333
0.0152 0.01508 9.30103 1.7303785086 2.5549968225    1.725  2.690  3.6047  1.355    7  0.000  0.365    12.07     8.45     5.99     4.53     3.69  4 -1.87e-09      0.00 6.839e-01 3.003e-01 1.773e-03 2.002e-03 6.472e-03 -1.000 1.584e-02 -1.956 2.144 0.469 -1.011 -1.842 -2.535 -3.552 -4.292 -4.460
0.0152 0.01508 9.30103 1.7304918766 2.5550035455    1.724  2.738  3.6006  1.291    7  0.000  0.365    13.73     9.49     6.69     5.07     4.13  4 -2.34e-09      0.00 6.839e-01 3.003e-01 1.772e-03 2.004e-03 6.472e-03 -1.000 1.584e-02 -2.076 2.155 0.422 -1.082 -1.930 -2.644 -3.680 -4.431 -4.606
0.0152 0.01508 9.30103 1.7305802107 2.5550087833    1.723  2.795  3.5957  1.214    7  0.000  0.364    16.01    10.89     7.63     5.79     4.72  4 -3.05e-09      0.00 6.839e-01 3.003e-01 1.769e-03 2.007e-03 6.472e-03 -1.000 1.584e-02 -2.217 2.162 0.372 -1.154 -2.025 -2.771 -3.833 -4.598 -4.780
0.0152 0.01508 9.30103 1.7306375504 2.5550121829    1.723  2.846  3.5912  1.145    7  0.000  0.364    18.39    12.34     8.60     6.54     5.33  4 -3.84e-09      0.00 6.839e-01 3.003e-01 1.766e-03 2.010e-03 6.471e-03 -1.000 1.584e-02 -2.344 2.170 0.329 -1.218 -2.109 -2.885 -3.971 -4.748 -4.937
0.0152 0.01508 9.30103 1.7306813002 2.5550147766    1.722  2.890  3.5872  1.084    7  0.000  0.363    20.79    13.78     9.55     7.27     5.93  4  -4.7e-09      0.00 6.839e-01 3.003e-01 1.764e-03 2.013e-03 6.471e-03 -1.000 1.584e-02 -2.456 2.174 0.296 -1.266 -2.176 -2.984 -4.092 -4.880 -5.075
0.0152 0.01508 9.30103 1.7307202816 2.5550170874    1.722  2.933  3.5832  1.026    7  0.000  0.363    23.36    15.30    10.56     8.05     6.57  4  -5.7e-09      0.00 6.839e-01 3.003e-01 1.762e-03 2.015e-03 6.471e-03 -1.000 1.584e-02 -2.561 2.179 0.270 -1.307 -2.236 -3.077 -4.207 -5.005 -5.206
0.0152 0.01508 9.30103 1.7307560444 2.5550192074    1.721  2.973  3.5794  0.971    7  0.000  0.363    26.11    16.91    11.62     8.87     7.24  4 -6.88e-09      0.00 6.839e-01 3.003e-01 1.761e-03 2.017e-03 6.471e-03 -1.000 1.584e-02 -2.661 2.189 0.249 -1.341 -2.289 -3.164 -4.316 -5.124 -5.331
0.0152 0.01508 9.30103 1.7307902575 2.5550212354    1.721  3.012  3.5755  0.916    7  0.000  0.362    29.18    18.69    12.78     9.78     7.98  3 -8.26e-09      0.00 6.839e-01 3.003e-01 1.760e-03 2.018e-03 6.471e-03 -1.000 1.583e-02 -2.760 2.195 0.242 -1.355 -2.326 -3.248 -4.426 -5.242 -5.455
0.0152 0.01508 9.30103 1.7308239937 2.5550232351    1.720  3.050  3.5716  0.861    7  0.000  0.362    32.53    20.61    14.03    10.75     8.77  3 -9.86e-09      0.00 6.839e-01 3.003e-01 1.760e-03 2.019e-03 6.471e-03 -1.000 1.583e-02 -2.856 2.204 0.236 -1.369 -2.362 -3.329 -4.532 -5.358 -5.577
0.0152 0.01508 9.30103 1.7308591604 2.5550253194    1.719  3.088  3.5678  0.809    7  0.000  0.362    36.16    22.67    15.37    11.79     9.63  3 -1.16e-08      0.00 6.839e-01 3.003e-01 1.760e-03 2.019e-03 6.471e-03 -1.000 1.583e-02 -2.949 2.209 0.240 -1.368 -2.387 -3.404 -4.636 -5.470 -5.695
0.0152 0.01508 9.30103 1.7308982611 2.5550276368    1.717  3.126  3.5638  0.754    7  0.000  0.362    40.36    25.03    16.89    12.98    10.60  3 -1.38e-08      0.00 6.839e-01 3.003e-01 1.760e-03 2.019e-03 6.471e-03 -1.000 1.583e-02 -3.045 2.214 0.251 -1.355 -2.404 -3.479 -4.744 -5.586 -5.818
0.0152 0.01508 9.30103 1.7309385538 2.5550300247    1.715  3.162  3.5598  0.701    7  0.000  0.362    44.84    27.51    18.48    14.22    11.62  3 -1.62e-08      0.00 6.839e-01 3.003e-01 1.760e-03 2.019e-03 6.471e-03 -1.000 1.583e-02 -3.136 2.220 0.265 -1.340 -2.418 -3.550 -4.846 -5.697 -5.935
0.0152 0.01508 9.30103 1.7309745550 2.5550321582    1.713  3.198  3.5559  0.650    7  0.000  0.362    49.70    30.18    20.19    15.56    12.71  3  -1.9e-08      0.00 6.839e-01 3.003e-01 1.760e-03 2.019e-03 6.471e-03 -1.000 1.583e-02 -3.224 2.224 0.297 -1.298 -2.413 -3.612 -4.946 -5.804 -6.049
0.0152 0.01508 9.30103 1.7309811115 2.5550325467    1.713  3.199  3.5558  0.648    7  0.000  0.362    49.93    30.30    20.27    15.62    12.76  3 -1.91e-08      0.00 6.839e-01 3.003e-01 1.760e-03 2.019e-03 6.471e-03 -1.000 1.583e-02 -3.228 2.224 0.299 -1.297 -2.413 -3.614 -4.950 -5.809 -6.054
0.0152 0.01508 9.30103 1.7309848070 2.5550327657    1.713  3.198  3.5559  0.650    7  0.000  0.362    49.71    30.18    20.19    15.56    12.71  3  -1.9e-08      0.00 6.839e-01 3.003e-01 1.760e-03 2.019e-03 6.471e-03 -1.000 1.583e-02 -3.224 2.224 0.297 -1.299 -2.413 -3.612 -4.946 -5.804 -6.049
0.0152 0.01508 9.30103 1.7309883833 2.5550329777    1.713  3.218  3.5536  0.620    7  0.000  0.362    52.83    31.88    21.28    16.41    13.41  3 -2.08e-08      0.00 6.839e-01 3.003e-01 1.760e-03 2.019e-03 6.471e-03 -1.000 1.583e-02 -3.276 2.226 0.317 -1.273 -2.410 -3.648 -5.005 -5.868 -6.116
0.0152 0.01508 9.30103 1.7309929132 2.5550332461    1.712  3.239  3.5513  0.590    7  0.000  0.362    56.10    33.65    22.40    17.29    14.13  3 -2.27e-08      0.00 6.839e-01 3.003e-01 1.760e-03 2.019e-03 6.471e-03 -1.000 1.583e-02 -3.327 2.229 0.338 -1.247 -2.405 -3.683 -5.063 -5.931 -6.183
0.0152 0.01508 9.30103 1.7310003042 2.5550336841    1.712  3.263  3.5485  0.554    7  0.000  0.362    60.25    35.88    23.82    18.40    15.04  2 -2.52e-08      0.00 6.839e-01 3.003e-01 1.760e-03 2.019e-03 6.471e-03 -1.000 1.583e-02 -3.388 2.232 0.371 -1.204 -2.394 -3.720 -5.132 -6.005 -6.262
0.0152 0.01508 9.30103 1.7310007811 2.5550337123    1.712  3.266  3.5481  0.550    7  0.000  0.362    60.82    36.18    24.01    18.55    15.17  2 -2.55e-08      0.00 6.839e-01 3.003e-01 1.760e-03 2.019e-03 6.471e-03 -1.000 1.583e-02 -3.396 2.232 0.376 -1.198 -2.391 -3.724 -5.142 -6.015 -6.272
0.0152 0.01508 9.30103 1.7310009003 2.5550337194    1.712  3.267  3.5481  0.549    7  0.000  0.362    60.87    36.21    24.03    18.57    15.18  2 -2.56e-08      0.00 6.839e-01 3.003e-01 1.760e-03 2.019e-03 6.471e-03 -1.000 1.583e-02 -3.396 2.232 0.376 -1.197 -2.391 -3.725 -5.142 -6.016 -6.273
0.0152 0.01508 9.30103 1.7310010195 2.5550337265    1.712  3.267  3.5480  0.548    7  0.000  0.362    61.03    36.29    24.08    18.61    15.21  2 -2.57e-08      0.00 6.839e-01 3.003e-01 1.760e-03 2.019e-03 6.471e-03 -1.000 1.583e-02 -3.399 2.233 0.378 -1.195 -2.390 -3.726 -5.145 -6.018 -6.276
0.0152 0.01508 9.30103 1.7310011387 2.5550337335    1.712  3.268  3.5479  0.547    7  0.000  0.362    61.19    36.38    24.14    18.65    15.25  2 -2.58e-08      0.00 6.839e-01 3.003e-01 1.760e-03 2.019e-03 6.471e-03 -1.000 1.583e-02 -3.401 2.233 0.379 -1.193 -2.390 -3.727 -5.148 -6.021 -6.279
0.0152 0.01508 9.30103 1.7310013771 2.5550337477    1.712  3.269  3.5477  0.545    7  0.000  0.362    61.39    36.48    24.20    18.70    15.29  2 -2.59e-08      0.00 6.839e-01 3.003e-01 1.760e-03 2.019e-03 6.471e-03 -1.000 1.583e-02 -3.404 2.233 0.381 -1.191 -2.389 -3.728 -5.151 -6.024 -6.283
0.0152 0.01508 9.30103 1.7310014963 2.5550337547    1.712  3.270  3.5476  0.544    7  0.000  0.362    61.54    36.57    24.26    18.74    15.32  2  -2.6e-08      0.00 6.839e-01 3.003e-01 1.760e-03 2.019e-03 6.471e-03 -1.000 1.583e-02 -3.406 2.233 0.382 -1.189 -2.388 -3.730 -5.153 -6.027 -6.285
0.0152 0.01508 9.30103 1.7310016155 2.5550337618    1.712  3.271  3.5476  0.543    7  0.000  0.362    61.59    36.59    24.27    18.76    15.33  2  -2.6e-08      0.00 6.839e-01 3.003e-01 1.760e-03 2.019e-03 6.471e-03 -1.000 1.583e-02 -3.406 2.233 0.383 -1.189 -2.388 -3.730 -5.154 -6.028 -6.286
0.0152 0.01508 9.30103 1.7310017347 2.5550337688    1.712  3.271  3.5475  0.542    7  0.000  0.362    61.73    36.67    24.32    18.80    15.36  2 -2.61e-08      0.00 6.839e-01 3.003e-01 1.760e-03 2.019e-03 6.471e-03 -1.000 1.583e-02 -3.408 2.233 0.384 -1.187 -2.388 -3.731 -5.156 -6.030 -6.289
0.0152 0.01508 9.30103 1.7310019732 2.5550337830    1.712  3.272  3.5474  0.541    7  0.000  0.362    61.91    36.77    24.38    18.84    15.40  2 -2.62e-08      0.00 6.839e-01 3.003e-01 1.760e-03 2.019e-03 6.471e-03 -1.000 1.583e-02 -3.411 2.233 0.386 -1.185 -2.387 -3.732 -5.159 -6.033 -6.292
0.0152 0.01508 9.30103 1.7310022116 2.5550337971    1.712  3.273  3.5473  0.539    7  0.000  0.362    62.11    36.87    24.45    18.90    15.45  2 -2.63e-08      0.00 6.839e-01 3.003e-01 1.760e-03 2.019e-03 6.471e-03 -1.000 1.583e-02 -3.414 2.233 0.387 -1.182 -2.386 -3.734 -5.162 -6.037 -6.296
0.0152 0.01508 9.30103 1.7310023308 2.5550338042    1.712  3.274  3.5472  0.538    7  0.000  0.362    62.26    36.95    24.50    18.94    15.48  2 -2.64e-08      0.00 6.839e-01 3.003e-01 1.760e-03 2.019e-03 6.471e-03 -1.000 1.583e-02 -3.416 2.233 0.389 -1.181 -2.386 -3.735 -5.165 -6.039 -6.298
0.0152 0.01508 9.30103 1.7310025692 2.5550338183    1.712  3.272  3.5474  0.541    7  0.000  0.362    61.87    36.74    24.37    18.83    15.39  2 -2.62e-08      0.00 6.839e-01 3.003e-01 1.760e-03 2.019e-03 6.471e-03 -1.000 1.583e-02 -3.410 2.233 0.386 -1.185 -2.387 -3.732 -5.158 -6.033 -6.291
0.0152 0.01508 9.30103 1.7310026884 2.5550338254    1.712  3.267  3.5479  0.548    7  0.000  0.362    61.02    36.29    24.08    18.61    15.21  2 -2.56e-08      0.00 6.839e-01 3.003e-01 1.760e-03 2.019e-03 6.471e-03 -1.000 1.583e-02 -3.398 2.233 0.379 -1.194 -2.390 -3.725 -5.145 -6.018 -6.276
0.0152 0.01508 9.30103 1.7310028076 2.5550338324    1.712  3.268  3.5479  0.547    7  0.000  0.362    61.10    36.33    24.11    18.63    15.23  2 -2.57e-08      0.00 6.839e-01 3.003e-01 1.760e-03 2.019e-03 6.471e-03 -1.000 1.583e-02 -3.399 2.233 0.379 -1.193 -2.389 -3.726 -5.146 -6.019 -6.277
0.0152 0.01508 9.30103 1.7310029268 2.5550338395    1.712  3.260  3.5487  0.558    7  0.000  0.362    59.77    35.62    23.66    18.27    14.94  2 -2.48e-08      0.00 6.839e-01 3.003e-01 1.760e-03 2.019e-03 6.471e-03 -1.000 1.583e-02 -3.380 2.233 0.369 -1.208 -2.394 -3.715 -5.124 -5.996 -6.253
0.0152 0.01508 9.30103 1.7310032845 2.5550338607    1.711  3.248  3.5501  0.576    7  0.000  0.362    57.67    34.49    22.94    17.71    14.48  3 -2.35e-08      0.00 6.839e-01 3.003e-01 1.760e-03 2.019e-03 6.471e-03 -1.000 1.583e-02 -3.349 2.233 0.351 -1.230 -2.400 -3.697 -5.089 -5.959 -6.213
0.0152 0.01508 9.30103 1.7310034037 2.5550338677    1.711  3.242  3.5508  0.585    7  0.000  0.362    56.63    33.93    22.59    17.43    14.25  3 -2.29e-08      0.00 6.839e-01 3.003e-01 1.760e-03 2.019e-03 6.471e-03 -1.000 1.583e-02 -3.334 2.233 0.346 -1.238 -2.401 -3.686 -5.071 -5.940 -6.193
0.0152 0.01508 9.30103 1.7310036421 2.5550338819    1.711  3.232  3.5518  0.599    7  0.000  0.362    55.08    33.09    22.05    17.02    13.91  3 -2.19e-08      0.00 6.839e-01 3.003e-01 1.760e-03 2.019e-03 6.471e-03 -1.000 1.583e-02 -3.310 2.232 0.337 -1.249 -2.402 -3.670 -5.044 -5.910 -6.162
0.0152 0.01508 9.30103 1.7310038805 2.5550338960    1.711  3.224  3.5527  0.610    7  0.000  0.362    53.86    32.44    21.63    16.69    13.64  3 -2.12e-08      0.00 6.839e-01 3.003e-01 1.760e-03 2.019e-03 6.471e-03 -1.000 1.583e-02 -3.290 2.231 0.330 -1.257 -2.403 -3.656 -5.022 -5.887 -6.137
0.0152 0.01508 9.30103 1.7310062647 2.5550340373    1.711  3.236  3.5516  0.594    7  0.000  0.362    55.65    33.40    22.25    17.17    14.03  3 -2.25e-08      0.00 6.839e-01 3.003e-01 1.759e-03 2.019e-03 6.471e-03 -1.000 1.583e-02 -3.320 2.230 0.336 -1.249 -2.405 -3.678 -5.055 -5.922 -6.174
0.0152 0.01508 9.30103 1.7310081720 2.5550341503    1.711  3.155  3.5601  0.708    7  0.000  0.362    44.21    27.16    18.26    14.05    11.48  3 -1.58e-08      0.00 6.839e-01 3.003e-01 1.759e-03 2.019e-03 6.471e-03 -1.000 1.583e-02 -3.119 2.229 0.274 -1.330 -2.405 -3.535 -4.828 -5.679 -5.916
0.0152 0.01508 9.30103 1.7310103178 2.5550342775    1.711  3.164  3.5591  0.696    7  0.000  0.362    45.29    27.76    18.64    14.35    11.72  3 -1.64e-08      0.00 6.839e-01 3.003e-01 1.759e-03 2.019e-03 6.471e-03 -1.000 1.583e-02 -3.139 2.230 0.282 -1.320 -2.404 -3.549 -4.852 -5.704 -5.943
0.0152 0.01508 9.30103 1.7310122252 2.5550343905    1.711  3.191  3.5562  0.657    7  0.000  0.362    49.01    29.80    19.95    15.37    12.56  3 -1.84e-08      0.00 6.839e-01 3.003e-01 1.759e-03 2.019e-03 6.471e-03 -1.000 1.583e-02 -3.208 2.231 0.305 -1.291 -2.403 -3.598 -4.929 -5.787 -6.031
0.0152 0.01508 9.30103 1.7310144901 2.5550345247    1.711  3.224  3.5527  0.610    7  0.000  0.362    53.82    32.42    21.62    16.68    13.63  3 -2.12e-08      0.00 6.839e-01 3.003e-01 1.759e-03 2.019e-03 6.471e-03 -1.000 1.583e-02 -3.289 2.233 0.333 -1.255 -2.400 -3.654 -5.021 -5.886 -6.135
0.0152 0.01508 9.30103 1.7310172319 2.5550346872    1.711  3.258  3.5489  0.561    7  0.000  0.362    59.43    35.44    23.54    18.18    14.86  2 -2.46e-08      0.00 6.839e-01 3.003e-01 1.759e-03 2.019e-03 6.471e-03 -1.000 1.583e-02 -3.374 2.236 0.370 -1.207 -2.391 -3.710 -5.118 -5.990 -6.246
0.0152 0.01508 9.30103 1.7310208082 2.5550348991    1.710  3.293  3.5448  0.509    7  0.515  0.362    65.98    38.93    25.75    19.92    16.28  2 -2.87e-08      0.00 6.839e-01 3.003e-01 1.759e-03 2.019e-03 6.471e-03 -1.000 1.583e-02 -3.463 2.238 0.427 -1.131 -2.366 -3.758 -5.220 -6.098 -6.362
0.0152 0.01508 9.30103 1.7310262918 2.5550352240    1.710  3.327  3.5408  0.459    7  0.517  0.362    72.97    42.62    28.08    21.75    17.78  2 -3.32e-08      0.00 6.839e-01 3.003e-01 1.759e-03 2.019e-03 6.471e-03 -1.000 1.583e-02 -3.548 2.243 0.489 -1.053 -2.338 -3.805 -5.318 -6.203 -6.473
0.0152 0.01508 9.30103 1.7310292721 2.5550354006    1.709  3.340  3.5393  0.439    7  0.517  0.362    75.86    44.13    29.03    22.49    18.39  2 -3.52e-08      0.00 6.839e-01 3.003e-01 1.759e-03 2.019e-03 6.471e-03 -1.000 1.583e-02 -3.581 2.245 0.517 -1.016 -2.323 -3.820 -5.356 -6.243 -6.516
0.0152 0.01508 9.30103 1.7310296297 2.5550354218    1.709  3.340  3.5393  0.439    8  0.517  0.381    75.87    44.13    29.03    22.50    18.40  2 -3.53e-08      0.00 6.839e-01 3.007e-01 1.861e-03 2.021e-03 6.507e-03 -1.000 1.539e-02 -3.581 2.245 0.517 -1.016 -2.324 -3.820 -5.356 -6.243 -6.516
0.0152 0.01508 9.30103 1.7310301065 2.5550354501    1.709  3.050  3.5686  0.847    8  0.517  0.381    33.39    21.11    14.35    11.00     8.98  3 -9.97e-09      0.00 6.839e-01 3.007e-01 1.861e-03 2.021e-03 6.507e-03 -1.000 1.539e-02 -2.854 2.263 0.308 -1.293 -2.306 -3.313 -4.538 -5.372 -5.595
0.0152 0.01508 9.30103 1.7310304642 2.5550354713    1.709  2.981  3.5760  0.946    8  0.517  0.381    27.37    17.65    12.10     9.25     7.55  3 -7.33e-09      0.00 6.839e-01 3.007e-01 1.861e-03 2.021e-03 6.507e-03 -1.000 1.539e-02 -2.681 2.242 0.303 -1.288 -2.255 -3.171 -4.345 -5.161 -5.373
0.0152 0.01508 9.30103 1.7310316563 2.5550355419    1.708  2.759  3.6000  1.264    8  0.517  0.381    14.44     9.94     6.99     5.30     4.32  4 -2.65e-09      0.00 6.839e-01 3.007e-01 1.861e-03 2.021e-03 6.507e-03 -1.000 1.539e-02 -2.127 2.134 0.384 -1.125 -1.977 -2.694 -3.733 -4.485 -4.661
0.0152 0.01508 9.30103 1.7310333252 2.5550356408    1.708  2.767  3.5990  1.252    8  0.517  0.381    14.80    10.16     7.14     5.42     4.41  4 -2.76e-09      0.00 6.839e-01 3.007e-01 1.861e-03 2.021e-03 6.507e-03 -1.000 1.539e-02 -2.148 2.141 0.382 -1.132 -1.988 -2.711 -3.756 -4.511 -4.689
0.0152 0.01508 9.30103 1.7310357094 2.5550357821    1.708  2.873  3.5873  1.099    8  0.517  0.381    20.14    13.40     9.30     7.08     5.77  4 -4.51e-09      0.00 6.839e-01 3.007e-01 1.861e-03 2.021e-03 6.507e-03 -1.000 1.539e-02 -2.413 2.204 0.333 -1.226 -2.135 -2.942 -4.049 -4.836 -5.031
0.0152 0.01508 9.30103 1.7310386896 2.5550359587    1.708  3.043  3.5687  0.854    8  0.517  0.381    32.97    20.87    14.20    10.88     8.88  3 -9.71e-09      0.00 6.839e-01 3.007e-01 1.861e-03 2.021e-03 6.507e-03 -1.000 1.539e-02 -2.839 2.272 0.319 -1.281 -2.292 -3.298 -4.522 -5.356 -5.579
0.0152 0.01508 9.30103 1.7310423851 2.5550361776    1.707  3.198  3.5516  0.631    8  0.518  0.381    51.60    31.22    20.85    16.08    13.14  3 -1.91e-08      0.00 6.839e-01 3.007e-01 1.861e-03 2.021e-03 6.507e-03 -1.000 1.539e-02 -3.225 2.294 0.419 -1.157 -2.311 -3.583 -4.959 -5.828 -6.078
0.0152 0.01508 9.30103 1.7310466766 2.5550364319    1.707  3.303  3.5400  0.480    8  0.518  0.381    69.96    41.03    27.08    20.96    17.14  2 -2.99e-08      0.00 6.839e-01 3.007e-01 1.861e-03 2.021e-03 6.507e-03 -1.000 1.539e-02 -3.487 2.298 0.568 -0.962 -2.254 -3.735 -5.258 -6.146 -6.417
0.0152 0.01508 9.30103 1.7310516834 2.5550367286    1.706  3.359  3.5336  0.398    8  0.518  0.381    82.50    47.59    31.19    24.20    19.79  2  -3.8e-08      0.00 6.839e-01 3.007e-01 1.861e-03 2.021e-03 6.507e-03 -1.000 1.539e-02 -3.627 2.300 0.700 -0.792 -2.187 -3.786 -5.421 -6.317 -6.600
0.0152 0.01508 9.30103 1.7310572863 2.5550370606    1.706  3.385  3.5304  0.359    8  0.518  0.381    89.19    51.04    33.35    25.90    21.19  2 -4.24e-08      0.00 6.839e-01 3.007e-01 1.861e-03 2.021e-03 6.507e-03 -1.000 1.539e-02 -3.692 2.305 0.770 -0.704 -2.149 -3.807 -5.497 -6.397 -6.686
0.0152 0.01508 9.30103 1.7310637236 2.5550374420    1.705  3.399  3.5284  0.336    8  0.519  0.381    93.34    53.17    34.68    26.95    22.05  2 -4.51e-08      0.00 6.839e-01 3.007e-01 1.861e-03 2.021e-03 6.507e-03 -1.000 1.539e-02 -3.728 2.310 0.828 -0.631 -2.113 -3.805 -5.540 -6.442 -6.735
0.0152 0.01508 9.30103 1.7310639620 2.5550374561    1.705  3.188  3.5512  0.639    8  0.519  0.381    50.78    30.77    20.57    15.85    12.95  3 -1.83e-08      0.00 6.839e-01 3.007e-01 1.861e-03 2.021e-03 6.507e-03 -1.000 1.539e-02 -3.199 2.319 0.455 -1.117 -2.274 -3.554 -4.935 -5.805 -6.055
0.0152 0.01508 9.30103 1.7310645580 2.5550374915    1.705  3.046  3.5666  0.842    8  0.519  0.381    33.74    21.31    14.48    11.10     9.06  3 -9.86e-09      0.00 6.839e-01 3.007e-01 1.861e-03 2.021e-03 6.507e-03 -1.000 1.539e-02 -2.845 2.304 0.364 -1.231 -2.257 -3.293 -4.535 -5.373 -5.599
0.0152 0.01508 9.30103 1.7310658693 2.5550375692    1.704  2.824  3.5907  1.160    8  0.519  0.381    17.79    11.99     8.36     6.36     5.18  4 -3.62e-09      0.00 6.839e-01 3.007e-01 1.861e-03 2.021e-03 6.507e-03 -1.000 1.539e-02 -2.290 2.225 0.388 -1.157 -2.050 -2.830 -3.918 -4.697 -4.886
0.0152 0.01508 9.30103 1.7310676575 2.5550376751    1.704  2.832  3.5898  1.148    8  0.519  0.381    18.20    12.24     8.53     6.49     5.29  4 -3.75e-09      0.00 6.839e-01 3.007e-01 1.861e-03 2.021e-03 6.507e-03 -1.000 1.539e-02 -2.310 2.230 0.385 -1.165 -2.061 -2.847 -3.940 -4.722 -4.912
0.0152 0.01508 9.30103 1.7310701609 2.5550378234    1.704  2.937  3.5784  0.998    8  0.519  0.381    24.62    16.06    11.05     8.44     6.88  4 -6.06e-09      0.00 6.839e-01 3.007e-01 1.861e-03 2.021e-03 6.507e-03 -1.000 1.539e-02 -2.572 2.273 0.353 -1.230 -2.182 -3.070 -4.228 -5.040 -5.248
0.0152 0.01508 9.30103 1.7310733795 2.5550380142    1.704  3.104  3.5602  0.758    8  0.519  0.381    39.95    24.80    16.74    12.87    10.51  3 -1.28e-08      0.00 6.839e-01 3.007e-01 1.861e-03 2.021e-03 6.507e-03 -1.000 1.539e-02 -2.991 2.316 0.387 -1.205 -2.277 -3.407 -4.700 -5.552 -5.787
0.0152 0.01508 9.30103 1.7310771942 2.5550382402    1.703  3.256  3.5436  0.539    8  0.520  0.381    61.99    36.81    24.41    18.87    15.42  2 -2.46e-08      0.00 6.839e-01 3.007e-01 1.861e-03 2.021e-03 6.507e-03 -1.000 1.539e-02 -3.371 2.321 0.550 -0.992 -2.239 -3.654 -5.131 -6.013 -6.277
0.0152 0.01508 9.30103 1.7310817242 2.5550385086    1.703  3.359  3.5324  0.392    8  0.520  0.381    83.40    48.05    31.48    24.43    19.98  2 -3.81e-08      0.00 6.839e-01 3.007e-01 1.861e-03 2.021e-03 6.507e-03 -1.000 1.539e-02 -3.627 2.319 0.748 -0.735 -2.148 -3.769 -5.425 -6.323 -6.607
0.0152 0.01508 9.30103 1.7310870886 2.5550388264    1.702  3.413  3.5263  0.313    8  0.520  0.381    97.70    55.39    36.06    28.04    22.94  2  -4.8e-08      0.00 6.839e-01 3.007e-01 1.861e-03 2.021e-03 6.507e-03 -1.000 1.539e-02 -3.763 2.317 0.893 -0.550 -2.073 -3.797 -5.582 -6.486 -6.783
0.0152 0.01508 9.30103 1.7310930490 2.5550391796    1.702  3.438  3.5235  0.277    8  0.521  0.381   104.98    59.09    38.35    29.85    24.43  2 -5.32e-08      0.00 6.839e-01 3.007e-01 1.861e-03 2.021e-03 6.507e-03 -1.000 1.539e-02 -3.824 2.318 0.971 -0.452 -2.031 -3.801 -5.653 -6.560 -6.862
0.0152 0.01508 9.30103 1.7310998440 2.5550395822    1.701  3.451  3.5220  0.258    8  0.521  0.381   109.18    61.20    39.66    30.89    25.28  2 -5.63e-08      0.00 6.839e-01 3.007e-01 1.861e-03 2.021e-03 6.507e-03 -1.000 1.539e-02 -3.857 2.320 1.018 -0.394 -2.005 -3.801 -5.691 -6.599 -6.905
0.0152 0.01508 9.30103 1.7311000824 2.5550395963    1.701  3.247  3.5441  0.550    8  0.521  0.381    60.62    36.08    23.94    18.50    15.12  3 -2.38e-08      0.00 6.839e-01 3.007e-01 1.861e-03 2.021e-03 6.507e-03 -1.000 1.539e-02 -3.347 2.330 0.554 -0.989 -2.229 -3.635 -5.105 -5.987 -6.250
0.0152 0.01508 9.30103 1.7311007977 2.5550396387    1.700  3.106  3.5595  0.753    8  0.521  0.381    40.31    25.01    16.87    12.97    10.59  3 -1.29e-08      0.00 6.839e-01 3.007e-01 1.861e-03 2.021e-03 6.507e-03 -1.000 1.539e-02 -2.994 2.325 0.402 -1.188 -2.266 -3.406 -4.705 -5.558 -5.795
0.0152 0.01508 9.30103 1.7311022282 2.5550397235    1.700  2.884  3.5838  1.072    8  0.521  0.381    21.21    14.05     9.73     7.41     6.04  4 -4.79e-09      0.00 6.839e-01 3.007e-01 1.861e-03 2.021e-03 6.507e-03 -1.000 1.539e-02 -2.439 2.260 0.374 -1.194 -2.119 -2.957 -4.083 -4.881 -5.080
0.0152 0.01508 9.30103 1.7311042547 2.5550398435    1.700  2.891  3.5830  1.061    8  0.521  0.381    21.67    14.32     9.91     7.55     6.16  4 -4.96e-09      0.00 6.839e-01 3.007e-01 1.861e-03 2.021e-03 6.507e-03 -1.000 1.539e-02 -2.458 2.263 0.371 -1.200 -2.128 -2.972 -4.103 -4.903 -5.104
0.0152 0.01508 9.30103 1.7311069965 2.5550400060    1.700  2.994  3.5718  0.914    8  0.522  0.381    29.14    18.68    12.77     9.77     7.98  3 -7.87e-09      0.00 6.839e-01 3.007e-01 1.861e-03 2.021e-03 6.507e-03 -1.000 1.539e-02 -2.714 2.301 0.362 -1.231 -2.222 -3.187 -4.388 -5.215 -5.433
0.0152 0.01508 9.30103 1.7311104536 2.5550402108    1.699  3.157  3.5539  0.679    8  0.522  0.381    46.81    28.60    19.18    14.77    12.07  3 -1.62e-08      0.00 6.839e-01 3.007e-01 1.861e-03 2.021e-03 6.507e-03 -1.000 1.539e-02 -3.123 2.328 0.446 -1.131 -2.262 -3.497 -4.851 -5.715 -5.961
0.0152 0.01508 9.30103 1.7311147451 2.5550404651    1.699  3.306  3.5377  0.465    8  0.522  0.381    71.90    42.05    27.72    21.47    17.55  2 -3.06e-08      0.00 6.839e-01 3.007e-01 1.861e-03 2.021e-03 6.507e-03 -1.000 1.539e-02 -3.494 2.330 0.654 -0.858 -2.186 -3.709 -5.273 -6.165 -6.439
0.0152 0.01508 9.30103 1.7311197519 2.5550407617    1.698  3.405  3.5268  0.322    8  0.523  0.381    95.86    54.45    35.47    27.58    22.57  2 -4.66e-08      0.00 6.839e-01 3.007e-01 1.861e-03 2.021e-03 6.507e-03 -1.000 1.539e-02 -3.742 2.326 0.891 -0.555 -2.068 -3.785 -5.559 -6.463 -6.759
0.0152 0.01508 9.30103 1.7311255932 2.5550411078    1.697  3.456  3.5211  0.248    8  0.523  0.381   111.35    62.29    40.34    31.43    25.72  2  -5.8e-08      0.00 6.839e-01 3.007e-01 1.861e-03 2.021e-03 6.507e-03 -1.000 1.539e-02 -3.871 2.324 1.046 -0.359 -1.987 -3.797 -5.708 -6.618 -6.925
0.0152 0.01508 9.30103 1.7311321497 2.5550414963    1.696  3.478  3.5187  0.216    8  0.524  0.381   118.67    65.96    42.60    33.22    27.19  2 -6.36e-08      0.00 6.839e-01 3.007e-01 1.861e-03 2.021e-03 6.507e-03 -1.000 1.539e-02 -3.926 2.323 1.122 -0.261 -1.944 -3.791 -5.771 -6.683 -6.996
0.0152 0.01508 9.30103 1.7311396599 2.5550419412    1.695  3.489  3.5176  0.201    8  0.524  0.381   122.32    67.78    43.72    34.11    27.92  2 -6.66e-08      0.00 6.839e-01 3.007e-01 1.861e-03 2.021e-03 6.507e-03 -1.000 1.539e-02 -3.952 2.323 1.160 -0.211 -1.921 -3.784 -5.800 -6.714 -7.029
0.0152 0.01508 9.30103 1.7311398983 2.5550419554    1.695  3.295  3.5390  0.481    8  0.524  0.381    69.68    40.89    26.98    20.89    17.08  2 -2.94e-08      0.00 6.839e-01 3.007e-01 1.861e-03 2.021e-03 6.507e-03 -1.000 1.539e-02 -3.467 2.329 0.626 -0.894 -2.201 -3.700 -5.241 -6.131 -6.403
0.0152 0.01508 9.30103 1.7311407328 2.5550420048    1.695  3.155  3.5545  0.683    8  0.524  0.381    46.40    28.37    19.03    14.66    11.97  3 -1.61e-08      0.00 6.839e-01 3.007e-01 1.861e-03 2.021e-03 6.507e-03 -1.000 1.539e-02 -3.117 2.324 0.436 -1.144 -2.270 -3.494 -4.842 -5.705 -5.951
0.0152 0.01508 9.30103 1.7311421633 2.5550420896    1.695  2.933  3.5791  1.003    8  0.524  0.381    24.37    15.91    10.96     8.37     6.82  4 -6.06e-09      0.00 6.839e-01 3.007e-01 1.861e-03 2.021e-03 6.507e-03 -1.000 1.539e-02 -2.562 2.268 0.347 -1.236 -2.184 -3.064 -4.217 -5.027 -5.234
0.0152 0.01508 9.30103 1.7311444283 2.5550422237    1.694  2.940  3.5783  0.992    8  0.525  0.381    24.89    16.22    11.16     8.52     6.95  4 -6.26e-09      0.00 6.839e-01 3.007e-01 1.861e-03 2.021e-03 6.507e-03 -1.000 1.539e-02 -2.581 2.271 0.348 -1.237 -2.189 -3.079 -4.237 -5.049 -5.257
0.0152 0.01508 9.30103 1.7311474085 2.5550424003    1.694  3.040  3.5672  0.847    8  0.525  0.381    33.32    21.07    14.33    10.99     8.97  3 -9.81e-09      0.00 6.839e-01 3.007e-01 1.861e-03 2.021e-03 6.507e-03 -1.000 1.539e-02 -2.831 2.306 0.363 -1.233 -2.255 -3.282 -4.519 -5.356 -5.582
0.0152 0.01508 9.30103 1.7311511040 2.5550426193    1.693  3.201  3.5493  0.616    8  0.525  0.381    53.09    32.02    21.37    16.48    13.47  3 -1.97e-08      0.00 6.839e-01 3.007e-01 1.861e-03 2.021e-03 6.507e-03 -1.000 1.539e-02 -3.231 2.330 0.484 -1.082 -2.259 -3.571 -4.972 -5.846 -6.100
0.0152 0.01508 9.30103 1.7311557531 2.5550428947    1.693  3.345  3.5332  0.406    8  0.526  0.381    80.92    46.76    30.67    23.80    19.46  2 -3.66e-08      0.00 6.839e-01 3.007e-01 1.861e-03 2.021e-03 6.507e-03 -1.000 1.539e-02 -3.593 2.332 0.747 -0.740 -2.140 -3.746 -5.388 -6.285 -6.568
0.0152 0.01508 9.30103 1.7311612368 2.5550432196    1.692  3.442  3.5223  0.266    8  0.526  0.381   107.26    60.23    39.06    30.42    24.89  2  -5.5e-08      0.00 6.839e-01 3.007e-01 1.861e-03 2.021e-03 6.507e-03 -1.000 1.539e-02 -3.834 2.331 1.020 -0.394 -1.996 -3.786 -5.667 -6.576 -6.881
0.0152 0.01508 9.30103 1.7311675549 2.5550435939    1.691  3.491  3.5167  0.194    8  0.527  0.381   124.09    68.65    44.26    34.53    28.27  2 -6.78e-08      0.00 6.839e-01 3.007e-01 1.861e-03 2.021e-03 6.507e-03 -1.000 1.539e-02 -3.959 2.332 1.203 -0.157 -1.888 -3.765 -5.810 -6.724 -7.041
0.0152 0.01508 9.30103 1.7311747074 2.5550440176    1.690  3.512  3.5144  0.163    8  0.527  0.381   131.88    72.51    46.63    36.41    29.81  2  -7.4e-08      0.00 6.839e-01 3.007e-01 1.861e-03 2.021e-03 6.507e-03 -1.000 1.539e-02 -4.010 2.333 1.287 -0.047 -1.836 -3.747 -5.869 -6.786 -7.108
0.0152 0.01508 9.30103 1.7311828136 2.5550444979    1.689  3.521  3.5133  0.149    8  0.528  0.381   135.60    74.34    47.75    37.31    30.54  2 -7.71e-08      0.00 6.839e-01 3.007e-01 1.861e-03 2.021e-03 6.507e-03 -1.000 1.539e-02 -4.034 2.333 1.325 0.003 -1.812 -3.739 -5.896 -6.814 -7.138
0.0152 0.01508 9.30103 1.7311830521 2.5550445120    1.688  3.339  3.5338  0.413    8  0.528  0.381    79.67    46.11    30.26    23.48    19.20  2  -3.6e-08      0.00 6.839e-01 3.007e-01 1.861e-03 2.021e-03 6.507e-03 -1.000 1.539e-02 -3.578 2.334 0.735 -0.755 -2.145 -3.740 -5.371 -6.267 -6.549
0.0152 0.01508 9.30103 1.7311838865 2.5550445615    1.688  3.201  3.5494  0.615    8  0.528  0.381    53.14    32.05    21.38    16.50    13.48  3 -1.99e-08      0.00 6.839e-01 3.007e-01 1.861e-03 2.021e-03 6.507e-03 -1.000 1.539e-02 -3.231 2.329 0.480 -1.087 -2.262 -3.573 -4.972 -5.845 -6.099
0.0152 0.01508 9.30103 1.7311853170 2.5550446462    1.688  2.980  3.5744  0.935    8  0.528  0.381    27.85    17.95    12.29     9.40     7.67  3 -7.57e-09      0.00 6.839e-01 3.007e-01 1.861e-03 2.021e-03 6.507e-03 -1.000 1.539e-02 -2.679 2.278 0.340 -1.251 -2.227 -3.162 -4.347 -5.167 -5.381
0.0152 0.01508 9.30103 1.7311875820 2.5550447804    1.688  2.987  3.5736  0.925    8  0.528  0.381    28.44    18.29    12.51     9.57     7.81  3 -7.82e-09      0.00 6.839e-01 3.007e-01 1.861e-03 2.021e-03 6.507e-03 -1.000 1.539e-02 -2.697 2.282 0.341 -1.252 -2.232 -3.177 -4.367 -5.189 -5.404
0.0152 0.01508 9.30103 1.7311905622 2.5550449569    1.687  3.085  3.5625  0.783    8  0.529  0.381    37.89    23.66    16.00    12.29    10.03  3 -1.21e-08      0.00 6.839e-01 3.007e-01 1.861e-03 2.021e-03 6.507e-03 -1.000 1.539e-02 -2.942 2.312 0.376 -1.219 -2.275 -3.370 -4.644 -5.490 -5.723
0.0152 0.01508 9.30103 1.7311943769 2.5550451829    1.686  3.241  3.5448  0.556    8  0.529  0.381    59.80    35.64    23.66    18.29    14.95  3 -2.37e-08      0.00 6.839e-01 3.007e-01 1.861e-03 2.021e-03 6.507e-03 -1.000 1.539e-02 -3.331 2.332 0.544 -1.003 -2.234 -3.627 -5.087 -5.968 -6.229
0.0152 0.01508 9.30103 1.7311989069 2.5550454513    1.686  3.381  3.5288  0.351    8  0.530  0.381    90.39    51.65    33.72    26.21    21.44  2 -4.32e-08      0.00 6.839e-01 3.007e-01 1.861e-03 2.021e-03 6.507e-03 -1.000 1.539e-02 -3.684 2.338 0.849 -0.611 -2.084 -3.769 -5.494 -6.396 -6.687
0.0152 0.01508 9.30103 1.7312043905 2.5550457762    1.685  3.475  3.5181  0.214    8  0.530  0.381   119.09    66.15    42.71    33.32    27.27  2  -6.4e-08      0.00 6.839e-01 3.007e-01 1.861e-03 2.021e-03 6.507e-03 -1.000 1.539e-02 -3.918 2.340 1.164 -0.211 -1.908 -3.765 -5.765 -6.678 -6.992
0.0152 0.01508 9.30103 1.7312107086 2.5550461505    1.684  3.523  3.5125  0.143    8  0.531  0.381   137.28    75.16    48.25    37.71    30.87  2 -7.84e-08      0.00 6.839e-01 3.007e-01 1.861e-03 2.021e-03 6.507e-03 -1.000 1.539e-02 -4.039 2.343 1.364 0.053 -1.782 -3.720 -5.904 -6.823 -7.148
0.0152 0.01508 9.30103 1.7312179804 2.5550465812    1.682  3.543  3.5102  0.113    8  0.532  0.381   145.65    79.25    50.75    39.70    32.50  2 -8.53e-08      0.00 6.839e-01 3.007e-01 1.861e-03 2.021e-03 6.507e-03 -1.000 1.539e-02 -4.088 2.345 1.450 0.164 -1.728 -3.700 -5.961 -6.882 -7.213
0.0152 0.01508 9.30103 1.7312260866 2.5550470615    1.681  3.552  3.5092  0.100    8  0.532  0.381   149.59    81.17    51.93    40.63    33.27  2 -8.87e-08      0.00 6.839e-01 3.007e-01 1.861e-03 2.021e-03 6.507e-03 -1.000 1.539e-02 -4.110 2.344 1.480 0.204 -1.710 -3.694 -5.986 -6.909 -7.242
0.0152 0.01508 9.30103 1.7312263250 2.5550470756    1.681  3.383  3.5286  0.347    8  0.532  0.381    90.95    51.93    33.89    26.35    21.55  2 -4.39e-08      0.00 6.839e-01 3.007e-01 1.861e-03 2.021e-03 6.507e-03 -1.000 1.539e-02 -3.687 2.340 0.856 -0.603 -2.080 -3.768 -5.498 -6.400 -6.692
0.0152 0.01508 9.30103 1.7312271595 2.5550471250    1.680  3.246  3.5444  0.547    8  0.533  0.381    60.79    36.17    23.99    18.55    15.16  2 -2.46e-08      0.00 6.839e-01 3.007e-01 1.861e-03 2.021e-03 6.507e-03 -1.000 1.539e-02 -3.344 2.332 0.549 -0.997 -2.234 -3.635 -5.102 -5.983 -6.245
0.0152 0.01508 9.30103 1.7312288284 2.5550472239    1.680  3.026  3.5697  0.869    8  0.533  0.381    31.81    20.23    13.77    10.56     8.62  3 -9.44e-09      0.00 6.839e-01 3.007e-01 1.861e-03 2.021e-03 6.507e-03 -1.000 1.539e-02 -2.794 2.289 0.335 -1.265 -2.269 -3.259 -4.475 -5.306 -5.527
0.0152 0.01508 9.30103 1.7312312126 2.5550473651    1.680  3.033  3.5689  0.858    8  0.533  0.381    32.50    20.62    14.03    10.76     8.78  3 -9.76e-09      0.00 6.839e-01 3.007e-01 1.861e-03 2.021e-03 6.507e-03 -1.000 1.539e-02 -2.812 2.291 0.338 -1.262 -2.271 -3.273 -4.495 -5.328 -5.551
0.0152 0.01508 9.30103 1.7312344313 2.5550475558    1.679  3.129  3.5579  0.718    8  0.533  0.381    43.10    26.57    17.87    13.75    11.23  3 -1.49e-08      0.00 6.839e-01 3.007e-01 1.861e-03 2.021e-03 6.507e-03 -1.000 1.539e-02 -3.052 2.317 0.399 -1.191 -2.285 -3.453 -4.768 -5.624 -5.864
0.0152 0.01508 9.30103 1.7312384844 2.5550477959    1.678  3.280  3.5403  0.496    8  0.534  0.381    67.40    39.68    26.22    20.30    16.59  2 -2.86e-08      0.00 6.839e-01 3.007e-01 1.861e-03 2.021e-03 6.507e-03 -1.000 1.539e-02 -3.431 2.336 0.608 -0.920 -2.207 -3.682 -5.201 -6.089 -6.359
0.0152 0.01508 9.30103 1.7312433720 2.5550480854    1.677  3.417  3.5244  0.295    8  0.534  0.381   101.03    57.06    37.09    28.87    23.62  2  -5.1e-08      0.00 6.839e-01 3.007e-01 1.861e-03 2.021e-03 6.507e-03 -1.000 1.539e-02 -3.774 2.344 0.976 -0.452 -2.013 -3.768 -5.599 -6.506 -6.806
0.0152 0.01508 9.30103 1.7312492132 2.5550484315    1.676  3.509  3.5137  0.160    8  0.535  0.381   132.38    72.73    46.75    36.53    29.90  2 -7.47e-08      0.00 6.839e-01 3.007e-01 1.861e-03 2.021e-03 6.507e-03 -1.000 1.539e-02 -4.002 2.351 1.330 0.005 -1.799 -3.720 -5.863 -6.781 -7.104
0.0152 0.01508 9.30103 1.7312560081 2.5550488340    1.674  3.556  3.5082  0.091    8  0.536  0.381   152.24    82.45    52.70    41.25    33.78  2 -9.09e-08      0.00 6.839e-01 3.007e-01 1.861e-03 2.021e-03 6.507e-03 -1.000 1.539e-02 -4.119 2.351 1.517 0.251 -1.681 -3.675 -5.998 -6.922 -7.256
0.0152 0.01508 9.30103 1.7312637568 2.5550492930    1.673  3.575  3.5058  0.061    8  0.537  0.381   161.48    86.92    55.43    43.42    35.56  2 -9.88e-08      0.00 6.839e-01 3.007e-01 1.861e-03 2.021e-03 6.507e-03 -1.000 1.539e-02 -4.168 2.349 1.587 0.343 -1.637 -3.656 -6.055 -6.980 -7.319
0.0152 0.01508 9.30103 1.7312724590 2.5550498085    1.671  3.584  3.5048  0.048    8  0.538  0.381   166.01    89.10    56.75    44.48    36.43  2 -1.03e-07      0.00 6.839e-01 3.007e-01 1.861e-03 2.021e-03 6.507e-03 -1.000 1.539e-02 -4.191 2.349 1.622 0.387 -1.616 -3.647 -6.081 -7.007 -7.349
0.0152 0.01508 9.30103 1.7312726974 2.5550498226    1.671  3.429  3.5230  0.275    8  0.538  0.381   104.93    59.03    38.30    29.84    24.41  2 -5.43e-08      0.00 6.839e-01 3.007e-01 1.861e-03 2.021e-03 6.507e-03 -1.000 1.539e-02 -3.804 2.346 1.018 -0.400 -1.990 -3.769 -5.634 -6.542 -6.846
0.0152 0.01508 9.30103 1.7312735319 2.5550498720    1.670  3.294  3.5389  0.474    8  0.538  0.381    70.29    41.21    27.17    21.06    17.21  2 -3.08e-08      0.00 6.839e-01 3.007e-01 1.861e-03 2.021e-03 6.507e-03 -1.000 1.539e-02 -3.466 2.336 0.632 -0.889 -2.198 -3.699 -5.241 -6.131 -6.403
0.0152 0.01508 9.30103 1.7312750816 2.5550499638    1.670  3.075  3.5648  0.797    8  0.538  0.381    36.71    23.01    15.57    11.96     9.77  3  -1.2e-08      0.00 6.839e-01 3.007e-01 1.861e-03 2.021e-03 6.507e-03 -1.000 1.539e-02 -2.918 2.293 0.344 -1.255 -2.296 -3.358 -4.614 -5.455 -5.684
0.0152 0.01508 9.30103 1.7312773466 2.5550500980    1.670  3.083  3.5639  0.786    8  0.538  0.381    37.51    23.46    15.87    12.19     9.95  3 -1.24e-08      0.00 6.839e-01 3.007e-01 1.861e-03 2.021e-03 6.507e-03 -1.000 1.539e-02 -2.936 2.295 0.348 -1.251 -2.297 -3.372 -4.634 -5.478 -5.708
0.0152 0.01508 9.30103 1.7312804461 2.5550502816    1.669  3.176  3.5529  0.648    8  0.539  0.381    49.49    30.07    20.12    15.51    12.67  3 -1.86e-08      0.00 6.839e-01 3.007e-01 1.861e-03 2.021e-03 6.507e-03 -1.000 1.539e-02 -3.170 2.319 0.436 -1.144 -2.285 -3.536 -4.900 -5.766 -6.014
0.0152 0.01508 9.30103 1.7312842607 2.5550505076    1.668  3.322  3.5355  0.432    8  0.539  0.381    76.53    44.48    29.23    22.67    18.54  2 -3.48e-08      0.00 6.839e-01 3.007e-01 1.861e-03 2.021e-03 6.507e-03 -1.000 1.539e-02 -3.536 2.340 0.705 -0.796 -2.159 -3.722 -5.323 -6.217 -6.496
0.0152 0.01508 9.30103 1.7312890291 2.5550507900    1.667  3.455  3.5197  0.236    8  0.540  0.381   113.57    63.37    40.99    31.96    26.15  2 -6.08e-08      0.00 6.839e-01 3.007e-01 1.861e-03 2.021e-03 6.507e-03 -1.000 1.539e-02 -3.868 2.353 1.118 -0.275 -1.931 -3.763 -5.709 -6.620 -6.931
0.0152 0.01508 9.30103 1.7312946320 2.5550511219    1.665  3.543  3.5092  0.105    8  0.540  0.381   147.83    80.28    51.37    40.20    32.92  2 -8.77e-08      0.00 6.839e-01 3.007e-01 1.861e-03 2.021e-03 6.507e-03 -1.000 1.539e-02 -4.088 2.362 1.499 0.225 -1.688 -3.672 -5.964 -6.886 -7.219
0.0152 0.01508 9.30103 1.7313011885 2.5550515103    1.664  3.589  3.5036  0.037    8  0.541  0.381   169.46    90.74    57.74    45.27    37.08  2 -1.06e-07      0.00 6.839e-01 3.007e-01 1.861e-03 2.021e-03 6.507e-03 -1.000 1.539e-02 -4.202 2.358 1.668 0.445 -1.581 -3.624 -6.095 -7.023 -7.366
0.0152 0.01508 9.30103 1.7313085794 2.5550519481    1.662  3.608  3.5013  0.008    8  0.542  0.381   179.61    95.59    60.69    47.62    39.00  2 -1.15e-07      0.00 6.839e-01 3.007e-01 1.861e-03 2.021e-03 6.507e-03 -1.000 1.539e-02 -4.249 2.360 1.750 0.551 -1.527 -3.596 -6.150 -7.080 -7.429
0.0152 0.01508 9.30103 1.7313169241 2.5550524424    1.660  3.617  3.5001 -0.006    8  0.543  0.381   184.73    98.02    62.16    48.79    39.97  2  -1.2e-07      0.00 6.839e-01 3.007e-01 1.861e-03 2.021e-03 6.507e-03 -1.000 1.539e-02 -4.272 2.362 1.792 0.604 -1.499 -3.581 -6.176 -7.108 -7.459
0.0152 0.01508 9.30103 1.7313171625 2.5550524565    1.659  3.476  3.5171  0.202    8  0.543  0.381   121.41    67.27    43.39    33.87    27.72  2 -6.72e-08      0.00 6.839e-01 3.007e-01 1.861e-03 2.021e-03 6.507e-03 -1.000 1.539e-02 -3.920 2.359 1.218 -0.146 -1.867 -3.738 -5.771 -6.685 -7.001
0.0152 0.01508 9.30103 1.7313179970 2.5550525059    1.659  3.343  3.5331  0.399    8  0.543  0.381    81.56    47.08    30.86    23.96    19.59  2 -3.86e-08      0.00 6.839e-01 3.007e-01 1.861e-03 2.021e-03 6.507e-03 -1.000 1.539e-02 -3.588 2.343 0.755 -0.733 -2.134 -3.741 -5.383 -6.280 -6.563
0.0152 0.01508 9.30103 1.7313195467 2.5550525977    1.659  3.125  3.5595  0.722    8  0.544  0.381    42.53    26.26    17.67    13.60    11.11  3 -1.53e-08      0.00 6.839e-01 3.007e-01 1.861e-03 2.021e-03 6.507e-03 -1.000 1.539e-02 -3.043 2.301 0.362 -1.235 -2.315 -3.455 -4.754 -5.607 -5.844
0.0152 0.01508 9.30103 1.7313219309 2.5550527389    1.658  3.133  3.5586  0.711    8  0.544  0.381    43.49    26.79    18.01    13.87    11.32  3 -1.58e-08      0.00 6.839e-01 3.007e-01 1.861e-03 2.021e-03 6.507e-03 -1.000 1.539e-02 -3.061 2.303 0.372 -1.223 -2.312 -3.467 -4.775 -5.629 -5.869
0.0152 0.01508 9.30103 1.7313250303 2.5550529225    1.657  3.223  3.5475  0.576    8  0.544  0.381    57.10    34.20    22.74    17.58    14.36  3 -2.34e-08      0.00 6.839e-01 3.007e-01 1.861e-03 2.021e-03 6.507e-03 -1.000 1.539e-02 -3.289 2.325 0.494 -1.068 -2.267 -3.611 -5.036 -5.911 -6.169
0.0152 0.01508 9.30103 1.7313289642 2.5550531555    1.656  3.365  3.5303  0.365    8  0.545  0.381    87.41    50.10    32.74    25.45    20.81  2 -4.26e-08      0.00 6.839e-01 3.007e-01 1.861e-03 2.021e-03 6.507e-03 -1.000 1.539e-02 -3.643 2.350 0.821 -0.650 -2.096 -3.756 -5.448 -6.349 -6.637
0.0152 0.01508 9.30103 1.7313338518 2.5550534450    1.654  3.493  3.5146  0.174    8  0.546  0.381   128.46    70.76    45.53    35.57    29.12  2 -7.28e-08      0.00 6.839e-01 3.007e-01 1.861e-03 2.021e-03 6.507e-03 -1.000 1.539e-02 -3.963 2.368 1.317 -0.017 -1.799 -3.706 -5.821 -6.738 -7.060
0.0152 0.01508 9.30103 1.7313395739 2.5550537840    1.653  3.578  3.5040  0.046    8  0.546  0.381   166.19    89.13    56.76    44.50    36.44  2 -1.04e-07      0.00 6.839e-01 3.007e-01 1.861e-03 2.021e-03 6.507e-03 -1.000 1.539e-02 -4.176 2.372 1.670 0.444 -1.573 -3.611 -6.068 -6.996 -7.338
0.0152 0.01508 9.30103 1.7313461304 2.5550541723    1.650  3.622  3.4985 -0.021    8  0.547  0.381   190.03   100.51    63.65    50.00    40.96  2 -1.24e-07      0.00 6.839e-01 3.007e-01 1.861e-03 2.021e-03 6.507e-03 -1.000 1.539e-02 -4.286 2.375 1.855 0.678 -1.453 -3.547 -6.195 -7.129 -7.482
0.0152 0.01508 9.30103 1.7313537598 2.5550546242    1.648  3.641  3.4960 -0.050    8  0.548  0.381   201.47   105.90    66.91    52.60    43.09  2 -1.35e-07      0.00 6.839e-01 3.007e-01 1.861e-03 2.021e-03 6.507e-03 -1.000 1.539e-02 -4.332 2.375 1.927 0.766 -1.407 -3.519 -6.250 -7.185 -7.544
0.0152 0.01508 9.30103 1.7313622236 2.5550551255    1.646  3.650  3.4947 -0.065    8  0.549  0.381   207.54   108.75    68.62    53.97    44.22  0 -1.41e-07      0.00 6.839e-01 3.007e-01 1.861e-03 2.021e-03 6.507e-03 -1.000 1.539e-02 -4.355 2.377 1.967 0.814 -1.381 -3.502 -6.276 -7.213 -7.574
0.0152 0.01508 9.30103 1.7313624620 2.5550551396    1.645  3.524  3.5102  0.123    8  0.549  0.381   142.19    77.48    49.64    38.85    31.80  2 -8.41e-08      0.00 6.839e-01 3.007e-01 1.861e-03 2.021e-03 6.507e-03 -1.000 1.539e-02 -4.041 2.383 1.489 0.205 -1.684 -3.655 -5.913 -6.835 -7.166
0.0152 0.01508 9.30103 1.7313631773 2.5550551820    1.645  3.393  3.5265  0.319    8  0.550  0.381    95.76    54.36    35.39    27.55    22.53  2 -4.89e-08      0.00 6.839e-01 3.007e-01 1.861e-03 2.021e-03 6.507e-03 -1.000 1.539e-02 -3.713 2.360 0.934 -0.510 -2.029 -3.751 -5.532 -6.436 -6.732
0.0152 0.01508 9.30103 1.7313646078 2.5550552667    1.644  3.177  3.5533  0.643    8  0.550  0.381    49.83    30.27    20.23    15.61    12.75  3 -1.96e-08      0.00 6.839e-01 3.007e-01 1.861e-03 2.021e-03 6.507e-03 -1.000 1.539e-02 -3.172 2.316 0.423 -1.160 -2.298 -3.542 -4.901 -5.766 -6.014
0.0152 0.01508 9.30103 1.7313667536 2.5550553938    1.643  3.184  3.5524  0.632    8  0.550  0.381    50.91    30.86    20.61    15.91    13.00  3 -2.02e-08      0.00 6.839e-01 3.007e-01 1.861e-03 2.021e-03 6.507e-03 -1.000 1.539e-02 -3.189 2.319 0.433 -1.148 -2.294 -3.553 -4.921 -5.788 -6.037
0.0152 0.01508 9.30103 1.7313696146 2.5550555633    1.642  3.271  3.5415  0.500    8  0.550  0.381    66.41    39.16    25.87    20.04    16.38  2 -2.95e-08      0.00 6.839e-01 3.007e-01 1.861e-03 2.021e-03 6.507e-03 -1.000 1.539e-02 -3.409 2.340 0.590 -0.946 -2.218 -3.671 -5.175 -6.061 -6.329
0.0152 0.01508 9.30103 1.7313733101 2.5550557821    1.641  3.408  3.5245  0.295    8  0.551  0.381   100.32    56.67    36.83    28.69    23.47  2 -5.23e-08      0.00 6.839e-01 3.007e-01 1.861e-03 2.021e-03 6.507e-03 -1.000 1.539e-02 -3.749 2.367 0.997 -0.432 -1.991 -3.745 -5.575 -6.481 -6.781
0.0152 0.01508 9.30103 1.7313777208 2.5550560434    1.639  3.530  3.5091  0.111    8  0.552  0.381   145.57    79.12    50.64    39.65    32.46  2 -8.69e-08      0.00 6.839e-01 3.007e-01 1.861e-03 2.021e-03 6.507e-03 -1.000 1.539e-02 -4.056 2.390 1.533 0.261 -1.652 -3.637 -5.932 -6.854 -7.187
0.0152 0.01508 9.30103 1.7313829660 2.5550563541    1.637  3.611  3.4987 -0.012    8  0.552  0.381   186.54    98.80    62.61    49.18    40.28  2 -1.21e-07      0.00 6.839e-01 3.007e-01 1.861e-03 2.021e-03 6.507e-03 -1.000 1.539e-02 -4.259 2.392 1.866 0.689 -1.436 -3.528 -6.167 -7.100 -7.453
0.0152 0.01508 9.30103 1.7313890457 2.5550567141    1.635  3.653  3.4934 -0.076    8  0.553  0.381   212.02   110.79    69.85    54.96    45.03  0 -1.49e-07      0.00 6.839e-01 3.007e-01 1.861e-03 2.021e-03 6.507e-03 -1.000 1.539e-02 -4.362 2.392 2.024 0.879 -1.338 -3.468 -6.287 -7.226 -7.589
0.0152 0.01508 9.30103 1.7313959599 2.5550571236    1.632  3.670  3.4910 -0.103    8  0.554  0.381   223.94   116.34    73.18    57.63    47.22  0 -1.79e-07      0.00 6.839e-01 3.007e-01 1.861e-03 2.021e-03 6.507e-03 -1.000 1.539e-02 -4.405 2.396 2.096 0.965 -1.292 -3.438 -6.337 -7.279 -7.646
0.0152 0.01508 9.30103 1.7314037085 2.5550575826    1.629  3.678  3.4898 -0.117    8  0.556  0.381   230.02   119.15    74.86    58.98    48.33  0 -1.96e-07      0.00 6.839e-01 3.007e-01 1.861e-03 2.021e-03 6.507e-03 -1.000 1.539e-02 -4.425 2.399 2.132 1.006 -1.270 -3.423 -6.360 -7.303 -7.673
0.0152 0.01508 9.30103 1.7314039469 2.5550575967    1.629  3.567  3.5040  0.051    8  0.556  0.381   163.90    87.95    56.02    43.94    35.98  2 -1.03e-07      0.00 6.839e-01 3.007e-01 1.861e-03 2.021e-03 6.507e-03 -1.000 1.539e-02 -4.146 2.397 1.700 0.476 -1.541 -3.579 -6.039 -6.966 -7.308
0.0152 0.01508 9.30103 1.7314046621 2.5550576390    1.628  3.437  3.5203  0.246    8  0.556  0.381   110.68    61.88    40.04    31.24    25.56  2 -6.05e-08      0.00 6.839e-01 3.007e-01 1.861e-03 2.021e-03 6.507e-03 -1.000 1.539e-02 -3.824 2.382 1.129 -0.269 -1.912 -3.734 -5.663 -6.574 -6.883
0.0152 0.01508 9.30103 1.7314060926 2.5550577238    1.627  3.222  3.5477  0.570    8  0.556  0.381    57.49    34.41    22.86    17.69    14.45  2 -2.46e-08      0.00 6.839e-01 3.007e-01 1.861e-03 2.021e-03 6.507e-03 -1.000 1.539e-02 -3.285 2.332 0.494 -1.071 -2.268 -3.609 -5.032 -5.907 -6.165
0.0152 0.01508 9.30103 1.7314082384 2.5550578509    1.626  3.229  3.5468  0.559    8  0.556  0.381    58.75    35.08    23.29    18.02    14.72  2 -2.54e-08      0.00 6.839e-01 3.007e-01 1.861e-03 2.021e-03 6.507e-03 -1.000 1.539e-02 -3.303 2.334 0.509 -1.052 -2.261 -3.618 -5.052 -5.929 -6.188
0.0152 0.01508 9.30103 1.7314109802 2.5550580132    1.625  3.314  3.5359  0.430    8  0.557  0.381    76.25    44.32    29.11    22.60    18.48  2 -3.65e-08      0.00 6.839e-01 3.007e-01 1.861e-03 2.021e-03 6.507e-03 -1.000 1.539e-02 -3.516 2.358 0.713 -0.793 -2.150 -3.707 -5.302 -6.195 -6.473
0.0152 0.01508 9.30103 1.7314145565 2.5550582250    1.623  3.445  3.5190  0.231    8  0.557  0.381   113.92    63.49    41.03    32.03    26.21  2 -6.32e-08      0.00 6.839e-01 3.007e-01 1.861e-03 2.021e-03 6.507e-03 -1.000 1.539e-02 -3.844 2.388 1.179 -0.205 -1.878 -3.719 -5.688 -6.600 -6.911
0.0152 0.01508 9.30103 1.7314189672 2.5550584863    1.621  3.563  3.5038  0.052    8  0.558  0.381   163.52    87.75    55.89    43.84    35.89  2 -1.03e-07      0.00 6.839e-01 3.007e-01 1.861e-03 2.021e-03 6.507e-03 -1.000 1.539e-02 -4.138 2.406 1.713 0.491 -1.528 -3.568 -6.031 -6.959 -7.301
0.0152 0.01508 9.30103 1.7314240932 2.5550587899    1.618  3.641  3.4937 -0.067    8  0.559  0.381   207.95   108.80    68.63    54.01    44.24  0 -1.41e-07      0.00 6.839e-01 3.007e-01 1.861e-03 2.021e-03 6.507e-03 -1.000 1.539e-02 -4.333 2.411 2.033 0.888 -1.322 -3.449 -6.257 -7.196 -7.558
0.0152 0.01508 9.30103 1.7314300537 2.5550591429    1.615  3.681  3.4884 -0.129    8  0.560  0.381   235.40   121.56    76.29    60.14    49.28  0 -2.08e-07      0.00 6.839e-01 3.007e-01 1.861e-03 2.021e-03 6.507e-03 -1.000 1.539e-02 -4.432 2.413 2.172 1.039 -1.243 -3.400 -6.372 -7.316 -7.688
0.0152 0.01508 9.30103 1.7314368486 2.5550595453    1.611  3.697  3.4861 -0.156    8  0.561  0.381   248.27   127.47    79.83    62.97    51.61  0 -2.49e-07      0.00 6.839e-01 3.007e-01 1.861e-03 2.021e-03 6.507e-03 -1.000 1.539e-02 -4.473 2.414 2.213 1.067 -1.228 -3.390 -6.419 -7.365 -7.741
0.0152 0.01508 9.30103 1.7314444780 2.5550599971    1.607  3.705  3.4849 -0.169    8  0.562  0.381   254.91   130.48    81.62    64.42    52.79  0 -2.71e-07      0.00 6.839e-01 3.007e-01 1.861e-03 2.021e-03 6.507e-03 -1.000 1.539e-02 -4.492 2.416 2.235 1.083 -1.219 -3.383 -6.442 -7.388 -7.766
0.0152 0.01508 9.30103 1.7314447165 2.5550600112    1.607  3.607  3.4976 -0.021    8  0.562  0.381   188.99    99.83    63.20    49.69    40.69  2 -1.26e-07      0.00 6.839e-01 3.007e-01 1.861e-03 2.021e-03 6.507e-03 -1.000 1.539e-02 -4.248 2.420 1.926 0.758 -1.385 -3.484 -6.160 -7.095 -7.449
0.0152 0.01508 9.30103 1.7314454317 2.5550600536    1.606  3.480  3.5142  0.172    8  0.562  0.381   127.95    70.41    45.29    35.42    28.98  2 -7.52e-08      0.00 6.839e-01 3.007e-01 1.861e-03 2.021e-03 6.507e-03 -1.000 1.539e-02 -3.931 2.407 1.372 0.044 -1.748 -3.662 -5.790 -6.708 -7.030
0.0152 0.01508 9.30103 1.7314467430 2.5550601313    1.605  3.266  3.5421  0.498    8  0.562  0.381    66.30    39.10    25.82    20.02    16.36  2  -3.1e-08      0.00 6.839e-01 3.007e-01 1.861e-03 2.021e-03 6.507e-03 -1.000 1.539e-02 -3.396 2.348 0.584 -0.957 -2.223 -3.665 -5.161 -6.045 -6.312
0.0152 0.01508 9.30103 1.7314486504 2.5550602442    1.604  3.273  3.5412  0.487    8  0.563  0.381    67.74    39.86    26.30    20.40    16.67  2  -3.2e-08      0.00 6.839e-01 3.007e-01 1.861e-03 2.021e-03 6.507e-03 -1.000 1.539e-02 -3.413 2.351 0.601 -0.936 -2.213 -3.672 -5.181 -6.066 -6.335
0.0152 0.01508 9.30103 1.7314512730 2.5550603995    1.602  3.356  3.5303  0.360    8  0.563  0.381    87.50    50.11    32.73    25.47    20.82  2 -4.54e-08      0.00 6.839e-01 3.007e-01 1.861e-03 2.021e-03 6.507e-03 -1.000 1.539e-02 -3.619 2.377 0.846 -0.627 -2.073 -3.733 -5.425 -6.325 -6.614
0.0152 0.01508 9.30103 1.7314546108 2.5550605972    1.599  3.482  3.5136  0.167    8  0.564  0.381   129.28    71.05    45.67    35.73    29.24  2 -7.66e-08      0.00 6.839e-01 3.007e-01 1.861e-03 2.021e-03 6.507e-03 -1.000 1.539e-02 -3.935 2.414 1.399 0.077 -1.728 -3.650 -5.796 -6.714 -7.037
0.0152 0.01508 9.30103 1.7314586639 2.5550608372    1.596  3.595  3.4986 -0.007    8  0.565  0.381   183.54    97.21    61.61    48.43    39.66  2 -1.22e-07      0.00 6.839e-01 3.007e-01 1.861e-03 2.021e-03 6.507e-03 -1.000 1.539e-02 -4.217 2.430 1.908 0.734 -1.392 -3.483 -6.125 -7.059 -7.412
0.0152 0.01508 9.30103 1.7314635515 2.5550611267    1.593  3.669  3.4886 -0.122    8  0.565  0.381   231.60   119.66    75.13    59.24    48.54  0 -1.93e-07      0.00 6.839e-01 3.007e-01 1.861e-03 2.021e-03 6.507e-03 -1.000 1.539e-02 -4.402 2.434 2.189 1.059 -1.221 -3.376 -6.341 -7.286 -7.657
0.0152 0.01508 9.30103 1.7314690351 2.5550614514    1.589  3.706  3.4834 -0.182    8  0.566  0.381   261.08   133.17    83.21    65.72    53.86  0 -2.88e-07      0.00 6.839e-01 3.007e-01 1.861e-03 2.021e-03 6.507e-03 -1.000 1.539e-02 -4.496 2.435 2.281 1.121 -1.187 -3.355 -6.451 -7.398 -7.779
0.0152 0.01508 9.30103 1.7314754725 2.5550618327    1.584  3.722  3.4811 -0.208    8  0.567  0.381   273.88   139.43    86.93    68.71    56.32  0 -3.42e-07      0.00 6.839e-01 3.007e-01 1.861e-03 2.021e-03 6.507e-03 -1.000 1.539e-02 -4.535 2.442 2.326 1.152 -1.169 -3.341 -6.495 -7.445 -7.830
0.0152 0.01508 9.30103 1.7314826250 2.5550622562    1.579  3.729  3.4799 -0.221    8  0.569  0.381   278.74   142.65    88.84    70.25    57.58  0 -3.71e-07      0.00 6.839e-01 3.007e-01 1.861e-03 2.021e-03 6.507e-03 -1.000 1.539e-02 -4.552 2.447 2.350 1.170 -1.157 -3.332 -6.516 -7.467 -7.854
0.0152 0.01508 9.30103 1.7314828634 2.5550622704    1.579  3.645  3.4912 -0.092    8  0.569  0.381   217.32   112.96    71.10    56.03    45.89  0 -1.55e-07      0.00 6.839e-01 3.007e-01 1.861e-03 2.021e-03 6.507e-03 -1.000 1.539e-02 -4.342 2.445 2.141 1.011 -1.240 -3.384 -6.274 -7.215 -7.582
0.0152 0.01508 9.30103 1.7314834595 2.5550623057    1.578  3.520  3.5079  0.100    8  0.569  0.381   147.50    79.89    51.07    40.04    32.77  2 -9.32e-08      0.00 6.839e-01 3.007e-01 1.861e-03 2.021e-03 6.507e-03 -1.000 1.539e-02 -4.030 2.435 1.612 0.352 -1.584 -3.580 -5.910 -6.833 -7.168
0.0152 0.01508 9.30103 1.7314847708 2.5550623833    1.577  3.308  3.5364  0.426    8  0.569  0.381    76.24    44.29    29.08    22.60    18.47  2 -3.89e-08      0.00 6.839e-01 3.007e-01 1.861e-03 2.021e-03 6.507e-03 -1.000 1.539e-02 -3.499 2.371 0.710 -0.801 -2.151 -3.698 -5.283 -6.175 -6.452
0.0152 0.01508 9.30103 1.7314865589 2.5550624892    1.575  3.314  3.5355  0.415    8  0.569  0.381    77.93    45.17    29.62    23.03    18.82  2 -4.02e-08      0.00 6.839e-01 3.007e-01 1.861e-03 2.021e-03 6.507e-03 -1.000 1.539e-02 -3.515 2.375 0.733 -0.772 -2.137 -3.701 -5.303 -6.196 -6.475
0.0152 0.01508 9.30103 1.7314890623 2.5550626375    1.572  3.395  3.5246  0.290    8  0.570  0.381   100.28    56.58    36.73    28.66    23.43  2 -5.64e-08      0.00 6.839e-01 3.007e-01 1.861e-03 2.021e-03 6.507e-03 -1.000 1.539e-02 -3.716 2.403 1.028 -0.403 -1.961 -3.715 -5.542 -6.448 -6.748
0.0152 0.01508 9.30103 1.7314921618 2.5550628210    1.569  3.516  3.5080  0.102    8  0.570  0.381   146.72    79.49    50.82    39.85    32.61  2 -9.32e-08      0.00 6.839e-01 3.007e-01 1.861e-03 2.021e-03 6.507e-03 -1.000 1.539e-02 -4.020 2.442 1.618 0.356 -1.577 -3.572 -5.899 -6.823 -7.157
0.0152 0.01508 9.30103 1.7314959764 2.5550630469    1.565  3.624  3.4932 -0.067    8  0.571  0.381   206.33   107.77    67.96    53.54    43.85  0 -1.45e-07      0.00 6.839e-01 3.007e-01 1.861e-03 2.021e-03 6.507e-03 -1.000 1.539e-02 -4.290 2.457 2.095 0.955 -1.262 -3.393 -6.216 -7.155 -7.518
0.0152 0.01508 9.30103 1.7315005064 2.5550633152    1.561  3.695  3.4832 -0.179    8  0.572  0.381   258.69   131.86    82.39    65.11    53.35  0 -2.73e-07      0.00 6.839e-01 3.007e-01 1.861e-03 2.021e-03 6.507e-03 -1.000 1.539e-02 -4.468 2.460 2.309 1.150 -1.157 -3.325 -6.423 -7.371 -7.752
0.0152 0.01508 9.30103 1.7315057516 2.5550636258    1.555  3.731  3.4780 -0.237    8  0.573  0.381   283.68   146.36    91.02    72.04    59.04  0 -4.01e-07      0.00 6.839e-01 3.007e-01 1.861e-03 2.021e-03 6.507e-03 -1.000 1.539e-02 -4.558 2.469 2.398 1.208 -1.126 -3.305 -6.526 -7.479 -7.869
0.0152 0.01508 9.30103 1.7315117121 2.5550639787    1.549  3.746  3.4757 -0.263    8  0.574  0.381   294.06   153.21    95.07    75.31    61.73  0 -4.74e-07      0.01 6.839e-01 3.007e-01 1.861e-03 2.021e-03 6.507e-03 -1.000 1.539e-02 -4.594 2.476 2.435 1.231 -1.113 -3.299 -6.569 -7.523 -7.917
0.0152 0.01508 9.30103 1.7315185070 2.5550643811    1.543  3.753  3.4744 -0.277    8  0.575  0.381   299.50   156.92    97.26    77.08    63.18  0 -5.16e-07      0.01 6.839e-01 3.007e-01 1.861e-03 2.021e-03 6.507e-03 -1.000 1.539e-02 -4.611 2.485 2.460 1.248 -1.102 -3.292 -6.589 -7.544 -7.941
0.0152 0.01508 9.30103 1.7315186262 2.5550643882    1.542  3.681  3.4842 -0.166    8  0.575  0.381   251.47   128.43    80.33    63.48    52.00  0 -2.45e-07      0.00 6.839e-01 3.007e-01 1.861e-03 2.021e-03 6.507e-03 -1.000 1.539e-02 -4.433 2.475 2.307 1.155 -1.147 -3.312 -6.385 -7.332 -7.711
0.0152 0.01508 9.30103 1.7315193415 2.5550644305    1.541  3.558  3.5011  0.024    8  0.575  0.381   171.05    91.05    57.83    45.47    37.22  2 -1.17e-07      0.00 6.839e-01 3.007e-01 1.861e-03 2.021e-03 6.507e-03 -1.000 1.539e-02 -4.126 2.470 1.867 0.673 -1.403 -3.472 -6.027 -6.958 -7.305
0.0152 0.01508 9.30103 1.7315204144 2.5550644941    1.540  3.347  3.5303  0.351    8  0.576  0.381    88.15    50.39    32.87    25.62    20.94  2 -4.94e-08      0.00 6.839e-01 3.007e-01 1.861e-03 2.021e-03 6.507e-03 -1.000 1.539e-02 -3.598 2.406 0.871 -0.604 -2.051 -3.712 -5.404 -6.304 -6.593
0.0152 0.01508 9.30103 1.7315222025 2.5550646000    1.537  3.354  3.5293  0.340    8  0.576  0.381    90.13    51.40    33.50    26.12    21.35  2  -5.1e-08      0.00 6.839e-01 3.007e-01 1.861e-03 2.021e-03 6.507e-03 -1.000 1.539e-02 -3.614 2.410 0.901 -0.566 -2.032 -3.710 -5.424 -6.325 -6.615
0.0152 0.01508 9.30103 1.7315244675 2.5550647341    1.534  3.432  3.5183  0.217    8  0.576  0.381   115.61    64.18    41.41    32.40    26.49  2 -7.08e-08      0.00 6.839e-01 3.007e-01 1.861e-03 2.021e-03 6.507e-03 -1.000 1.539e-02 -3.810 2.443 1.259 -0.118 -1.810 -3.663 -5.656 -6.569 -6.883
0.0152 0.01508 9.30103 1.7315273285 2.5550649035    1.530  3.549  3.5018  0.033    8  0.577  0.381   167.66    89.40    56.82    44.68    36.57  2 -1.15e-07      0.00 6.839e-01 3.007e-01 1.861e-03 2.021e-03 6.507e-03 -1.000 1.539e-02 -4.102 2.478 1.853 0.652 -1.409 -3.470 -6.001 -6.931 -7.277
0.0152 0.01508 9.30103 1.7315309048 2.5550651153    1.525  3.652  3.4871 -0.131    8  0.578  0.381   233.68   120.17    75.36    59.52    48.75  0  -1.9e-07      0.00 6.839e-01 3.007e-01 1.861e-03 2.021e-03 6.507e-03 -1.000 1.539e-02 -4.361 2.492 2.275 1.139 -1.147 -3.304 -6.304 -7.250 -7.623
0.0152 0.01508 9.30103 1.7315350771 2.5550653623    1.519  3.720  3.4772 -0.240    8  0.579  0.381   282.15   146.19    90.87    71.98    58.98  0  -3.9e-07      0.00 6.839e-01 3.007e-01 1.861e-03 2.021e-03 6.507e-03 -1.000 1.539e-02 -4.531 2.502 2.443 1.250 -1.085 -3.266 -6.502 -7.455 -7.845
0.0152 0.01508 9.30103 1.7315399647 2.5550656518    1.512  3.754  3.4720 -0.297    8  0.579  0.381   305.97   161.86   100.14    79.46    65.13  0 -5.65e-07      0.01 6.839e-01 3.007e-01 1.861e-03 2.021e-03 6.507e-03 -1.000 1.539e-02 -4.616 2.518 2.526 1.299 -1.059 -3.254 -6.599 -7.556 -7.956
0.0152 0.01508 9.30103 1.7315455675 2.5550659835    1.504  3.768  3.4695 -0.323    8  0.581  0.381   317.16   169.43   104.60    83.07    68.09  0 -6.66e-07      0.01 6.839e-01 3.007e-01 1.861e-03 2.021e-03 6.507e-03 -1.000 1.539e-02 -4.651 2.532 2.569 1.326 -1.043 -3.244 -6.640 -7.599 -8.004
0.0152 0.01508 9.30103 1.7315517664 2.5550663506    1.495  3.775  3.4681 -0.337    8  0.582  0.381   323.30   173.71   107.10    85.11    69.76  0 -7.27e-07      0.01 6.839e-01 3.007e-01 1.861e-03 2.021e-03 6.507e-03 -1.000 1.539e-02 -4.667 2.548 2.597 1.344 -1.031 -3.237 -6.658 -7.619 -8.026
0.0152 0.01508 9.30103 1.7315518856 2.5550663577    1.495  3.715  3.4766 -0.244    8  0.582  0.381   282.12   146.70    91.14    72.24    59.19  0  -3.9e-07      0.00 6.839e-01 3.007e-01 1.861e-03 2.021e-03 6.507e-03 -1.000 1.539e-02 -4.517 2.522 2.472 1.277 -1.060 -3.243 -6.490 -7.444 -7.835
0.0152 0.01508 9.30103 1.7315524817 2.5550663930    1.494  3.594  3.4937 -0.055    8  0.582  0.381   199.59   104.23    65.76    51.87    42.46  0 -1.47e-07      0.00 6.839e-01 3.007e-01 1.861e-03 2.021e-03 6.507e-03 -1.000 1.539e-02 -4.216 2.517 2.139 0.996 -1.210 -3.336 -6.139 -7.078 -7.440
0.0152 0.01508 9.30103 1.7315535545 2.5550664565    1.492  3.384  3.5235  0.273    8  0.582  0.381   102.45    57.56    37.30    29.16    23.84  2 -6.34e-08      0.00 6.839e-01 3.007e-01 1.861e-03 2.021e-03 6.507e-03 -1.000 1.539e-02 -3.691 2.454 1.107 -0.317 -1.897 -3.668 -5.520 -6.427 -6.730
0.0152 0.01508 9.30103 1.7315552235 2.5550665553    1.488  3.391  3.5224  0.262    8  0.582  0.381   104.83    58.74    38.02    29.74    24.31  2 -6.55e-08      0.00 6.839e-01 3.007e-01 1.861e-03 2.021e-03 6.507e-03 -1.000 1.539e-02 -3.707 2.460 1.143 -0.273 -1.874 -3.662 -5.540 -6.448 -6.753
0.0152 0.01508 9.30103 1.7315573692 2.5550666824    1.484  3.467  3.5113  0.140    8  0.583  0.381   134.15    73.15    46.88    36.79    30.09  2 -9.01e-08      0.00 6.839e-01 3.007e-01 1.861e-03 2.021e-03 6.507e-03 -1.000 1.539e-02 -3.897 2.500 1.567 0.271 -1.590 -3.544 -5.766 -6.687 -7.015
0.0152 0.01508 9.30103 1.7315599918 2.5550668377    1.478  3.579  3.4949 -0.040    8  0.583  0.381   193.12   101.14    63.88    50.38    41.24  0 -1.43e-07      0.00 6.839e-01 3.007e-01 1.861e-03 2.021e-03 6.507e-03 -1.000 1.539e-02 -4.178 2.530 2.116 0.966 -1.219 -3.336 -6.098 -7.036 -7.395
0.0152 0.01508 9.30103 1.7315633297 2.5550670353    1.472  3.679  3.4802 -0.200    8  0.584  0.381   262.94   134.93    84.11    66.63    54.57  0 -2.82e-07      0.00 6.839e-01 3.007e-01 1.861e-03 2.021e-03 6.507e-03 -1.000 1.539e-02 -4.427 2.542 2.445 1.272 -1.048 -3.220 -6.390 -7.341 -7.727
0.0152 0.01508 9.30103 1.7315672636 2.5550672683    1.464  3.743  3.4704 -0.306    8  0.585  0.381   306.54   163.33   100.93    80.20    65.71  0 -5.66e-07      0.01 6.839e-01 3.007e-01 1.861e-03 2.021e-03 6.507e-03 -1.000 1.539e-02 -4.588 2.564 2.594 1.360 -1.002 -3.200 -6.576 -7.535 -7.937
0.0152 0.01508 9.30103 1.7315717936 2.5550675365    1.455  3.776  3.4651 -0.363    8  0.586  0.381   332.05   180.52   111.04    88.38    72.43  0 -8.11e-07      0.02 6.839e-01 3.007e-01 1.861e-03 2.021e-03 6.507e-03 -1.000 1.539e-02 -4.669 2.599 2.677 1.409 -0.978 -3.194 -6.667 -7.630 -8.042
0.0152 0.01508 9.30103 1.7315769196 2.5550678400    1.444  3.789  3.4625 -0.389    8  0.587  0.381   344.35   189.06   116.03    92.44    75.76  0 -9.54e-07      0.02 6.839e-01 3.007e-01 1.861e-03 2.021e-03 6.507e-03 -1.000 1.539e-02 -4.702 2.630 2.730 1.442 -0.957 -3.183 -6.704 -7.669 -8.087
0.0152 0.01508 9.30103 1.7315827608 2.5550681859    1.433  3.795  3.4609 -0.405    8  0.588  0.381   351.44   194.15   118.99    94.86    77.75  0 -1.04e-06      0.02 6.839e-01 3.007e-01 1.861e-03 2.021e-03 6.507e-03 -1.000 1.539e-02 -4.717 2.664 2.774 1.473 -0.935 -3.168 -6.720 -7.688 -8.109
0.0152 0.01508 9.30103 1.7315828800 2.5550681929    1.432  3.746  3.4680 -0.328    8  0.588  0.381   313.85   168.88   104.16    82.87    67.90  0 -6.28e-07      0.01 6.839e-01 3.007e-01 1.861e-03 2.021e-03 6.507e-03 -1.000 1.539e-02 -4.595 2.594 2.650 1.404 -0.966 -3.171 -6.588 -7.548 -7.954
0.0152 0.01508 9.30103 1.7315834761 2.5550682282    1.430  3.627  3.4854 -0.140    8  0.588  0.381   235.39   120.24    75.30    59.61    48.80  0  -1.9e-07      0.00 6.839e-01 3.007e-01 1.861e-03 2.021e-03 6.507e-03 -1.000 1.539e-02 -4.298 2.575 2.388 1.246 -1.046 -3.207 -6.246 -7.194 -7.569
0.0152 0.01508 9.30103 1.7315844297 2.5550682847    1.427  3.419  3.5159  0.189    8  0.589  0.381   120.25    66.22    42.60    33.43    27.33  2 -8.31e-08      0.00 6.839e-01 3.007e-01 1.861e-03 2.021e-03 6.507e-03 -1.000 1.539e-02 -3.777 2.526 1.428 0.078 -1.672 -3.559 -5.631 -6.546 -6.865
0.0152 0.01508 9.30103 1.7315859795 2.5550683765    1.422  3.425  3.5147  0.177    8  0.589  0.381   123.27    67.68    43.49    34.14    27.91  2 -8.61e-08      0.00 6.839e-01 3.007e-01 1.861e-03 2.021e-03 6.507e-03 -1.000 1.539e-02 -3.793 2.535 1.479 0.144 -1.635 -3.540 -5.650 -6.567 -6.888
0.0152 0.01508 9.30103 1.7315880060 2.5550684965    1.416  3.499  3.5034  0.055    8  0.589  0.381   157.77    84.23    53.59    42.21    34.53  2 -1.18e-07      0.00 6.839e-01 3.007e-01 1.861e-03 2.021e-03 6.507e-03 -1.000 1.539e-02 -3.978 2.567 1.891 0.676 -1.351 -3.395 -5.873 -6.801 -7.144
0.0152 0.01508 9.30103 1.7315906286 2.5550686517    1.408  3.608  3.4868 -0.122    8  0.590  0.381   226.21   115.89    72.67    57.53    47.09  0 -1.84e-07      0.00 6.839e-01 3.007e-01 1.861e-03 2.021e-03 6.507e-03 -1.000 1.539e-02 -4.249 2.597 2.386 1.252 -1.032 -3.189 -6.194 -7.140 -7.513
0.0152 0.01508 9.30103 1.7315937281 2.5550688353    1.398  3.703  3.4719 -0.280    8  0.591  0.381   289.87   153.87    95.24    75.74    62.03  0 -4.37e-07      0.00 6.839e-01 3.007e-01 1.861e-03 2.021e-03 6.507e-03 -1.000 1.539e-02 -4.488 2.614 2.628 1.410 -0.941 -3.134 -6.473 -7.430 -7.827
0.0152 0.01508 9.30103 1.7315974236 2.5550690541    1.387  3.765  3.4618 -0.386    8  0.591  0.381   337.68   185.88   114.06    90.98    74.54  0  -8.6e-07      0.02 6.839e-01 3.007e-01 1.861e-03 2.021e-03 6.507e-03 -1.000 1.539e-02 -4.642 2.675 2.788 1.503 -0.894 -3.120 -6.647 -7.612 -8.029
0.0152 0.01508 9.30103 1.7316017151 2.5550693082    1.373  3.796  3.4562 -0.443    8  0.592  0.381   366.26   205.67   125.60   100.37    82.25  0 -1.23e-06      0.03 6.839e-01 3.007e-01 1.861e-03 2.021e-03 6.507e-03 -1.000 1.539e-02 -4.719 2.767 2.908 1.592 -0.847 -3.102 -6.727 -7.699 -8.129
0.0152 0.01508 9.30103 1.7316066027 2.5550695976    1.358  3.808  3.4533 -0.472    8  0.593  0.381   380.96   216.17   131.69   105.36    86.34  0 -1.46e-06      0.04 6.839e-01 3.007e-01 1.861e-03 2.021e-03 6.507e-03 -1.000 1.539e-02 -4.750 2.825 2.980 1.651 -0.813 -3.084 -6.759 -7.734 -8.171
0.0152 0.01508 9.30103 1.7316120863 2.5550699223    1.342  3.814  3.4512 -0.491    8  0.595  0.381   390.33   223.09   135.67   108.64    89.03  0 -1.61e-06      0.05 6.839e-01 3.007e-01 1.861e-03 2.021e-03 6.507e-03 -1.000 1.539e-02 -4.764 2.868 3.034 1.698 -0.782 -3.066 -6.774 -7.751 -8.193
0.0152 0.01508 9.30103 1.7316122055 2.5550699293    1.341  3.776  3.4570 -0.430    8  0.595  0.381   356.46   199.69   122.05    97.58    79.94  0 -1.08e-06      0.03 6.839e-01 3.007e-01 1.861e-03 2.021e-03 6.507e-03 -1.000 1.539e-02 -4.669 2.765 2.911 1.605 -0.823 -3.072 -6.680 -7.649 -8.075
0.0152 0.01508 9.30103 1.7316128016 2.5550699646    1.338  3.659  3.4747 -0.243    8  0.595  0.381   270.15   142.39    88.36    70.30    57.54  0  -3.2e-07      0.00 6.839e-01 3.007e-01 1.861e-03 2.021e-03 6.507e-03 -1.000 1.539e-02 -4.377 2.666 2.644 1.446 -0.892 -3.077 -6.355 -7.309 -7.702
0.0152 0.01508 9.30103 1.7316137552 2.5550700211    1.333  3.451  3.5062  0.088    8  0.595  0.381   145.70    78.14    49.81    39.29    32.11  1 -1.16e-07      0.00 6.839e-01 3.007e-01 1.861e-03 2.021e-03 6.507e-03 -1.000 1.539e-02 -3.859 2.632 1.865 0.623 -1.346 -3.359 -5.744 -6.669 -7.007
0.0152 0.01508 9.30103 1.7316150665 2.5550700987    1.325  3.458  3.5048  0.074    8  0.595  0.381   149.88    80.08    50.99    40.23    32.89  1 -1.21e-07      0.00 6.839e-01 3.007e-01 1.861e-03 2.021e-03 6.507e-03 -1.000 1.539e-02 -3.874 2.642 1.921 0.693 -1.305 -3.333 -5.764 -6.691 -7.031
0.0152 0.01508 9.30103 1.7316169739 2.5550702117    1.315  3.530  3.4929 -0.049    8  0.596  0.381   192.57    99.85    62.94    49.84    40.76  0 -1.64e-07      0.00 6.839e-01 3.007e-01 1.861e-03 2.021e-03 6.507e-03 -1.000 1.539e-02 -4.055 2.679 2.325 1.189 -1.026 -3.155 -5.981 -6.922 -7.284
0.0152 0.01508 9.30103 1.7316194773 2.5550703599    1.303  3.635  3.4758 -0.227    8  0.596  0.381   260.93   137.22    85.24    67.84    55.52  0 -2.74e-07      0.00 6.839e-01 3.007e-01 1.861e-03 2.021e-03 6.507e-03 -1.000 1.539e-02 -4.317 2.699 2.664 1.474 -0.858 -3.039 -6.293 -7.246 -7.637
0.0152 0.01508 9.30103 1.7316223383 2.5550705293    1.287  3.726  3.4605 -0.385    8  0.597  0.381   328.69   182.06   111.64    89.26    73.09  0 -7.45e-07      0.01 6.839e-01 3.007e-01 1.861e-03 2.021e-03 6.507e-03 -1.000 1.539e-02 -4.546 2.759 2.894 1.612 -0.783 -3.011 -6.556 -7.521 -7.937
0.0152 0.01508 9.30103 1.7316257954 2.5550707340    1.270  3.785  3.4498 -0.492    8  0.598  0.381   384.08   220.38   133.93   107.45    88.02  0 -1.46e-06      0.04 6.839e-01 3.007e-01 1.861e-03 2.021e-03 6.507e-03 -1.000 1.539e-02 -4.693 2.919 3.108 1.781 -0.700 -2.987 -6.709 -7.685 -8.125
0.0152 0.01508 9.30103 1.7316298485 2.5550709740    1.249  3.815  3.4436 -0.553    8  0.599  0.381   418.66   245.12   148.21   119.16    97.62  0  -2.1e-06      0.08 6.839e-01 3.007e-01 1.861e-03 2.021e-03 6.507e-03 -1.000 1.539e-02 -4.766 3.119 3.292 1.937 -0.624 -2.954 -6.771 -7.758 -8.218
0.0152 0.01508 9.30103 1.7316344976 2.5550712492    1.226  3.826  3.4400 -0.588    8  0.600  0.381   429.83    -1.00    -1.00    -1.00    -1.00  0 -2.54e-06      0.11 6.839e-01 3.007e-01 1.861e-03 2.021e-03 6.507e-03 -1.000 1.539e-02 -4.796 3.266 3.426 2.052 -0.558 -2.916 -6.791 -7.786 -8.259
0.0152 0.01508 9.30103 1.7316396236 2.5550715527    1.201  3.832  3.4372 -0.613    8  0.601  0.381   425.36    -1.00    -1.00    -1.00    -1.00  0 -2.89e-06      0.14 6.839e-01 3.007e-01 1.861e-03 2.021e-03 6.507e-03 -1.000 1.539e-02 -4.809 3.443 3.567 2.173 -0.487 -2.868 -6.790 -7.794 -8.280
0.0152 0.01508 9.30103 1.7316397429 2.5550715598    1.200  3.803  3.4417 -0.567    8  0.601  0.381   422.17   248.71   150.14   120.92    99.04  0 -2.15e-06      0.08 6.839e-01 3.007e-01 1.861e-03 2.021e-03 6.507e-03 -1.000 1.539e-02 -4.738 3.187 3.370 2.016 -0.561 -2.903 -6.744 -7.732 -8.195
0.0152 0.01508 9.30103 1.7316402197 2.5550715880    1.195  3.688  3.4601 -0.380    8  0.601  0.381   318.54   177.28   108.65    87.08    71.26  0 -6.48e-07      0.01 6.839e-01 3.007e-01 1.861e-03 2.021e-03 6.507e-03 -1.000 1.539e-02 -4.450 2.834 2.980 1.702 -0.689 -2.916 -6.464 -7.428 -7.843
0.0152 0.01508 9.30103 1.7316411734 2.5550716445    1.187  3.482  3.4931 -0.045    8  0.601  0.381   187.55    96.55    60.81    48.31    39.47  0 -1.83e-07      0.00 6.839e-01 3.007e-01 1.861e-03 2.021e-03 6.507e-03 -1.000 1.539e-02 -3.935 2.796 2.437 1.301 -0.912 -3.039 -5.860 -6.800 -7.162
0.0152 0.01508 9.30103 1.7316424847 2.5550717221    1.174  3.488  3.4914 -0.063    8  0.602  0.381   194.02    99.35    62.48    49.68    40.59  0 -1.93e-07      0.00 6.839e-01 3.007e-01 1.861e-03 2.021e-03 6.507e-03 -1.000 1.539e-02 -3.950 2.811 2.501 1.375 -0.864 -3.004 -5.880 -6.822 -7.188
0.0152 0.01508 9.30103 1.7316442728 2.5550718280    1.158  3.559  3.4789 -0.190    8  0.602  0.381   236.46   124.57    77.52    61.88    50.58  0 -2.65e-07      0.00 6.839e-01 3.007e-01 1.861e-03 2.021e-03 6.507e-03 -1.000 1.539e-02 -4.127 2.839 2.763 1.589 -0.730 -2.902 -6.094 -7.046 -7.432
0.0152 0.01508 9.30103 1.7316465378 2.5550719621    1.138  3.660  3.4609 -0.370    8  0.603  0.381   308.56   171.85   105.36    84.55    69.16  0  -5.7e-07      0.01 6.839e-01 3.007e-01 1.861e-03 2.021e-03 6.507e-03 -1.000 1.539e-02 -4.380 2.879 3.019 1.748 -0.638 -2.862 -6.392 -7.355 -7.768
0.0152 0.01508 9.30103 1.7316492796 2.5550721244    1.113  3.748  3.4447 -0.532    8  0.603  0.381   391.47   229.01   138.53   111.74    91.45  0 -1.55e-06      0.05 6.839e-01 3.007e-01 1.861e-03 2.021e-03 6.507e-03 -1.000 1.539e-02 -4.599 3.094 3.315 1.997 -0.525 -2.840 -6.623 -7.599 -8.046
0.0152 0.01508 9.30103 1.7316524982 2.5550723150    1.085  3.804  3.4334 -0.645    8  0.604  0.381   404.23    -1.00    -1.00    -1.00    -1.00  0 -3.07e-06      0.15 6.839e-01 3.007e-01 1.861e-03 2.021e-03 6.507e-03 -1.000 1.539e-02 -4.740 3.655 3.771 2.374 -0.335 -2.744 -6.715 -7.725 -8.221
0.0152 0.01508 9.30103 1.7316561937 2.5550725338    1.053  3.832  3.4266 -0.712    8  0.605  0.381   398.26    -1.00    -1.00    -1.00    -1.00  0 -4.55e-06      0.40 6.839e-01 3.007e-01 1.861e-03 2.021e-03 6.507e-03 -1.000 1.539e-02 -4.809 5.003 4.699 3.076 0.086 -2.434 -6.617 -7.709 -8.298
0.0152 0.01508 9.30103 1.7316604853 2.5550727879    1.018  3.843  3.4227 -0.754    8  0.606  0.381   391.56    -1.00    -1.00    -1.00    -1.00  0 -5.74e-06      0.53 6.839e-01 3.007e-01 1.861e-03 2.021e-03 6.507e-03 -1.000 1.539e-02 -4.837 5.675 5.165 3.446 0.305 -2.272 -6.563 -7.695 -8.328
0.0152 0.01508 9.30103 1.7316653728 2.5550730772    0.980  3.848  3.4198 -0.787    8  0.607  0.381   374.25    -1.00    -1.00    -1.00    -1.00  0 -6.86e-06      0.70 6.839e-01 3.007e-01 1.861e-03 2.021e-03 6.507e-03 -1.000 1.539e-02 -4.849 6.606 5.783 3.920 0.602 -2.039 -6.454 -7.645 -8.335
0.0152 0.01508 9.30103 1.7316857576 2.5550742841    0.611 -9.999  4.0000  1.390    9  0.611  0.000     0.00     0.00     0.00     0.00     0.00 -1    -1e-30      0.00 6.839e-01 3.007e-01 1.861e-03 2.021e-03 6.507e-03 -1.000 1.539e-02 29.767 29.720 29.983 30.032 30.020 30.018 30.066 30.065 30.082
#isochrone terminated
