# File generated by CMD 3.9 (http://stev.oapd.inaf.it/cmd) on Wed May  6 22:05:35 UTC 2026
# isochrones based on PARSEC release v1.2S +  COLIBRI S_37 + S_35 + PR16
# Basic references: Bressan et al. (2012), MNRAS, 427, 127 + Chen et al. (2014, 2015), MNRAS, 444, 2525 + MNRAS, 452, 1068 + Tang et al. (2014), MNRAS, 445, 4287 + Marigo et al. (2017), ApJ, 835, 77 + Pastorelli al. (2019), MNRAS, 485, 5666 + Pastorelli al. (2020), MNRAS, in press
# Thermal pulse cycles included 
# On RGB, assumed Reimers mass loss with efficiency eta=0.2
# LPV periods and growth rates added cf. Trabucchi et al. (2019)
# but fundamental-mode LPV periods + transition are from Trabucchi et al. (2021)
# Photometric system: <i>UBVRIJHK</i> (cf. Maiz-Apellaniz 2006 + Bessell 1990)
# Using YBC version of bolometric corrections as in Chen et al. (2019)
# O-rich circumstellar dpmod60alox40 dust from Groenewegen (2006)
# C-rich circumstellar AMCSIC15 dust from Groenewegen (2006)
# IMF: Kroupa (2001, 2002) + Kroupa et al. (2013) canonical two-part-power law IMF corrected for unresolved binaries 
# Kind of output: isochrone tables
# Zini     MH   logAge Mini        int_IMF         Mass   logL    logTe  logg  label   McoreTP C_O  period0  period1  period2  period3  period4  pmode  Mloss  tau1m   X   Y   Xc  Xn  Xo  Cexcess  Z 	 mbolmag  Umag    Bmag    Vmag    Rmag    Imag    Jmag    Hmag    Kmag
0.06 0.69525 9.47712 0.1000000015 1.1711064122    0.100 -3.262  3.3617  5.099    1  0.000  0.545     0.00     0.00     0.00     0.00     0.00 -1 -6.14e-17      0.00 5.836e-01 3.564e-01 1.079e-02 2.911e-03 2.640e-02 -1.000 6.000e-02 12.925 21.358 19.335 17.679 15.701 13.524 10.820 10.239 9.887
0.06 0.69525 9.47712 0.1199999973 1.3193154249    0.120 -3.055  3.3836  5.058    1  0.000  0.545     0.00     0.00     0.00     0.00     0.00 -1 -9.46e-17      0.00 5.834e-01 3.566e-01 1.079e-02 2.911e-03 2.640e-02 -1.000 6.000e-02 12.407 20.760 18.784 17.143 15.177 13.005 10.302 9.725 9.369
0.06 0.69525 9.47712 0.1394941062 1.4357175614    0.139 -2.899  3.3989  5.028    0  0.000  0.545     0.00     0.00     0.00     0.00     0.00 -1  -1.3e-16      0.00 5.833e-01 3.567e-01 1.079e-02 2.911e-03 2.640e-02 -1.000 6.000e-02 12.017 20.310 18.369 16.740 14.782 12.614 9.912 9.336 8.979
0.06 0.69525 9.47712 0.1400000006 1.4384526719    0.140 -2.895  3.3992  5.028    0  0.000  0.545     0.00     0.00     0.00     0.00     0.00 -1 -1.31e-16      0.00 5.833e-01 3.567e-01 1.079e-02 2.911e-03 2.640e-02 -1.000 6.000e-02 12.007 20.299 18.359 16.730 14.773 12.605 9.903 9.327 8.969
0.06 0.69525 9.47712 0.1599999964 1.5372931554    0.160 -2.765  3.4110  5.003    0  0.000  0.545     0.00     0.00     0.00     0.00     0.00 -1  -1.7e-16      0.00 5.831e-01 3.569e-01 1.079e-02 2.911e-03 2.640e-02 -1.000 6.000e-02 11.682 19.925 18.014 16.394 14.444 12.280 9.578 9.004 8.644
0.06 0.69525 9.47712 0.2000000030 1.6938790862    0.200 -2.558  3.4288  4.964    0  0.000  0.545     0.00     0.00     0.00     0.00     0.00 -1 -2.57e-16      0.00 5.829e-01 3.571e-01 1.079e-02 2.911e-03 2.640e-02 -1.000 6.000e-02 11.164 18.747 17.036 15.474 13.659 11.586 9.083 8.511 8.159
0.06 0.69525 9.47712 0.2500000000 1.8403257998    0.250 -2.341  3.4502  4.929    1  0.000  0.545     0.00     0.00     0.00     0.00     0.00 -1 -3.93e-16      0.00 5.826e-01 3.574e-01 1.079e-02 2.911e-03 2.640e-02 -1.000 6.000e-02 10.621 17.235 15.775 14.298 12.681 10.763 8.580 8.008 7.677
0.06 0.69525 9.47712 0.2996059060 1.9521240515    0.299 -2.173  3.4632  4.892    1  0.000  0.545     0.00     0.00     0.00     0.00     0.00 -1 -5.52e-16      0.00 5.824e-01 3.576e-01 1.079e-02 2.911e-03 2.640e-02 -1.000 6.000e-02 10.203 16.324 14.980 13.533 12.018 10.202 8.189 7.614 7.296
0.06 0.69525 9.47712 0.3000000417 1.9529140366    0.300 -2.172  3.4633  4.892    1  0.000  0.545     0.00     0.00     0.00     0.00     0.00 -1 -5.53e-16      0.00 5.824e-01 3.576e-01 1.079e-02 2.911e-03 2.640e-02 -1.000 6.000e-02 10.200 16.319 14.975 13.528 12.013 10.199 8.187 7.611 7.294
0.06 0.69525 9.47712 0.3039064109 1.9606715135    0.304 -2.158  3.4643  4.888    1  0.000  0.545     0.00     0.00     0.00     0.00     0.00 -1  -5.7e-16      0.00 5.825e-01 3.575e-01 1.079e-02 2.911e-03 2.640e-02 -1.000 6.000e-02 10.165 16.246 14.911 13.468 11.961 10.154 8.154 7.578 7.262
0.06 0.69525 9.47712 0.3499999940 2.0434174644    0.350 -2.008  3.4760  4.846    0  0.000  0.545     0.00     0.00     0.00     0.00     0.00 -1 -7.85e-16      0.00 5.839e-01 3.561e-01 1.079e-02 2.911e-03 2.640e-02 -1.000 6.000e-02 9.791 15.484 14.235 12.825 11.398 9.672 7.804 7.221 6.920
0.06 0.69525 9.47712 0.3550652564 2.0516420445    0.355 -1.992  3.4776  4.843    0  0.000  0.545     0.00     0.00     0.00     0.00     0.00 -1 -8.13e-16      0.00 5.839e-01 3.561e-01 1.079e-02 2.911e-03 2.640e-02 -1.000 6.000e-02 9.750 15.395 14.155 12.749 11.332 9.618 7.767 7.183 6.884
0.06 0.69525 9.47712 0.3918954432 2.1071867046    0.392 -1.881  3.4886  4.819    1  0.000  0.545     0.00     0.00     0.00     0.00     0.00 -1 -1.03e-15      0.00 5.839e-01 3.561e-01 1.079e-02 2.911e-03 2.640e-02 -1.000 6.000e-02 9.473 14.825 13.634 12.241 10.886 9.255 7.515 6.922 6.636
0.06 0.69525 9.47712 0.4000000060 2.1185024399    0.400 -1.858  3.4909  4.814    1  0.000  0.545     0.00     0.00     0.00     0.00     0.00 -1 -1.08e-15      0.00 5.839e-01 3.561e-01 1.079e-02 2.911e-03 2.640e-02 -1.000 6.000e-02 9.416 14.712 13.530 12.140 10.798 9.181 7.463 6.867 6.584
0.06 0.69525 9.47712 0.4105384350 2.1327784052    0.410 -1.826  3.4941  4.805    1  0.000  0.545     0.00     0.00     0.00     0.00     0.00 -1 -1.16e-15      0.00 5.839e-01 3.561e-01 1.079e-02 2.911e-03 2.640e-02 -1.000 6.000e-02 9.334 14.556 13.386 12.006 10.680 9.080 7.388 6.788 6.510
0.06 0.69525 9.47712 0.4500000179 2.1822809362    0.450 -1.711  3.5055  4.776    1  0.000  0.545     0.00     0.00     0.00     0.00     0.00 -1 -1.49e-15      0.00 5.840e-01 3.560e-01 1.079e-02 2.911e-03 2.640e-02 -1.000 6.000e-02 9.047 14.028 12.889 11.538 10.267 8.727 7.126 6.510 6.247
0.06 0.69525 9.47712 0.4919825792 2.2291020986    0.492 -1.584  3.5197  4.744    1  0.000  0.545     0.00     0.00     0.00     0.00     0.00 -1 -1.98e-15      0.00 5.840e-01 3.560e-01 1.079e-02 2.911e-03 2.640e-02 -1.000 6.000e-02 8.729 13.467 12.339 11.004 9.796 8.337 6.846 6.206 5.958
0.06 0.69525 9.47712 0.5042074323 2.2417498296    0.504 -1.547  3.5238  4.735    1  0.000  0.545     0.00     0.00     0.00     0.00     0.00 -1 -2.16e-15      0.00 5.850e-01 3.552e-01 1.077e-02 2.904e-03 2.634e-02 -1.000 5.986e-02 8.637 13.315 12.186 10.861 9.670 8.227 6.764 6.117 5.873
0.06 0.69525 9.47712 0.5409583449 2.2760282350    0.541 -1.433  3.5370  4.704    0  0.000  0.545     0.00     0.00     0.00     0.00     0.00 -1  -2.8e-15      0.00 5.914e-01 3.497e-01 1.060e-02 2.860e-03 2.593e-02 -1.000 5.893e-02 8.353 12.861 11.715 10.419 9.281 7.887 6.510 5.843 5.612
0.06 0.69525 9.47712 0.5500000715 2.2836583126    0.550 -1.407  3.5401  4.697    0  0.000  0.545     0.00     0.00     0.00     0.00     0.00 -1 -2.98e-15      0.00 5.923e-01 3.489e-01 1.058e-02 2.854e-03 2.588e-02 -1.000 5.880e-02 8.287 12.759 11.607 10.317 9.191 7.809 6.452 5.779 5.552
0.06 0.69525 9.47712 0.5520780683 2.2853713113    0.552 -1.400  3.5411  4.696    0  0.000  0.545     0.00     0.00     0.00     0.00     0.00 -1 -3.02e-15      0.00 5.923e-01 3.489e-01 1.057e-02 2.853e-03 2.587e-02 -1.000 5.879e-02 8.270 12.732 11.577 10.288 9.165 7.788 6.437 5.764 5.538
0.06 0.69525 9.47712 0.5836384892 2.3096734786    0.583 -1.300  3.5557  4.679    1  0.000  0.545     0.00     0.00     0.00     0.00     0.00 -1 -3.77e-15      0.00 5.931e-01 3.482e-01 1.056e-02 2.848e-03 2.583e-02 -1.000 5.870e-02 8.020 12.339 11.129 9.846 8.781 7.480 6.225 5.532 5.322
0.06 0.69525 9.47712 0.6000000238 2.3211213258    0.600 -1.250  3.5631  4.670    1  0.000  0.545     0.00     0.00     0.00     0.00     0.00 -1 -4.22e-15      0.00 5.935e-01 3.479e-01 1.055e-02 2.845e-03 2.581e-02 -1.000 5.863e-02 7.894 12.151 10.904 9.615 8.579 7.327 6.121 5.420 5.218
0.06 0.69525 9.47712 0.6499999762 2.3520353107    0.650 -1.091  3.5902  4.654    1  0.000  0.545     0.00     0.00     0.00     0.00     0.00 -1 -5.95e-15      0.00 5.946e-01 3.469e-01 1.052e-02 2.838e-03 2.574e-02 -1.000 5.854e-02 7.497 11.536 10.142 8.832 7.886 6.842 5.799 5.088 4.918
0.06 0.69525 9.47712 0.6545556784 2.3545832949    0.655 -1.076  3.5927  4.653    1  0.000  0.545     0.00     0.00     0.00     0.00     0.00 -1 -6.14e-15      0.00 5.947e-01 3.468e-01 1.052e-02 2.838e-03 2.574e-02 -1.000 5.852e-02 7.461 11.479 10.073 8.764 7.824 6.800 5.770 5.060 4.893
0.06 0.69525 9.47712 0.7000000477 2.3779267258    0.700 -0.937  3.6171  4.641    1  0.000  0.545     0.00     0.00     0.00     0.00     0.00 -1 -8.29e-15      0.00 5.957e-01 3.459e-01 1.049e-02 2.831e-03 2.568e-02 -1.000 5.836e-02 7.114 10.914 9.416 8.122 7.242 6.406 5.488 4.797 4.659
0.06 0.69525 9.47712 0.7240358591 2.3889197168    0.724 -0.859  3.6341  4.645    1  0.000  0.541     0.00     0.00     0.00     0.00     0.00 -1 -9.72e-15      0.00 5.962e-01 3.455e-01 1.041e-02 2.826e-03 2.565e-02 -1.000 5.831e-02 6.917 10.508 9.011 7.746 6.903 6.191 5.339 4.669 4.551
0.06 0.69525 9.47712 0.7500000000 2.3998889087    0.750 -0.776  3.6518  4.649    1  0.000  0.537     0.00     0.00     0.00     0.00     0.00 -1 -1.15e-14      0.00 5.965e-01 3.452e-01 1.033e-02 2.822e-03 2.564e-02 -1.000 5.829e-02 6.711 9.994 8.581 7.369 6.569 5.971 5.186 4.557 4.454
0.06 0.69525 9.47712 0.7816167474 2.4121211154    0.781 -0.695  3.6629  4.629    1  0.000  0.537     0.00     0.00     0.00     0.00     0.00 -1 -1.39e-14      0.00 5.975e-01 3.444e-01 1.031e-02 2.816e-03 2.558e-02 -1.000 5.813e-02 6.507 9.551 8.232 7.067 6.303 5.758 5.015 4.421 4.324
0.06 0.69525 9.47712 0.7956522107 2.4171943591    0.795 -0.659  3.6678  4.621    1  0.000  0.537     0.00     0.00     0.00     0.00     0.00 -1 -1.51e-14      0.00 5.980e-01 3.440e-01 1.030e-02 2.813e-03 2.555e-02 -1.000 5.805e-02 6.418 9.356 8.081 6.938 6.192 5.666 4.941 4.362 4.268
0.06 0.69525 9.47712 0.8210839033 2.4258807609    0.821 -0.594  3.6768  4.606    1  0.000  0.537     0.00     0.00     0.00     0.00     0.00 -1 -1.76e-14      0.00 5.989e-01 3.432e-01 1.028e-02 2.807e-03 2.550e-02 -1.000 5.793e-02 6.255 8.991 7.805 6.706 5.995 5.499 4.806 4.257 4.167
0.06 0.69525 9.47712 0.8413043618 2.4323579464    0.841 -0.543  3.6839  4.594    1  0.000  0.537     0.00     0.00     0.00     0.00     0.00 -1 -1.98e-14      0.00 5.996e-01 3.426e-01 1.026e-02 2.802e-03 2.545e-02 -1.000 5.785e-02 6.128 8.711 7.595 6.530 5.845 5.369 4.701 4.174 4.088
0.06 0.69525 9.47712 0.8647686243 2.4394392800    0.864 -0.484  3.6919  4.579    1  0.000  0.537     0.00     0.00     0.00     0.00     0.00 -1 -2.27e-14      0.00 6.005e-01 3.417e-01 1.024e-02 2.796e-03 2.540e-02 -1.000 5.776e-02 5.981 8.395 7.358 6.330 5.676 5.220 4.580 4.076 3.994
0.06 0.69525 9.47712 0.8869565725 2.4457406105    0.886 -0.430  3.6993  4.564    1  0.000  0.537     0.00     0.00     0.00     0.00     0.00 -1 -2.59e-14      0.00 6.014e-01 3.410e-01 1.022e-02 2.791e-03 2.535e-02 -1.000 5.764e-02 5.844 8.103 7.143 6.148 5.522 5.083 4.468 3.987 3.908
0.06 0.69525 9.47712 0.9039637446 2.4503305289    0.903 -0.388  3.7047  4.553    1  0.000  0.537     0.00     0.00     0.00     0.00     0.00 -1 -2.86e-14      0.00 6.022e-01 3.403e-01 1.020e-02 2.785e-03 2.530e-02 -1.000 5.753e-02 5.740 7.890 6.985 6.014 5.407 4.979 4.382 3.916 3.840
0.06 0.69525 9.47712 0.9326086640 2.4576278163    0.932 -0.319  3.7136  4.532    1  0.000  0.537     0.00     0.00     0.00     0.00     0.00 -1 -3.38e-14      0.00 6.035e-01 3.392e-01 1.017e-02 2.776e-03 2.522e-02 -1.000 5.733e-02 5.567 7.545 6.728 5.795 5.219 4.808 4.240 3.799 3.727
0.06 0.69525 9.47712 0.9387562871 2.4591273193    0.938 -0.304  3.7154  4.528    1  0.000  0.537     0.00     0.00     0.00     0.00     0.00 -1 -3.51e-14      0.00 6.039e-01 3.389e-01 1.016e-02 2.774e-03 2.520e-02 -1.000 5.728e-02 5.530 7.475 6.675 5.749 5.179 4.772 4.210 3.773 3.702
0.06 0.69525 9.47712 0.9683074355 2.4660307511    0.968 -0.234  3.7239  4.505    1  0.000  0.537     0.00     0.00     0.00     0.00     0.00 -1 -4.17e-14      0.00 6.055e-01 3.374e-01 1.012e-02 2.764e-03 2.511e-02 -1.000 5.710e-02 5.354 7.146 6.427 5.535 4.992 4.599 4.065 3.650 3.584
0.06 0.69525 9.47712 0.9782608747 2.4682482635    0.978 -0.210  3.7266  4.497    1  0.000  0.537     0.00     0.00     0.00     0.00     0.00 -1 -4.41e-14      0.00 6.060e-01 3.370e-01 1.010e-02 2.760e-03 2.508e-02 -1.000 5.703e-02 5.296 7.039 6.347 5.465 4.930 4.542 4.017 3.609 3.544
0.06 0.69525 9.47712 1.0007883310 2.4730803189    1.000 -0.158  3.7324  4.477    1  0.000  0.537     0.00     0.00     0.00     0.00     0.00 -1 -4.95e-14      0.00 6.076e-01 3.356e-01 1.007e-02 2.750e-03 2.499e-02 -1.000 5.681e-02 5.164 6.807 6.169 5.310 4.792 4.415 3.907 3.515 3.452
0.06 0.69525 9.47712 1.0239129066 2.4777869913    1.023 -0.105  3.7381  4.457    1  0.000  0.537     0.00     0.00     0.00     0.00     0.00 -1 -5.55e-14      0.00 6.092e-01 3.342e-01 1.003e-02 2.739e-03 2.489e-02 -1.000 5.656e-02 5.032 6.580 5.992 5.157 4.655 4.287 3.797 3.419 3.359
0.06 0.69525 9.47712 1.0546790361 2.4836825193    1.054 -0.036  3.7447  4.428    1  0.000  0.537     0.00     0.00     0.00     0.00     0.00 -1 -6.32e-14      0.00 6.114e-01 3.323e-01 9.981e-03 2.726e-03 2.478e-02 -1.000 5.631e-02 4.860 6.295 5.771 4.961 4.479 4.122 3.652 3.289 3.233
0.06 0.69525 9.47712 1.0695651770 2.4863954431    1.069 -0.003  3.7477  4.413    1  0.000  0.537     0.00     0.00     0.00     0.00     0.00 -1 -6.73e-14      0.00 6.125e-01 3.313e-01 9.957e-03 2.720e-03 2.472e-02 -1.000 5.618e-02 4.778 6.162 5.667 4.869 4.396 4.044 3.583 3.228 3.173
0.06 0.69525 9.47712 1.1082506180 2.4930553939    1.107  0.078  3.7544  4.374    1  0.000  0.537     0.00     0.00     0.00     0.00     0.00 -1 -7.84e-14      0.00 6.149e-01 3.292e-01 9.910e-03 2.708e-03 2.462e-02 -1.000 5.595e-02 4.575 5.850 5.416 4.644 4.191 3.850 3.409 3.069 3.017
0.06 0.69525 9.47712 1.1152173281 2.4941984324    1.114  0.093  3.7555  4.367    1  0.000  0.537     0.00     0.00     0.00     0.00     0.00 -1 -8.05e-14      0.00 6.153e-01 3.288e-01 9.902e-03 2.706e-03 2.460e-02 -1.000 5.591e-02 4.539 5.796 5.371 4.605 4.155 3.815 3.378 3.041 2.990
0.06 0.69525 9.47712 1.1294168234 2.4964780332    1.128  0.121  3.7575  4.351    1  0.000  0.537     0.00     0.00     0.00     0.00     0.00 -1 -8.47e-14      0.00 6.164e-01 3.278e-01 9.879e-03 2.700e-03 2.454e-02 -1.000 5.578e-02 4.468 5.695 5.286 4.528 4.084 3.747 3.315 2.983 2.933
0.06 0.69525 9.47712 1.1608695984 2.5012998952    1.160  0.182  3.7613  4.318    1  0.000  0.537     0.00     0.00     0.00     0.00     0.00 -1 -9.46e-14      0.00 6.187e-01 3.258e-01 9.832e-03 2.687e-03 2.443e-02 -1.000 5.552e-02 4.314 5.483 5.106 4.363 3.930 3.601 3.179 2.856 2.808
0.06 0.69525 9.47712 1.2065217495 2.5077868843    1.206  0.267  3.7652  4.265    1  0.000  0.535     0.00     0.00     0.00     0.00     0.00 -1  -1.1e-13      0.00 6.230e-01 3.218e-01 9.755e-03 2.669e-03 2.430e-02 -1.000 5.518e-02 4.102 5.215 4.867 4.140 3.719 3.396 2.985 2.670 2.624
0.06 0.69525 9.47712 1.2239711285 2.5101198589    1.223  0.299  3.7665  4.245    1  0.000  0.535     0.00     0.00     0.00     0.00     0.00 -1 -1.16e-13      0.00 6.247e-01 3.203e-01 9.721e-03 2.660e-03 2.423e-02 -1.000 5.500e-02 4.024 5.119 4.780 4.058 3.640 3.319 2.912 2.600 2.555
0.06 0.69525 9.47712 1.2521737814 2.5137329177    1.252  0.349  3.7682  4.212    1  0.000  0.535     0.00     0.00     0.00     0.00     0.00 -1 -1.26e-13      0.00 6.271e-01 3.181e-01 9.671e-03 2.647e-03 2.411e-02 -1.000 5.473e-02 3.898 4.970 4.642 3.928 3.515 3.198 2.795 2.487 2.442
0.06 0.69525 9.47712 1.2817634344 2.5173277866    1.281  0.401  3.7695  4.174    1  0.000  0.535     0.00     0.00     0.00     0.00     0.00 -1 -1.36e-13      0.00 6.304e-01 3.152e-01 9.604e-03 2.628e-03 2.395e-02 -1.000 5.439e-02 3.767 4.821 4.502 3.794 3.385 3.069 2.669 2.365 2.320
0.06 0.69525 9.47712 1.2978260517 2.5192004941    1.297  0.429  3.7699  4.154    1  0.000  0.535     0.00     0.00     0.00     0.00     0.00 -1 -1.43e-13      0.00 6.318e-01 3.140e-01 9.575e-03 2.619e-03 2.388e-02 -1.000 5.423e-02 3.698 4.745 4.429 3.723 3.315 3.000 2.601 2.298 2.254
0.06 0.69525 9.47712 1.3078280687 2.5203399194    1.307  0.447  3.7701  4.140    1  0.000  0.535     0.00     0.00     0.00     0.00     0.00 -1 -1.46e-13      0.00 6.323e-01 3.136e-01 9.563e-03 2.615e-03 2.385e-02 -1.000 5.418e-02 3.654 4.697 4.383 3.678 3.271 2.957 2.559 2.256 2.212
0.06 0.69525 9.47712 1.3426891565 2.5241591356    1.342  0.507  3.7708  4.094    1  0.000  0.534     0.00     0.00     0.00     0.00     0.00 -1  -1.6e-13      0.00 6.332e-01 3.127e-01 9.532e-03 2.607e-03 2.378e-02 -1.000 5.406e-02 3.503 4.538 4.227 3.525 3.121 2.807 2.411 2.110 2.066
0.06 0.69525 9.47712 1.3434782028 2.5242429455    1.343  0.508  3.7708  4.093    1  0.000  0.534     0.00     0.00     0.00     0.00     0.00 -1  -1.6e-13      0.00 6.332e-01 3.127e-01 9.532e-03 2.607e-03 2.378e-02 -1.000 5.407e-02 3.499 4.534 4.224 3.522 3.117 2.804 2.408 2.106 2.062
0.06 0.69525 9.47712 1.3601878881 2.5259915676    1.360  0.535  3.7701  4.069    1  0.000  0.534     0.00     0.00     0.00     0.00     0.00 -1 -1.65e-13      0.00 6.330e-01 3.129e-01 9.535e-03 2.610e-03 2.382e-02 -1.000 5.417e-02 3.433 4.475 4.161 3.456 3.051 2.736 2.338 2.035 1.991
0.06 0.69525 9.47712 1.3767626286 2.5276779328    1.376  0.561  3.7691  4.045    1  0.000  0.534     0.00     0.00     0.00     0.00     0.00 -1  -1.7e-13      0.00 6.325e-01 3.133e-01 9.547e-03 2.613e-03 2.383e-02 -1.000 5.415e-02 3.369 4.424 4.103 3.395 2.987 2.670 2.269 1.964 1.919
0.06 0.69525 9.47712 1.3891304731 2.5289061702    1.389  0.579  3.7681  4.026    1  0.000  0.535     0.00     0.00     0.00     0.00     0.00 -1 -1.74e-13      0.00 6.321e-01 3.137e-01 9.559e-03 2.616e-03 2.384e-02 -1.000 5.418e-02 3.322 4.390 4.063 3.350 2.940 2.622 2.218 1.910 1.865
0.06 0.69525 9.47712 1.4007973671 2.5300419647    1.400  0.597  3.7670  4.007    1  0.000  0.535     0.00     0.00     0.00     0.00     0.00 -1 -1.77e-13      0.00 6.314e-01 3.144e-01 9.576e-03 2.620e-03 2.387e-02 -1.000 5.426e-02 3.278 4.361 4.027 3.310 2.897 2.576 2.169 1.859 1.813
0.06 0.69525 9.47712 1.4180364609 2.5316809457    1.418  0.622  3.7648  3.979    1  0.000  0.535     0.00     0.00     0.00     0.00     0.00 -1 -1.81e-13      0.00 6.300e-01 3.156e-01 9.608e-03 2.627e-03 2.394e-02 -1.000 5.444e-02 3.216 4.326 3.979 3.253 2.835 2.511 2.097 1.782 1.736
0.06 0.69525 9.47712 1.4335130453 2.5331138062    1.433  0.643  3.7627  3.954    1  0.000  0.536     0.00     0.00     0.00     0.00     0.00 -1 -1.85e-13      0.00 6.285e-01 3.169e-01 9.644e-03 2.635e-03 2.401e-02 -1.000 5.460e-02 3.162 4.300 3.939 3.204 2.780 2.453 2.033 1.713 1.666
0.06 0.69525 9.47712 1.4347825050 2.5332297594    1.434  0.645  3.7625  3.952    1  0.000  0.536     0.00     0.00     0.00     0.00     0.00 -1 -1.85e-13      0.00 6.284e-01 3.170e-01 9.647e-03 2.636e-03 2.402e-02 -1.000 5.461e-02 3.157 4.298 3.936 3.200 2.776 2.448 2.028 1.708 1.660
0.06 0.69525 9.47712 1.4479440451 2.5344181767    1.448  0.663  3.7606  3.930    1  0.000  0.536     0.00     0.00     0.00     0.00     0.00 -1 -1.86e-13      0.00 6.269e-01 3.183e-01 9.679e-03 2.644e-03 2.409e-02 -1.000 5.478e-02 3.112 4.276 3.902 3.159 2.731 2.399 1.973 1.649 1.601
0.06 0.69525 9.47712 1.4624024630 2.5356953806    1.462  0.683  3.7584  3.905    1  0.000  0.536     0.00     0.00     0.00     0.00     0.00 -1 -1.88e-13      0.00 6.253e-01 3.197e-01 9.714e-03 2.652e-03 2.416e-02 -1.000 5.498e-02 3.062 4.257 3.868 3.116 2.681 2.346 1.914 1.584 1.535
0.06 0.69525 9.47712 1.4756845236 2.5368433405    1.475  0.702  3.7560  3.881    1  0.000  0.536     0.00     0.00     0.00     0.00     0.00 -1  -1.9e-13      0.00 6.236e-01 3.212e-01 9.752e-03 2.663e-03 2.425e-02 -1.000 5.514e-02 3.016 4.245 3.838 3.077 2.637 2.297 1.858 1.522 1.472
0.06 0.69525 9.47712 1.4804346561 2.5372481451    1.480  0.709  3.7553  3.872    1  0.000  0.536     0.00     0.00     0.00     0.00     0.00 -1 -1.91e-13      0.00 6.231e-01 3.217e-01 9.763e-03 2.666e-03 2.427e-02 -1.000 5.520e-02 2.997 4.235 3.824 3.060 2.618 2.277 1.835 1.498 1.447
0.06 0.69525 9.47712 1.4921215773 2.5382314951    1.492  0.731  3.7539  3.849    1  0.000  0.536     0.00     0.00     0.00     0.00     0.00 -1 -1.93e-13      0.00 6.219e-01 3.228e-01 9.790e-03 2.674e-03 2.433e-02 -1.000 5.535e-02 2.943 4.202 3.780 3.010 2.565 2.222 1.776 1.435 1.384
0.06 0.69525 9.47712 1.4990092516 2.5388027801    1.499  0.744  3.7532  3.834    1  0.000  0.536     0.00     0.00     0.00     0.00     0.00 -1 -1.95e-13      0.00 6.213e-01 3.233e-01 9.803e-03 2.678e-03 2.437e-02 -1.000 5.544e-02 2.910 4.178 3.752 2.979 2.532 2.187 1.739 1.397 1.345
0.06 0.69525 9.47712 1.5081722736 2.5395534956    1.508  0.796  3.7576  3.803    1  0.000  0.536     0.00     0.00     0.00     0.00     0.00 -1 -2.15e-13      0.00 6.214e-01 3.232e-01 9.800e-03 2.677e-03 2.436e-02 -1.000 5.543e-02 2.780 3.985 3.590 2.835 2.400 2.064 1.629 1.298 1.248
0.06 0.69525 9.47712 1.5099780560 2.5397002058    1.509  0.837  3.7632  3.784    1  0.000  0.536     0.00     0.00     0.00     0.00     0.00 -1  -2.4e-13      0.00 6.214e-01 3.232e-01 9.801e-03 2.677e-03 2.436e-02 -1.000 5.543e-02 2.677 3.808 3.448 2.716 2.296 1.969 1.550 1.233 1.185
0.06 0.69525 9.47712 1.5105966330 2.5397503692    1.510  0.879  3.7686  3.765    1  0.000  0.536     0.00     0.00     0.00     0.00     0.00 -1 -2.69e-13      0.00 6.213e-01 3.232e-01 9.801e-03 2.677e-03 2.436e-02 -1.000 5.543e-02 2.574 3.637 3.308 2.598 2.192 1.875 1.471 1.167 1.121
0.06 0.69525 9.47712 1.5108612776 2.5397718160    1.510  0.919  3.7732  3.743    1  0.000  0.536     0.00     0.00     0.00     0.00     0.00 -1 -3.02e-13      0.00 6.213e-01 3.232e-01 9.801e-03 2.677e-03 2.436e-02 -1.000 5.544e-02 2.472 3.479 3.174 2.484 2.091 1.782 1.392 1.098 1.055
0.06 0.69525 9.47712 1.5109990835 2.5397829804    1.510  0.948  3.7761  3.726    1  0.000  0.536     0.00     0.00     0.00     0.00     0.00 -1  -3.3e-13      0.00 6.213e-01 3.232e-01 9.801e-03 2.677e-03 2.436e-02 -1.000 5.544e-02 2.400 3.373 3.082 2.405 2.019 1.717 1.334 1.048 1.005
0.06 0.69525 9.47712 1.5110555887 2.5397875575    1.511  0.931  3.7747  3.737    2  0.000  0.536     0.00     0.00     0.00     0.00     0.00 -1 -3.16e-13      0.00 6.213e-01 3.232e-01 9.801e-03 2.677e-03 2.436e-02 -1.000 5.544e-02 2.442 3.432 3.134 2.451 2.061 1.756 1.370 1.080 1.037
0.06 0.69525 9.47712 1.5111443996 2.5397947507    1.511  0.899  3.7700  3.750    2  0.000  0.536     0.00     0.00     0.00     0.00     0.00 -1  -2.9e-13      0.00 6.213e-01 3.232e-01 9.801e-03 2.677e-03 2.436e-02 -1.000 5.544e-02 2.523 3.569 3.248 2.543 2.141 1.826 1.427 1.126 1.081
0.06 0.69525 9.47712 1.5113385916 2.5398104758    1.511  0.907  3.7611  3.707    2  0.000  0.536     0.00     0.00     0.00     0.00     0.00 -1 -3.06e-13      0.00 6.213e-01 3.232e-01 9.801e-03 2.677e-03 2.436e-02 -1.000 5.544e-02 2.503 3.661 3.287 2.547 2.122 1.792 1.366 1.044 0.996
0.06 0.69525 9.47712 1.5118230581 2.5398496862    1.511  0.909  3.7514  3.666    2  0.000  0.536     0.00     0.00     0.00     0.00     0.00 -1 -3.22e-13      0.00 6.206e-01 3.239e-01 9.818e-03 2.681e-03 2.440e-02 -1.000 5.552e-02 2.499 3.787 3.351 2.572 2.122 1.774 1.320 0.974 0.921
0.06 0.69525 9.47712 1.5127283335 2.5399228775    1.512  0.894  3.7405  3.638    2  0.000  0.537     0.00     0.00     0.00     0.00     0.00 -1 -3.21e-13      0.00 6.138e-01 3.298e-01 9.971e-03 2.723e-03 2.477e-02 -1.000 5.633e-02 2.536 3.981 3.468 2.647 2.168 1.800 1.311 0.936 0.879
0.06 0.69525 9.47712 1.5136898756 2.5400005077    1.513  0.869  3.7315  3.627    2  0.000  0.537     0.00     0.00     0.00     0.00     0.00 -1 -3.07e-13      0.00 6.057e-01 3.370e-01 1.016e-02 2.773e-03 2.521e-02 -1.000 5.730e-02 2.597 4.177 3.594 2.738 2.238 1.855 1.338 0.940 0.879
0.06 0.69525 9.47712 1.5145095587 2.5400665953    1.514  0.843  3.7241  3.623    2  0.000  0.537     0.00     0.00     0.00     0.00     0.00 -1 -2.89e-13      0.00 6.006e-01 3.414e-01 1.027e-02 2.804e-03 2.550e-02 -1.000 5.792e-02 2.662 4.360 3.716 2.831 2.312 1.917 1.375 0.959 0.894
0.06 0.69525 9.47712 1.5153253078 2.5401322842    1.515  0.815  3.7164  3.621    2  0.000  0.537     0.00     0.00     0.00     0.00     0.00 -1  -2.7e-13      0.00 5.968e-01 3.448e-01 1.036e-02 2.827e-03 2.570e-02 -1.000 5.841e-02 2.733 4.561 3.849 2.934 2.395 1.986 1.419 0.981 0.913
0.06 0.69525 9.47712 1.5161368847 2.5401975564    1.516  0.793  3.7082  3.611    2  0.000  0.538     0.00     0.00     0.00     0.00     0.00 -1 -2.58e-13      0.00 5.938e-01 3.474e-01 1.042e-02 2.844e-03 2.585e-02 -1.000 5.878e-02 2.788 4.759 3.972 3.025 2.464 2.040 1.445 0.986 0.913
0.06 0.69525 9.47712 1.5170787573 2.5402732072    1.517  0.789  3.6988  3.578    2  0.000  0.537     0.00     0.00     0.00     0.00     0.00 -1 -2.63e-13      0.00 5.908e-01 3.501e-01 1.047e-02 2.861e-03 2.600e-02 -1.000 5.907e-02 2.799 4.945 4.067 3.082 2.494 2.052 1.424 0.939 0.861
0.06 0.69525 9.47712 1.5174807310 2.5403054607    1.517  0.797  3.6950  3.554    2  0.000  0.536     0.00     0.00     0.00     0.00     0.00 -1 -2.74e-13      0.00 5.895e-01 3.513e-01 1.048e-02 2.869e-03 2.605e-02 -1.000 5.920e-02 2.778 5.000 4.084 3.083 2.482 2.033 1.391 0.895 0.815
0.06 0.69525 9.47712 1.5175894499 2.5403141807    1.517  0.802  3.6940  3.545    2  0.000  0.535     0.00     0.00     0.00     0.00     0.00 -1  -2.8e-13      0.00 5.891e-01 3.517e-01 1.045e-02 2.885e-03 2.606e-02 -1.000 5.923e-02 2.764 5.005 4.079 3.074 2.471 2.019 1.374 0.875 0.795
0.06 0.69525 9.47712 1.5181328058 2.5403577399    1.518  0.837  3.6895  3.493    3  0.000  0.515     0.00     0.00     0.00     0.00     0.00 -1  -3.2e-13      0.00 5.870e-01 3.536e-01 1.009e-02 3.217e-03 2.611e-02 -1.000 5.941e-02 2.678 5.005 4.036 3.012 2.395 1.934 1.273 0.762 0.679
0.06 0.69525 9.47712 1.5185654163 2.5403923954    1.518  0.871  3.6862  3.445    3  0.000  0.487     0.00     0.00     0.00     0.00     0.00 -1 -3.64e-13      0.00 5.852e-01 3.552e-01 9.559e-03 3.772e-03 2.615e-02 -1.000 5.960e-02 2.592 4.988 3.985 2.945 2.318 1.850 1.177 0.655 0.571
0.06 0.69525 9.47712 1.5189629793 2.5404242233    1.518  0.910  3.6833  3.395    3  0.000  0.453     0.00     0.00     0.00     0.00     0.00 -1 -4.21e-13      0.00 5.834e-01 3.569e-01 8.902e-03 4.579e-03 2.618e-02 -1.000 5.977e-02 2.496 4.951 3.919 2.865 2.229 1.755 1.071 0.542 0.455
0.06 0.69525 9.47712 1.5193306208 2.5404536387    1.519  0.950  3.6809  3.345    3  0.000  0.431     0.00     0.00     0.00     0.00     0.00 -1 -4.88e-13      0.00 5.818e-01 3.583e-01 8.472e-03 5.121e-03 2.620e-02 -1.000 5.990e-02 2.396 4.903 3.845 2.779 2.137 1.657 0.964 0.427 0.340
0.06 0.69525 9.47712 1.5196766853 2.5404813128    1.519  0.990  3.6785  3.296    3  0.000  0.417     0.00     0.00     0.00     0.00     0.00 -1 -5.65e-13      0.00 5.805e-01 3.596e-01 8.208e-03 5.457e-03 2.622e-02 -1.000 5.992e-02 2.295 4.854 3.771 2.693 2.043 1.558 0.856 0.313 0.223
0.06 0.69525 9.47712 1.5200136900 2.5405082484    1.519  1.031  3.6762  3.246    3  0.000  0.408     0.00     0.00     0.00     0.00     0.00 -1 -6.56e-13      0.00 5.793e-01 3.607e-01 8.025e-03 5.697e-03 2.625e-02 -1.000 6.009e-02 2.193 4.802 3.695 2.605 1.948 1.457 0.747 0.197 0.106
0.06 0.69525 9.47712 1.5203442574 2.5405346562    1.520  1.072  3.6739  3.195    3  0.000  0.401     0.00     0.00     0.00     0.00     0.00 -1 -7.64e-13      0.00 5.781e-01 3.617e-01 7.904e-03 5.867e-03 2.628e-02 -1.000 6.016e-02 2.090 4.751 3.619 2.516 1.853 1.356 0.637 0.080 -0.012
0.06 0.69525 9.47712 1.5206711292 2.5405607557    1.520  1.113  3.6717  3.145    3  0.000  0.396     0.00     0.00     0.00     0.00     0.00 -1 -8.89e-13      0.00 5.771e-01 3.626e-01 7.815e-03 6.000e-03 2.631e-02 -1.000 6.030e-02 1.986 4.699 3.541 2.427 1.756 1.254 0.526 -0.037 -0.131
0.06 0.69525 9.47712 1.5209976435 2.5405868139    1.520  1.155  3.6693  3.094    3  0.000  0.392     0.00     0.00     0.00     0.00     0.00 -1 -1.04e-12      0.00 5.761e-01 3.635e-01 7.751e-03 6.103e-03 2.633e-02 -1.000 6.035e-02 1.883 4.648 3.464 2.338 1.660 1.152 0.415 -0.155 -0.250
0.06 0.69525 9.47712 1.5214051008 2.5406193138    1.521  1.207  3.6665  3.031    3  0.000  0.389     0.00     0.00     0.00     0.00     0.00 -1 -1.25e-12      0.00 5.749e-01 3.647e-01 7.690e-03 6.206e-03 2.633e-02 -1.000 6.044e-02 1.753 4.586 3.370 2.228 1.541 1.026 0.278 -0.300 -0.398
0.06 0.69525 9.47712 1.5218039751 2.5406511098    1.521  1.257  3.6636  2.970    3  0.000  0.388     0.00     0.00     0.00     0.00     0.00 -1  -1.5e-12      0.00 5.736e-01 3.659e-01 7.644e-03 6.287e-03 2.630e-02 -1.000 6.049e-02 1.628 4.528 3.279 2.123 1.426 0.904 0.144 -0.442 -0.542
0.06 0.69525 9.47712 1.5222196579 2.5406842252    1.522  1.309  3.6606  2.906    3  0.000  0.386     0.00     0.00     0.00     0.00     0.00 -1 -1.82e-12      0.00 5.726e-01 3.669e-01 7.609e-03 6.350e-03 2.626e-02 -1.000 6.049e-02 1.497 4.468 3.183 2.012 1.306 0.776 0.005 -0.590 -0.692
0.06 0.69525 9.47712 1.5226348639 2.5407172819    1.522  1.363  3.6575  2.840    3  0.000  0.386     0.00     0.00     0.00     0.00     0.00 -1 -2.22e-12      0.00 5.719e-01 3.677e-01 7.586e-03 6.392e-03 2.623e-02 -1.000 6.046e-02 1.364 4.413 3.089 1.902 1.187 0.647 -0.137 -0.742 -0.846
0.06 0.69525 9.47712 1.5229790211 2.5407446663    1.522  1.408  3.6547  2.783    3  0.000  0.385     0.00     0.00     0.00     0.00     0.00 -1 -2.63e-12      0.00 5.715e-01 3.680e-01 7.575e-03 6.415e-03 2.622e-02 -1.000 6.050e-02 1.249 4.368 3.009 1.809 1.084 0.536 -0.259 -0.872 -0.978
0.06 0.69525 9.47712 1.5233173370 2.5407715720    1.523  1.455  3.6519  2.726    3  0.000  0.385     0.00     0.00     0.00     0.00     0.00 -1 -3.11e-12      0.00 5.712e-01 3.683e-01 7.568e-03 6.429e-03 2.621e-02 -1.000 6.050e-02 1.134 4.325 2.929 1.714 0.981 0.424 -0.382 -1.003 -1.112
0.06 0.69525 9.47712 1.5236119032 2.5407949873    1.523  1.496  3.6493  2.674    3  0.000  0.385     0.00     0.00     0.00     0.00     0.00 -1 -3.63e-12      0.00 5.711e-01 3.684e-01 7.565e-03 6.433e-03 2.621e-02 -1.000 6.050e-02 1.031 4.288 2.859 1.631 0.890 0.324 -0.492 -1.121 -1.232
0.06 0.69525 9.47712 1.5239354372 2.5408206931    1.523  1.542  3.6464  2.616    3  0.000  0.385     0.00     0.00     0.00     0.00     0.00 -1 -4.31e-12      0.00 5.711e-01 3.684e-01 7.564e-03 6.435e-03 2.621e-02 -1.000 6.050e-02 0.914 4.249 2.781 1.540 0.789 0.213 -0.616 -1.254 -1.367
0.06 0.69525 9.47712 1.5242390633 2.5408448059    1.524  1.585  3.6436  2.562    3  0.000  0.385     0.00     0.00     0.00     0.00     0.00 -1 -5.06e-12      0.00 5.711e-01 3.684e-01 7.564e-03 6.435e-03 2.621e-02 -1.000 6.050e-02 0.806 4.215 2.710 1.455 0.696 0.109 -0.731 -1.377 -1.494
0.06 0.69525 9.47712 1.5245757103 2.5408715281    1.524  1.632  3.6405  2.503    3  0.000  0.385     0.00     0.00     0.00     0.00     0.00 -1 -6.01e-12      0.00 5.711e-01 3.684e-01 7.564e-03 6.436e-03 2.621e-02 -1.000 6.050e-02 0.690 4.181 2.635 1.364 0.595 -0.003 -0.854 -1.510 -1.629
0.06 0.69525 9.47712 1.5248920918 2.5408966293    1.524  1.672  3.6378  2.452    3  0.000  0.385     0.00     0.00     0.00     0.00     0.00 -1 -6.98e-12      0.00 5.711e-01 3.684e-01 7.563e-03 6.437e-03 2.620e-02 -1.000 6.050e-02 0.590 4.161 2.576 1.289 0.511 -0.100 -0.963 -1.625 -1.747
0.06 0.69525 9.47712 1.5254451036 2.5409404756    1.525  1.723  3.6345  2.389    3  0.000  0.385     0.00     0.00     0.00     0.00     0.00 -1 -8.44e-12      0.00 5.711e-01 3.684e-01 7.563e-03 6.438e-03 2.620e-02 -1.000 6.050e-02 0.464 4.139 2.504 1.195 0.406 -0.221 -1.098 -1.770 -1.895
0.06 0.69525 9.47712 1.5255078077 2.5409454448    1.525  1.725  3.6343  2.385    3  0.000  0.385     0.00     0.00     0.00     0.00     0.00 -1 -8.56e-12      0.00 5.711e-01 3.684e-01 7.562e-03 6.438e-03 2.620e-02 -1.000 6.050e-02 0.457 4.138 2.499 1.190 0.401 -0.228 -1.106 -1.777 -1.903
0.06 0.69525 9.47712 1.5258393288 2.5409717099    1.525  1.690  3.6369  2.431    3  0.000  0.385     0.00     0.00     0.00     0.00     0.00 -1 -7.56e-12      0.00 5.711e-01 3.684e-01 7.562e-03 6.439e-03 2.620e-02 -1.000 6.050e-02 0.545 4.147 2.547 1.253 0.472 -0.143 -1.010 -1.675 -1.798
0.06 0.69525 9.47712 1.5259799957 2.5409828505    1.525  1.668  3.6384  2.459    3  0.000  0.385     0.00     0.00     0.00     0.00     0.00 -1 -6.96e-12      0.00 5.711e-01 3.684e-01 7.562e-03 6.439e-03 2.620e-02 -1.000 6.050e-02 0.601 4.154 2.577 1.294 0.518 -0.090 -0.950 -1.611 -1.732
0.06 0.69525 9.47712 1.5260870457 2.5409913270    1.525  1.642  3.6403  2.493    3  0.000  0.385     0.00     0.00     0.00     0.00     0.00 -1 -6.31e-12      0.00 5.711e-01 3.684e-01 7.562e-03 6.439e-03 2.620e-02 -1.000 6.050e-02 0.666 4.164 2.614 1.341 0.572 -0.027 -0.880 -1.536 -1.655
0.06 0.69525 9.47712 1.5261157751 2.5409936017    1.525  1.634  3.6408  2.503    3  0.000  0.385     0.00     0.00     0.00     0.00     0.00 -1 -6.13e-12      0.00 5.711e-01 3.684e-01 7.562e-03 6.439e-03 2.620e-02 -1.000 6.050e-02 0.685 4.167 2.625 1.356 0.588 -0.008 -0.859 -1.514 -1.632
0.06 0.69525 9.47712 1.5262099504 2.5410010573    1.525  1.607  3.6427  2.537    3  0.000  0.385     0.00     0.00     0.00     0.00     0.00 -1 -5.54e-12      0.00 5.711e-01 3.684e-01 7.562e-03 6.439e-03 2.620e-02 -1.000 6.050e-02 0.752 4.184 2.667 1.407 0.646 0.056 -0.787 -1.436 -1.553
0.06 0.69525 9.47712 1.5263105631 2.5410090214    1.526  1.577  3.6448  2.576    3  0.000  0.385     0.00     0.00     0.00     0.00     0.00 -1 -4.94e-12      0.00 5.711e-01 3.684e-01 7.562e-03 6.440e-03 2.620e-02 -1.000 6.050e-02 0.827 4.204 2.715 1.466 0.710 0.128 -0.707 -1.349 -1.465
0.06 0.69525 9.47712 1.5264534950 2.5410203333    1.526  1.538  3.6475  2.626    3  0.000  0.385     0.00     0.00     0.00     0.00     0.00 -1 -4.24e-12      0.00 5.711e-01 3.684e-01 7.561e-03 6.440e-03 2.620e-02 -1.000 6.050e-02 0.926 4.231 2.778 1.542 0.795 0.223 -0.601 -1.236 -1.348
0.06 0.69525 9.47712 1.5265433788 2.5410274455    1.526  1.517  3.6489  2.652    3  0.000  0.385     0.00     0.00     0.00     0.00     0.00 -1 -3.92e-12      0.00 5.711e-01 3.684e-01 7.561e-03 6.440e-03 2.620e-02 -1.000 6.050e-02 0.977 4.246 2.811 1.581 0.838 0.271 -0.547 -1.177 -1.289
0.06 0.69525 9.47712 1.5266948938 2.5410394324    1.526  1.545  3.6471  2.616    3  0.000  0.385     0.00     0.00     0.00     0.00     0.00 -1 -4.29e-12      0.00 5.711e-01 3.684e-01 7.561e-03 6.441e-03 2.620e-02 -1.000 6.050e-02 0.906 4.223 2.764 1.526 0.778 0.204 -0.622 -1.258 -1.371
0.06 0.69525 9.47712 1.5270216465 2.5410652735    1.526  1.594  3.6438  2.555    3  0.000  0.385     0.00     0.00     0.00     0.00     0.00 -1 -5.12e-12      0.00 5.711e-01 3.684e-01 7.561e-03 6.441e-03 2.620e-02 -1.000 6.050e-02 0.785 4.187 2.686 1.431 0.673 0.087 -0.751 -1.397 -1.513
0.06 0.69525 9.47712 1.5273517370 2.5410913657    1.527  1.636  3.6411  2.502    3  0.000  0.385     0.00     0.00     0.00     0.00     0.00 -1 -5.98e-12      0.00 5.711e-01 3.684e-01 7.561e-03 6.442e-03 2.620e-02 -1.000 6.050e-02 0.680 4.154 2.616 1.348 0.581 -0.014 -0.863 -1.517 -1.636
0.06 0.69525 9.47712 1.5276951790 2.5411184996    1.527  1.680  3.6381  2.447    3  0.000  0.385     0.00     0.00     0.00     0.00     0.00 -1 -7.02e-12      0.00 5.711e-01 3.684e-01 7.560e-03 6.443e-03 2.620e-02 -1.000 6.050e-02 0.571 4.136 2.554 1.267 0.490 -0.119 -0.980 -1.642 -1.763
0.06 0.69525 9.47712 1.5280413628 2.5411458358    1.527  1.724  3.6351  2.391    3  0.000  0.385     0.00     0.00     0.00     0.00     0.00 -1 -8.27e-12      0.00 5.711e-01 3.684e-01 7.560e-03 6.444e-03 2.620e-02 -1.000 6.050e-02 0.461 4.118 2.491 1.186 0.399 -0.225 -1.099 -1.768 -1.893
0.06 0.69525 9.47712 1.5283716917 2.5411719068    1.528  1.767  3.6322  2.336    3  0.000  0.385     0.00     0.00     0.00     0.00     0.00 -1 -9.71e-12      0.00 5.711e-01 3.684e-01 7.560e-03 6.444e-03 2.620e-02 -1.000 6.050e-02 0.353 4.104 2.431 1.107 0.310 -0.329 -1.215 -1.892 -2.020
0.06 0.69525 9.47712 1.5286848545 2.5411966110    1.528  1.809  3.6292  2.282    3  0.000  0.385     0.00     0.00     0.00     0.00     0.00 -1 -1.14e-11      0.00 5.710e-01 3.685e-01 7.559e-03 6.445e-03 2.620e-02 -1.000 6.050e-02 0.248 4.090 2.374 1.031 0.224 -0.430 -1.329 -2.013 -2.143
0.06 0.69525 9.47712 1.5289888382 2.5412205800    1.528  1.851  3.6262  2.228    3  0.000  0.385     0.00     0.00     0.00     0.00     0.00 -1 -1.33e-11      0.00 5.710e-01 3.685e-01 7.559e-03 6.446e-03 2.620e-02 -1.000 6.050e-02 0.142 4.073 2.316 0.958 0.142 -0.531 -1.443 -2.135 -2.269
0.06 0.69525 9.47712 1.5292721987 2.5412429130    1.528  1.893  3.6232  2.175    3  0.000  0.385     0.00     0.00     0.00     0.00     0.00 -1 -1.55e-11      0.00 5.710e-01 3.685e-01 7.559e-03 6.446e-03 2.620e-02 -1.000 6.050e-02 0.039 4.060 2.262 0.886 0.063 -0.630 -1.555 -2.254 -2.391
0.06 0.69525 9.47712 1.5295472145 2.5412645792    1.529  1.935  3.6201  2.120    3  0.000  0.385     0.00     0.00     0.00     0.00     0.00 -1 -1.82e-11      0.00 5.710e-01 3.685e-01 7.558e-03 6.447e-03 2.620e-02 -1.000 6.050e-02 -0.067 4.050 2.207 0.814 -0.019 -0.731 -1.669 -2.376 -2.516
0.06 0.69525 9.47712 1.5297996998 2.5412844625    1.529  1.976  3.6171  2.067    3  0.000  0.385     0.00     0.00     0.00     0.00     0.00 -1 -2.12e-11      0.00 5.710e-01 3.685e-01 7.558e-03 6.448e-03 2.620e-02 -1.000 6.050e-02 -0.169 4.034 2.156 0.750 -0.090 -0.828 -1.779 -2.494 -2.637
0.06 0.69525 9.47712 1.5300399065 2.5413033718    1.529  2.016  3.6140  2.014    3  0.000  0.385     0.00     0.00     0.00     0.00     0.00 -1 -2.47e-11      0.00 5.710e-01 3.685e-01 7.558e-03 6.448e-03 2.620e-02 -1.000 6.050e-02 -0.271 4.021 2.105 0.686 -0.161 -0.925 -1.890 -2.612 -2.759
0.06 0.69525 9.47712 1.5302670002 2.5413212426    1.529  2.057  3.6109  1.961    3  0.000  0.385     0.00     0.00     0.00     0.00     0.00 -1 -2.89e-11      0.00 5.710e-01 3.685e-01 7.558e-03 6.449e-03 2.620e-02 -1.000 6.050e-02 -0.373 3.991 2.057 0.621 -0.234 -1.021 -2.001 -2.725 -2.878
0.06 0.69525 9.47712 1.5304799080 2.5413379916    1.529  2.098  3.6078  1.908    3  0.000  0.385     0.00     0.00     0.00     0.00     0.00 -1 -3.36e-11      0.00 5.710e-01 3.685e-01 7.557e-03 6.449e-03 2.620e-02 -1.000 6.050e-02 -0.475 3.946 2.012 0.561 -0.301 -1.114 -2.112 -2.834 -2.995
0.06 0.69525 9.47712 1.5306797028 2.5413537041    1.530  2.138  3.6046  1.855    3  0.000  0.385     0.00     0.00     0.00     0.00     0.00 -1 -3.92e-11      0.00 5.710e-01 3.685e-01 7.557e-03 6.450e-03 2.620e-02 -1.000 6.050e-02 -0.576 3.898 1.967 0.504 -0.367 -1.206 -2.223 -2.943 -3.113
0.06 0.69525 9.47712 1.5308645964 2.5413682405    1.530  2.178  3.6014  1.802    3  0.000  0.385     0.00     0.00     0.00     0.00     0.00 -1 -4.55e-11      0.00 5.710e-01 3.685e-01 7.557e-03 6.450e-03 2.619e-02 -1.000 6.050e-02 -0.675 3.849 1.922 0.448 -0.433 -1.296 -2.331 -3.050 -3.228
0.06 0.69525 9.47712 1.5310354233 2.5413816674    1.530  2.217  3.5983  1.751    3  0.000  0.385     0.00     0.00     0.00     0.00     0.00 -1 -5.28e-11      0.00 5.710e-01 3.685e-01 7.557e-03 6.450e-03 2.619e-02 -1.000 6.050e-02 -0.772 3.797 1.882 0.399 -0.494 -1.383 -2.438 -3.156 -3.343
0.06 0.69525 9.47712 1.5311983824 2.5413944727    1.530  2.256  3.5951  1.699    3  0.000  0.385     0.00     0.00     0.00     0.00     0.00 -1 -6.14e-11      0.00 5.710e-01 3.685e-01 7.557e-03 6.451e-03 2.619e-02 -1.000 6.050e-02 -0.871 3.738 1.842 0.355 -0.553 -1.470 -2.547 -3.264 -3.459
0.06 0.69525 9.47712 1.5313481092 2.5414062354    1.530  2.295  3.5918  1.647    3  0.000  0.385     0.00     0.00     0.00     0.00     0.00 -1 -7.11e-11      0.00 5.710e-01 3.685e-01 7.557e-03 6.451e-03 2.619e-02 -1.000 6.050e-02 -0.968 3.680 1.805 0.313 -0.611 -1.554 -2.654 -3.369 -3.573
0.06 0.69525 9.47712 1.5314873457 2.5414171716    1.530  2.333  3.5886  1.596    3  0.000  0.385     0.00     0.00     0.00     0.00     0.00 -1 -8.24e-11      0.00 5.710e-01 3.685e-01 7.556e-03 6.451e-03 2.619e-02 -1.000 6.050e-02 -1.063 3.620 1.773 0.279 -0.663 -1.635 -2.759 -3.474 -3.687
0.06 0.69525 9.47712 1.5316206217 2.5414276375    1.530  2.372  3.5853  1.544    3  0.000  0.385     0.00     0.00     0.00     0.00     0.00 -1 -9.54e-11      0.00 5.710e-01 3.685e-01 7.556e-03 6.452e-03 2.619e-02 -1.000 6.050e-02 -1.160 3.554 1.744 0.251 -0.714 -1.716 -2.867 -3.581 -3.803
0.06 0.69525 9.47712 1.5317399502 2.5414370064    1.530  2.409  3.5820  1.494    3  0.000  0.385     0.00     0.00     0.00     0.00     0.00 -1  -1.1e-10      0.00 5.710e-01 3.685e-01 7.556e-03 6.452e-03 2.619e-02 -1.000 6.050e-02 -1.252 3.495 1.720 0.228 -0.760 -1.792 -2.970 -3.684 -3.915
0.06 0.69525 9.47712 1.5318535566 2.5414459245    1.530  2.446  3.5787  1.444    3  0.000  0.385     0.00     0.00     0.00     0.00     0.00 -1 -1.27e-10      0.00 5.710e-01 3.685e-01 7.556e-03 6.452e-03 2.619e-02 -1.000 6.050e-02 -1.345 3.472 1.704 0.215 -0.794 -1.869 -3.074 -3.794 -4.030
0.06 0.69525 9.47712 1.5319613218 2.5414543826    1.530  2.484  3.5754  1.393    3  0.000  0.385     0.00     0.00     0.00     0.00     0.00 -1 -1.47e-10      0.00 5.710e-01 3.685e-01 7.556e-03 6.452e-03 2.619e-02 -1.000 6.050e-02 -1.439 3.448 1.696 0.214 -0.820 -1.944 -3.180 -3.906 -4.146
0.06 0.69525 9.47712 1.5320594311 2.5414620816    1.530  2.520  3.5720  1.343    3  0.000  0.385    11.79     8.37     5.92     4.50     3.66  4 -1.69e-10      0.00 5.710e-01 3.685e-01 7.556e-03 6.453e-03 2.619e-02 -1.000 6.050e-02 -1.529 3.428 1.694 0.219 -0.840 -2.014 -3.282 -4.013 -4.259
0.06 0.69525 9.47712 1.5321725607 2.5414709580    1.530  2.564  3.5677  1.282    3  0.000  0.385    13.35     9.36     6.58     5.01     4.08  4 -2.01e-10      0.00 5.710e-01 3.685e-01 7.556e-03 6.453e-03 2.619e-02 -1.000 6.050e-02 -1.640 3.404 1.702 0.240 -0.856 -2.095 -3.408 -4.147 -4.399
0.06 0.69525 9.47712 1.5322767496 2.5414791315    1.530  2.608  3.5635  1.221    3  0.000  0.385    15.11    10.45     7.32     5.57     4.54  4 -2.38e-10      0.00 5.710e-01 3.685e-01 7.556e-03 6.453e-03 2.619e-02 -1.000 6.050e-02 -1.750 3.380 1.722 0.274 -0.863 -2.170 -3.533 -4.278 -4.537
0.06 0.69525 9.47712 1.5323731899 2.5414866961    1.530  2.651  3.5592  1.160    3  0.000  0.385    17.09    11.66     8.12     6.20     5.05  4 -2.82e-10      0.00 5.710e-01 3.685e-01 7.555e-03 6.453e-03 2.619e-02 -1.000 6.050e-02 -1.859 3.358 1.748 0.316 -0.864 -2.241 -3.656 -4.409 -4.675
0.06 0.69525 9.47712 1.5324624777 2.5414936986    1.530  2.694  3.5549  1.100    3  0.000  0.385    19.30    13.00     9.01     6.89     5.61  4 -3.34e-10      0.00 5.710e-01 3.685e-01 7.555e-03 6.454e-03 2.619e-02 -1.000 6.050e-02 -1.966 3.336 1.793 0.381 -0.852 -2.296 -3.779 -4.538 -4.811
0.06 0.69525 9.47712 1.5325446129 2.5415001393    1.530  2.737  3.5506  1.041    3  0.000  0.385    21.76    14.47     9.98     7.64     6.23  4 -3.94e-10      0.00 5.710e-01 3.685e-01 7.555e-03 6.454e-03 2.619e-02 -1.000 6.050e-02 -2.071 3.316 1.839 0.448 -0.838 -2.350 -3.899 -4.665 -4.945
0.06 0.69525 9.47712 1.5326203108 2.5415060746    1.530  2.778  3.5462  0.981    3  0.000  0.385    24.53    16.10    11.06     8.48     6.91  4 -4.65e-10      0.00 5.710e-01 3.685e-01 7.555e-03 6.454e-03 2.619e-02 -1.000 6.050e-02 -2.175 3.297 1.910 0.543 -0.806 -2.382 -4.018 -4.790 -5.078
0.06 0.69525 9.47712 1.5326913595 2.5415116447    1.530  2.820  3.5419  0.923    3  0.000  0.385    27.64    17.91    12.24     9.40     7.66  4 -5.48e-10      0.00 5.710e-01 3.685e-01 7.555e-03 6.454e-03 2.619e-02 -1.000 6.050e-02 -2.279 3.273 1.982 0.638 -0.774 -2.414 -4.137 -4.915 -5.211
0.06 0.69525 9.47712 1.5327564478 2.5415167470    1.529  2.860  3.5376  0.864    3  0.000  0.385    31.09    19.89    13.53    10.40     8.48  4 -6.44e-10      0.00 5.710e-01 3.685e-01 7.555e-03 6.454e-03 2.619e-02 -1.000 6.050e-02 -2.381 3.253 2.070 0.752 -0.729 -2.428 -4.253 -5.038 -5.343
0.06 0.69525 9.47712 1.5328159332 2.5415214096    1.529  2.900  3.5332  0.807    3  0.000  0.385    34.90    22.05    14.93    11.50     9.38  4 -7.54e-10      0.00 5.710e-01 3.685e-01 7.555e-03 6.454e-03 2.619e-02 -1.000 6.050e-02 -2.479 3.236 2.173 0.882 -0.672 -2.426 -4.366 -5.158 -5.471
0.06 0.69525 9.47712 1.5328722000 2.5415258196    1.529  2.939  3.5287  0.750    3  0.000  0.385    39.19    24.45    16.47    12.71    10.37  3 -8.83e-10      0.00 5.710e-01 3.685e-01 7.555e-03 6.454e-03 2.619e-02 -1.000 6.050e-02 -2.577 3.219 2.285 1.023 -0.606 -2.413 -4.478 -5.277 -5.599
0.06 0.69525 9.47712 1.5329239368 2.5415298742    1.529  2.977  3.5243  0.694    3  0.000  0.385    43.91    27.06    18.15    14.02    11.44  3 -1.03e-09      0.00 5.710e-01 3.685e-01 7.555e-03 6.455e-03 2.619e-02 -1.000 6.050e-02 -2.673 3.207 2.419 1.193 -0.518 -2.372 -4.586 -5.393 -5.724
0.06 0.69525 9.47712 1.5329726934 2.5415336950    1.528  3.015  3.5199  0.638    3  0.000  0.385    49.16    29.93    19.98    15.46    12.62  3  -1.2e-09      0.00 5.710e-01 3.685e-01 7.555e-03 6.455e-03 2.619e-02 -1.000 6.050e-02 -2.768 3.196 2.556 1.363 -0.430 -2.330 -4.693 -5.509 -5.849
0.06 0.69525 9.47712 1.5330169201 2.5415371605    1.528  3.052  3.5155  0.584    3  0.000  0.385    54.85    33.00    21.94    17.00    13.88  3 -1.39e-09      0.00 5.710e-01 3.685e-01 7.555e-03 6.455e-03 2.619e-02 -1.000 6.050e-02 -2.859 3.196 2.705 1.554 -0.318 -2.262 -4.793 -5.619 -5.968
0.06 0.69525 9.47712 1.5330590010 2.5415404577    1.528  3.088  3.5111  0.530    3  0.000  0.385    61.21    36.40    24.09    18.69    15.26  3 -1.62e-09      0.00 5.710e-01 3.685e-01 7.555e-03 6.455e-03 2.619e-02 -1.000 6.050e-02 -2.950 3.227 2.882 1.769 -0.195 -2.186 -4.894 -5.728 -6.088
0.06 0.69525 9.47712 1.5330982208 2.5415435305    1.527  3.124  3.5066  0.476    3  0.000  0.385    68.29    40.12    26.44    20.54    16.78  3 -1.87e-09      0.00 5.710e-01 3.685e-01 7.555e-03 6.455e-03 2.619e-02 -1.000 6.050e-02 -3.040 3.243 3.040 1.950 -0.085 -2.113 -4.992 -5.837 -6.206
0.06 0.69525 9.47712 1.5331349373 2.5415464070    1.527  3.159  3.5022  0.423    3  0.000  0.385    76.02    44.15    28.97    22.54    18.42  3 -2.17e-09      0.00 5.710e-01 3.685e-01 7.555e-03 6.455e-03 2.619e-02 -1.000 6.050e-02 -3.128 3.239 3.182 2.113 0.017 -2.042 -5.087 -5.944 -6.322
0.06 0.69525 9.47712 1.5331698656 2.5415491433    1.526  3.194  3.4977  0.371    3  0.000  0.385    84.58    48.56    31.72    24.72    20.20  3  -2.5e-09      0.00 5.710e-01 3.685e-01 7.555e-03 6.455e-03 2.619e-02 -1.000 6.050e-02 -3.215 3.239 3.309 2.241 0.100 -1.981 -5.181 -6.051 -6.436
0.06 0.69525 9.47712 1.5332028866 2.5415517300    1.526  3.227  3.4933  0.319    3  0.000  0.385    93.84    53.27    34.65    27.04    22.11  2 -2.88e-09      0.00 5.710e-01 3.685e-01 7.555e-03 6.455e-03 2.619e-02 -1.000 6.050e-02 -3.299 3.246 3.430 2.343 0.172 -1.922 -5.270 -6.153 -6.547
0.06 0.69525 9.47712 1.5332208872 2.5415531401    1.525  3.245  3.4910  0.292    3  0.000  0.385    99.07    55.91    36.29    28.34    23.17  2  -3.1e-09      0.00 5.710e-01 3.685e-01 7.555e-03 6.455e-03 2.619e-02 -1.000 6.050e-02 -3.342 3.253 3.499 2.402 0.215 -1.887 -5.316 -6.206 -6.605
0.06 0.69525 9.47712 1.5332208872 2.5415531401    1.526  1.669  3.6478  2.496    4  0.000  0.386     0.00     0.00     0.00     0.00     0.00 -1    -1e-30      0.00 5.696e-01 3.699e-01 7.579e-03 6.428e-03 2.620e-02 -1.000 6.050e-02 0.599 3.899 2.446 1.207 0.465 -0.104 -0.928 -1.560 -1.673
0.06 0.69525 9.47712 1.5339138508 2.5416073931    1.526  1.695  3.6459  2.463    4  0.000  0.386     0.00     0.00     0.00     0.00     0.00 -1    -1e-30      0.00 5.696e-01 3.699e-01 7.578e-03 6.430e-03 2.620e-02 -1.000 6.050e-02 0.534 3.894 2.410 1.159 0.410 -0.166 -0.998 -1.635 -1.751
0.06 0.69525 9.47712 1.5345606804 2.5416579833    1.527  1.695  3.6461  2.463    4  0.000  0.386     0.00     0.00     0.00     0.00     0.00 -1    -1e-30      0.00 5.696e-01 3.699e-01 7.577e-03 6.432e-03 2.620e-02 -1.000 6.050e-02 0.533 3.887 2.407 1.156 0.408 -0.168 -0.999 -1.635 -1.750
0.06 0.69525 9.47712 1.5352069139 2.5417084780    1.528  1.695  3.6463  2.464    4  0.000  0.386     0.00     0.00     0.00     0.00     0.00 -1    -1e-30      0.00 5.696e-01 3.699e-01 7.577e-03 6.434e-03 2.619e-02 -1.000 6.050e-02 0.532 3.881 2.403 1.154 0.406 -0.168 -0.999 -1.634 -1.749
0.06 0.69525 9.47712 1.5359411240 2.5417657876    1.528  1.695  3.6466  2.465    4  0.000  0.386     0.00     0.00     0.00     0.00     0.00 -1    -1e-30      0.00 5.696e-01 3.699e-01 7.576e-03 6.436e-03 2.619e-02 -1.000 6.050e-02 0.532 3.874 2.400 1.151 0.404 -0.169 -0.999 -1.633 -1.748
0.06 0.69525 9.47712 1.5366048813 2.5418175437    1.529  1.695  3.6468  2.466    4  0.000  0.386     0.00     0.00     0.00     0.00     0.00 -1    -1e-30      0.00 5.696e-01 3.699e-01 7.575e-03 6.438e-03 2.619e-02 -1.000 6.050e-02 0.531 3.868 2.396 1.149 0.403 -0.170 -0.998 -1.632 -1.747
0.06 0.69525 9.47712 1.5373214483 2.5418733599    1.530  1.696  3.6470  2.467    4  0.000  0.386     0.00     0.00     0.00     0.00     0.00 -1    -1e-30      0.00 5.696e-01 3.699e-01 7.574e-03 6.440e-03 2.619e-02 -1.000 6.050e-02 0.531 3.861 2.392 1.147 0.401 -0.170 -0.998 -1.631 -1.746
0.06 0.69525 9.47712 1.5380268097 2.5419282449    1.531  1.696  3.6473  2.468    4  0.000  0.386     0.00     0.00     0.00     0.00     0.00 -1    -1e-30      0.00 5.695e-01 3.700e-01 7.573e-03 6.441e-03 2.619e-02 -1.000 6.050e-02 0.530 3.854 2.389 1.144 0.400 -0.171 -0.998 -1.631 -1.745
0.06 0.69525 9.47712 1.5387167931 2.5419818773    1.531  1.696  3.6475  2.469    4  0.000  0.386     0.00     0.00     0.00     0.00     0.00 -1    -1e-30      0.00 5.695e-01 3.700e-01 7.572e-03 6.443e-03 2.619e-02 -1.000 6.050e-02 0.530 3.848 2.385 1.141 0.398 -0.172 -0.998 -1.630 -1.744
0.06 0.69525 9.47712 1.5394086838 2.5420356025    1.532  1.696  3.6477  2.470    4  0.000  0.386     0.00     0.00     0.00     0.00     0.00 -1    -1e-30      0.00 5.695e-01 3.700e-01 7.571e-03 6.445e-03 2.619e-02 -1.000 6.050e-02 0.529 3.841 2.381 1.139 0.396 -0.173 -0.999 -1.630 -1.744
0.06 0.69525 9.47712 1.5401667356 2.5420944013    1.533  1.697  3.6479  2.471    4  0.000  0.385     0.00     0.00     0.00     0.00     0.00 -1    -1e-30      0.00 5.695e-01 3.700e-01 7.570e-03 6.447e-03 2.618e-02 -1.000 6.050e-02 0.528 3.834 2.377 1.136 0.394 -0.174 -0.999 -1.629 -1.743
0.06 0.69525 9.47712 1.5408380032 2.5421464132    1.534  1.697  3.6481  2.471    4  0.000  0.385     0.00     0.00     0.00     0.00     0.00 -1    -1e-30      0.00 5.695e-01 3.700e-01 7.569e-03 6.449e-03 2.618e-02 -1.000 6.050e-02 0.527 3.827 2.374 1.133 0.392 -0.176 -0.999 -1.629 -1.743
0.06 0.69525 9.47712 1.5415434837 2.5422010198    1.534  1.698  3.6483  2.472    4  0.000  0.385     0.00     0.00     0.00     0.00     0.00 -1    -1e-30      0.00 5.695e-01 3.700e-01 7.568e-03 6.451e-03 2.618e-02 -1.000 6.050e-02 0.526 3.821 2.370 1.130 0.390 -0.177 -1.000 -1.629 -1.743
0.06 0.69525 9.47712 1.5422165394 2.5422530630    1.535  1.699  3.6485  2.471    4  0.000  0.385     0.00     0.00     0.00     0.00     0.00 -1    -1e-30      0.00 5.695e-01 3.700e-01 7.568e-03 6.453e-03 2.618e-02 -1.000 6.050e-02 0.523 3.815 2.365 1.126 0.386 -0.180 -1.002 -1.631 -1.744
0.06 0.69525 9.47712 1.5428928137 2.5423053025    1.536  1.700  3.6486  2.471    4  0.000  0.385     0.00     0.00     0.00     0.00     0.00 -1    -1e-30      0.00 5.695e-01 3.700e-01 7.567e-03 6.455e-03 2.618e-02 -1.000 6.050e-02 0.520 3.808 2.361 1.122 0.383 -0.183 -1.005 -1.633 -1.747
0.06 0.69525 9.47712 1.5432575941 2.5423334585    1.536  1.700  3.6487  2.471    4  0.000  0.385     0.00     0.00     0.00     0.00     0.00 -1    -1e-30      0.00 5.694e-01 3.701e-01 7.566e-03 6.456e-03 2.618e-02 -1.000 6.050e-02 0.519 3.805 2.358 1.120 0.381 -0.185 -1.006 -1.634 -1.748
0.06 0.69525 9.47712 1.5436064005 2.5423603673    1.537  1.701  3.6487  2.470    4  0.000  0.385     0.00     0.00     0.00     0.00     0.00 -1    -1e-30      0.00 5.694e-01 3.701e-01 7.566e-03 6.457e-03 2.618e-02 -1.000 6.050e-02 0.517 3.802 2.356 1.118 0.379 -0.187 -1.008 -1.636 -1.749
0.06 0.69525 9.47712 1.5443153381 2.5424150153    1.537  1.703  3.6488  2.469    4  0.000  0.385     0.00     0.00     0.00     0.00     0.00 -1    -1e-30      0.00 5.694e-01 3.701e-01 7.565e-03 6.459e-03 2.617e-02 -1.000 6.050e-02 0.513 3.796 2.351 1.113 0.374 -0.191 -1.012 -1.639 -1.752
0.06 0.69525 9.47712 1.5450255871 2.5424697065    1.538  1.705  3.6489  2.468    4  0.000  0.385     0.00     0.00     0.00     0.00     0.00 -1    -1e-30      0.00 5.694e-01 3.701e-01 7.564e-03 6.460e-03 2.617e-02 -1.000 6.050e-02 0.509 3.790 2.345 1.108 0.369 -0.195 -1.016 -1.643 -1.756
0.06 0.69525 9.47712 1.5457359552 2.5425243492    1.539  1.707  3.6489  2.466    4  0.000  0.385     0.00     0.00     0.00     0.00     0.00 -1    -1e-30      0.00 5.694e-01 3.701e-01 7.563e-03 6.462e-03 2.617e-02 -1.000 6.050e-02 0.503 3.784 2.340 1.102 0.364 -0.201 -1.021 -1.648 -1.761
0.06 0.69525 9.47712 1.5464485884 2.5425791080    1.540  1.709  3.6490  2.464    4  0.000  0.385     0.00     0.00     0.00     0.00     0.00 -1    -1e-30      0.00 5.694e-01 3.701e-01 7.562e-03 6.464e-03 2.617e-02 -1.000 6.050e-02 0.498 3.778 2.334 1.096 0.358 -0.206 -1.027 -1.654 -1.767
0.06 0.69525 9.47712 1.5471560955 2.5426334156    1.540  1.712  3.6490  2.462    4  0.000  0.385     0.00     0.00     0.00     0.00     0.00 -1    -1e-30      0.00 5.694e-01 3.701e-01 7.561e-03 6.466e-03 2.617e-02 -1.000 6.050e-02 0.491 3.772 2.327 1.089 0.351 -0.213 -1.033 -1.660 -1.773
0.06 0.69525 9.47712 1.5478436947 2.5426861404    1.541  1.714  3.6490  2.459    4  0.000  0.385     0.00     0.00     0.00     0.00     0.00 -1    -1e-30      0.00 5.694e-01 3.701e-01 7.560e-03 6.468e-03 2.617e-02 -1.000 6.050e-02 0.484 3.766 2.321 1.083 0.345 -0.220 -1.040 -1.667 -1.780
0.06 0.69525 9.47712 1.5485458374 2.5427399248    1.542  1.717  3.6489  2.456    4  0.000  0.385     0.00     0.00     0.00     0.00     0.00 -1    -1e-30      0.00 5.693e-01 3.702e-01 7.559e-03 6.470e-03 2.617e-02 -1.000 6.050e-02 0.477 3.761 2.314 1.075 0.337 -0.227 -1.048 -1.675 -1.788
0.06 0.69525 9.47712 1.5487385988 2.5427546805    1.542  1.718  3.6489  2.455    4  0.000  0.385     0.00     0.00     0.00     0.00     0.00 -1    -1e-30      0.00 5.693e-01 3.702e-01 7.559e-03 6.470e-03 2.617e-02 -1.000 6.050e-02 0.474 3.759 2.312 1.073 0.335 -0.230 -1.051 -1.677 -1.791
0.06 0.69525 9.47712 1.5492532253 2.5427940542    1.543  1.721  3.6488  2.452    4  0.000  0.385     0.00     0.00     0.00     0.00     0.00 -1    -1e-30      0.00 5.693e-01 3.702e-01 7.559e-03 6.472e-03 2.616e-02 -1.000 6.050e-02 0.467 3.756 2.307 1.067 0.328 -0.237 -1.058 -1.685 -1.798
0.06 0.69525 9.47712 1.5499825478 2.5428498027    1.543  1.725  3.6486  2.448    4  0.000  0.385     0.00     0.00     0.00     0.00     0.00 -1    -1e-30      0.00 5.693e-01 3.702e-01 7.558e-03 6.474e-03 2.616e-02 -1.000 6.050e-02 0.457 3.751 2.300 1.058 0.319 -0.247 -1.069 -1.696 -1.810
0.06 0.69525 9.47712 1.5506926775 2.5429040261    1.544  1.730  3.6484  2.442    4  0.000  0.385     0.00     0.00     0.00     0.00     0.00 -1    -1e-30      0.00 5.693e-01 3.702e-01 7.557e-03 6.476e-03 2.616e-02 -1.000 6.050e-02 0.445 3.746 2.291 1.048 0.308 -0.258 -1.081 -1.709 -1.823
0.06 0.69525 9.47712 1.5514154434 2.5429591558    1.545  1.736  3.6481  2.436    4  0.000  0.385     0.00     0.00     0.00     0.00     0.00 -1    -1e-30      0.00 5.693e-01 3.702e-01 7.556e-03 6.478e-03 2.616e-02 -1.000 6.050e-02 0.431 3.741 2.282 1.037 0.295 -0.272 -1.096 -1.724 -1.839
0.06 0.69525 9.47712 1.5521332026 2.5430138451    1.546  1.742  3.6478  2.428    4  0.000  0.385     0.00     0.00     0.00     0.00     0.00 -1    -1e-30      0.00 5.693e-01 3.702e-01 7.555e-03 6.480e-03 2.616e-02 -1.000 6.050e-02 0.415 3.737 2.271 1.024 0.281 -0.288 -1.113 -1.743 -1.857
0.06 0.69525 9.47712 1.5528414249 2.5430677509    1.547  1.750  3.6473  2.419    4  0.000  0.385     0.00     0.00     0.00     0.00     0.00 -1    -1e-30      0.00 5.693e-01 3.702e-01 7.554e-03 6.482e-03 2.616e-02 -1.000 6.050e-02 0.396 3.733 2.260 1.009 0.264 -0.306 -1.134 -1.764 -1.879
0.06 0.69525 9.47712 1.5535558462 2.5431220712    1.547  1.758  3.6467  2.408    4  0.000  0.385     0.00     0.00     0.00     0.00     0.00 -1    -1e-30      0.00 5.692e-01 3.703e-01 7.553e-03 6.483e-03 2.616e-02 -1.000 6.050e-02 0.374 3.729 2.247 0.992 0.245 -0.327 -1.157 -1.789 -1.904
0.06 0.69525 9.47712 1.5542781353 2.5431769313    1.548  1.769  3.6460  2.395    4  0.000  0.385     0.00     0.00     0.00     0.00     0.00 -1    -1e-30      0.00 5.692e-01 3.703e-01 7.552e-03 6.485e-03 2.615e-02 -1.000 6.050e-02 0.347 3.726 2.231 0.971 0.222 -0.353 -1.186 -1.820 -1.937
0.06 0.69525 9.47712 1.5550004244 2.5432317328    1.549  1.784  3.6448  2.375    4  0.000  0.385     0.00     0.00     0.00     0.00     0.00 -1    -1e-30      0.00 5.692e-01 3.703e-01 7.551e-03 6.487e-03 2.615e-02 -1.000 6.050e-02 0.309 3.723 2.211 0.943 0.190 -0.390 -1.227 -1.864 -1.981
0.06 0.69525 9.47712 1.5557119846 2.5432856631    1.550  1.809  3.6429  2.343    4  0.000  0.385     0.00     0.00     0.00     0.00     0.00 -1    -1e-30      0.00 5.692e-01 3.703e-01 7.550e-03 6.489e-03 2.615e-02 -1.000 6.050e-02 0.249 3.722 2.180 0.899 0.138 -0.448 -1.293 -1.935 -2.055
0.06 0.69525 9.47712 1.5559855700 2.5433063835    1.550  1.821  3.6419  2.327    4  0.000  0.385     0.00     0.00     0.00     0.00     0.00 -1    -1e-30      0.00 5.692e-01 3.703e-01 7.550e-03 6.490e-03 2.615e-02 -1.000 6.050e-02 0.218 3.723 2.164 0.877 0.112 -0.478 -1.327 -1.972 -2.092
0.06 0.69525 9.47712 1.5563877821 2.5433368304    1.550  1.851  3.6394  2.287    4  0.000  0.385     0.00     0.00     0.00     0.00     0.00 -1    -1e-30      0.00 5.692e-01 3.703e-01 7.550e-03 6.491e-03 2.615e-02 -1.000 6.050e-02 0.142 3.725 2.127 0.824 0.049 -0.550 -1.409 -2.061 -2.183
0.06 0.69525 9.47712 1.5566089153 2.5433535621    1.551  1.891  3.6360  2.233    4  0.000  0.385     0.00     0.00     0.00     0.00     0.00 -1    -1e-30      0.00 5.692e-01 3.703e-01 7.549e-03 6.491e-03 2.615e-02 -1.000 6.050e-02 0.042 3.727 2.080 0.756 -0.030 -0.645 -1.518 -2.179 -2.305
0.06 0.69525 9.47712 1.5567454100 2.5433638871    1.551  1.931  3.6327  2.180    4  0.000  0.385     0.00     0.00     0.00     0.00     0.00 -1    -1e-30      0.00 5.692e-01 3.703e-01 7.549e-03 6.492e-03 2.615e-02 -1.000 6.050e-02 -0.058 3.730 2.033 0.688 -0.110 -0.740 -1.627 -2.297 -2.425
0.06 0.69525 9.47712 1.5568273067 2.5433700811    1.551  1.969  3.6295  2.129    4  0.000  0.385     0.00     0.00     0.00     0.00     0.00 -1    -1e-30      0.00 5.692e-01 3.703e-01 7.549e-03 6.492e-03 2.615e-02 -1.000 6.050e-02 -0.153 3.733 1.988 0.623 -0.186 -0.831 -1.731 -2.409 -2.541
0.06 0.69525 9.47712 1.5568842888 2.5433743903    1.551  2.012  3.6258  2.072    4  0.000  0.385     0.00     0.00     0.00     0.00     0.00 -1    -1e-30      0.00 5.692e-01 3.703e-01 7.549e-03 6.492e-03 2.615e-02 -1.000 6.050e-02 -0.260 3.734 1.940 0.556 -0.264 -0.932 -1.847 -2.535 -2.671
0.06 0.69525 9.47712 1.5569163561 2.5433768152    1.551  2.050  3.6226  2.020    4  0.000  0.385     0.00     0.00     0.00     0.00     0.00 -1    -1e-30      0.00 5.692e-01 3.703e-01 7.549e-03 6.492e-03 2.615e-02 -1.000 6.050e-02 -0.356 3.737 1.897 0.495 -0.336 -1.023 -1.952 -2.648 -2.787
0.06 0.69525 9.47712 1.5569376945 2.5433784287    1.551  2.088  3.6193  1.970    4  0.000  0.385     0.00     0.00     0.00     0.00     0.00 -1    -1e-30      0.00 5.692e-01 3.703e-01 7.549e-03 6.492e-03 2.615e-02 -1.000 6.050e-02 -0.450 3.728 1.857 0.435 -0.404 -1.112 -2.056 -2.755 -2.900
0.06 0.69525 9.47712 1.5569531918 2.5433796005    1.551  2.127  3.6160  1.917    4  0.000  0.385     0.00     0.00     0.00     0.00     0.00 -1    -1e-30      0.00 5.692e-01 3.703e-01 7.549e-03 6.492e-03 2.615e-02 -1.000 6.050e-02 -0.548 3.702 1.817 0.377 -0.469 -1.202 -2.163 -2.862 -3.015
0.06 0.69525 9.47712 1.5569645166 2.5433804568    1.551  2.164  3.6129  1.868    4  0.000  0.385     0.00     0.00     0.00     0.00     0.00 -1    -1e-30      0.00 5.692e-01 3.703e-01 7.549e-03 6.492e-03 2.615e-02 -1.000 6.050e-02 -0.641 3.675 1.777 0.321 -0.533 -1.288 -2.265 -2.963 -3.124
0.06 0.69525 9.47712 1.5569651127 2.5433805019    1.551  2.167  3.6127  1.865    4  0.000  0.385     0.00     0.00     0.00     0.00     0.00 -1    -1e-30      0.00 5.692e-01 3.703e-01 7.549e-03 6.492e-03 2.615e-02 -1.000 6.050e-02 -0.646 3.674 1.775 0.317 -0.537 -1.293 -2.271 -2.969 -3.131
0.06 0.69525 9.47712 1.5569653511 2.5433805199    1.551  2.167  3.6126  1.864    7  0.000  0.385     0.00     0.00     0.00     0.00     0.00 -1    -1e-30      0.00 5.692e-01 3.703e-01 7.549e-03 6.492e-03 2.615e-02 -1.000 6.050e-02 -0.648 3.673 1.774 0.316 -0.538 -1.295 -2.273 -2.971 -3.133
0.06 0.69525 9.47712 1.5569751263 2.5433812590    1.551  2.203  3.6095  1.815    7  0.000  0.385     0.00     0.00     0.00     0.00     0.00 -1    -1e-30      0.00 5.692e-01 3.703e-01 7.549e-03 6.492e-03 2.615e-02 -1.000 6.050e-02 -0.739 3.644 1.736 0.263 -0.601 -1.378 -2.372 -3.071 -3.240
0.06 0.69525 9.47712 1.5569865704 2.5433821243    1.551  2.238  3.6065  1.768    7  0.000  0.385     0.00     0.00     0.00     0.00     0.00 -1    -1e-30      0.00 5.692e-01 3.703e-01 7.549e-03 6.492e-03 2.615e-02 -1.000 6.050e-02 -0.825 3.607 1.700 0.218 -0.654 -1.456 -2.468 -3.166 -3.343
0.06 0.69525 9.47712 1.5570214987 2.5433847651    1.551  2.238  3.6065  1.768    7  0.000  0.385     0.00     0.00     0.00     0.00     0.00 -1    -1e-30      0.00 5.692e-01 3.703e-01 7.549e-03 6.492e-03 2.615e-02 -1.000 6.050e-02 -0.826 3.606 1.699 0.217 -0.655 -1.457 -2.468 -3.166 -3.343
0.06 0.69525 9.47712 1.5570632219 2.5433879195    1.551  2.207  3.6093  1.810    7  0.000  0.385     0.00     0.00     0.00     0.00     0.00 -1    -1e-30      0.00 5.692e-01 3.703e-01 7.549e-03 6.492e-03 2.615e-02 -1.000 6.050e-02 -0.748 3.638 1.730 0.257 -0.607 -1.387 -2.382 -3.080 -3.250
0.06 0.69525 9.47712 1.5571151972 2.5433918487    1.551  2.167  3.6128  1.865    7  0.000  0.385     0.00     0.00     0.00     0.00     0.00 -1    -1e-30      0.00 5.692e-01 3.703e-01 7.549e-03 6.492e-03 2.615e-02 -1.000 6.050e-02 -0.647 3.671 1.773 0.315 -0.539 -1.294 -2.271 -2.969 -3.131
0.06 0.69525 9.47712 1.5571939945 2.5433978051    1.551  2.124  3.6165  1.923    7  0.000  0.385     0.00     0.00     0.00     0.00     0.00 -1    -1e-30      0.00 5.692e-01 3.703e-01 7.549e-03 6.493e-03 2.615e-02 -1.000 6.050e-02 -0.539 3.701 1.818 0.380 -0.465 -1.194 -2.153 -2.851 -3.003
0.06 0.69525 9.47712 1.5577702522 2.5434413436    1.552  2.113  3.6174  1.937    7  0.000  0.385     0.00     0.00     0.00     0.00     0.00 -1    -1e-30      0.00 5.692e-01 3.703e-01 7.548e-03 6.494e-03 2.615e-02 -1.000 6.050e-02 -0.513 3.707 1.827 0.395 -0.448 -1.170 -2.124 -2.822 -2.972
0.06 0.69525 9.47712 1.5585012436 2.5434965195    1.553  2.152  3.6142  1.886    7  0.000  0.385     0.00     0.00     0.00     0.00     0.00 -1    -1e-30      0.00 5.692e-01 3.703e-01 7.548e-03 6.495e-03 2.615e-02 -1.000 6.050e-02 -0.610 3.679 1.787 0.336 -0.514 -1.260 -2.230 -2.928 -3.086
0.06 0.69525 9.47712 1.5588660240 2.5435240312    1.553  2.197  3.6103  1.825    7  0.000  0.385     0.00     0.00     0.00     0.00     0.00 -1    -1e-30      0.00 5.692e-01 3.703e-01 7.547e-03 6.496e-03 2.615e-02 -1.000 6.050e-02 -0.723 3.644 1.738 0.267 -0.594 -1.364 -2.354 -3.052 -3.220
0.06 0.69525 9.47712 1.5591112375 2.5435425169    1.553  2.241  3.6064  1.766    7  0.000  0.385     0.00     0.00     0.00     0.00     0.00 -1    -1e-30      0.00 5.692e-01 3.703e-01 7.547e-03 6.497e-03 2.615e-02 -1.000 6.050e-02 -0.834 3.599 1.693 0.210 -0.662 -1.464 -2.476 -3.174 -3.351
0.06 0.69525 9.47712 1.5592912436 2.5435560826    1.553  2.285  3.6026  1.707    7  0.000  0.385     0.00     0.00     0.00     0.00     0.00 -1    -1e-30      0.00 5.692e-01 3.703e-01 7.547e-03 6.497e-03 2.615e-02 -1.000 6.050e-02 -0.942 3.552 1.649 0.154 -0.730 -1.562 -2.597 -3.294 -3.481
0.06 0.69525 9.47712 1.5594327450 2.5435667440    1.554  2.327  3.5987  1.649    7  0.000  0.385     0.00     0.00     0.00     0.00     0.00 -1    -1e-30      0.00 5.692e-01 3.703e-01 7.547e-03 6.497e-03 2.614e-02 -1.000 6.050e-02 -1.049 3.502 1.609 0.105 -0.795 -1.656 -2.714 -3.411 -3.608
0.06 0.69525 9.47712 1.5595501661 2.5435755893    1.554  2.369  3.5950  1.592    7  0.000  0.385     0.00     0.00     0.00     0.00     0.00 -1    -1e-30      0.00 5.692e-01 3.703e-01 7.546e-03 6.498e-03 2.614e-02 -1.000 6.050e-02 -1.153 3.443 1.572 0.064 -0.853 -1.746 -2.830 -3.527 -3.734
0.06 0.69525 9.47712 1.5596492290 2.5435830506    1.554  2.410  3.5912  1.536    7  0.000  0.385     0.00     0.00     0.00     0.00     0.00 -1    -1e-30      0.00 5.692e-01 3.703e-01 7.546e-03 6.498e-03 2.614e-02 -1.000 6.050e-02 -1.255 3.384 1.537 0.025 -0.911 -1.834 -2.944 -3.641 -3.858
0.06 0.69525 9.47712 1.5597361326 2.5435895951    1.554  2.451  3.5874  1.480    7  0.000  0.385     0.00     0.00     0.00     0.00     0.00 -1    -1e-30      0.00 5.692e-01 3.703e-01 7.546e-03 6.498e-03 2.614e-02 -1.000 6.050e-02 -1.358 3.335 1.510 -0.002 -0.961 -1.920 -3.059 -3.758 -3.984
0.06 0.69525 9.47712 1.5598165989 2.5435956541    1.554  2.493  3.5834  1.423    7  0.000  0.385     0.00     0.00     0.00     0.00     0.00 -1    -1e-30      0.00 5.692e-01 3.703e-01 7.546e-03 6.498e-03 2.614e-02 -1.000 6.050e-02 -1.461 3.316 1.493 -0.018 -0.999 -2.008 -3.176 -3.883 -4.114
0.06 0.69525 9.47712 1.5598907471 2.5436012367    1.554  2.533  3.5795  1.366    7  0.000  0.385    11.32     8.07     5.72     4.33     3.53  4    -1e-30      0.00 5.692e-01 3.703e-01 7.546e-03 6.498e-03 2.614e-02 -1.000 6.050e-02 -1.564 3.296 1.478 -0.032 -1.036 -2.094 -3.291 -4.005 -4.243
0.06 0.69525 9.47712 1.5599600077 2.5436064507    1.554  2.574  3.5755  1.309    7  0.000  0.385    12.71     8.95     6.31     4.79     3.90  4    -1e-30      0.00 5.692e-01 3.703e-01 7.546e-03 6.499e-03 2.614e-02 -1.000 6.050e-02 -1.666 3.276 1.480 -0.020 -1.055 -2.173 -3.408 -4.129 -4.372
0.06 0.69525 9.47712 1.5600230694 2.5436111977    1.554  2.615  3.5714  1.252    7  0.000  0.385    14.26     9.91     6.96     5.29     4.31  4    -1e-30      0.00 5.692e-01 3.703e-01 7.546e-03 6.499e-03 2.614e-02 -1.000 6.050e-02 -1.768 3.257 1.481 -0.011 -1.076 -2.252 -3.523 -4.252 -4.501
0.06 0.69525 9.47712 1.5600823164 2.5436156571    1.554  2.655  3.5673  1.196    7  0.000  0.385    15.99    10.98     7.67     5.84     4.76  4    -1e-30      0.00 5.692e-01 3.703e-01 7.546e-03 6.499e-03 2.614e-02 -1.000 6.050e-02 -1.868 3.239 1.498 0.019 -1.082 -2.323 -3.638 -4.373 -4.629
0.06 0.69525 9.47712 1.5601398945 2.5436199905    1.554  2.696  3.5631  1.138    7  0.000  0.385    17.96    12.18     8.47     6.46     5.27  4    -1e-30      0.00 5.692e-01 3.703e-01 7.546e-03 6.499e-03 2.614e-02 -1.000 6.050e-02 -1.970 3.221 1.524 0.061 -1.081 -2.390 -3.754 -4.497 -4.759
0.06 0.69525 9.47712 1.5601950884 2.5436241441    1.554  2.736  3.5589  1.081    7  0.000  0.385    20.16    13.50     9.35     7.14     5.82  4    -1e-30      0.00 5.692e-01 3.703e-01 7.546e-03 6.499e-03 2.614e-02 -1.000 6.050e-02 -2.070 3.204 1.558 0.111 -1.074 -2.452 -3.869 -4.619 -4.887
0.06 0.69525 9.47712 1.5602456331 2.5436279476    1.554  2.776  3.5546  1.024    7  0.000  0.385    22.61    14.96    10.31     7.89     6.43  4    -1e-30      0.00 5.692e-01 3.703e-01 7.546e-03 6.499e-03 2.614e-02 -1.000 6.050e-02 -2.169 3.187 1.609 0.183 -1.055 -2.500 -3.983 -4.739 -5.015
0.06 0.69525 9.47712 1.5602854490 2.5436309435    1.554  2.815  3.5503  0.968    7  0.000  0.385    25.36    16.57    11.37     8.71     7.10  4    -1e-30      0.00 5.692e-01 3.703e-01 7.545e-03 6.499e-03 2.614e-02 -1.000 6.050e-02 -2.267 3.170 1.663 0.259 -1.031 -2.546 -4.097 -4.860 -5.143
0.06 0.69525 9.47712 1.5603117943 2.5436329257    1.554  2.852  3.5461  0.914    7  0.000  0.385    28.28    18.27    12.47     9.58     7.81  4    -1e-30      0.00 5.692e-01 3.703e-01 7.544e-03 6.499e-03 2.614e-02 -1.000 6.050e-02 -2.361 3.152 1.738 0.358 -0.993 -2.570 -4.204 -4.974 -5.264
0.06 0.69525 9.47712 1.5603312254 2.5436343877    1.554  2.888  3.5421  0.862    7  0.000  0.385    31.42    20.07    13.65    10.49     8.56  4    -1e-30      0.00 5.692e-01 3.703e-01 7.543e-03 6.500e-03 2.614e-02 -1.000 6.050e-02 -2.450 3.137 1.815 0.458 -0.953 -2.591 -4.308 -5.083 -5.381
0.06 0.69525 9.47712 1.5603479147 2.5436356433    1.555  2.925  3.5377  0.807    7  0.000  0.385    35.10    22.15    15.00    11.55     9.42  4    -1e-30      0.00 5.692e-01 3.703e-01 7.542e-03 6.501e-03 2.614e-02 -1.000 6.050e-02 -2.543 3.123 1.911 0.579 -0.901 -2.599 -4.415 -5.198 -5.504
0.06 0.69525 9.47712 1.5603631735 2.5436367913    1.555  2.964  3.5332  0.751    7  0.000  0.385    39.35    24.53    16.53    12.75    10.40  3    -1e-30      0.00 5.692e-01 3.703e-01 7.540e-03 6.502e-03 2.614e-02 -1.000 6.050e-02 -2.639 3.109 2.021 0.718 -0.837 -2.591 -4.526 -5.316 -5.630
0.06 0.69525 9.47712 1.5603775978 2.5436378765    1.555  3.003  3.5285  0.693    7  0.000  0.384    44.26    27.25    18.28    14.11    11.52  3    -1e-30      0.00 5.692e-01 3.703e-01 7.539e-03 6.504e-03 2.614e-02 -1.000 6.050e-02 -2.737 3.097 2.148 0.877 -0.760 -2.570 -4.639 -5.436 -5.760
0.06 0.69525 9.47712 1.5603908300 2.5436388719    1.555  3.040  3.5239  0.637    7  0.000  0.384    49.57    30.15    20.13    15.57    12.71  3    -1e-30      0.00 5.692e-01 3.703e-01 7.538e-03 6.505e-03 2.614e-02 -1.000 6.050e-02 -2.831 3.090 2.295 1.060 -0.661 -2.521 -4.745 -5.551 -5.885
0.06 0.69525 9.47712 1.5604038239 2.5436398495    1.555  3.078  3.5192  0.580    7  0.000  0.384    55.55    33.38    22.19    17.18    14.03  3    -1e-30      0.00 5.692e-01 3.703e-01 7.537e-03 6.505e-03 2.614e-02 -1.000 6.050e-02 -2.925 3.096 2.450 1.246 -0.561 -2.469 -4.852 -5.666 -6.010
0.06 0.69525 9.47712 1.5604175329 2.5436408808    1.555  3.119  3.5140  0.519    7  0.000  0.384    62.95    37.32    24.68    19.15    15.64  3    -1e-30      0.00 5.692e-01 3.703e-01 7.537e-03 6.505e-03 2.614e-02 -1.000 6.050e-02 -3.027 3.133 2.655 1.495 -0.416 -2.380 -4.965 -5.790 -6.145
0.06 0.69525 9.47712 1.5604319572 2.5436419659    1.555  3.160  3.5087  0.457    7  0.000  0.384    71.36    41.74    27.46    21.34    17.44  3    -1e-30      0.00 5.692e-01 3.703e-01 7.537e-03 6.505e-03 2.614e-02 -1.000 6.050e-02 -3.129 3.144 2.861 1.752 -0.261 -2.278 -5.078 -5.915 -6.282
0.06 0.69525 9.47712 1.5604472160 2.5436431137    1.555  3.200  3.5034  0.396    7  0.000  0.384    80.79    46.63    30.53    23.76    19.42  3    -1e-30      0.00 5.692e-01 3.703e-01 7.537e-03 6.505e-03 2.614e-02 -1.000 6.050e-02 -3.229 3.144 3.035 1.952 -0.134 -2.188 -5.187 -6.039 -6.415
0.06 0.69525 9.47712 1.5604630709 2.5436443064    1.555  3.238  3.4982  0.336    7  0.000  0.384    91.05    51.89    33.81    26.35    21.54  2    -1e-30      0.00 5.692e-01 3.703e-01 7.537e-03 6.505e-03 2.614e-02 -1.000 6.050e-02 -3.325 3.149 3.197 2.123 -0.022 -2.105 -5.291 -6.157 -6.544
0.06 0.69525 9.47712 1.5604799986 2.5436455797    1.555  3.276  3.4931  0.278    7  0.000  0.384   102.42    57.64    37.38    29.18    23.86  2    -1e-30      0.00 5.692e-01 3.703e-01 7.537e-03 6.506e-03 2.614e-02 -1.000 6.050e-02 -3.419 3.162 3.345 2.250 0.070 -2.029 -5.391 -6.273 -6.669
0.06 0.69525 9.47712 1.5604978800 2.5436469247    1.555  3.313  3.4879  0.220    7  0.000  0.384   115.17    64.00    41.31    32.30    26.42  2    -1e-30      0.00 5.692e-01 3.703e-01 7.537e-03 6.506e-03 2.614e-02 -1.000 6.050e-02 -3.512 3.175 3.473 2.339 0.133 -1.977 -5.490 -6.388 -6.793
0.06 0.69525 9.47712 1.5605159998 2.5436482876    1.555  3.349  3.4828  0.164    7  0.000  0.384   129.09    70.86    45.53    35.66    29.17  2    -1e-30      0.00 5.692e-01 3.703e-01 7.537e-03 6.506e-03 2.614e-02 -1.000 6.050e-02 -3.602 3.179 3.552 2.350 0.139 -1.970 -5.583 -6.498 -6.912
0.06 0.69525 9.47712 1.5605342388 2.5436496595    1.555  3.384  3.4777  0.109    7  0.000  0.384   144.40    78.32    50.10    39.29    32.15  2    -1e-30      0.00 5.692e-01 3.703e-01 7.537e-03 6.506e-03 2.614e-02 -1.000 6.050e-02 -3.690 3.186 3.624 2.354 0.139 -1.972 -5.673 -6.606 -7.028
0.06 0.69525 9.47712 1.5605527163 2.5436510492    1.555  3.419  3.4726  0.053    7  0.000  0.384   161.56    86.58    55.13    43.30    35.44  2    -1e-30      0.00 5.692e-01 3.703e-01 7.537e-03 6.506e-03 2.614e-02 -1.000 6.050e-02 -3.777 3.192 3.681 2.345 0.122 -1.991 -5.761 -6.712 -7.142
0.06 0.69525 9.47712 1.5605713129 2.5436524479    1.555  3.453  3.4673 -0.002    7  0.000  0.384   180.77    95.72    60.67    47.72    39.07  2    -1e-30      0.00 5.692e-01 3.703e-01 7.537e-03 6.506e-03 2.614e-02 -1.000 6.050e-02 -3.863 3.195 3.727 2.332 0.099 -2.021 -5.849 -6.817 -7.255
0.06 0.69525 9.47712 1.5605893135 2.5436538017    1.555  3.487  3.4622 -0.057    7  0.000  0.384   201.81   105.60    66.64    52.50    42.99  0    -1e-30      0.00 5.692e-01 3.703e-01 7.537e-03 6.506e-03 2.614e-02 -1.000 6.050e-02 -3.947 3.196 3.764 2.310 0.065 -2.062 -5.933 -6.920 -7.365
0.06 0.69525 9.47712 1.5606070757 2.5436551376    1.555  3.520  3.4569 -0.111    7  0.000  0.384   225.09   116.42    73.15    57.70    47.26  0    -1e-30      0.00 5.692e-01 3.703e-01 7.537e-03 6.506e-03 2.614e-02 -1.000 6.050e-02 -4.030 3.196 3.790 2.291 0.029 -2.110 -6.015 -7.019 -7.470
0.06 0.69525 9.47712 1.5606247187 2.5436564644    1.555  3.554  3.4514 -0.167    7  0.000  0.384   252.43   128.97    80.66    63.72    52.21  0    -1e-30      0.00 5.692e-01 3.703e-01 7.537e-03 6.506e-03 2.614e-02 -1.000 6.050e-02 -4.116 3.194 3.811 2.273 -0.012 -2.168 -6.100 -7.121 -7.579
0.06 0.69525 9.47712 1.5606306791 2.5436569127    1.555  3.567  3.4493 -0.188    7  0.557  0.384   263.38   133.95    83.63    66.11    54.17  0    -1e-30      0.00 5.692e-01 3.703e-01 7.537e-03 6.506e-03 2.614e-02 -1.000 6.050e-02 -4.148 3.193 3.818 2.268 -0.027 -2.189 -6.132 -7.159 -7.619
0.06 0.69525 9.47712 1.5606307983 2.5436569217    1.555  3.567  3.4420 -0.217    8  0.557  0.403   275.66   141.22    87.96    69.59    57.03  0 -1.11e-07      0.00 5.692e-01 3.703e-01 7.961e-03 6.512e-03 2.634e-02 -1.000 6.051e-02 -4.148 3.258 3.908 2.349 0.019 -2.172 -6.132 -7.175 -7.641
0.06 0.69525 9.47712 1.5606307983 2.5436569217    1.555  3.371  3.4735  0.105    8  0.557  0.403   145.48    78.84    50.42    39.54    32.36  2 -4.83e-08      0.00 5.692e-01 3.703e-01 7.961e-03 6.512e-03 2.634e-02 -1.000 6.051e-02 -3.657 3.259 3.743 2.428 0.215 -1.895 -5.640 -6.589 -7.015
0.06 0.69525 9.47712 1.5606309175 2.5436569306    1.554  3.295  3.4859  0.230    8  0.557  0.403   112.98    62.91    40.64    31.77    25.98  2 -3.58e-08      0.00 5.692e-01 3.703e-01 7.961e-03 6.512e-03 2.634e-02 -1.000 6.051e-02 -3.468 3.228 3.559 2.404 0.203 -1.903 -5.447 -6.352 -6.759
0.06 0.69525 9.47712 1.5606309175 2.5436569306    1.554  3.116  3.5154  0.527    8  0.557  0.403    61.85    36.73    24.31    18.85    15.40  3 -1.87e-08      0.00 5.692e-01 3.703e-01 7.961e-03 6.512e-03 2.634e-02 -1.000 6.051e-02 -3.019 3.112 2.579 1.402 -0.480 -2.428 -4.955 -5.775 -6.128
0.06 0.69525 9.47712 1.5606311560 2.5436569485    1.553  3.135  3.5121  0.495    8  0.557  0.403    66.05    38.96    25.71    19.96    16.31  3 -1.99e-08      0.00 5.692e-01 3.703e-01 7.961e-03 6.512e-03 2.634e-02 -1.000 6.051e-02 -3.067 3.143 2.730 1.588 -0.363 -2.347 -5.010 -5.837 -6.197
0.06 0.69525 9.47712 1.5606312752 2.5436569575    1.552  3.230  3.4961  0.335    8  0.557  0.403    91.25    51.99    33.87    26.40    21.58  2  -2.8e-08      0.00 5.692e-01 3.703e-01 7.961e-03 6.512e-03 2.634e-02 -1.000 6.051e-02 -3.306 3.193 3.300 2.221 0.067 -2.020 -5.274 -6.147 -6.537
0.06 0.69525 9.47712 1.5606315136 2.5436569754    1.550  3.354  3.4754  0.128    8  0.557  0.403   138.89    75.64    48.45    37.98    31.08  2 -4.51e-08      0.00 5.692e-01 3.703e-01 7.961e-03 6.512e-03 2.634e-02 -1.000 6.051e-02 -3.616 3.263 3.729 2.438 0.228 -1.880 -5.599 -6.541 -6.965
0.06 0.69525 9.47712 1.5606317520 2.5436569934    1.549  3.459  3.4577 -0.049    8  0.557  0.403   198.38   103.97    65.65    51.71    42.34  0 -6.94e-08      0.00 5.692e-01 3.703e-01 7.961e-03 6.512e-03 2.634e-02 -1.000 6.051e-02 -3.878 3.288 3.887 2.408 0.157 -1.976 -5.863 -6.864 -7.312
0.06 0.69525 9.47712 1.5606321096 2.5436570203    1.547  3.526  3.4463 -0.161    8  0.557  0.403   249.10   127.39    79.71    62.97    51.59  0  -9.2e-08      0.00 5.692e-01 3.703e-01 7.961e-03 6.512e-03 2.634e-02 -1.000 6.051e-02 -4.045 3.289 3.928 2.387 0.083 -2.089 -6.029 -7.062 -7.521
0.06 0.69525 9.47712 1.5606324673 2.5436570472    1.545  3.557  3.4406 -0.216    8  0.557  0.403   274.45   140.67    87.62    69.33    56.81  0 -1.05e-07      0.00 5.692e-01 3.703e-01 7.961e-03 6.512e-03 2.634e-02 -1.000 6.051e-02 -4.124 3.287 3.943 2.385 0.049 -2.146 -6.108 -7.155 -7.620
0.06 0.69525 9.47712 1.5606329441 2.5436570830    1.542  3.568  3.4383 -0.237    8  0.557  0.403   282.77   146.07    90.83    71.91    58.93  0  -1.1e-07      0.00 5.692e-01 3.703e-01 7.961e-03 6.512e-03 2.634e-02 -1.000 6.051e-02 -4.151 3.287 3.950 2.389 0.040 -2.166 -6.136 -7.187 -7.655
0.06 0.69525 9.47712 1.5606334209 2.5436571189    1.539  3.571  3.4372 -0.245    8  0.557  0.403   285.92   148.17    92.07    72.91    59.76  0 -1.12e-07      0.00 5.692e-01 3.703e-01 7.961e-03 6.512e-03 2.634e-02 -1.000 6.051e-02 -4.159 3.291 3.957 2.396 0.040 -2.171 -6.144 -7.197 -7.666
0.06 0.69525 9.47712 1.5606334209 2.5436571189    1.539  3.439  3.4590 -0.026    8  0.557  0.403   189.18    99.61    63.01    49.61    40.62  2 -6.35e-08      0.00 5.692e-01 3.703e-01 7.961e-03 6.512e-03 2.634e-02 -1.000 6.051e-02 -3.828 3.310 3.905 2.438 0.194 -1.934 -5.813 -6.810 -7.255
0.06 0.69525 9.47712 1.5606335402 2.5436571278    1.539  3.301  3.4817  0.203    8  0.557  0.403   119.08    65.90    42.47    33.24    27.19  2 -3.63e-08      0.00 5.692e-01 3.703e-01 7.961e-03 6.512e-03 2.634e-02 -1.000 6.051e-02 -3.483 3.273 3.668 2.461 0.261 -1.843 -5.464 -6.385 -6.798
0.06 0.69525 9.47712 1.5606335402 2.5436571278    1.538  3.122  3.5112  0.500    8  0.557  0.403    65.19    38.50    25.42    19.73    16.12  3 -1.88e-08      0.00 5.692e-01 3.703e-01 7.961e-03 6.512e-03 2.634e-02 -1.000 6.051e-02 -3.035 3.182 2.811 1.683 -0.284 -2.278 -4.979 -5.809 -6.171
0.06 0.69525 9.47712 1.5606337786 2.5436571458    1.537  3.141  3.5079  0.467    8  0.557  0.403    69.62    40.83    26.88    20.89    17.07  3 -2.01e-08      0.00 5.692e-01 3.703e-01 7.961e-03 6.512e-03 2.634e-02 -1.000 6.051e-02 -3.082 3.193 2.941 1.840 -0.181 -2.202 -5.032 -5.872 -6.240
0.06 0.69525 9.47712 1.5606338978 2.5436571547    1.536  3.236  3.4920  0.308    8  0.557  0.403    96.12    54.44    35.38    27.61    22.57  2 -2.83e-08      0.00 5.692e-01 3.703e-01 7.961e-03 6.512e-03 2.634e-02 -1.000 6.051e-02 -3.320 3.250 3.471 2.378 0.199 -1.899 -5.293 -6.180 -6.577
0.06 0.69525 9.47712 1.5606341362 2.5436571727    1.535  3.360  3.4713  0.101    8  0.557  0.403   146.14    79.11    50.56    39.68    32.47  2 -4.57e-08      0.00 5.692e-01 3.703e-01 7.961e-03 6.512e-03 2.634e-02 -1.000 6.051e-02 -3.629 3.309 3.818 2.478 0.266 -1.843 -5.612 -6.570 -6.999
0.06 0.69525 9.47712 1.5606343746 2.5436571906    1.533  3.464  3.4536 -0.074    8  0.557  0.403   208.54   108.62    68.44    53.96    44.19  0 -7.04e-08      0.00 5.692e-01 3.703e-01 7.961e-03 6.512e-03 2.634e-02 -1.000 6.051e-02 -3.891 3.323 3.940 2.438 0.173 -1.972 -5.875 -6.888 -7.339
0.06 0.69525 9.47712 1.5606347322 2.5436572175    1.531  3.531  3.4423 -0.186    8  0.558  0.403   261.72   133.00    83.04    65.67    53.80  0 -9.34e-08      0.00 5.692e-01 3.703e-01 7.961e-03 6.512e-03 2.634e-02 -1.000 6.051e-02 -4.056 3.317 3.970 2.422 0.098 -2.089 -6.041 -7.083 -7.546
0.06 0.69525 9.47712 1.5606350899 2.5436572444    1.529  3.562  3.4366 -0.241    8  0.558  0.403   283.52   146.85    91.27    72.29    59.24  0 -1.07e-07      0.00 5.692e-01 3.703e-01 7.961e-03 6.512e-03 2.634e-02 -1.000 6.051e-02 -4.135 3.311 3.980 2.423 0.064 -2.149 -6.121 -7.175 -7.644
0.06 0.69525 9.47712 1.5606355667 2.5436572802    1.526  3.573  3.4343 -0.263    8  0.558  0.403   292.16   152.50    94.62    74.99    61.46  0 -1.12e-07      0.00 5.692e-01 3.703e-01 7.961e-03 6.512e-03 2.634e-02 -1.000 6.051e-02 -4.163 3.312 3.986 2.428 0.055 -2.169 -6.149 -7.208 -7.678
0.06 0.69525 9.47712 1.5606360435 2.5436573161    1.523  3.576  3.4331 -0.271    8  0.558  0.403   295.50   154.74    95.94    76.06    62.34  0 -1.14e-07      0.00 5.692e-01 3.703e-01 7.961e-03 6.512e-03 2.634e-02 -1.000 6.051e-02 -4.171 3.316 3.993 2.435 0.055 -2.174 -6.157 -7.218 -7.689
0.06 0.69525 9.47712 1.5606360435 2.5436573161    1.523  3.445  3.4547 -0.054    8  0.558  0.403   199.80   104.50    65.95    51.98    42.56  0 -6.48e-08      0.00 5.692e-01 3.703e-01 7.961e-03 6.512e-03 2.634e-02 -1.000 6.051e-02 -3.843 3.344 3.958 2.467 0.208 -1.933 -5.828 -6.838 -7.287
0.06 0.69525 9.47712 1.5606361628 2.5436573251    1.522  3.308  3.4773  0.174    8  0.558  0.403   126.02    69.28    44.54    34.89    28.54  2  -3.7e-08      0.00 5.692e-01 3.703e-01 7.961e-03 6.512e-03 2.634e-02 -1.000 6.051e-02 -3.500 3.321 3.770 2.509 0.308 -1.796 -5.482 -6.419 -6.838
0.06 0.69525 9.47712 1.5606361628 2.5436573251    1.521  3.129  3.5066  0.469    8  0.558  0.403    69.17    40.58    26.72    20.77    16.97  3  -1.9e-08      0.00 5.692e-01 3.703e-01 7.961e-03 6.512e-03 2.634e-02 -1.000 6.051e-02 -3.053 3.234 3.029 1.937 -0.098 -2.127 -5.005 -5.849 -6.219
0.06 0.69525 9.47712 1.5606364012 2.5436573430    1.519  3.149  3.5030  0.435    8  0.558  0.403    74.17    43.19    28.36    22.06    18.03  3 -2.04e-08      0.00 5.692e-01 3.703e-01 7.961e-03 6.512e-03 2.634e-02 -1.000 6.051e-02 -3.103 3.247 3.161 2.088 0.004 -2.049 -5.060 -5.915 -6.291
0.06 0.69525 9.47712 1.5606365204 2.5436573520    1.516  3.245  3.4868  0.273    8  0.558  0.403   102.89    57.82    37.47    29.28    23.94  2 -2.89e-08      0.00 5.692e-01 3.703e-01 7.961e-03 6.512e-03 2.634e-02 -1.000 6.051e-02 -3.342 3.308 3.631 2.494 0.301 -1.801 -5.319 -6.224 -6.628
0.06 0.69525 9.47712 1.5606367588 2.5436573699    1.513  3.369  3.4657  0.063    8  0.558  0.403   157.40    84.44    53.79    42.28    34.60  2 -4.73e-08      0.00 5.692e-01 3.703e-01 7.961e-03 6.512e-03 2.634e-02 -1.000 6.051e-02 -3.653 3.357 3.911 2.517 0.295 -1.821 -5.638 -6.613 -7.048
0.06 0.69525 9.47712 1.5606371164 2.5436573968    1.509  3.475  3.4476 -0.116    8  0.558  0.403   226.38   116.71    73.27    57.87    47.39  0 -7.35e-08      0.00 5.692e-01 3.703e-01 7.961e-03 6.512e-03 2.634e-02 -1.000 6.051e-02 -3.918 3.367 4.007 2.480 0.189 -1.976 -5.902 -6.932 -7.388
0.06 0.69525 9.47712 1.5606374741 2.5436574237    1.504  3.543  3.4356 -0.233    8  0.558  0.403   278.36   144.08    89.60    70.99    58.16  0 -9.85e-08      0.00 5.692e-01 3.703e-01 7.961e-03 6.512e-03 2.634e-02 -1.000 6.051e-02 -4.087 3.354 4.027 2.476 0.114 -2.102 -6.073 -7.129 -7.597
0.06 0.69525 9.47712 1.5606378317 2.5436574506    1.499  3.576  3.4292 -0.294    8  0.558  0.403   303.61   160.62    99.38    78.88    64.64  0 -1.57e-07      0.00 5.692e-01 3.703e-01 7.961e-03 6.512e-03 2.634e-02 -1.000 6.051e-02 -4.171 3.354 4.040 2.486 0.081 -2.165 -6.157 -7.225 -7.700
0.06 0.69525 9.47712 1.5606383085 2.5436574864    1.492  3.590  3.4261 -0.321    8  0.558  0.403   315.51   168.61   104.09    82.69    67.77  0 -2.45e-07      0.01 5.692e-01 3.703e-01 7.961e-03 6.512e-03 2.634e-02 -1.000 6.051e-02 -4.204 3.363 4.051 2.507 0.075 -2.188 -6.190 -7.262 -7.739
0.06 0.69525 9.47712 1.5606387854 2.5436575223    1.485  3.595  3.4243 -0.337    8  0.559  0.403   322.05   173.12   106.74    84.84    69.53  0 -3.12e-07      0.01 5.692e-01 3.703e-01 7.961e-03 6.512e-03 2.634e-02 -1.000 6.051e-02 -4.218 3.387 4.073 2.531 0.081 -2.193 -6.202 -7.277 -7.758
0.06 0.69525 9.47712 1.5606387854 2.5436575223    1.485  3.466  3.4459 -0.121    8  0.559  0.403   227.86   117.22    73.55    58.13    47.60  0 -7.12e-08      0.00 5.692e-01 3.703e-01 7.961e-03 6.512e-03 2.634e-02 -1.000 6.051e-02 -3.895 3.400 4.046 2.519 0.220 -1.951 -5.880 -6.913 -7.370
0.06 0.69525 9.47712 1.5606389046 2.5436575313    1.484  3.329  3.4687  0.107    8  0.559  0.403   143.39    77.62    49.61    38.97    31.88  2 -4.04e-08      0.00 5.692e-01 3.703e-01 7.961e-03 6.512e-03 2.634e-02 -1.000 6.051e-02 -3.553 3.398 3.933 2.571 0.360 -1.749 -5.536 -6.503 -6.934
0.06 0.69525 9.47712 1.5606389046 2.5436575313    1.483  3.151  3.4984  0.404    8  0.559  0.403    78.42    45.36    29.70    23.15    18.91  3 -2.05e-08      0.00 5.692e-01 3.703e-01 7.961e-03 6.512e-03 2.634e-02 -1.000 6.051e-02 -3.107 3.314 3.373 2.312 0.181 -1.895 -5.071 -5.940 -6.323
0.06 0.69525 9.47712 1.5606391430 2.5436575492    1.480  3.171  3.4949  0.369    8  0.559  0.403    84.12    48.28    31.53    24.59    20.09  3  -2.2e-08      0.00 5.692e-01 3.703e-01 7.961e-03 6.512e-03 2.634e-02 -1.000 6.051e-02 -3.156 3.330 3.480 2.405 0.252 -1.835 -5.125 -6.005 -6.395
0.06 0.69525 9.47712 1.5606392622 2.5436575582    1.477  3.266  3.4785  0.207    8  0.559  0.403   116.84    64.67    41.68    32.65    26.70  2 -3.16e-08      0.00 5.692e-01 3.703e-01 7.961e-03 6.512e-03 2.634e-02 -1.000 6.051e-02 -3.396 3.384 3.822 2.582 0.387 -1.714 -5.377 -6.310 -6.726
0.06 0.69525 9.47712 1.5606395006 2.5436575761    1.474  3.390  3.4573 -0.003    8  0.559  0.403   178.97    94.49    59.86    47.17    38.60  2 -5.21e-08      0.00 5.692e-01 3.703e-01 7.961e-03 6.512e-03 2.634e-02 -1.000 6.051e-02 -3.706 3.419 4.025 2.560 0.316 -1.815 -5.691 -6.693 -7.137
0.06 0.69525 9.47712 1.5606398582 2.5436576030    1.469  3.496  3.4391 -0.182    8  0.559  0.403   256.10   130.65    81.56    64.58    52.89  0 -8.15e-08      0.00 5.692e-01 3.703e-01 7.961e-03 6.512e-03 2.634e-02 -1.000 6.051e-02 -3.970 3.410 4.076 2.533 0.197 -2.001 -5.956 -7.004 -7.467
0.06 0.69525 9.47712 1.5606402159 2.5436576299    1.464  3.564  3.4272 -0.300    8  0.559  0.403   303.50   161.33    99.75    79.25    64.93  0 -1.72e-07      0.00 5.692e-01 3.703e-01 7.961e-03 6.512e-03 2.634e-02 -1.000 6.051e-02 -4.140 3.385 4.079 2.540 0.122 -2.134 -6.127 -7.196 -7.670
0.06 0.69525 9.47712 1.5606405735 2.5436576568    1.458  3.598  3.4209 -0.360    8  0.559  0.403   331.18   179.87   110.66    88.07    72.18  0  -4.5e-07      0.02 5.692e-01 3.703e-01 7.961e-03 6.512e-03 2.634e-02 -1.000 6.051e-02 -4.224 3.480 4.154 2.609 0.121 -2.174 -6.200 -7.283 -7.771
0.06 0.69525 9.47712 1.5606410503 2.5436576926    1.451  3.611  3.4180 -0.388    8  0.559  0.403   344.22   188.82   115.90    92.32    75.67  0 -6.84e-07      0.05 5.692e-01 3.703e-01 7.961e-03 6.512e-03 2.634e-02 -1.000 6.051e-02 -4.258 3.631 4.259 2.680 0.150 -2.164 -6.214 -7.312 -7.813
0.06 0.69525 9.47712 1.5606415272 2.5436577285    1.443  3.618  3.4163 -0.403    8  0.559  0.403   351.35   193.85   118.83    94.71    77.63  0 -8.58e-07      0.08 5.692e-01 3.703e-01 7.961e-03 6.512e-03 2.634e-02 -1.000 6.051e-02 -4.274 3.802 4.376 2.758 0.192 -2.135 -6.207 -7.319 -7.832
0.06 0.69525 9.47712 1.5606415272 2.5436577285    1.443  3.490  3.4380 -0.189    8  0.559  0.403   256.70   131.60    82.09    65.05    53.27  0 -8.09e-08      0.00 5.692e-01 3.703e-01 7.961e-03 6.512e-03 2.634e-02 -1.000 6.051e-02 -3.955 3.434 4.105 2.562 0.220 -1.984 -5.941 -6.991 -7.455
0.06 0.69525 9.47712 1.5606416464 2.5436577375    1.441  3.353  3.4611  0.040    8  0.559  0.403   163.34    86.98    55.28    43.54    35.62  2 -4.57e-08      0.00 5.692e-01 3.703e-01 7.961e-03 6.512e-03 2.634e-02 -1.000 6.051e-02 -3.613 3.450 4.038 2.602 0.373 -1.748 -5.598 -6.589 -7.028
0.06 0.69525 9.47712 1.5606416464 2.5436577375    1.439  3.175  3.4913  0.339    8  0.559  0.403    88.92    50.67    33.00    25.79    21.07  2 -2.29e-08      0.00 5.692e-01 3.703e-01 7.961e-03 6.512e-03 2.634e-02 -1.000 6.051e-02 -3.167 3.385 3.630 2.542 0.366 -1.730 -5.139 -6.031 -6.427
0.06 0.69525 9.47712 1.5606418848 2.5436577554    1.436  3.194  3.4877  0.304    8  0.559  0.403    95.42    53.94    35.03    27.40    22.39  2 -2.47e-08      0.00 5.692e-01 3.703e-01 7.961e-03 6.512e-03 2.634e-02 -1.000 6.051e-02 -3.216 3.400 3.712 2.590 0.404 -1.696 -5.192 -6.094 -6.496
0.06 0.69525 9.47712 1.5606420040 2.5436577644    1.432  3.289  3.4712  0.141    8  0.560  0.403   132.72    72.30    46.33    36.40    29.76  2 -3.56e-08      0.00 5.692e-01 3.703e-01 7.961e-03 6.512e-03 2.634e-02 -1.000 6.051e-02 -3.454 3.448 3.962 2.630 0.426 -1.679 -5.436 -6.395 -6.822
0.06 0.69525 9.47712 1.5606423616 2.5436577912    1.427  3.413  3.4498 -0.069    8  0.560  0.403   203.65   105.70    66.58    52.61    43.05  0  -5.9e-08      0.00 5.692e-01 3.703e-01 7.961e-03 6.512e-03 2.634e-02 -1.000 6.051e-02 -3.762 3.468 4.106 2.593 0.319 -1.835 -5.746 -6.770 -7.222
0.06 0.69525 9.47712 1.5606426001 2.5436578092    1.420  3.517  3.4314 -0.249    8  0.560  0.403   278.83   146.22    90.75    72.07    59.02  0 -9.24e-08      0.00 5.692e-01 3.703e-01 7.961e-03 6.512e-03 2.634e-02 -1.000 6.051e-02 -4.023 3.445 4.133 2.587 0.202 -2.032 -6.011 -7.074 -7.544
0.06 0.69525 9.47712 1.5606429577 2.5436578361    1.413  3.584  3.4193 -0.367    8  0.560  0.403   330.77   180.61   111.02    88.46    72.48  0 -4.95e-07      0.03 5.692e-01 3.703e-01 7.961e-03 6.512e-03 2.634e-02 -1.000 6.051e-02 -4.190 3.559 4.225 2.677 0.174 -2.129 -6.162 -7.249 -7.740
0.06 0.69525 9.47712 1.5606434345 2.5436578719    1.404  3.617  3.4129 -0.428    8  0.560  0.403   361.13   201.43   123.19    98.34    80.59  0 -1.23e-06      0.15 5.692e-01 3.703e-01 7.961e-03 6.512e-03 2.634e-02 -1.000 6.051e-02 -4.273 4.227 4.664 2.959 0.318 -2.035 -6.153 -7.293 -7.833
0.06 0.69525 9.47712 1.5606439114 2.5436579078    1.395  3.630  3.4099 -0.456    8  0.560  0.403   375.48   211.53   129.07   103.13    84.53  0 -1.83e-06      0.33 5.692e-01 3.703e-01 7.961e-03 6.512e-03 2.634e-02 -1.000 6.051e-02 -4.306 5.178 5.275 3.370 0.568 -1.836 -6.055 -7.259 -7.861
0.06 0.69525 9.47712 1.5606443882 2.5436579436    1.384  3.636  3.4081 -0.472    8  0.560  0.403   383.41   217.28   132.39   105.85    86.76  0 -2.27e-06      0.44 5.692e-01 3.703e-01 7.961e-03 6.512e-03 2.634e-02 -1.000 6.051e-02 -4.319 5.745 5.640 3.618 0.722 -1.713 -5.992 -7.233 -7.872
0.06 0.69525 9.47712 1.5606443882 2.5436579436    1.384  3.510  3.4298 -0.259    8  0.560  0.403   280.22   147.91    91.70    72.90    59.70  0 -9.22e-08      0.00 5.692e-01 3.703e-01 7.961e-03 6.512e-03 2.634e-02 -1.000 6.051e-02 -4.005 3.477 4.169 2.625 0.231 -2.010 -5.993 -7.059 -7.530
0.06 0.69525 9.47712 1.5606445074 2.5436579526    1.383  3.373  3.4534 -0.029    8  0.560  0.403   186.58    97.54    61.61    48.69    39.83  0 -5.19e-08      0.00 5.692e-01 3.703e-01 7.961e-03 6.512e-03 2.634e-02 -1.000 6.051e-02 -3.664 3.507 4.131 2.644 0.386 -1.757 -5.649 -6.661 -7.109
0.06 0.69525 9.47712 1.5606445074 2.5436579526    1.380  3.195  3.4841  0.271    8  0.560  0.403   100.98    56.62    36.65    28.73    23.47  2 -2.57e-08      0.00 5.692e-01 3.703e-01 7.961e-03 6.512e-03 2.634e-02 -1.000 6.051e-02 -3.218 3.457 3.822 2.655 0.466 -1.634 -5.196 -6.110 -6.517
0.06 0.69525 9.47712 1.5606447458 2.5436579705    1.377  3.215  3.4805  0.236    8  0.560  0.403   108.40    60.29    38.91    30.53    24.95  2 -2.78e-08      0.00 5.692e-01 3.703e-01 7.961e-03 6.512e-03 2.634e-02 -1.000 6.051e-02 -3.267 3.470 3.888 2.674 0.483 -1.616 -5.248 -6.174 -6.586
0.06 0.69525 9.47712 1.5606448650 2.5436579795    1.372  3.309  3.4638  0.073    8  0.560  0.403   151.07    80.86    51.50    40.59    33.19  2 -4.03e-08      0.00 5.692e-01 3.703e-01 7.961e-03 6.512e-03 2.634e-02 -1.000 6.051e-02 -3.503 3.511 4.081 2.674 0.453 -1.663 -5.487 -6.469 -6.905
0.06 0.69525 9.47712 1.5606452227 2.5436580064    1.367  3.432  3.4421 -0.138    8  0.561  0.403   232.33   118.31    74.07    58.72    48.05  0  -6.7e-08      0.00 5.692e-01 3.703e-01 7.961e-03 6.512e-03 2.634e-02 -1.000 6.051e-02 -3.809 3.515 4.175 2.644 0.329 -1.857 -5.795 -6.836 -7.295
0.06 0.69525 9.47712 1.5606454611 2.5436580243    1.360  3.536  3.4235 -0.318    8  0.561  0.403   303.63   163.74   101.01    80.48    65.91  0 -2.28e-07      0.01 5.692e-01 3.703e-01 7.961e-03 6.512e-03 2.634e-02 -1.000 6.051e-02 -4.069 3.481 4.184 2.664 0.218 -2.056 -6.057 -7.129 -7.606
0.06 0.69525 9.47712 1.5606458187 2.5436580512    1.352  3.602  3.4113 -0.436    8  0.561  0.403   360.65   202.31   123.60    98.81    80.96  0 -1.36e-06      0.18 5.692e-01 3.703e-01 7.961e-03 6.512e-03 2.634e-02 -1.000 6.051e-02 -4.235 4.425 4.809 3.069 0.402 -1.959 -6.094 -7.245 -7.795
0.06 0.69525 9.47712 1.5606462955 2.5436580871    1.342  3.635  3.4048 -0.497    8  0.561  0.403   394.02   225.65   137.16   109.85    90.03  0 -3.18e-06      0.74 5.692e-01 3.703e-01 7.961e-03 6.512e-03 2.634e-02 -1.000 6.051e-02 -4.317 7.359 6.667 4.343 1.194 -1.324 -5.770 -7.115 -7.851
0.06 0.69525 9.47712 1.5606467724 2.5436581229    1.332  3.647  3.4018 -0.526    8  0.561  0.403   409.84   237.00   143.72   115.22    94.43  0 -4.62e-06      1.26 5.692e-01 3.703e-01 7.961e-03 6.512e-03 2.634e-02 -1.000 6.051e-02 -4.349 10.090 8.353 5.539 1.976 -0.684 -5.418 -6.938 -7.833
0.06 0.69525 9.47712 1.5606472492 2.5436581588    1.320  3.653  3.4000 -0.542    8  0.561  0.403   418.63   243.48   147.45   118.29    96.95  0 -5.68e-06      1.64 5.692e-01 3.703e-01 7.961e-03 6.512e-03 2.634e-02 -1.000 6.051e-02 -4.362 12.095 9.580 6.418 2.560 -0.202 -5.149 -6.795 -7.803
0.06 0.69525 9.47712 1.5606472492 2.5436581588    1.320  3.529  3.4219 -0.331    8  0.561  0.403   306.09   166.24   102.42    81.70    66.90  0 -2.76e-07      0.01 5.692e-01 3.703e-01 7.961e-03 6.512e-03 2.634e-02 -1.000 6.051e-02 -4.052 3.527 4.230 2.712 0.252 -2.032 -6.039 -7.114 -7.592
0.06 0.69525 9.47712 1.5606473684 2.5436581678    1.318  3.393  3.4458 -0.099    8  0.561  0.403   213.47   109.38    68.66    54.44    44.53  0 -5.95e-08      0.00 5.692e-01 3.703e-01 7.961e-03 6.512e-03 2.634e-02 -1.000 6.051e-02 -3.712 3.562 4.212 2.691 0.396 -1.773 -5.697 -6.729 -7.185
0.06 0.69525 9.47712 1.5606473684 2.5436581678    1.316  3.214  3.4771  0.203    8  0.561  0.403   114.80    63.25    40.70    32.01    26.15  2 -2.92e-08      0.00 5.692e-01 3.703e-01 7.961e-03 6.512e-03 2.634e-02 -1.000 6.051e-02 -3.266 3.529 3.984 2.727 0.532 -1.569 -5.248 -6.186 -6.603
0.06 0.69525 9.47712 1.5606476068 2.5436581857    1.312  3.234  3.4734  0.168    8  0.561  0.403   123.35    67.38    43.22    34.03    27.80  2 -3.16e-08      0.00 5.692e-01 3.703e-01 7.961e-03 6.512e-03 2.634e-02 -1.000 6.051e-02 -3.314 3.544 4.036 2.734 0.534 -1.569 -5.296 -6.248 -6.671
0.06 0.69525 9.47712 1.5606477261 2.5436581947    1.306  3.327  3.4564  0.004    8  0.561  0.403   172.38    90.49    57.28    45.31    37.04  0  -4.6e-08      0.00 5.692e-01 3.703e-01 7.961e-03 6.512e-03 2.634e-02 -1.000 6.051e-02 -3.549 3.574 4.187 2.720 0.475 -1.657 -5.534 -6.538 -6.982
0.06 0.69525 9.47712 1.5606480837 2.5436582216    1.299  3.449  3.4343 -0.208    8  0.562  0.403   253.61   132.61    82.50    65.64    53.71  0 -7.66e-08      0.00 5.692e-01 3.703e-01 7.961e-03 6.512e-03 2.634e-02 -1.000 6.051e-02 -3.852 3.566 4.248 2.709 0.346 -1.874 -5.840 -6.896 -7.362
0.06 0.69525 9.47712 1.5606483221 2.5436582395    1.291  3.552  3.4153 -0.390    8  0.562  0.403   331.46   183.83   112.68    90.10    73.78  0 -6.77e-07      0.05 5.692e-01 3.703e-01 7.961e-03 6.512e-03 2.634e-02 -1.000 6.051e-02 -4.109 3.801 4.429 2.854 0.312 -2.009 -6.063 -7.164 -7.666
0.06 0.69525 9.47712 1.5606486797 2.5436582664    1.282  3.617  3.4027 -0.508    8  0.562  0.403   394.68   227.49   138.09   110.80    90.77  0 -3.62e-06      0.90 5.692e-01 3.703e-01 7.961e-03 6.512e-03 2.634e-02 -1.000 6.051e-02 -4.273 8.279 7.265 4.779 1.494 -1.069 -5.606 -7.007 -7.796
0.06 0.69525 9.47712 1.5606491566 2.5436583022    1.271  3.649  3.3960 -0.571    8  0.562  0.403   432.05   254.14   153.47   123.38   101.10  0 -6.07e-06      1.79 5.692e-01 3.703e-01 7.961e-03 6.512e-03 2.634e-02 -1.000 6.051e-02 -4.353 12.877 10.068 6.769 2.797 -0.005 -5.034 -6.729 -7.780
0.06 0.69525 9.47712 1.5606496334 2.5436583381    1.259  3.661  3.3926 -0.601    8  0.562  0.403   435.52    -1.00    -1.00    -1.00    -1.00  0 -6.24e-06      1.82 5.692e-01 3.703e-01 7.961e-03 6.512e-03 2.634e-02 -1.000 6.051e-02 -4.383 13.060 10.172 6.831 2.829 0.016 -5.038 -6.746 -7.808
0.06 0.69525 9.47712 1.5606501102 2.5436583740    1.245  3.666  3.3905 -0.618    8  0.562  0.403   433.16    -1.00    -1.00    -1.00    -1.00  0  -6.3e-06      1.84 5.692e-01 3.703e-01 7.961e-03 6.512e-03 2.634e-02 -1.000 6.051e-02 -4.394 13.131 10.213 6.855 2.841 0.024 -5.040 -6.752 -7.819
0.06 0.69525 9.47712 1.5606501102 2.5436583740    1.245  3.544  3.4125 -0.409    8  0.562  0.403   336.92   188.56   115.35    92.40    75.64  0  -8.9e-07      0.09 5.692e-01 3.703e-01 7.961e-03 6.512e-03 2.634e-02 -1.000 6.051e-02 -4.090 4.053 4.609 2.981 0.399 -1.935 -6.015 -7.132 -7.649
0.06 0.69525 9.47712 1.5606502295 2.5436583829    1.243  3.408  3.4369 -0.176    8  0.562  0.403   237.71   123.69    77.11    61.39    50.21  0 -6.77e-08      0.00 5.692e-01 3.703e-01 7.961e-03 6.512e-03 2.634e-02 -1.000 6.051e-02 -3.750 3.628 4.304 2.770 0.425 -1.783 -5.737 -6.788 -7.251
0.06 0.69525 9.47712 1.5606503487 2.5436583919    1.240  3.230  3.4690  0.129    8  0.562  0.403   131.92    71.19    45.50    35.93    29.34  2  -3.3e-08      0.00 5.692e-01 3.703e-01 7.961e-03 6.512e-03 2.634e-02 -1.000 6.051e-02 -3.305 3.624 4.159 2.804 0.598 -1.509 -5.287 -6.254 -6.683
0.06 0.69525 9.47712 1.5606504679 2.5436584009    1.236  3.249  3.4651  0.093    8  0.562  0.403   141.96    75.90    48.37    38.24    31.23  2 -3.57e-08      0.00 5.692e-01 3.703e-01 7.961e-03 6.512e-03 2.634e-02 -1.000 6.051e-02 -3.352 3.634 4.195 2.804 0.587 -1.526 -5.336 -6.314 -6.748
0.06 0.69525 9.47712 1.5606507063 2.5436584188    1.230  3.342  3.4477 -0.072    8  0.562  0.403   199.23   102.20    64.25    51.02    41.71  0 -5.22e-08      0.00 5.692e-01 3.703e-01 7.961e-03 6.512e-03 2.634e-02 -1.000 6.051e-02 -3.586 3.653 4.299 2.787 0.504 -1.657 -5.571 -6.599 -7.052
0.06 0.69525 9.47712 1.5606509447 2.5436584367    1.223  3.463  3.4250 -0.285    8  0.563  0.403   278.44   150.18    92.78    74.12    60.64  0 -1.31e-07      0.00 5.692e-01 3.703e-01 7.961e-03 6.512e-03 2.634e-02 -1.000 6.051e-02 -3.888 3.608 4.318 2.803 0.376 -1.888 -5.879 -6.946 -7.419
0.06 0.69525 9.47712 1.5606513023 2.5436584636    1.215  3.565  3.4055 -0.469    8  0.563  0.403   365.51   208.76   127.06   102.01    83.52  0 -2.06e-06      0.43 5.692e-01 3.703e-01 7.961e-03 6.512e-03 2.634e-02 -1.000 6.051e-02 -4.143 5.900 5.802 3.785 0.892 -1.541 -5.818 -7.058 -7.695
0.06 0.69525 9.47712 1.5606516600 2.5436584905    1.205  3.630  3.3926 -0.589    8  0.563  0.403   426.01    -1.00    -1.00    -1.00    -1.00  0 -5.81e-06      1.75 5.692e-01 3.703e-01 7.961e-03 6.512e-03 2.634e-02 -1.000 6.051e-02 -4.305 12.733 10.003 6.734 2.787 -0.006 -5.017 -6.700 -7.741
0.06 0.69525 9.47712 1.5606520176 2.5436585174    1.193  3.662  3.3855 -0.653    8  0.563  0.403   423.99    -1.00    -1.00    -1.00    -1.00  0 -6.25e-06      1.83 5.692e-01 3.703e-01 7.961e-03 6.512e-03 2.634e-02 -1.000 6.051e-02 -4.384 13.110 10.210 6.852 2.839 0.022 -5.040 -6.749 -7.815
0.06 0.69525 9.47712 1.5606524944 2.5436585533    1.180  3.673  3.3818 -0.684    8  0.563  0.403   421.70    -1.00    -1.00    -1.00    -1.00  0 -6.42e-06      1.86 5.692e-01 3.703e-01 7.961e-03 6.512e-03 2.634e-02 -1.000 6.051e-02 -4.414 13.285 10.309 6.909 2.867 0.040 -5.044 -6.765 -7.842
0.06 0.69525 9.47712 1.5606530905 2.5436585981    1.166  3.678  3.3794 -0.704    8  0.563  0.403   419.16    -1.00    -1.00    -1.00    -1.00  0 -6.48e-06      1.87 5.692e-01 3.703e-01 7.961e-03 6.512e-03 2.634e-02 -1.000 6.051e-02 -4.425 13.355 10.350 6.933 2.879 0.048 -5.046 -6.772 -7.853
0.06 0.69525 9.47712 1.5606530905 2.5436585981    1.166  3.558  3.4014 -0.496    8  0.563  0.403   375.93   217.05   131.75   106.00    86.77  0 -2.95e-06      0.77 5.692e-01 3.703e-01 7.961e-03 6.512e-03 2.634e-02 -1.000 6.051e-02 -4.126 7.706 6.956 4.603 1.431 -1.095 -5.557 -6.912 -7.657
0.06 0.69525 9.47712 1.5606532097 2.5436586070    1.164  3.423  3.4263 -0.262    8  0.563  0.403   264.09   142.11    87.92    70.30    57.49  0 -8.73e-08      0.00 5.692e-01 3.703e-01 7.961e-03 6.512e-03 2.634e-02 -1.000 6.051e-02 -3.787 3.688 4.396 2.879 0.464 -1.794 -5.779 -6.845 -7.315
0.06 0.69525 9.47712 1.5606532097 2.5436586070    1.161  3.245  3.4588  0.045    8  0.563  0.403   155.06    81.55    51.73    41.03    33.50  0 -3.73e-08      0.00 5.692e-01 3.703e-01 7.961e-03 6.512e-03 2.634e-02 -1.000 6.051e-02 -3.342 3.730 4.333 2.886 0.654 -1.470 -5.327 -6.325 -6.765
0.06 0.69525 9.47712 1.5606534481 2.5436586250    1.156  3.264  3.4543  0.006    8  0.563  0.403   167.86    87.38    55.25    43.87    35.83  0 -4.02e-08      0.00 5.692e-01 3.703e-01 7.961e-03 6.512e-03 2.634e-02 -1.000 6.051e-02 -3.390 3.741 4.365 2.893 0.643 -1.495 -5.375 -6.384 -6.829
0.06 0.69525 9.47712 1.5606535673 2.5436586339    1.150  3.357  3.4356 -0.164    8  0.564  0.403   226.68   118.58    73.94    58.99    48.21  0 -5.86e-08      0.00 5.692e-01 3.703e-01 7.961e-03 6.512e-03 2.634e-02 -1.000 6.051e-02 -3.622 3.745 4.429 2.903 0.554 -1.658 -5.610 -6.662 -7.124
0.06 0.69525 9.47712 1.5606539249 2.5436586608    1.142  3.476  3.4115 -0.383    8  0.564  0.403   314.90   175.98   107.79    86.52    70.78  0  -5.9e-07      0.05 5.692e-01 3.703e-01 7.961e-03 6.512e-03 2.634e-02 -1.000 6.051e-02 -3.921 3.937 4.581 3.020 0.486 -1.833 -5.881 -6.978 -7.476
0.06 0.69525 9.47712 1.5606541634 2.5436586788    1.133  3.578  3.3903 -0.572    8  0.564  0.403   413.06    -1.00    -1.00    -1.00    -1.00  0 -5.15e-06      1.66 5.692e-01 3.703e-01 7.961e-03 6.512e-03 2.634e-02 -1.000 6.051e-02 -4.174 12.371 9.828 6.647 2.773 0.005 -4.953 -6.605 -7.618
0.06 0.69525 9.47712 1.5606545210 2.5436587057    1.122  3.642  3.3757 -0.699    8  0.564  0.403   411.08    -1.00    -1.00    -1.00    -1.00  0 -5.97e-06      1.77 5.692e-01 3.703e-01 7.961e-03 6.512e-03 2.634e-02 -1.000 6.051e-02 -4.335 12.901 10.113 6.790 2.808 0.002 -5.035 -6.727 -7.781
0.06 0.69525 9.47712 1.5606549978 2.5436587415    1.110  3.673  3.3671 -0.769    8  0.564  0.403   408.81    -1.00    -1.00    -1.00    -1.00  0 -6.41e-06      1.86 5.692e-01 3.703e-01 7.961e-03 6.512e-03 2.634e-02 -1.000 6.051e-02 -4.413 13.338 10.354 6.934 2.877 0.045 -5.048 -6.769 -7.850
0.06 0.69525 9.47712 1.5606554747 2.5436587774    1.096  3.685  3.3620 -0.807    8  0.564  0.403   406.24    -1.00    -1.00    -1.00    -1.00  0 -6.59e-06      1.89 5.692e-01 3.703e-01 7.961e-03 6.512e-03 2.634e-02 -1.000 6.051e-02 -4.442 13.509 10.451 6.993 2.905 0.062 -5.053 -6.786 -7.878
0.06 0.69525 9.47712 1.5606559515 2.5436588132    1.081  3.689  3.3582 -0.832    8  0.564  0.403   403.39    -1.00    -1.00    -1.00    -1.00  0 -6.65e-06      1.91 5.692e-01 3.703e-01 7.961e-03 6.512e-03 2.634e-02 -1.000 6.051e-02 -4.452 13.583 10.498 7.025 2.920 0.068 -5.057 -6.794 -7.890
0.06 0.69525 9.47712 1.5606559515 2.5436588132    1.080  3.571  3.3810 -0.624    8  0.564  0.403   403.24    -1.00    -1.00    -1.00    -1.00  0 -5.07e-06      1.64 5.692e-01 3.703e-01 7.961e-03 6.512e-03 2.634e-02 -1.000 6.051e-02 -4.159 12.376 9.847 6.658 2.783 0.014 -4.947 -6.597 -7.610
0.06 0.69525 9.47712 1.5606560707 2.5436588222    1.078  3.436  3.4071 -0.385    8  0.565  0.403   310.06   174.12   106.56    85.70    70.07  0    -6e-07      0.05 5.692e-01 3.703e-01 7.961e-03 6.512e-03 2.634e-02 -1.000 6.051e-02 -3.821 4.056 4.694 3.129 0.592 -1.728 -5.778 -6.877 -7.377
0.06 0.69525 9.47712 1.5606561899 2.5436588312    1.075  3.259  3.4415 -0.071    8  0.565  0.403   192.28    98.67    61.94    49.41    40.34  0 -4.05e-08      0.00 5.692e-01 3.703e-01 7.961e-03 6.512e-03 2.634e-02 -1.000 6.051e-02 -3.377 3.881 4.553 3.046 0.740 -1.443 -5.364 -6.403 -6.858
0.06 0.69525 9.47712 1.5606563091 2.5436588401    1.070  3.278  3.4370 -0.110    8  0.565  0.403   203.61   105.70    66.15    52.83    43.14  0 -4.38e-08      0.00 5.692e-01 3.703e-01 7.961e-03 6.512e-03 2.634e-02 -1.000 6.051e-02 -3.424 3.884 4.569 3.058 0.726 -1.477 -5.413 -6.460 -6.919
0.06 0.69525 9.47712 1.5606565475 2.5436588580    1.064  3.370  3.4179 -0.282    8  0.565  0.403   263.74   143.92    88.81    71.26    58.23  0 -1.19e-07      0.00 5.692e-01 3.703e-01 7.961e-03 6.512e-03 2.634e-02 -1.000 6.051e-02 -3.655 3.813 4.555 3.091 0.631 -1.661 -5.652 -6.720 -7.190
0.06 0.69525 9.47712 1.5606567860 2.5436588760    1.056  3.489  3.3930 -0.503    8  0.565  0.403   368.68   214.45   129.95   104.92    85.82  0 -3.14e-06      0.93 5.692e-01 3.703e-01 7.961e-03 6.512e-03 2.634e-02 -1.000 6.051e-02 -3.952 8.753 7.682 5.168 1.860 -0.712 -5.264 -6.675 -7.472
0.06 0.69525 9.47712 1.5606571436 2.5436589029    1.046  3.590  3.3714 -0.694    8  0.565  0.403   396.90    -1.00    -1.00    -1.00    -1.00  0 -5.29e-06      1.68 5.692e-01 3.703e-01 7.961e-03 6.512e-03 2.634e-02 -1.000 6.051e-02 -4.204 12.555 9.950 6.711 2.798 0.016 -4.970 -6.633 -7.660
0.06 0.69525 9.47712 1.5606575012 2.5436589298    1.035  3.653  3.3568 -0.821    8  0.565  0.403   394.79    -1.00    -1.00    -1.00    -1.00  0 -6.13e-06      1.80 5.692e-01 3.703e-01 7.961e-03 6.512e-03 2.634e-02 -1.000 6.051e-02 -4.364 13.128 10.257 6.879 2.847 0.022 -5.045 -6.749 -7.818
0.06 0.69525 9.47712 1.5606578588 2.5436589567    1.023  3.684  3.3486 -0.890    8  0.565  0.403   392.37    -1.00    -1.00    -1.00    -1.00  0 -6.58e-06      1.89 5.692e-01 3.703e-01 7.961e-03 6.512e-03 2.634e-02 -1.000 6.051e-02 -4.441 13.580 10.516 7.047 2.926 0.066 -5.060 -6.794 -7.892
0.06 0.69525 9.47712 1.5606583357 2.5436589925    1.008  3.696  3.3441 -0.926    8  0.565  0.403   389.65    -1.00    -1.00    -1.00    -1.00  0 -6.76e-06      1.93 5.692e-01 3.703e-01 7.961e-03 6.512e-03 2.634e-02 -1.000 6.051e-02 -4.470 13.732 10.598 7.098 2.950 0.080 -5.065 -6.810 -7.917
0.06 0.69525 9.47712 1.5606589317 2.5436590373    0.993  3.700  3.3412 -0.948    8  0.566  0.403   383.03    -1.00    -1.00    -1.00    -1.00  0 -6.82e-06      1.94 5.692e-01 3.703e-01 7.961e-03 6.512e-03 2.634e-02 -1.000 6.051e-02 -4.480 13.784 10.625 7.114 2.958 0.085 -5.066 -6.815 -7.925
0.06 0.69525 9.47712 1.5606589317 2.5436590373    0.992  3.585  3.3649 -0.739    8  0.566  0.403   382.64    -1.00    -1.00    -1.00    -1.00  0 -5.24e-06      1.67 5.692e-01 3.703e-01 7.961e-03 6.512e-03 2.634e-02 -1.000 6.051e-02 -4.193 12.556 9.961 6.718 2.803 0.020 -4.967 -6.627 -7.654
0.06 0.69525 9.47712 1.5606590509 2.5436590463    0.990  3.450  3.3924 -0.495    8  0.566  0.403   356.73   207.76   125.90   101.84    83.25  0 -2.74e-06      0.84 5.692e-01 3.703e-01 7.961e-03 6.512e-03 2.634e-02 -1.000 6.051e-02 -3.856 8.345 7.459 5.039 1.809 -0.736 -5.236 -6.615 -7.382
0.06 0.69525 9.47712 1.5606591702 2.5436590553    0.987  3.273  3.4288 -0.173    8  0.566  0.403   217.72   116.05    72.19    57.90    47.26  0 -4.68e-08      0.00 5.692e-01 3.703e-01 7.961e-03 6.512e-03 2.634e-02 -1.000 6.051e-02 -3.412 3.978 4.688 3.182 0.798 -1.443 -5.404 -6.465 -6.929
0.06 0.69525 9.47712 1.5606592894 2.5436590642    0.982  3.292  3.4243 -0.213    8  0.566  0.403   230.79   124.43    77.15    61.95    50.58  0 -5.07e-08      0.00 5.692e-01 3.703e-01 7.961e-03 6.512e-03 2.634e-02 -1.000 6.051e-02 -3.459 3.972 4.696 3.208 0.788 -1.477 -5.454 -6.518 -6.986
0.06 0.69525 9.47712 1.5606595278 2.5436590822    0.975  3.383  3.4042 -0.387    8  0.566  0.403   300.86   170.36   104.13    84.03    68.65  0    -6e-07      0.05 5.692e-01 3.703e-01 7.961e-03 6.512e-03 2.634e-02 -1.000 6.051e-02 -3.688 4.204 4.838 3.269 0.729 -1.592 -5.644 -6.744 -7.244
0.06 0.69525 9.47712 1.5606597662 2.5436591001    0.967  3.501  3.3782 -0.613    8  0.566  0.403   365.22    -1.00    -1.00    -1.00    -1.00  0 -4.32e-06      1.52 5.692e-01 3.703e-01 7.961e-03 6.512e-03 2.634e-02 -1.000 6.051e-02 -3.983 11.882 9.611 6.538 2.760 0.026 -4.865 -6.473 -7.449
0.06 0.69525 9.47712 1.5606601238 2.5436591270    0.957  3.601  3.3558 -0.807    8  0.566  0.403   358.51    -1.00    -1.00    -1.00    -1.00  0 -5.43e-06      1.70 5.692e-01 3.703e-01 7.961e-03 6.512e-03 2.634e-02 -1.000 6.051e-02 -4.232 12.707 10.048 6.765 2.815 0.019 -4.989 -6.659 -7.698
0.06 0.69525 9.47712 1.5606604815 2.5436591539    0.946  3.664  3.3409 -0.935    8  0.566  0.403   350.75    -1.00    -1.00    -1.00    -1.00  0 -6.28e-06      1.83 5.692e-01 3.703e-01 7.961e-03 6.512e-03 2.634e-02 -1.000 6.051e-02 -4.390 13.333 10.391 6.973 2.888 0.040 -5.054 -6.770 -7.853
0.06 0.69525 9.47712 1.5606608391 2.5436591808    0.933  3.694  3.3331 -1.002    8  0.566  0.403   342.02    -1.00    -1.00    -1.00    -1.00  0 -6.74e-06      1.92 5.692e-01 3.703e-01 7.961e-03 6.512e-03 2.634e-02 -1.000 6.051e-02 -4.466 13.714 10.589 7.092 2.948 0.079 -5.064 -6.808 -7.914
0.06 0.69525 9.47712 1.5606613159 2.5436592166    0.918  3.706  3.3299 -1.033    8  0.567  0.403   332.38    -1.00    -1.00    -1.00    -1.00  0 -6.91e-06      1.96 5.692e-01 3.703e-01 7.961e-03 6.512e-03 2.634e-02 -1.000 6.051e-02 -4.494 13.851 10.660 7.135 2.969 0.092 -5.068 -6.822 -7.936
0.06 0.69525 9.47712 1.5606619120 2.5436592615    0.902  3.709  3.3290 -1.048    8  0.567  0.403   321.90    -1.00    -1.00    -1.00    -1.00  0 -6.97e-06      1.97 5.692e-01 3.703e-01 7.961e-03 6.512e-03 2.634e-02 -1.000 6.051e-02 -4.503 13.898 10.684 7.149 2.976 0.097 -5.069 -6.827 -7.944
0.06 0.69525 9.47712 1.5606619120 2.5436592615    0.901  3.597  3.3545 -0.834    8  0.567  0.403   321.37    -1.00    -1.00    -1.00    -1.00  0 -5.38e-06      1.69 5.692e-01 3.703e-01 7.961e-03 6.512e-03 2.634e-02 -1.000 6.051e-02 -4.222 12.703 10.057 6.776 2.821 0.022 -4.986 -6.655 -7.693
0.06 0.69525 9.47712 1.5606620312 2.5436592704    0.899  3.462  3.3850 -0.579    8  0.567  0.403   320.05    -1.00    -1.00    -1.00    -1.00  0 -3.95e-06      1.44 5.692e-01 3.703e-01 7.961e-03 6.512e-03 2.634e-02 -1.000 6.051e-02 -3.886 11.572 9.451 6.454 2.739 0.026 -4.820 -6.403 -7.356
0.06 0.69525 9.47712 1.5606621504 2.5436592794    0.895  3.285  3.4255 -0.241    8  0.567  0.403   233.15   127.98    79.09    63.75    52.01  0 -5.89e-08      0.00 5.692e-01 3.703e-01 7.961e-03 6.512e-03 2.634e-02 -1.000 6.051e-02 -3.443 4.011 4.726 3.221 0.805 -1.455 -5.436 -6.501 -6.970
0.06 0.69525 9.47712 1.5606622696 2.5436592884    0.890  3.304  3.4217 -0.278    8  0.567  0.403   246.02   136.49    84.09    67.86    55.37  0 -1.06e-07      0.00 5.692e-01 3.703e-01 7.961e-03 6.512e-03 2.634e-02 -1.000 6.051e-02 -3.490 3.985 4.713 3.227 0.784 -1.495 -5.485 -6.552 -7.023
0.06 0.69525 9.47712 1.5606625080 2.5436593063    0.883  3.395  3.4016 -0.453    8  0.567  0.403   309.81    -1.00    -1.00    -1.00    -1.00  0 -1.48e-06      0.37 5.692e-01 3.703e-01 7.961e-03 6.512e-03 2.634e-02 -1.000 6.051e-02 -3.718 5.985 6.004 4.056 1.219 -1.196 -5.437 -6.655 -7.271
0.06 0.69525 9.47712 1.5606627464 2.5436593242    0.874  3.512  3.3756 -0.678    8  0.567  0.403   304.26    -1.00    -1.00    -1.00    -1.00  0 -4.43e-06      1.54 5.692e-01 3.703e-01 7.961e-03 6.512e-03 2.634e-02 -1.000 6.051e-02 -4.011 12.014 9.691 6.579 2.775 0.031 -4.879 -6.496 -7.481
0.06 0.69525 9.47712 1.5606631041 2.5436593511    0.864  3.611  3.3538 -0.870    8  0.567  0.403   297.69    -1.00    -1.00    -1.00    -1.00  0 -5.56e-06      1.71 5.692e-01 3.703e-01 7.961e-03 6.512e-03 2.634e-02 -1.000 6.051e-02 -4.258 12.831 10.130 6.822 2.832 0.020 -5.007 -6.684 -7.732
0.06 0.69525 9.47712 1.5606634617 2.5436593780    0.852  3.674  3.3407 -0.991    8  0.568  0.403   290.14    -1.00    -1.00    -1.00    -1.00  0 -6.43e-06      1.86 5.692e-01 3.703e-01 7.961e-03 6.512e-03 2.634e-02 -1.000 6.051e-02 -4.415 13.458 10.456 7.012 2.908 0.053 -5.057 -6.782 -7.873
0.06 0.69525 9.47712 1.5606638193 2.5436594049    0.838  3.704  3.3356 -1.049    8  0.568  0.403   281.66    -1.00    -1.00    -1.00    -1.00  0 -6.89e-06      1.95 5.692e-01 3.703e-01 7.961e-03 6.512e-03 2.634e-02 -1.000 6.051e-02 -4.491 13.835 10.652 7.130 2.966 0.090 -5.067 -6.820 -7.933
0.06 0.69525 9.47712 1.5606642962 2.5436594407    0.822  3.715  3.3358 -1.067    8  0.568  0.403   272.35    -1.00    -1.00    -1.00    -1.00  0 -7.07e-06      1.98 5.692e-01 3.703e-01 7.961e-03 6.512e-03 2.634e-02 -1.000 6.051e-02 -4.518 13.971 10.722 7.172 2.987 0.104 -5.071 -6.834 -7.956
0.06 0.69525 9.47712 1.5606648922 2.5436594856    0.805  3.719  3.3385 -1.069    8  0.568  0.403   262.27    -1.00    -1.00    -1.00    -1.00  0 -7.13e-06      1.99 5.692e-01 3.703e-01 7.961e-03 6.512e-03 2.634e-02 -1.000 6.051e-02 -4.528 14.018 10.747 7.186 2.994 0.108 -5.073 -6.839 -7.964
0.06 0.69525 9.47712 1.5606648922 2.5436594856    0.805  3.609  3.3652 -0.853    8  0.568  0.403   261.83    -1.00    -1.00    -1.00    -1.00  0 -5.53e-06      1.71 5.692e-01 3.703e-01 7.961e-03 6.512e-03 2.634e-02 -1.000 6.051e-02 -4.253 12.800 10.109 6.807 2.828 0.020 -5.003 -6.678 -7.724
0.06 0.69525 9.47712 1.5606650114 2.5436594945    0.802  3.475  3.3979 -0.589    8  0.568  0.403   260.51    -1.00    -1.00    -1.00    -1.00  0 -4.06e-06      1.47 5.692e-01 3.703e-01 7.961e-03 6.512e-03 2.634e-02 -1.000 6.051e-02 -3.918 11.673 9.504 6.482 2.746 0.026 -4.834 -6.426 -7.386
0.06 0.69525 9.47712 1.5606650114 2.5436594945    0.798  3.298  3.4413 -0.241    8  0.568  0.403   223.58   124.18    76.64    62.01    50.55  0 -8.85e-08      0.00 5.692e-01 3.703e-01 7.961e-03 6.512e-03 2.634e-02 -1.000 6.051e-02 -3.475 3.955 4.606 3.040 0.703 -1.492 -5.459 -6.505 -6.972
0.06 0.69525 9.47712 1.5606652498 2.5436595125    0.792  3.317  3.4376 -0.277    8  0.568  0.403   235.91   132.40    81.47    66.00    53.80  0 -1.03e-07      0.00 5.692e-01 3.703e-01 7.961e-03 6.512e-03 2.634e-02 -1.000 6.051e-02 -3.521 3.959 4.619 3.046 0.687 -1.525 -5.506 -6.560 -7.031
0.06 0.69525 9.47712 1.5606653690 2.5436595214    0.785  3.407  3.4168 -0.455    8  0.568  0.403   250.27    -1.00    -1.00    -1.00    -1.00  0 -1.46e-06      0.36 5.692e-01 3.703e-01 7.961e-03 6.512e-03 2.634e-02 -1.000 6.051e-02 -3.747 5.884 5.924 3.984 1.165 -1.243 -5.476 -6.688 -7.300
0.06 0.69525 9.47712 1.5606657267 2.5436595483    0.775  3.523  3.3901 -0.684    8  0.568  0.403   244.75    -1.00    -1.00    -1.00    -1.00  0 -4.54e-06      1.56 5.692e-01 3.703e-01 7.961e-03 6.512e-03 2.634e-02 -1.000 6.051e-02 -4.038 12.093 9.730 6.600 2.779 0.029 -4.892 -6.515 -7.506
0.06 0.69525 9.47712 1.5606659651 2.5436595663    0.764  3.621  3.3681 -0.876    8  0.569  0.403   238.24    -1.00    -1.00    -1.00    -1.00  0 -5.69e-06      1.73 5.692e-01 3.703e-01 7.961e-03 6.512e-03 2.634e-02 -1.000 6.051e-02 -4.283 12.899 10.164 6.840 2.835 0.018 -5.019 -6.702 -7.756
0.06 0.69525 9.47712 1.5606663227 2.5436595931    0.750  3.683  3.3554 -0.996    8  0.569  0.403   230.80    -1.00    -1.00    -1.00    -1.00  0 -6.56e-06      1.89 5.692e-01 3.703e-01 7.961e-03 6.512e-03 2.634e-02 -1.000 6.051e-02 -4.437 13.569 10.514 7.047 2.925 0.064 -5.060 -6.793 -7.890
0.06 0.69525 9.47712 1.5606667995 2.5436596290    0.735  3.712  3.3510 -1.052    8  0.569  0.403   222.50    -1.00    -1.00    -1.00    -1.00  0 -7.02e-06      1.98 5.692e-01 3.703e-01 7.961e-03 6.512e-03 2.634e-02 -1.000 6.051e-02 -4.511 13.935 10.704 7.161 2.982 0.100 -5.070 -6.830 -7.950
0.06 0.69525 9.47712 1.5606672764 2.5436596649    0.719  3.723  3.3519 -1.069    8  0.569  0.403   213.45    -1.00    -1.00    -1.00    -1.00  0 -7.19e-06      2.01 5.692e-01 3.703e-01 7.961e-03 6.512e-03 2.634e-02 -1.000 6.051e-02 -4.537 14.064 10.770 7.201 3.001 0.113 -5.074 -6.844 -7.971
0.06 0.69525 9.47712 1.5606677532 2.5436597007    0.700  3.726  3.3553 -1.070    8  0.569  0.403   203.73    -1.00    -1.00    -1.00    -1.00  0 -7.25e-06      2.02 5.692e-01 3.703e-01 7.961e-03 6.512e-03 2.634e-02 -1.000 6.051e-02 -4.546 14.105 10.792 7.213 3.007 0.117 -5.075 -6.848 -7.978
0.06 0.69525 9.47712 1.5606677532 2.5436597007    0.700  3.619  3.3818 -0.857    8  0.569  0.403   203.44    -1.00    -1.00    -1.00    -1.00  0 -5.66e-06      1.73 5.692e-01 3.703e-01 7.961e-03 6.512e-03 2.634e-02 -1.000 6.051e-02 -4.276 12.866 10.142 6.824 2.830 0.017 -5.015 -6.696 -7.747
0.06 0.69525 9.47712 1.5606678724 2.5436597097    0.698  3.485  3.4150 -0.592    8  0.569  0.403   202.42    -1.00    -1.00    -1.00    -1.00  0 -4.16e-06      1.49 5.692e-01 3.703e-01 7.961e-03 6.512e-03 2.634e-02 -1.000 6.051e-02 -3.943 11.747 9.540 6.501 2.750 0.025 -4.846 -6.443 -7.409
0.06 0.69525 9.47712 1.5606678724 2.5436597097    0.694  3.308  3.4592 -0.240    8  0.569  0.403   200.59    -1.00    -1.00    -1.00    -1.00  0  -1.4e-07      0.00 5.692e-01 3.703e-01 7.961e-03 6.512e-03 2.634e-02 -1.000 6.051e-02 -3.500 3.827 4.383 2.860 0.579 -1.563 -5.489 -6.483 -6.942
0.06 0.69525 9.47712 1.5606681108 2.5436597276    0.689  3.327  3.4560 -0.274    8  0.570  0.403   197.95    -1.00    -1.00    -1.00    -1.00  0 -1.53e-07      0.00 5.692e-01 3.703e-01 7.961e-03 6.512e-03 2.634e-02 -1.000 6.051e-02 -3.547 3.833 4.400 2.853 0.559 -1.594 -5.534 -6.539 -7.001
0.06 0.69525 9.47712 1.5606682301 2.5436597366    0.682  3.416  3.4358 -0.449    8  0.570  0.403   194.48    -1.00    -1.00    -1.00    -1.00  0 -1.28e-06      0.28 5.692e-01 3.703e-01 7.961e-03 6.512e-03 2.634e-02 -1.000 6.051e-02 -3.771 5.344 5.484 3.556 0.923 -1.389 -5.559 -6.714 -7.295
0.06 0.69525 9.47712 1.5606685877 2.5436597635    0.674  3.532  3.4098 -0.674    8  0.570  0.403   190.21    -1.00    -1.00    -1.00    -1.00  0 -4.63e-06      1.57 5.692e-01 3.703e-01 7.961e-03 6.512e-03 2.634e-02 -1.000 6.051e-02 -4.059 12.145 9.752 6.611 2.780 0.027 -4.901 -6.529 -7.525
0.06 0.69525 9.47712 1.5606688261 2.5436597814    0.664  3.629  3.3887 -0.862    8  0.570  0.403   185.16    -1.00    -1.00    -1.00    -1.00  0 -5.79e-06      1.74 5.692e-01 3.703e-01 7.961e-03 6.512e-03 2.634e-02 -1.000 6.051e-02 -4.302 12.937 10.176 6.842 2.833 0.014 -5.028 -6.715 -7.771
0.06 0.69525 9.47712 1.5606691837 2.5436598083    0.653  3.690  3.3771 -0.977    8  0.570  0.403   179.39    -1.00    -1.00    -1.00    -1.00  0 -6.67e-06      1.91 5.692e-01 3.703e-01 7.961e-03 6.512e-03 2.634e-02 -1.000 6.051e-02 -4.455 13.659 10.560 7.075 2.939 0.073 -5.063 -6.802 -7.905
0.06 0.69525 9.47712 1.5606696606 2.5436598442    0.640  3.719  3.3741 -1.027    8  0.570  0.403   172.96    -1.00    -1.00    -1.00    -1.00  0 -7.13e-06      2.00 5.692e-01 3.703e-01 7.961e-03 6.512e-03 2.634e-02 -1.000 6.051e-02 -4.528 14.019 10.747 7.187 2.994 0.108 -5.073 -6.839 -7.964
0.06 0.69525 9.47712 1.5606701374 2.5436598800    0.625  3.730  3.3766 -1.037    8  0.570  0.403   165.93    -1.00    -1.00    -1.00    -1.00  0  -7.3e-06      2.03 5.692e-01 3.703e-01 7.961e-03 6.512e-03 2.634e-02 -1.000 6.051e-02 -4.554 14.146 10.813 7.226 3.014 0.121 -5.077 -6.852 -7.985
0.06 0.69525 9.47712 1.5606706142 2.5436599159    0.609  3.733  3.3816 -1.032    8  0.571  0.403   158.40    -1.00    -1.00    -1.00    -1.00  0 -7.36e-06      2.03 5.692e-01 3.703e-01 7.961e-03 6.512e-03 2.634e-02 -1.000 6.051e-02 -4.562 14.185 10.833 7.238 3.020 0.124 -5.078 -6.857 -7.991
0.06 0.69525 9.47712 1.5606733561 2.5436601220    0.571 -9.999  4.0000  1.596    9  0.571  0.000     0.00     0.00     0.00     0.00     0.00 -1    -1e-30      0.00 5.692e-01 3.703e-01 7.961e-03 6.512e-03 2.634e-02 -1.000 6.051e-02 29.767 29.659 29.932 29.989 29.976 29.980 30.037 30.040 30.061
#isochrone terminated
