# File generated by CMD 3.9 (http://stev.oapd.inaf.it/cmd) on Wed May  6 22:14:38 UTC 2026
# isochrones based on PARSEC release v1.2S +  COLIBRI S_37 + S_35 + PR16
# Basic references: Bressan et al. (2012), MNRAS, 427, 127 + Chen et al. (2014, 2015), MNRAS, 444, 2525 + MNRAS, 452, 1068 + Tang et al. (2014), MNRAS, 445, 4287 + Marigo et al. (2017), ApJ, 835, 77 + Pastorelli al. (2019), MNRAS, 485, 5666 + Pastorelli al. (2020), MNRAS, in press
# Thermal pulse cycles included 
# On RGB, assumed Reimers mass loss with efficiency eta=0.2
# LPV periods and growth rates added cf. Trabucchi et al. (2019)
# but fundamental-mode LPV periods + transition are from Trabucchi et al. (2021)
# Photometric system: <i>UBVRIJHK</i> (cf. Maiz-Apellaniz 2006 + Bessell 1990)
# Using YBC version of bolometric corrections as in Chen et al. (2019)
# O-rich circumstellar dust ignored
# C-rich circumstellar dust ignored
# IMF: Kroupa (2001, 2002) + Kroupa et al. (2013) canonical two-part-power law IMF corrected for unresolved binaries 
# Kind of output: isochrone tables
# Zini     MH   logAge Mini        int_IMF         Mass   logL    logTe  logg  label   McoreTP C_O  period0  period1  period2  period3  period4  pmode  Mloss  tau1m   X   Y   Xc  Xn  Xo  Cexcess  Z 	 mbolmag  Umag    Bmag    Vmag    Rmag    Imag    Jmag    Hmag    Kmag
0.0152 0.01508 9.60206 0.0900000036 1.0816895926    0.090 -3.424  3.3622  5.217    1  0.000  0.545     0.00     0.00     0.00     0.00     0.00 -1 -3.89e-17      0.00 7.087e-01 2.760e-01 2.746e-03 7.408e-04 6.719e-03 -1.000 1.527e-02 13.330 22.607 19.983 18.146 15.992 13.742 11.239 10.625 10.336
0.0152 0.01508 9.60206 0.1000000015 1.1711064122    0.100 -3.242  3.3881  5.184    1  0.000  0.545     0.00     0.00     0.00     0.00     0.00 -1 -5.84e-17      0.00 7.086e-01 2.761e-01 2.746e-03 7.408e-04 6.719e-03 -1.000 1.527e-02 12.874 22.087 19.500 17.672 15.530 13.286 10.784 10.171 9.878
0.0152 0.01508 9.60206 0.1194323823 1.3155629648    0.119 -2.984  3.4220  5.139    1  0.000  0.545     0.00     0.00     0.00     0.00     0.00 -1 -1.02e-16      0.00 7.082e-01 2.765e-01 2.746e-03 7.408e-04 6.719e-03 -1.000 1.527e-02 12.230 21.101 18.642 16.843 14.775 12.578 10.153 9.540 9.241
0.0152 0.01508 9.60206 0.1200000122 1.3193155232    0.120 -2.977  3.4229  5.138    1  0.000  0.545     0.00     0.00     0.00     0.00     0.00 -1 -1.03e-16      0.00 7.082e-01 2.765e-01 2.746e-03 7.408e-04 6.719e-03 -1.000 1.527e-02 12.213 21.030 18.588 16.793 14.736 12.547 10.138 9.525 9.226
0.0152 0.01508 9.60206 0.1400000006 1.4384526719    0.140 -2.794  3.4431  5.102    1  0.000  0.545     0.00     0.00     0.00     0.00     0.00 -1 -1.52e-16      0.00 7.080e-01 2.768e-01 2.746e-03 7.408e-04 6.719e-03 -1.000 1.527e-02 11.754 19.479 17.369 15.662 13.843 11.826 9.727 9.111 8.811
0.0152 0.01508 9.60206 0.1593211889 1.5342067691    0.159 -2.657  3.4563  5.074    1  0.000  0.545     0.00     0.00     0.00     0.00     0.00 -1 -2.01e-16      0.00 7.077e-01 2.771e-01 2.746e-03 7.408e-04 6.719e-03 -1.000 1.527e-02 11.413 18.506 16.577 14.916 13.240 11.338 9.417 8.800 8.503
0.0152 0.01508 9.60206 0.1599999964 1.5372931554    0.160 -2.653  3.4567  5.073    1  0.000  0.545     0.00     0.00     0.00     0.00     0.00 -1 -2.03e-16      0.00 7.077e-01 2.771e-01 2.746e-03 7.408e-04 6.719e-03 -1.000 1.527e-02 11.401 18.474 16.551 14.892 13.220 11.322 9.407 8.790 8.493
0.0152 0.01508 9.60206 0.2000000030 1.6938790862    0.200 -2.436  3.4754  5.029    1  0.000  0.545     0.00     0.00     0.00     0.00     0.00 -1 -3.15e-16      0.00 7.072e-01 2.776e-01 2.746e-03 7.408e-04 6.719e-03 -1.000 1.527e-02 10.861 17.141 15.433 13.833 12.343 10.611 8.912 8.292 8.004
0.0152 0.01508 9.60206 0.2500000000 1.8403257998    0.250 -2.231  3.4918  4.986    1  0.000  0.545     0.00     0.00     0.00     0.00     0.00 -1 -4.74e-16      0.00 7.067e-01 2.781e-01 2.746e-03 7.408e-04 6.719e-03 -1.000 1.527e-02 10.348 16.037 14.477 12.910 11.554 9.978 8.440 7.818 7.540
0.0152 0.01508 9.60206 0.3000000119 1.9529139769    0.300 -2.071  3.5027  4.949    1  0.000  0.545     0.00     0.00     0.00     0.00     0.00 -1 -5.46e-16      0.00 7.064e-01 2.783e-01 2.746e-03 7.408e-04 6.719e-03 -1.000 1.527e-02 9.948 15.310 13.827 12.293 11.010 9.517 8.065 7.440 7.171
0.0152 0.01508 9.60206 0.3441955447 2.0338002674    0.344 -1.931  3.5103  4.899    1  0.000  0.545     0.00     0.00     0.00     0.00     0.00 -1 -8.91e-16      0.00 7.089e-01 2.758e-01 2.746e-03 7.408e-04 6.719e-03 -1.000 1.527e-02 9.598 14.741 13.310 11.803 10.568 9.131 7.733 7.105 6.842
0.0152 0.01508 9.60206 0.3500000238 2.0434175133    0.350 -1.914  3.5112  4.893    0  0.000  0.545     0.00     0.00     0.00     0.00     0.00 -1 -9.26e-16      0.00 7.091e-01 2.757e-01 2.746e-03 7.408e-04 6.719e-03 -1.000 1.527e-02 9.555 14.673 13.248 11.744 10.514 9.084 7.692 7.063 6.801
0.0152 0.01508 9.60206 0.4000000358 2.1185024810    0.400 -1.771  3.5224  4.853    0  0.000  0.545     0.00     0.00     0.00     0.00     0.00 -1 -1.26e-15      0.00 7.091e-01 2.756e-01 2.746e-03 7.408e-04 6.719e-03 -1.000 1.527e-02 9.198 14.059 12.681 11.204 10.032 8.681 7.362 6.727 6.475
0.0152 0.01508 9.60206 0.4500000477 2.1822809714    0.450 -1.622  3.5345  4.803    1  0.000  0.545     0.00     0.00     0.00     0.00     0.00 -1 -1.78e-15      0.00 7.092e-01 2.755e-01 2.746e-03 7.408e-04 6.719e-03 -1.000 1.527e-02 8.825 13.455 12.107 10.658 9.540 8.268 7.019 6.375 6.132
0.0152 0.01508 9.60206 0.5000000000 2.2374541529    0.500 -1.467  3.5493  4.753    1  0.000  0.545     0.00     0.00     0.00     0.00     0.00 -1 -2.55e-15      0.00 7.092e-01 2.755e-01 2.746e-03 7.408e-04 6.719e-03 -1.000 1.527e-02 8.437 12.837 11.501 10.079 9.017 7.838 6.669 6.013 5.782
0.0152 0.01508 9.60206 0.5266418457 2.2633285057    0.526 -1.377  3.5596  4.726    1  0.000  0.545     0.00     0.00     0.00     0.00     0.00 -1 -3.15e-15      0.00 7.140e-01 2.710e-01 2.703e-03 7.294e-04 6.615e-03 -1.000 1.503e-02 8.212 12.479 11.137 9.727 8.698 7.589 6.471 5.808 5.585
0.0152 0.01508 9.60206 0.5500000119 2.2836582633    0.550 -1.301  3.5683  4.704    1  0.000  0.545     0.00     0.00     0.00     0.00     0.00 -1 -3.77e-15      0.00 7.186e-01 2.666e-01 2.662e-03 7.183e-04 6.515e-03 -1.000 1.482e-02 8.022 12.187 10.835 9.433 8.430 7.381 6.306 5.636 5.422
0.0152 0.01508 9.60206 0.6000000238 2.3211213258    0.600 -1.135  3.5918  4.670    1  0.000  0.545     0.00     0.00     0.00     0.00     0.00 -1 -5.49e-15      0.00 7.200e-01 2.652e-01 2.650e-03 7.152e-04 6.487e-03 -1.000 1.476e-02 7.608 11.522 10.141 8.768 7.824 6.932 5.955 5.267 5.084
0.0152 0.01508 9.60206 0.6499999762 2.3520353107    0.650 -0.969  3.6199  4.651    1  0.000  0.545     0.00     0.00     0.00     0.00     0.00 -1 -7.92e-15      0.00 7.213e-01 2.640e-01 2.639e-03 7.122e-04 6.461e-03 -1.000 1.471e-02 7.191 10.822 9.401 8.102 7.224 6.490 5.603 4.911 4.772
0.0152 0.01508 9.60206 0.7000000477 2.3779267258    0.700 -0.808  3.6490  4.639    1  0.000  0.545     0.00     0.00     0.00     0.00     0.00 -1 -1.12e-14      0.00 7.226e-01 2.628e-01 2.629e-03 7.095e-04 6.437e-03 -1.000 1.460e-02 6.790 9.964 8.619 7.444 6.654 6.071 5.277 4.621 4.521
0.0152 0.01508 9.60206 0.7286195159 2.3909216164    0.729 -0.719  3.6658  4.634    1  0.000  0.540     0.00     0.00     0.00     0.00     0.00 -1 -1.35e-14      0.00 7.234e-01 2.620e-01 2.602e-03 7.072e-04 6.422e-03 -1.000 1.461e-02 6.567 9.358 8.172 7.081 6.357 5.836 5.102 4.496 4.408
0.0152 0.01508 9.60206 0.7500000000 2.3998889087    0.750 -0.654  3.6778  4.630    1  0.000  0.537     0.00     0.00     0.00     0.00     0.00 -1 -1.55e-14      0.00 7.239e-01 2.615e-01 2.583e-03 7.057e-04 6.412e-03 -1.000 1.459e-02 6.405 8.914 7.860 6.829 6.153 5.667 4.978 4.412 4.330
0.0152 0.01508 9.60206 0.7926141620 2.4161137422    0.792 -0.534  3.6962  4.608    1  0.000  0.537     0.00     0.00     0.00     0.00     0.00 -1 -2.05e-14      0.00 7.256e-01 2.599e-01 2.569e-03 7.020e-04 6.379e-03 -1.000 1.452e-02 6.104 8.227 7.362 6.414 5.808 5.363 4.736 4.226 4.154
0.0152 0.01508 9.60206 0.8000000119 2.4187244405    0.800 -0.513  3.6993  4.604    1  0.000  0.537     0.00     0.00     0.00     0.00     0.00 -1 -2.15e-14      0.00 7.259e-01 2.596e-01 2.567e-03 7.013e-04 6.373e-03 -1.000 1.451e-02 6.053 8.110 7.279 6.345 5.751 5.313 4.696 4.196 4.125
0.0152 0.01508 9.60206 0.8076962829 2.4213865286    0.807 -0.492  3.7025  4.599    1  0.000  0.537     0.00     0.00     0.00     0.00     0.00 -1 -2.26e-14      0.00 7.262e-01 2.593e-01 2.564e-03 7.006e-04 6.366e-03 -1.000 1.449e-02 6.000 7.995 7.196 6.275 5.692 5.260 4.654 4.163 4.093
0.0152 0.01508 9.60206 0.8500000238 2.4350346840    0.850 -0.377  3.7194  4.574    1  0.000  0.537     0.00     0.00     0.00     0.00     0.00 -1 -2.95e-14      0.00 7.281e-01 2.575e-01 2.549e-03 6.964e-04 6.329e-03 -1.000 1.439e-02 5.713 7.389 6.760 5.908 5.380 4.979 4.428 3.985 3.922
0.0152 0.01508 9.60206 0.8698986173 2.4409290632    0.869 -0.324  3.7267  4.560    1  0.000  0.537     0.00     0.00     0.00     0.00     0.00 -1 -3.34e-14      0.00 7.293e-01 2.564e-01 2.540e-03 6.940e-04 6.306e-03 -1.000 1.434e-02 5.580 7.129 6.572 5.747 5.240 4.851 4.323 3.899 3.839
0.0152 0.01508 9.60206 0.9000000358 2.4492786175    0.899 -0.245  3.7374  4.539    1  0.000  0.537     0.00     0.00     0.00     0.00     0.00 -1 -4.04e-14      0.00 7.310e-01 2.548e-01 2.525e-03 6.901e-04 6.272e-03 -1.000 1.423e-02 5.382 6.750 6.293 5.510 5.034 4.663 4.167 3.772 3.716
0.0152 0.01508 9.60206 0.9096310139 2.4518162433    0.909 -0.220  3.7406  4.531    1  0.000  0.537     0.00     0.00     0.00     0.00     0.00 -1  -4.3e-14      0.00 7.317e-01 2.541e-01 2.520e-03 6.886e-04 6.258e-03 -1.000 1.420e-02 5.319 6.634 6.206 5.436 4.969 4.603 4.118 3.730 3.676
0.0152 0.01508 9.60206 0.9326230884 2.4576313612    0.932 -0.160  3.7480  4.511    1  0.000  0.537     0.00     0.00     0.00     0.00     0.00 -1 -4.99e-14      0.00 7.334e-01 2.525e-01 2.505e-03 6.848e-04 6.225e-03 -1.000 1.413e-02 5.170 6.352 6.004 5.265 4.820 4.466 4.002 3.631 3.581
0.0152 0.01508 9.60206 0.9500000477 2.4618122009    0.949 -0.115  3.7534  4.496    1  0.000  0.537     0.00     0.00     0.00     0.00     0.00 -1 -5.58e-14      0.00 7.347e-01 2.512e-01 2.495e-03 6.819e-04 6.199e-03 -1.000 1.408e-02 5.058 6.151 5.855 5.139 4.709 4.363 3.914 3.555 3.508
0.0152 0.01508 9.60206 0.9538692236 2.4627192986    0.953 -0.105  3.7545  4.493    1  0.000  0.537     0.00     0.00     0.00     0.00     0.00 -1 -5.72e-14      0.00 7.351e-01 2.508e-01 2.492e-03 6.811e-04 6.191e-03 -1.000 1.407e-02 5.033 6.109 5.823 5.112 4.684 4.340 3.894 3.538 3.491
0.0152 0.01508 9.60206 0.9735065103 2.4671955507    0.973 -0.054  3.7601  4.473    1  0.000  0.536     0.00     0.00     0.00     0.00     0.00 -1 -6.51e-14      0.00 7.371e-01 2.490e-01 2.475e-03 6.767e-04 6.152e-03 -1.000 1.400e-02 4.906 5.896 5.660 4.972 4.559 4.224 3.792 3.449 3.404
0.0152 0.01508 9.60206 0.9917975664 2.4711820955    0.992 -0.007  3.7651  4.454    1  0.000  0.536     0.00     0.00     0.00     0.00     0.00 -1 -7.34e-14      0.00 7.390e-01 2.471e-01 2.459e-03 6.724e-04 6.114e-03 -1.000 1.391e-02 4.789 5.708 5.511 4.844 4.444 4.117 3.699 3.366 3.324
0.0152 0.01508 9.60206 1.0000000000 2.4729154477    1.000  0.013  3.7673  4.445    1  0.000  0.536     0.00     0.00     0.00     0.00     0.00 -1 -7.75e-14      0.00 7.399e-01 2.463e-01 2.452e-03 6.704e-04 6.096e-03 -1.000 1.386e-02 4.736 5.625 5.445 4.787 4.393 4.069 3.657 3.329 3.288
0.0152 0.01508 9.60206 1.0013530254 2.4731982353    1.001  0.017  3.7676  4.444    1  0.000  0.536     0.00     0.00     0.00     0.00     0.00 -1 -7.81e-14      0.00 7.401e-01 2.461e-01 2.451e-03 6.700e-04 6.092e-03 -1.000 1.386e-02 4.728 5.612 5.435 4.778 4.385 4.061 3.650 3.323 3.282
0.0152 0.01508 9.60206 1.0203638077 2.4770805482    1.020  0.066  3.7722  4.422    1  0.000  0.536     0.00     0.00     0.00     0.00     0.00 -1 -8.63e-14      0.00 7.429e-01 2.434e-01 2.427e-03 6.638e-04 6.036e-03 -1.000 1.373e-02 4.606 5.428 5.284 4.647 4.266 3.950 3.551 3.234 3.195
0.0152 0.01508 9.60206 1.0379914045 2.4805346519    1.037  0.111  3.7763  4.400    1  0.000  0.536     0.00     0.00     0.00     0.00     0.00 -1 -9.47e-14      0.00 7.457e-01 2.407e-01 2.405e-03 6.576e-04 5.981e-03 -1.000 1.361e-02 4.493 5.262 5.145 4.528 4.157 3.848 3.459 3.151 3.114
0.0152 0.01508 9.60206 1.0499999523 2.4828114860    1.049  0.141  3.7790  4.385    1  0.000  0.536     0.00     0.00     0.00     0.00     0.00 -1 -1.01e-13      0.00 7.476e-01 2.388e-01 2.388e-03 6.532e-04 5.942e-03 -1.000 1.355e-02 4.416 5.152 5.052 4.447 4.082 3.778 3.396 3.094 3.058
0.0152 0.01508 9.60206 1.0649253130 2.4855592052    1.064  0.180  3.7821  4.366    1  0.000  0.536     0.00     0.00     0.00     0.00     0.00 -1 -1.09e-13      0.00 7.510e-01 2.356e-01 2.360e-03 6.458e-04 5.875e-03 -1.000 1.337e-02 4.321 5.022 4.939 4.347 3.990 3.691 3.317 3.020 2.986
0.0152 0.01508 9.60206 1.0812900066 2.4884718664    1.080  0.221  3.7852  4.343    1  0.000  0.535     0.00     0.00     0.00     0.00     0.00 -1 -1.19e-13      0.00 7.550e-01 2.318e-01 2.328e-03 6.370e-04 5.796e-03 -1.000 1.319e-02 4.217 4.885 4.818 4.239 3.890 3.595 3.228 2.939 2.906
0.0152 0.01508 9.60206 1.0963908434 2.4910710647    1.095  0.259  3.7878  4.321    1  0.000  0.535     0.00     0.00     0.00     0.00     0.00 -1  -1.3e-13      0.00 7.589e-01 2.281e-01 2.296e-03 6.285e-04 5.720e-03 -1.000 1.300e-02 4.122 4.763 4.708 4.141 3.797 3.507 3.147 2.862 2.830
0.0152 0.01508 9.60206 1.1000000238 2.4916801480    1.099  0.268  3.7884  4.316    1  0.000  0.535     0.00     0.00     0.00     0.00     0.00 -1 -1.32e-13      0.00 7.599e-01 2.272e-01 2.289e-03 6.264e-04 5.702e-03 -1.000 1.296e-02 4.099 4.734 4.682 4.117 3.775 3.486 3.127 2.844 2.812
0.0152 0.01508 9.60206 1.1045409441 2.4924399722    1.103  0.280  3.7891  4.310    1  0.000  0.535     0.00     0.00     0.00     0.00     0.00 -1 -1.35e-13      0.00 7.606e-01 2.265e-01 2.284e-03 6.252e-04 5.691e-03 -1.000 1.294e-02 4.071 4.699 4.649 4.088 3.748 3.460 3.103 2.821 2.790
0.0152 0.01508 9.60206 1.1193032265 2.4948612043    1.118  0.315  3.7911  4.288    1  0.000  0.535     0.00     0.00     0.00     0.00     0.00 -1 -1.46e-13      0.00 7.627e-01 2.244e-01 2.271e-03 6.221e-04 5.662e-03 -1.000 1.290e-02 3.982 4.591 4.549 3.997 3.661 3.376 3.024 2.747 2.716
0.0152 0.01508 9.60206 1.1330542564 2.4970514286    1.132  0.347  3.7926  4.267    1  0.000  0.535     0.00     0.00     0.00     0.00     0.00 -1 -1.56e-13      0.00 7.644e-01 2.228e-01 2.261e-03 6.201e-04 5.640e-03 -1.000 1.286e-02 3.902 4.498 4.461 3.916 3.583 3.301 2.952 2.678 2.648
0.0152 0.01508 9.60206 1.1452981234 2.4989507791    1.144  0.376  3.7938  4.248    1  0.000  0.534     0.00     0.00     0.00     0.00     0.00 -1 -1.66e-13      0.00 7.657e-01 2.215e-01 2.254e-03 6.187e-04 5.626e-03 -1.000 1.281e-02 3.830 4.415 4.382 3.842 3.513 3.232 2.886 2.614 2.584
0.0152 0.01508 9.60206 1.1499999762 2.4996678137    1.149  0.387  3.7943  4.240    1  0.000  0.534     0.00     0.00     0.00     0.00     0.00 -1  -1.7e-13      0.00 7.662e-01 2.210e-01 2.252e-03 6.182e-04 5.622e-03 -1.000 1.279e-02 3.801 4.382 4.350 3.813 3.484 3.204 2.859 2.589 2.559
0.0152 0.01508 9.60206 1.1511204243 2.4998376890    1.150  0.390  3.7943  4.238    1  0.000  0.534     0.00     0.00     0.00     0.00     0.00 -1 -1.71e-13      0.00 7.662e-01 2.211e-01 2.253e-03 6.184e-04 5.623e-03 -1.000 1.279e-02 3.795 4.376 4.344 3.806 3.478 3.198 2.854 2.583 2.553
0.0152 0.01508 9.60206 1.1736133099 2.5031691668    1.173  0.436  3.7942  4.200    1  0.000  0.534     0.00     0.00     0.00     0.00     0.00 -1 -1.89e-13      0.00 7.646e-01 2.225e-01 2.274e-03 6.237e-04 5.679e-03 -1.000 1.295e-02 3.679 4.261 4.227 3.690 3.362 3.082 2.737 2.467 2.437
0.0152 0.01508 9.60206 1.1880568266 2.5052321133    1.187  0.463  3.7934  4.175    1  0.000  0.534     0.00     0.00     0.00     0.00     0.00 -1    -2e-13      0.00 7.640e-01 2.231e-01 2.285e-03 6.257e-04 5.711e-03 -1.000 1.298e-02 3.613 4.203 4.164 3.624 3.295 3.014 2.666 2.394 2.364
0.0152 0.01508 9.60206 1.1926239729 2.5058724863    1.192  0.480  3.7943  4.163    1  0.000  0.533     0.00     0.00     0.00     0.00     0.00 -1 -2.08e-13      0.00 7.638e-01 2.232e-01 2.289e-03 6.262e-04 5.720e-03 -1.000 1.300e-02 3.570 4.151 4.116 3.580 3.253 2.973 2.628 2.358 2.329
0.0152 0.01508 9.60206 1.1961252689 2.5063596068    1.195  0.497  3.7957  4.153    1  0.000  0.533     0.00     0.00     0.00     0.00     0.00 -1 -2.17e-13      0.00 7.639e-01 2.231e-01 2.290e-03 6.263e-04 5.724e-03 -1.000 1.301e-02 3.527 4.096 4.065 3.535 3.211 2.934 2.592 2.325 2.296
0.0152 0.01508 9.60206 1.1983838081 2.5066720916    1.197  0.513  3.7972  4.144    1  0.000  0.533     0.00     0.00     0.00     0.00     0.00 -1 -2.26e-13      0.00 7.640e-01 2.230e-01 2.290e-03 6.261e-04 5.725e-03 -1.000 1.301e-02 3.488 4.044 4.018 3.495 3.174 2.899 2.561 2.297 2.268
0.0152 0.01508 9.60206 1.1999071836 2.5068820976    1.199  0.529  3.7989  4.136    1  0.000  0.533     0.00     0.00     0.00     0.00     0.00 -1 -2.36e-13      0.00 7.641e-01 2.229e-01 2.289e-03 6.259e-04 5.724e-03 -1.000 1.300e-02 3.448 3.990 3.969 3.453 3.136 2.864 2.530 2.270 2.242
0.0152 0.01508 9.60206 1.2000000477 2.5068948796    1.199  0.531  3.7991  4.135    1  0.000  0.533     0.00     0.00     0.00     0.00     0.00 -1 -2.37e-13      0.00 7.641e-01 2.229e-01 2.289e-03 6.259e-04 5.724e-03 -1.000 1.300e-02 3.444 3.984 3.964 3.449 3.132 2.860 2.527 2.267 2.238
0.0152 0.01508 9.60206 1.2025077343 2.5072391848    1.201  0.545  3.8000  4.125    1  0.000  0.533     0.00     0.00     0.00     0.00     0.00 -1 -2.47e-13      0.00 7.640e-01 2.230e-01 2.290e-03 6.261e-04 5.728e-03 -1.000 1.301e-02 3.408 3.940 3.923 3.412 3.097 2.827 2.496 2.238 2.210
0.0152 0.01508 9.60206 1.2293975353 2.5108298604    1.228  0.623  3.7984  4.050    2  0.000  0.533     0.00     0.00     0.00     0.00     0.00 -1 -3.01e-13      0.00 7.624e-01 2.245e-01 2.304e-03 6.290e-04 5.766e-03 -1.000 1.309e-02 3.213 3.762 3.734 3.218 2.901 2.629 2.293 2.033 2.004
0.0152 0.01508 9.60206 1.2468116283 2.5130604306    1.246  0.670  3.7954  3.997    2  0.000  0.532     0.00     0.00     0.00     0.00     0.00 -1 -3.41e-13      0.00 7.614e-01 2.255e-01 2.313e-03 6.309e-04 5.791e-03 -1.000 1.313e-02 3.096 3.672 3.630 3.102 2.779 2.503 2.160 1.894 1.863
0.0152 0.01508 9.60206 1.2500000000 2.5134610955    1.249  0.678  3.7947  3.987    2  0.000  0.532     0.00     0.00     0.00     0.00     0.00 -1 -3.49e-13      0.00 7.612e-01 2.257e-01 2.314e-03 6.312e-04 5.796e-03 -1.000 1.314e-02 3.074 3.656 3.612 3.081 2.757 2.479 2.135 1.867 1.836
0.0152 0.01508 9.60206 1.2655637264 2.5153836210    1.265  0.716  3.7882  3.929    2  0.000  0.532     0.00     0.00     0.00     0.00     0.00 -1 -3.89e-13      0.00 7.595e-01 2.273e-01 2.327e-03 6.347e-04 5.826e-03 -1.000 1.323e-02 2.981 3.623 3.552 2.995 2.657 2.369 2.009 1.728 1.695
0.0152 0.01508 9.60206 1.2771161795 2.5167758586    1.276  0.736  3.7788  3.875    2  0.000  0.533     0.00     0.00     0.00     0.00     0.00 -1 -4.22e-13      0.00 7.538e-01 2.328e-01 2.368e-03 6.457e-04 5.924e-03 -1.000 1.346e-02 2.929 3.665 3.551 2.955 2.596 2.294 1.910 1.610 1.573
0.0152 0.01508 9.60206 1.2869350910 2.5179366087    1.286  0.727  3.7623  3.822    2  0.000  0.534     0.00     0.00     0.00     0.00     0.00 -1 -4.28e-13      0.00 7.397e-01 2.463e-01 2.471e-03 6.731e-04 6.169e-03 -1.000 1.399e-02 2.953 3.882 3.676 3.009 2.612 2.282 1.854 1.517 1.474
0.0152 0.01508 9.60206 1.2934216261 2.5186923124    1.293  0.694  3.7435  3.782    2  0.000  0.535     0.00     0.00     0.00     0.00     0.00 -1 -4.09e-13      0.00 7.264e-01 2.590e-01 2.574e-03 7.005e-04 6.414e-03 -1.000 1.457e-02 3.036 4.222 3.882 3.138 2.696 2.335 1.854 1.471 1.419
0.0152 0.01508 9.60206 1.2964694500 2.5190443928    1.296  0.673  3.7320  3.758    2  0.000  0.535     0.00     0.00     0.00     0.00     0.00 -1 -3.97e-13      0.00 7.213e-01 2.639e-01 2.613e-03 7.110e-04 6.508e-03 -1.000 1.478e-02 3.089 4.441 4.013 3.226 2.756 2.377 1.861 1.448 1.393
0.0152 0.01508 9.60206 1.2982429266 2.5192483877    1.297  0.660  3.7250  3.743    2  0.000  0.535     0.00     0.00     0.00     0.00     0.00 -1  -3.9e-13      0.00 7.187e-01 2.664e-01 2.632e-03 7.162e-04 6.554e-03 -1.000 1.488e-02 3.120 4.580 4.096 3.282 2.795 2.404 1.865 1.434 1.376
0.0152 0.01508 9.60206 1.2996877432 2.5194141051    1.299  0.657  3.7201  3.727    2  0.000  0.535     0.00     0.00     0.00     0.00     0.00 -1 -3.93e-13      0.00 7.171e-01 2.680e-01 2.643e-03 7.193e-04 6.581e-03 -1.000 1.494e-02 3.126 4.661 4.139 3.305 2.806 2.407 1.853 1.408 1.348
0.0152 0.01508 9.60206 1.2999999523 2.5194498592    1.299  0.659  3.7193  3.722    2  0.000  0.535     0.00     0.00     0.00     0.00     0.00 -1 -3.96e-13      0.00 7.168e-01 2.683e-01 2.644e-03 7.198e-04 6.584e-03 -1.000 1.495e-02 3.123 4.672 4.142 3.305 2.804 2.403 1.846 1.399 1.339
0.0152 0.01508 9.60206 1.3050580025 2.5200263653    1.304  0.682  3.7069  3.651    2  0.000  0.535     0.00     0.00     0.00     0.00     0.00 -1 -4.43e-13      0.00 7.127e-01 2.722e-01 2.662e-03 7.259e-04 6.638e-03 -1.000 1.507e-02 3.065 4.820 4.182 3.298 2.765 2.342 1.743 1.261 1.196
0.0152 0.01508 9.60206 1.3056253195 2.5200907066    1.305  0.688  3.7059  3.641    2  0.000  0.534     0.00     0.00     0.00     0.00     0.00 -1 -4.53e-13      0.00 7.123e-01 2.727e-01 2.663e-03 7.266e-04 6.643e-03 -1.000 1.508e-02 3.050 4.822 4.176 3.288 2.752 2.328 1.725 1.240 1.175
0.0152 0.01508 9.60206 1.3085429668 2.5204205935    1.308  0.731  3.7026  3.586    3  0.000  0.520     0.00     0.00     0.00     0.00     0.00 -1 -5.28e-13      0.00 7.093e-01 2.756e-01 2.598e-03 7.787e-04 6.659e-03 -1.000 1.512e-02 2.942 4.765 4.095 3.194 2.650 2.220 1.606 1.111 1.044
0.0152 0.01508 9.60206 1.3113546371 2.5207369013    1.311  0.779  3.7001  3.529    3  0.000  0.488     0.00     0.00     0.00     0.00     0.00 -1 -6.25e-13      0.00 7.059e-01 2.790e-01 2.446e-03 9.406e-04 6.673e-03 -1.000 1.514e-02 2.822 4.682 3.995 3.085 2.535 2.100 1.477 0.975 0.907
0.0152 0.01508 9.60206 1.3142338991 2.5210592005    1.313  0.834  3.6979  3.465    3  0.000  0.453     0.00     0.00     0.00     0.00     0.00 -1 -7.56e-13      0.00 7.021e-01 2.826e-01 2.272e-03 1.155e-03 6.684e-03 -1.000 1.522e-02 2.684 4.582 3.877 2.957 2.402 1.962 1.331 0.823 0.754
0.0152 0.01508 9.60206 1.3166685104 2.5213304618    1.316  0.887  3.6961  3.407    3  0.000  0.431     0.00     0.00     0.00     0.00     0.00 -1 -9.04e-13      0.00 6.991e-01 2.856e-01 2.167e-03 1.286e-03 6.691e-03 -1.000 1.524e-02 2.554 4.485 3.764 2.835 2.276 1.832 1.195 0.681 0.612
0.0152 0.01508 9.60206 1.3189096451 2.5215791485    1.318  0.939  3.6943  3.348    3  0.000  0.418     0.00     0.00     0.00     0.00     0.00 -1 -1.09e-12      0.00 6.966e-01 2.881e-01 2.100e-03 1.371e-03 6.696e-03 -1.000 1.529e-02 2.422 4.387 3.649 2.711 2.148 1.700 1.057 0.538 0.468
0.0152 0.01508 9.60206 1.3208873272 2.5217977954    1.320  0.991  3.6926  3.290    3  0.000  0.409     0.00     0.00     0.00     0.00     0.00 -1  -1.3e-12      0.00 6.949e-01 2.898e-01 2.059e-03 1.423e-03 6.700e-03 -1.000 1.532e-02 2.294 4.291 3.537 2.591 2.023 1.572 0.922 0.399 0.328
0.0152 0.01508 9.60206 1.3227449656 2.5220024859    1.322  1.044  3.6907  3.230    3  0.000  0.404     0.00     0.00     0.00     0.00     0.00 -1 -1.56e-12      0.00 6.937e-01 2.910e-01 2.033e-03 1.455e-03 6.702e-03 -1.000 1.535e-02 2.160 4.194 3.422 2.466 1.893 1.439 0.782 0.253 0.181
0.0152 0.01508 9.60206 1.3242942095 2.5221726900    1.323  1.093  3.6888  3.174    3  0.000  0.401     0.00     0.00     0.00     0.00     0.00 -1 -1.86e-12      0.00 6.930e-01 2.917e-01 2.018e-03 1.474e-03 6.704e-03 -1.000 1.530e-02 2.037 4.106 3.318 2.353 1.775 1.317 0.653 0.119 0.046
0.0152 0.01508 9.60206 1.3257282972 2.5223298350    1.325  1.143  3.6868  3.117    3  0.000  0.399     0.00     0.00     0.00     0.00     0.00 -1 -2.22e-12      0.00 6.925e-01 2.922e-01 2.009e-03 1.485e-03 6.705e-03 -1.000 1.529e-02 1.913 4.021 3.214 2.239 1.656 1.193 0.522 -0.018 -0.091
0.0152 0.01508 9.60206 1.3269836903 2.5224670783    1.326  1.191  3.6848  3.061    3  0.000  0.398     0.00     0.00     0.00     0.00     0.00 -1 -2.63e-12      0.00 6.922e-01 2.924e-01 2.003e-03 1.493e-03 6.706e-03 -1.000 1.532e-02 1.794 3.942 3.116 2.130 1.541 1.075 0.396 -0.150 -0.224
0.0152 0.01508 9.60206 1.3280962706 2.5225884596    1.327  1.237  3.6828  3.007    3  0.000  0.397     0.00     0.00     0.00     0.00     0.00 -1 -3.11e-12      0.00 6.921e-01 2.926e-01 2.000e-03 1.497e-03 6.706e-03 -1.000 1.530e-02 1.677 3.867 3.020 2.024 1.430 0.959 0.273 -0.279 -0.354
0.0152 0.01508 9.60206 1.3290820122 2.5226958077    1.328  1.282  3.6807  2.954    3  0.000  0.397     0.00     0.00     0.00     0.00     0.00 -1 -3.65e-12      0.00 6.921e-01 2.926e-01 1.998e-03 1.499e-03 6.707e-03 -1.000 1.527e-02 1.564 3.794 2.927 1.922 1.323 0.847 0.154 -0.404 -0.481
0.0152 0.01508 9.60206 1.3299570084 2.5227909422    1.329  1.326  3.6787  2.902    3  0.000  0.397     0.00     0.00     0.00     0.00     0.00 -1 -4.28e-12      0.00 6.921e-01 2.926e-01 1.997e-03 1.500e-03 6.707e-03 -1.000 1.527e-02 1.455 3.726 2.839 1.824 1.219 0.740 0.038 -0.526 -0.604
0.0152 0.01508 9.60206 1.3307626247 2.5228784062    1.330  1.370  3.6765  2.850    3  0.000  0.397     0.00     0.00     0.00     0.00     0.00 -1 -5.02e-12      0.00 6.921e-01 2.926e-01 1.996e-03 1.501e-03 6.707e-03 -1.000 1.527e-02 1.345 3.661 2.752 1.727 1.116 0.631 -0.078 -0.649 -0.728
0.0152 0.01508 9.60206 1.3315031528 2.5229586963    1.330  1.414  3.6743  2.798    3  0.000  0.396     0.00     0.00     0.00     0.00     0.00 -1 -5.88e-12      0.00 6.921e-01 2.926e-01 1.995e-03 1.501e-03 6.708e-03 -1.000 1.527e-02 1.236 3.597 2.666 1.631 1.013 0.524 -0.194 -0.771 -0.852
0.0152 0.01508 9.60206 1.3321580887 2.5230296207    1.331  1.455  3.6722  2.748    3  0.000  0.396     0.00     0.00     0.00     0.00     0.00 -1 -6.82e-12      0.00 6.921e-01 2.926e-01 1.995e-03 1.502e-03 6.708e-03 -1.000 1.527e-02 1.133 3.538 2.585 1.540 0.916 0.423 -0.303 -0.887 -0.969
0.0152 0.01508 9.60206 1.3327759504 2.5230964568    1.332  1.496  3.6700  2.699    3  0.000  0.396     0.00     0.00     0.00     0.00     0.00 -1 -7.93e-12      0.00 6.921e-01 2.926e-01 1.994e-03 1.503e-03 6.708e-03 -1.000 1.527e-02 1.031 3.480 2.505 1.450 0.820 0.322 -0.412 -1.003 -1.086
0.0152 0.01508 9.60206 1.3333528042 2.5231587927    1.332  1.532  3.6681  2.655    3  0.000  0.396     0.00     0.00     0.00     0.00     0.00 -1 -9.05e-12      0.00 6.921e-01 2.926e-01 1.994e-03 1.503e-03 6.708e-03 -1.000 1.527e-02 0.940 3.432 2.436 1.372 0.736 0.233 -0.509 -1.105 -1.189
0.0152 0.01508 9.60206 1.3339496851 2.5232232274    1.333  1.567  3.6662  2.612    3  0.000  0.396     0.00     0.00     0.00     0.00     0.00 -1 -1.03e-11      0.00 6.921e-01 2.926e-01 1.993e-03 1.504e-03 6.709e-03 -1.000 1.527e-02 0.852 3.385 2.369 1.295 0.654 0.147 -0.602 -1.204 -1.290
0.0152 0.01508 9.60206 1.3344665766 2.5232789736    1.333  1.589  3.6651  2.586    3  0.000  0.396     0.00     0.00     0.00     0.00     0.00 -1 -1.12e-11      0.00 6.921e-01 2.926e-01 1.992e-03 1.504e-03 6.709e-03 -1.000 1.527e-02 0.798 3.355 2.328 1.249 0.605 0.095 -0.659 -1.264 -1.351
0.0152 0.01508 9.60206 1.3348078728 2.5233157548    1.333  1.572  3.6662  2.608    3  0.000  0.396     0.00     0.00     0.00     0.00     0.00 -1 -1.06e-11      0.00 6.921e-01 2.926e-01 1.992e-03 1.505e-03 6.709e-03 -1.000 1.527e-02 0.841 3.372 2.358 1.284 0.644 0.136 -0.613 -1.215 -1.300
0.0152 0.01508 9.60206 1.3352813721 2.5233667476    1.334  1.537  3.6686  2.653    3  0.000  0.396     0.00     0.00     0.00     0.00     0.00 -1  -9.3e-12      0.00 6.921e-01 2.926e-01 1.992e-03 1.505e-03 6.709e-03 -1.000 1.527e-02 0.928 3.408 2.419 1.356 0.723 0.221 -0.519 -1.114 -1.198
0.0152 0.01508 9.60206 1.3353110552 2.5233699428    1.334  1.534  3.6687  2.656    3  0.000  0.396     0.00     0.00     0.00     0.00     0.00 -1  -9.2e-12      0.00 6.921e-01 2.926e-01 1.992e-03 1.505e-03 6.709e-03 -1.000 1.527e-02 0.934 3.411 2.423 1.361 0.728 0.227 -0.513 -1.107 -1.191
0.0152 0.01508 9.60206 1.3353877068 2.5233781934    1.334  1.540  3.6684  2.648    3  0.000  0.396     0.00     0.00     0.00     0.00     0.00 -1 -9.35e-12      0.00 6.921e-01 2.926e-01 1.992e-03 1.505e-03 6.709e-03 -1.000 1.527e-02 0.919 3.403 2.412 1.348 0.714 0.212 -0.529 -1.124 -1.208
0.0152 0.01508 9.60206 1.3359043598 2.5234337760    1.334  1.585  3.6658  2.593    3  0.000  0.396     0.00     0.00     0.00     0.00     0.00 -1 -1.09e-11      0.00 6.921e-01 2.926e-01 1.991e-03 1.506e-03 6.709e-03 -1.000 1.527e-02 0.806 3.347 2.328 1.252 0.610 0.102 -0.649 -1.252 -1.338
0.0152 0.01508 9.60206 1.3364335299 2.5234906539    1.335  1.632  3.6631  2.536    3  0.000  0.395     0.00     0.00     0.00     0.00     0.00 -1 -1.29e-11      0.00 6.922e-01 2.926e-01 1.991e-03 1.507e-03 6.710e-03 -1.000 1.527e-02 0.691 3.288 2.241 1.153 0.504 -0.011 -0.772 -1.383 -1.471
0.0152 0.01508 9.60206 1.3369141817 2.5235422720    1.335  1.677  3.6605  2.481    3  0.000  0.395     0.00     0.00     0.00     0.00     0.00 -1 -1.53e-11      0.00 6.922e-01 2.926e-01 1.990e-03 1.507e-03 6.710e-03 -1.000 1.527e-02 0.579 3.239 2.160 1.058 0.400 -0.120 -0.892 -1.511 -1.601
0.0152 0.01508 9.60206 1.3373585939 2.5235899602    1.336  1.721  3.6578  2.426    3  0.000  0.395     0.00     0.00     0.00     0.00     0.00 -1  -1.8e-11      0.00 6.922e-01 2.926e-01 1.990e-03 1.507e-03 6.710e-03 -1.000 1.527e-02 0.467 3.205 2.085 0.965 0.298 -0.229 -1.011 -1.638 -1.730
0.0152 0.01508 9.60206 1.3377710581 2.5236341877    1.336  1.766  3.6551  2.370    3  0.000  0.395     0.00     0.00     0.00     0.00     0.00 -1 -2.13e-11      0.00 6.922e-01 2.926e-01 1.989e-03 1.508e-03 6.710e-03 -1.000 1.527e-02 0.355 3.174 2.011 0.873 0.195 -0.338 -1.131 -1.766 -1.860
0.0152 0.01508 9.60206 1.3381451368 2.5236742720    1.336  1.810  3.6523  2.315    3  0.000  0.395     0.00     0.00     0.00     0.00     0.00 -1 -2.51e-11      0.00 6.922e-01 2.926e-01 1.989e-03 1.508e-03 6.710e-03 -1.000 1.527e-02 0.245 3.145 1.940 0.783 0.095 -0.445 -1.249 -1.892 -1.987
0.0152 0.01508 9.60206 1.3384908438 2.5237112933    1.337  1.854  3.6496  2.260    3  0.000  0.395     0.00     0.00     0.00     0.00     0.00 -1 -2.95e-11      0.00 6.922e-01 2.926e-01 1.989e-03 1.509e-03 6.710e-03 -1.000 1.527e-02 0.135 3.117 1.869 0.694 -0.005 -0.552 -1.367 -2.018 -2.115
0.0152 0.01508 9.60206 1.3388166428 2.5237461626    1.337  1.898  3.6467  2.205    3  0.000  0.395     0.00     0.00     0.00     0.00     0.00 -1 -3.49e-11      0.00 6.922e-01 2.926e-01 1.988e-03 1.509e-03 6.711e-03 -1.000 1.527e-02 0.024 3.094 1.800 0.605 -0.104 -0.660 -1.486 -2.146 -2.245
0.0152 0.01508 9.60206 1.3391084671 2.5237773790    1.337  1.942  3.6439  2.150    3  0.000  0.395     0.00     0.00     0.00     0.00     0.00 -1  -4.1e-11      0.00 6.922e-01 2.926e-01 1.988e-03 1.509e-03 6.711e-03 -1.000 1.527e-02 -0.084 3.072 1.733 0.520 -0.201 -0.764 -1.602 -2.270 -2.372
0.0152 0.01508 9.60206 1.3393757343 2.5238059549    1.337  1.985  3.6410  2.096    3  0.000  0.395     0.00     0.00     0.00     0.00     0.00 -1 -4.82e-11      0.00 6.922e-01 2.926e-01 1.988e-03 1.510e-03 6.711e-03 -1.000 1.527e-02 -0.192 3.053 1.668 0.435 -0.297 -0.868 -1.718 -2.395 -2.498
0.0152 0.01508 9.60206 1.3396207094 2.5238321358    1.337  2.028  3.6382  2.041    3  0.000  0.395     0.00     0.00     0.00     0.00     0.00 -1 -5.66e-11      0.00 6.922e-01 2.926e-01 1.987e-03 1.510e-03 6.711e-03 -1.000 1.527e-02 -0.299 3.037 1.605 0.353 -0.390 -0.971 -1.832 -2.518 -2.624
0.0152 0.01508 9.60206 1.3398500681 2.5238566378    1.337  2.071  3.6352  1.986    3  0.000  0.395     0.00     0.00     0.00     0.00     0.00 -1 -6.66e-11      0.00 6.922e-01 2.925e-01 1.987e-03 1.510e-03 6.711e-03 -1.000 1.527e-02 -0.407 3.016 1.542 0.270 -0.483 -1.074 -1.948 -2.642 -2.750
0.0152 0.01508 9.60206 1.3400549889 2.5238785210    1.337  2.113  3.6323  1.932    3  0.000  0.395     0.00     0.00     0.00     0.00     0.00 -1 -7.81e-11      0.00 6.922e-01 2.925e-01 1.987e-03 1.510e-03 6.711e-03 -1.000 1.527e-02 -0.512 2.975 1.483 0.187 -0.574 -1.172 -2.059 -2.756 -2.870
0.0152 0.01508 9.60206 1.3402502537 2.5238993658    1.337  2.156  3.6293  1.877    3  0.000  0.395     0.00     0.00     0.00     0.00     0.00 -1 -9.19e-11      0.00 6.922e-01 2.925e-01 1.987e-03 1.510e-03 6.711e-03 -1.000 1.527e-02 -0.621 2.931 1.420 0.102 -0.666 -1.273 -2.173 -2.875 -2.993
0.0152 0.01508 9.60206 1.3404248953 2.5239180032    1.337  2.198  3.6263  1.823    3  0.000  0.395     0.00     0.00     0.00     0.00     0.00 -1 -1.08e-10      0.00 6.922e-01 2.925e-01 1.987e-03 1.511e-03 6.711e-03 -1.000 1.527e-02 -0.725 2.887 1.361 0.022 -0.753 -1.370 -2.282 -2.989 -3.112
0.0152 0.01508 9.60206 1.3405879736 2.5239354015    1.337  2.240  3.6233  1.769    3  0.000  0.395     0.00     0.00     0.00     0.00     0.00 -1 -1.26e-10      0.00 6.922e-01 2.925e-01 1.987e-03 1.511e-03 6.711e-03 -1.000 1.527e-02 -0.830 2.840 1.301 -0.059 -0.840 -1.466 -2.393 -3.103 -3.233
0.0152 0.01508 9.60206 1.3407386541 2.5239514728    1.337  2.282  3.6202  1.715    3  0.000  0.394     0.00     0.00     0.00     0.00     0.00 -1 -1.48e-10      0.00 6.922e-01 2.925e-01 1.986e-03 1.511e-03 6.711e-03 -1.000 1.527e-02 -0.935 2.792 1.240 -0.140 -0.928 -1.563 -2.502 -3.218 -3.353
0.0152 0.01508 9.60206 1.3408776522 2.5239662944    1.337  2.324  3.6172  1.661    3  0.000  0.394     0.00     0.00     0.00     0.00     0.00 -1 -1.74e-10      0.00 6.922e-01 2.925e-01 1.986e-03 1.511e-03 6.711e-03 -1.000 1.527e-02 -1.040 2.743 1.181 -0.217 -1.012 -1.658 -2.612 -3.332 -3.473
0.0152 0.01508 9.60206 1.3410062790 2.5239800070    1.337  2.365  3.6141  1.607    3  0.000  0.394     0.00     0.00     0.00     0.00     0.00 -1 -2.03e-10      0.00 6.922e-01 2.925e-01 1.986e-03 1.511e-03 6.711e-03 -1.000 1.527e-02 -1.144 2.692 1.121 -0.294 -1.095 -1.752 -2.721 -3.445 -3.593
0.0152 0.01508 9.60206 1.3411245346 2.5239926112    1.337  2.407  3.6110  1.553    3  0.000  0.394     0.00     0.00     0.00     0.00     0.00 -1 -2.38e-10      0.00 6.922e-01 2.925e-01 1.986e-03 1.511e-03 6.711e-03 -1.000 1.527e-02 -1.247 2.644 1.062 -0.370 -1.178 -1.844 -2.828 -3.558 -3.713
0.0152 0.01508 9.60206 1.3412333727 2.5240042095    1.337  2.447  3.6078  1.500    3  0.000  0.394     0.00     0.00     0.00     0.00     0.00 -1 -2.78e-10      0.00 6.922e-01 2.925e-01 1.986e-03 1.511e-03 6.711e-03 -1.000 1.527e-02 -1.348 2.595 1.006 -0.442 -1.257 -1.935 -2.934 -3.669 -3.831
0.0152 0.01508 9.60206 1.3413358927 2.5240151324    1.337  2.489  3.6047  1.446    3  0.000  0.394     0.00     0.00     0.00     0.00     0.00 -1 -3.26e-10      0.00 6.922e-01 2.925e-01 1.986e-03 1.512e-03 6.711e-03 -1.000 1.527e-02 -1.452 2.592 0.958 -0.507 -1.336 -2.030 -3.045 -3.789 -3.955
0.0152 0.01508 9.60206 1.3414278030 2.5240249233    1.336  2.529  3.6015  1.393    3  0.000  0.394    10.09     7.39     5.24     3.99     3.24  4 -3.79e-10      0.00 6.922e-01 2.925e-01 1.986e-03 1.512e-03 6.712e-03 -1.000 1.527e-02 -1.552 2.595 0.915 -0.569 -1.411 -2.121 -3.152 -3.904 -4.076
0.0152 0.01508 9.60206 1.3415126801 2.5240339636    1.336  2.568  3.5983  1.341    3  0.000  0.394    11.24     8.12     5.73     4.37     3.55  4 -4.42e-10      0.00 6.922e-01 2.925e-01 1.986e-03 1.512e-03 6.712e-03 -1.000 1.527e-02 -1.651 2.596 0.875 -0.626 -1.482 -2.212 -3.259 -4.020 -4.196
0.0152 0.01508 9.60206 1.3415939808 2.5240426218    1.336  2.609  3.5951  1.287    3  0.000  0.394    12.54     8.95     6.29     4.80     3.91  4 -5.17e-10      0.00 6.922e-01 2.925e-01 1.986e-03 1.512e-03 6.712e-03 -1.000 1.527e-02 -1.752 2.592 0.833 -0.682 -1.553 -2.304 -3.368 -4.138 -4.319
0.0152 0.01508 9.60206 1.3416663408 2.5240503268    1.335  2.648  3.5919  1.235    3  0.000  0.394    13.94     9.83     6.88     5.26     4.28  4 -6.01e-10      0.00 6.922e-01 2.925e-01 1.986e-03 1.512e-03 6.712e-03 -1.000 1.527e-02 -1.849 2.593 0.797 -0.733 -1.618 -2.392 -3.473 -4.251 -4.437
0.0152 0.01508 9.60206 1.3417351246 2.5240576501    1.335  2.687  3.5885  1.183    3  0.000  0.394    15.53    10.81     7.53     5.77     4.69  4 -6.99e-10      0.00 6.922e-01 2.925e-01 1.985e-03 1.512e-03 6.712e-03 -1.000 1.527e-02 -1.947 2.593 0.764 -0.780 -1.681 -2.479 -3.579 -4.366 -4.557
0.0152 0.01508 9.60206 1.3418003321 2.5240645919    1.335  2.727  3.5852  1.130    3  0.000  0.394    17.31    11.90     8.25     6.33     5.15  4 -8.15e-10      0.00 6.922e-01 2.925e-01 1.985e-03 1.512e-03 6.712e-03 -1.000 1.527e-02 -2.046 2.589 0.732 -0.824 -1.741 -2.568 -3.686 -4.482 -4.678
0.0152 0.01508 9.60206 1.3418585062 2.5240707842    1.334  2.764  3.5819  1.079    3  0.000  0.394    19.20    13.04     9.01     6.92     5.63  3 -9.44e-10      0.00 6.922e-01 2.925e-01 1.985e-03 1.512e-03 6.712e-03 -1.000 1.527e-02 -2.140 2.590 0.705 -0.863 -1.796 -2.651 -3.787 -4.592 -4.793
0.0152 0.01508 9.60206 1.3419138193 2.5240766715    1.334  2.802  3.5785  1.027    3  0.000  0.394    21.35    14.32     9.85     7.58     6.17  3  -1.1e-09      0.00 6.922e-01 2.925e-01 1.985e-03 1.512e-03 6.712e-03 -1.000 1.527e-02 -2.235 2.589 0.683 -0.894 -1.845 -2.733 -3.891 -4.704 -4.910
0.0152 0.01508 9.60206 1.3419661522 2.5240822410    1.333  2.840  3.5750  0.975    3  0.000  0.394    23.75    15.73    10.78     8.30     6.76  3 -1.27e-09      0.00 6.922e-01 2.925e-01 1.985e-03 1.512e-03 6.712e-03 -1.000 1.527e-02 -2.331 2.586 0.667 -0.917 -1.887 -2.816 -3.996 -4.817 -5.029
0.0152 0.01508 9.60206 1.3420258760 2.5240885965    1.332  2.887  3.5707  0.910    3  0.000  0.394    27.09    17.67    12.04     9.29     7.57  3 -1.53e-09      0.00 6.922e-01 2.925e-01 1.985e-03 1.512e-03 6.712e-03 -1.000 1.527e-02 -2.447 2.589 0.652 -0.940 -1.937 -2.916 -4.124 -4.955 -5.174
0.0152 0.01508 9.60206 1.3420798779 2.5240943425    1.331  2.932  3.5663  0.847    3  0.000  0.394    30.81    19.80    13.43    10.38     8.45  3 -1.83e-09      0.00 6.922e-01 2.925e-01 1.985e-03 1.512e-03 6.712e-03 -1.000 1.527e-02 -2.560 2.589 0.654 -0.939 -1.966 -3.007 -4.251 -5.090 -5.316
0.0152 0.01508 9.60206 1.3421299458 2.5240996695    1.330  2.977  3.5619  0.785    3  0.000  0.394    35.02    22.18    14.96    11.58     9.44  3 -2.18e-09      0.00 6.922e-01 2.925e-01 1.985e-03 1.512e-03 6.712e-03 -1.000 1.527e-02 -2.672 2.590 0.660 -0.931 -1.991 -3.096 -4.376 -5.224 -5.457
0.0152 0.01508 9.60206 1.3421763182 2.5241046029    1.329  3.021  3.5574  0.722    3  0.000  0.394    39.78    24.81    16.66    12.92    10.53  3 -2.61e-09      0.00 6.922e-01 2.925e-01 1.985e-03 1.512e-03 6.712e-03 -1.000 1.527e-02 -2.782 2.589 0.681 -0.905 -2.003 -3.179 -4.499 -5.357 -5.597
0.0152 0.01508 9.60206 1.3422193527 2.5241091808    1.328  3.064  3.5529  0.660    3  0.000  0.394    45.14    27.75    18.53    14.40    11.74  2  -3.1e-09      0.00 6.922e-01 2.925e-01 1.985e-03 1.512e-03 6.712e-03 -1.000 1.527e-02 -2.891 2.588 0.711 -0.865 -2.006 -3.258 -4.622 -5.488 -5.736
0.0152 0.01508 9.60206 1.3422591686 2.5241134161    1.327  3.107  3.5483  0.599    3  0.000  0.394    51.20    31.01    20.61    16.04    13.08  2 -3.69e-09      0.00 6.922e-01 2.925e-01 1.985e-03 1.512e-03 6.712e-03 -1.000 1.527e-02 -2.999 2.588 0.753 -0.810 -1.999 -3.329 -4.743 -5.618 -5.874
0.0152 0.01508 9.60206 1.3422967196 2.5241174101    1.325  3.151  3.5437  0.537    3  0.000  0.394    58.12    34.69    22.93    17.88    14.58  2  -4.4e-09      0.00 6.922e-01 2.925e-01 1.985e-03 1.512e-03 6.712e-03 -1.000 1.527e-02 -3.107 2.586 0.811 -0.732 -1.978 -3.391 -4.866 -5.748 -6.012
0.0152 0.01508 9.60206 1.3423311710 2.5241210742    1.324  3.193  3.5390  0.475    3  0.000  0.394    65.86    38.73    25.48    19.89    16.23  2 -5.23e-09      0.00 6.922e-01 2.925e-01 1.985e-03 1.513e-03 6.712e-03 -1.000 1.527e-02 -3.212 2.587 0.881 -0.641 -1.948 -3.446 -4.986 -5.876 -6.148
0.0152 0.01508 9.60206 1.3423635960 2.5241245227    1.322  3.234  3.5343  0.414    3  0.000  0.394    74.63    43.25    28.31    22.14    18.07  2 -6.21e-09      0.00 6.922e-01 2.925e-01 1.985e-03 1.513e-03 6.712e-03 -1.000 1.527e-02 -3.316 2.589 0.977 -0.518 -1.900 -3.485 -5.107 -6.003 -6.283
0.0152 0.01508 9.60206 1.3423939943 2.5241277554    1.320  3.275  3.5295  0.353    3  0.000  0.394    84.50    48.27    31.44    24.63    20.10  2 -7.37e-09      0.00 6.922e-01 2.925e-01 1.985e-03 1.513e-03 6.712e-03 -1.000 1.527e-02 -3.419 2.592 1.080 -0.387 -1.847 -3.519 -5.227 -6.128 -6.418
0.0152 0.01508 9.60206 1.3424223661 2.5241307724    1.318  3.316  3.5247  0.293    3  0.000  0.394    95.64    53.84    34.89    27.38    22.36  2 -8.74e-09      0.00 6.922e-01 2.925e-01 1.985e-03 1.513e-03 6.712e-03 -1.000 1.527e-02 -3.520 2.595 1.215 -0.217 -1.772 -3.522 -5.345 -6.251 -6.551
0.0152 0.01508 9.60206 1.3424484730 2.5241335485    1.315  3.355  3.5199  0.234    3  0.000  0.394   107.88    59.87    38.62    30.35    24.79  2 -1.03e-08      0.00 6.922e-01 2.925e-01 1.985e-03 1.513e-03 6.712e-03 -1.000 1.527e-02 -3.617 2.603 1.361 -0.035 -1.688 -3.518 -5.459 -6.370 -6.680
0.0152 0.01508 9.60206 1.3424739838 2.5241362610    1.312  3.392  3.5152  0.177    3  0.000  0.394   121.12    66.30    42.56    33.51    27.37  2 -1.21e-08      0.00 6.922e-01 2.925e-01 1.985e-03 1.513e-03 6.712e-03 -1.000 1.527e-02 -3.710 2.611 1.534 0.191 -1.576 -3.474 -5.567 -6.483 -6.803
0.0152 0.01508 9.60206 1.3424812555 2.5241370342    1.311  3.402  3.5140  0.162    3  0.000  0.394   124.88    68.11    43.67    34.39    28.10  2 -1.27e-08      0.00 6.922e-01 2.925e-01 1.985e-03 1.513e-03 6.712e-03 -1.000 1.527e-02 -3.735 2.613 1.580 0.251 -1.546 -3.462 -5.595 -6.512 -6.835
0.0152 0.01508 9.60206 1.3424812555 2.5241370342    1.311  1.730  3.6731  2.470    4  0.000  0.399     0.00     0.00     0.00     0.00     0.00 -1    -1e-30      0.00 6.880e-01 2.966e-01 2.012e-03 1.517e-03 6.720e-03 -1.000 1.538e-02 0.444 2.823 1.887 0.838 0.225 -0.266 -0.991 -1.568 -1.650
0.0152 0.01508 9.60206 1.3427935839 2.5241702341    1.312  1.743  3.6722  2.454    4  0.000  0.399     0.00     0.00     0.00     0.00     0.00 -1    -1e-30      0.00 6.880e-01 2.966e-01 2.012e-03 1.518e-03 6.720e-03 -1.000 1.538e-02 0.413 2.817 1.867 0.813 0.197 -0.296 -1.025 -1.605 -1.687
0.0152 0.01508 9.60206 1.3431177139 2.5242046696    1.312  1.748  3.6719  2.448    4  0.000  0.399     0.00     0.00     0.00     0.00     0.00 -1    -1e-30      0.00 6.880e-01 2.966e-01 2.011e-03 1.518e-03 6.720e-03 -1.000 1.538e-02 0.401 2.812 1.858 0.802 0.185 -0.309 -1.038 -1.619 -1.702
0.0152 0.01508 9.60206 1.3434435129 2.5242392632    1.312  1.748  3.6721  2.449    4  0.000  0.399     0.00     0.00     0.00     0.00     0.00 -1    -1e-30      0.00 6.880e-01 2.966e-01 2.011e-03 1.519e-03 6.720e-03 -1.000 1.538e-02 0.401 2.807 1.856 0.801 0.185 -0.309 -1.037 -1.618 -1.700
0.0152 0.01508 9.60206 1.3437706232 2.5242739767    1.313  1.746  3.6724  2.452    4  0.000  0.399     0.00     0.00     0.00     0.00     0.00 -1    -1e-30      0.00 6.880e-01 2.966e-01 2.010e-03 1.519e-03 6.720e-03 -1.000 1.538e-02 0.404 2.802 1.856 0.802 0.187 -0.306 -1.033 -1.612 -1.694
0.0152 0.01508 9.60206 1.3441053629 2.5243094797    1.313  1.745  3.6728  2.455    4  0.000  0.399     0.00     0.00     0.00     0.00     0.00 -1    -1e-30      0.00 6.880e-01 2.966e-01 2.010e-03 1.520e-03 6.720e-03 -1.000 1.538e-02 0.408 2.798 1.856 0.804 0.190 -0.302 -1.028 -1.606 -1.688
0.0152 0.01508 9.60206 1.3444294930 2.5243438380    1.313  1.743  3.6732  2.458    4  0.000  0.399     0.00     0.00     0.00     0.00     0.00 -1    -1e-30      0.00 6.880e-01 2.966e-01 2.010e-03 1.520e-03 6.720e-03 -1.000 1.538e-02 0.412 2.793 1.855 0.806 0.193 -0.298 -1.023 -1.600 -1.682
0.0152 0.01508 9.60206 1.3447582722 2.5243786697    1.314  1.742  3.6735  2.461    4  0.000  0.399     0.00     0.00     0.00     0.00     0.00 -1    -1e-30      0.00 6.880e-01 2.966e-01 2.009e-03 1.520e-03 6.720e-03 -1.000 1.538e-02 0.416 2.789 1.855 0.807 0.196 -0.295 -1.018 -1.594 -1.676
0.0152 0.01508 9.60206 1.3450855017 2.5244133177    1.314  1.740  3.6738  2.464    4  0.000  0.398     0.00     0.00     0.00     0.00     0.00 -1    -1e-30      0.00 6.880e-01 2.966e-01 2.009e-03 1.521e-03 6.720e-03 -1.000 1.538e-02 0.419 2.784 1.855 0.809 0.198 -0.292 -1.014 -1.589 -1.670
0.0152 0.01508 9.60206 1.3453965187 2.5244462312    1.315  1.739  3.6741  2.466    4  0.000  0.398     0.00     0.00     0.00     0.00     0.00 -1    -1e-30      0.00 6.880e-01 2.966e-01 2.009e-03 1.521e-03 6.720e-03 -1.000 1.538e-02 0.422 2.780 1.854 0.810 0.200 -0.289 -1.010 -1.584 -1.665
0.0152 0.01508 9.60206 1.3457020521 2.5244785473    1.315  1.738  3.6744  2.468    4  0.000  0.398     0.00     0.00     0.00     0.00     0.00 -1    -1e-30      0.00 6.880e-01 2.966e-01 2.008e-03 1.522e-03 6.720e-03 -1.000 1.538e-02 0.424 2.776 1.853 0.810 0.202 -0.287 -1.007 -1.580 -1.662
0.0152 0.01508 9.60206 1.3460271358 2.5245129128    1.315  1.738  3.6747  2.470    4  0.000  0.398     0.00     0.00     0.00     0.00     0.00 -1    -1e-30      0.00 6.880e-01 2.966e-01 2.008e-03 1.522e-03 6.720e-03 -1.000 1.538e-02 0.426 2.771 1.852 0.810 0.203 -0.285 -1.004 -1.577 -1.658
0.0152 0.01508 9.60206 1.3463367224 2.5245456222    1.316  1.737  3.6749  2.471    4  0.000  0.398     0.00     0.00     0.00     0.00     0.00 -1    -1e-30      0.00 6.880e-01 2.966e-01 2.007e-03 1.523e-03 6.720e-03 -1.000 1.538e-02 0.427 2.767 1.851 0.810 0.203 -0.284 -1.002 -1.574 -1.655
0.0152 0.01508 9.60206 1.3466469049 2.5245783773    1.316  1.737  3.6751  2.473    4  0.000  0.398     0.00     0.00     0.00     0.00     0.00 -1    -1e-30      0.00 6.880e-01 2.966e-01 2.007e-03 1.523e-03 6.720e-03 -1.000 1.538e-02 0.428 2.763 1.849 0.810 0.203 -0.284 -1.001 -1.572 -1.653
0.0152 0.01508 9.60206 1.3469878435 2.5246143602    1.316  1.737  3.6753  2.474    4  0.000  0.398     0.00     0.00     0.00     0.00     0.00 -1    -1e-30      0.00 6.880e-01 2.966e-01 2.007e-03 1.523e-03 6.720e-03 -1.000 1.538e-02 0.428 2.759 1.848 0.809 0.203 -0.283 -1.000 -1.570 -1.651
0.0152 0.01508 9.60206 1.3470257521 2.5246183598    1.316  1.737  3.6753  2.474    4  0.000  0.398     0.00     0.00     0.00     0.00     0.00 -1    -1e-30      0.00 6.880e-01 2.966e-01 2.007e-03 1.523e-03 6.720e-03 -1.000 1.538e-02 0.428 2.758 1.847 0.809 0.203 -0.283 -1.000 -1.570 -1.651
0.0152 0.01508 9.60206 1.3470619917 2.5246221830    1.316  1.737  3.6754  2.474    4  0.000  0.398     0.00     0.00     0.00     0.00     0.00 -1    -1e-30      0.00 6.880e-01 2.966e-01 2.007e-03 1.524e-03 6.720e-03 -1.000 1.539e-02 0.428 2.758 1.847 0.809 0.203 -0.283 -1.000 -1.570 -1.651
0.0152 0.01508 9.60206 1.3473924398 2.5246570343    1.317  1.737  3.6755  2.475    4  0.000  0.398     0.00     0.00     0.00     0.00     0.00 -1    -1e-30      0.00 6.880e-01 2.966e-01 2.006e-03 1.524e-03 6.720e-03 -1.000 1.539e-02 0.429 2.754 1.845 0.808 0.203 -0.283 -0.999 -1.569 -1.649
0.0152 0.01508 9.60206 1.3477241993 2.5246920042    1.317  1.737  3.6757  2.476    4  0.000  0.398     0.00     0.00     0.00     0.00     0.00 -1    -1e-30      0.00 6.880e-01 2.966e-01 2.006e-03 1.524e-03 6.720e-03 -1.000 1.539e-02 0.428 2.750 1.843 0.807 0.202 -0.284 -0.999 -1.568 -1.649
0.0152 0.01508 9.60206 1.3480520248 2.5247265399    1.318  1.737  3.6758  2.476    4  0.000  0.398     0.00     0.00     0.00     0.00     0.00 -1    -1e-30      0.00 6.880e-01 2.966e-01 2.006e-03 1.525e-03 6.720e-03 -1.000 1.539e-02 0.427 2.746 1.841 0.805 0.201 -0.285 -0.999 -1.568 -1.649
0.0152 0.01508 9.60206 1.3483945131 2.5247625997    1.318  1.738  3.6759  2.476    4  0.000  0.398     0.00     0.00     0.00     0.00     0.00 -1    -1e-30      0.00 6.880e-01 2.966e-01 2.005e-03 1.525e-03 6.720e-03 -1.000 1.539e-02 0.426 2.742 1.838 0.803 0.199 -0.286 -1.000 -1.569 -1.649
0.0152 0.01508 9.60206 1.3487346172 2.5247983877    1.318  1.739  3.6760  2.476    4  0.000  0.398     0.00     0.00     0.00     0.00     0.00 -1    -1e-30      0.00 6.880e-01 2.966e-01 2.005e-03 1.526e-03 6.720e-03 -1.000 1.539e-02 0.424 2.739 1.836 0.800 0.197 -0.288 -1.002 -1.571 -1.651
0.0152 0.01508 9.60206 1.3490802050 2.5248347314    1.319  1.740  3.6760  2.475    4  0.000  0.398     0.00     0.00     0.00     0.00     0.00 -1    -1e-30      0.00 6.880e-01 2.966e-01 2.004e-03 1.526e-03 6.720e-03 -1.000 1.539e-02 0.421 2.735 1.832 0.797 0.194 -0.292 -1.005 -1.574 -1.654
0.0152 0.01508 9.60206 1.3493798971 2.5248662311    1.319  1.741  3.6760  2.473    4  0.000  0.398     0.00     0.00     0.00     0.00     0.00 -1    -1e-30      0.00 6.880e-01 2.966e-01 2.004e-03 1.527e-03 6.720e-03 -1.000 1.539e-02 0.417 2.733 1.829 0.794 0.190 -0.295 -1.009 -1.577 -1.657
0.0152 0.01508 9.60206 1.3494184017 2.5248702771    1.319  1.741  3.6760  2.473    4  0.000  0.398     0.00     0.00     0.00     0.00     0.00 -1    -1e-30      0.00 6.880e-01 2.966e-01 2.004e-03 1.527e-03 6.720e-03 -1.000 1.539e-02 0.417 2.732 1.829 0.793 0.190 -0.295 -1.009 -1.578 -1.658
0.0152 0.01508 9.60206 1.3497279882 2.5249027978    1.319  1.743  3.6759  2.471    4  0.000  0.397     0.00     0.00     0.00     0.00     0.00 -1    -1e-30      0.00 6.880e-01 2.966e-01 2.004e-03 1.527e-03 6.720e-03 -1.000 1.539e-02 0.412 2.730 1.825 0.789 0.185 -0.300 -1.014 -1.583 -1.663
0.0152 0.01508 9.60206 1.3500436544 2.5249359395    1.320  1.745  3.6758  2.468    4  0.000  0.397     0.00     0.00     0.00     0.00     0.00 -1    -1e-30      0.00 6.880e-01 2.966e-01 2.003e-03 1.528e-03 6.720e-03 -1.000 1.539e-02 0.406 2.727 1.821 0.784 0.180 -0.306 -1.020 -1.589 -1.670
0.0152 0.01508 9.60206 1.3503656387 2.5249697261    1.320  1.748  3.6756  2.465    4  0.000  0.397     0.00     0.00     0.00     0.00     0.00 -1    -1e-30      0.00 6.880e-01 2.966e-01 2.003e-03 1.528e-03 6.720e-03 -1.000 1.539e-02 0.399 2.725 1.816 0.778 0.173 -0.313 -1.028 -1.597 -1.678
0.0152 0.01508 9.60206 1.3506772518 2.5250024069    1.321  1.752  3.6754  2.461    4  0.000  0.397     0.00     0.00     0.00     0.00     0.00 -1    -1e-30      0.00 6.880e-01 2.966e-01 2.003e-03 1.528e-03 6.720e-03 -1.000 1.539e-02 0.391 2.723 1.811 0.771 0.166 -0.321 -1.037 -1.607 -1.688
0.0152 0.01508 9.60206 1.3509966135 2.5250358823    1.321  1.756  3.6751  2.455    4  0.000  0.397     0.00     0.00     0.00     0.00     0.00 -1    -1e-30      0.00 6.880e-01 2.966e-01 2.002e-03 1.529e-03 6.720e-03 -1.000 1.539e-02 0.381 2.721 1.804 0.762 0.156 -0.331 -1.049 -1.620 -1.700
0.0152 0.01508 9.60206 1.3513090611 2.5250686153    1.321  1.761  3.6747  2.449    4  0.000  0.397     0.00     0.00     0.00     0.00     0.00 -1    -1e-30      0.00 6.880e-01 2.966e-01 2.002e-03 1.529e-03 6.720e-03 -1.000 1.539e-02 0.369 2.718 1.797 0.753 0.145 -0.343 -1.062 -1.634 -1.715
0.0152 0.01508 9.60206 1.3516167402 2.5251008318    1.322  1.766  3.6742  2.442    4  0.000  0.397     0.00     0.00     0.00     0.00     0.00 -1    -1e-30      0.00 6.880e-01 2.966e-01 2.002e-03 1.530e-03 6.720e-03 -1.000 1.539e-02 0.355 2.716 1.788 0.742 0.133 -0.356 -1.077 -1.650 -1.732
0.0152 0.01508 9.60206 1.3519307375 2.5251336925    1.322  1.773  3.6736  2.432    4  0.000  0.397     0.00     0.00     0.00     0.00     0.00 -1    -1e-30      0.00 6.880e-01 2.966e-01 2.001e-03 1.530e-03 6.720e-03 -1.000 1.539e-02 0.337 2.714 1.777 0.727 0.116 -0.374 -1.097 -1.672 -1.754
0.0152 0.01508 9.60206 1.3522495031 2.5251670342    1.322  1.783  3.6728  2.419    4  0.000  0.397     0.00     0.00     0.00     0.00     0.00 -1    -1e-30      0.00 6.880e-01 2.966e-01 2.001e-03 1.530e-03 6.720e-03 -1.000 1.539e-02 0.312 2.711 1.763 0.708 0.094 -0.398 -1.124 -1.702 -1.784
0.0152 0.01508 9.60206 1.3525753021 2.5252010930    1.323  1.793  3.6719  2.406    4  0.000  0.397     0.00     0.00     0.00     0.00     0.00 -1    -1e-30      0.00 6.880e-01 2.966e-01 2.000e-03 1.531e-03 6.720e-03 -1.000 1.539e-02 0.287 2.709 1.749 0.688 0.071 -0.423 -1.152 -1.732 -1.815
0.0152 0.01508 9.60206 1.3528912067 2.5252340993    1.323  1.813  3.6700  2.379    4  0.000  0.397     0.00     0.00     0.00     0.00     0.00 -1    -1e-30      0.00 6.880e-01 2.966e-01 2.000e-03 1.531e-03 6.720e-03 -1.000 1.539e-02 0.238 2.706 1.721 0.649 0.026 -0.472 -1.208 -1.793 -1.877
0.0152 0.01508 9.60206 1.3531272411 2.5252587491    1.323  1.851  3.6666  2.328    4  0.000  0.397     0.00     0.00     0.00     0.00     0.00 -1    -1e-30      0.00 6.880e-01 2.966e-01 2.000e-03 1.532e-03 6.720e-03 -1.000 1.539e-02 0.143 2.702 1.669 0.577 -0.058 -0.563 -1.313 -1.908 -1.994
0.0152 0.01508 9.60206 1.3532460928 2.5252711574    1.323  1.892  3.6630  2.272    4  0.000  0.397     0.00     0.00     0.00     0.00     0.00 -1    -1e-30      0.00 6.880e-01 2.966e-01 2.000e-03 1.532e-03 6.720e-03 -1.000 1.539e-02 0.041 2.697 1.612 0.499 -0.149 -0.663 -1.426 -2.032 -2.120
0.0152 0.01508 9.60206 1.3533076048 2.5252775784    1.323  1.935  3.6592  2.214    4  0.000  0.397     0.00     0.00     0.00     0.00     0.00 -1    -1e-30      0.00 6.880e-01 2.966e-01 2.000e-03 1.532e-03 6.720e-03 -1.000 1.539e-02 -0.066 2.693 1.554 0.417 -0.244 -0.767 -1.545 -2.162 -2.253
0.0152 0.01508 9.60206 1.3533357382 2.5252805149    1.324  1.974  3.6558  2.161    4  0.000  0.397     0.00     0.00     0.00     0.00     0.00 -1    -1e-30      0.00 6.880e-01 2.966e-01 2.000e-03 1.532e-03 6.720e-03 -1.000 1.539e-02 -0.164 2.691 1.502 0.344 -0.330 -0.861 -1.652 -2.280 -2.373
0.0152 0.01508 9.60206 1.3533513546 2.5252821448    1.324  2.013  3.6524  2.108    4  0.000  0.397     0.00     0.00     0.00     0.00     0.00 -1    -1e-30      0.00 6.880e-01 2.966e-01 2.000e-03 1.532e-03 6.720e-03 -1.000 1.539e-02 -0.264 2.689 1.449 0.270 -0.417 -0.956 -1.762 -2.399 -2.494
0.0152 0.01508 9.60206 1.3533605337 2.5252831029    1.324  2.052  3.6491  2.056    4  0.000  0.397     0.00     0.00     0.00     0.00     0.00 -1    -1e-30      0.00 6.880e-01 2.966e-01 2.000e-03 1.532e-03 6.720e-03 -1.000 1.539e-02 -0.361 2.688 1.397 0.197 -0.502 -1.049 -1.868 -2.515 -2.613
0.0152 0.01508 9.60206 1.3533666134 2.5252837374    1.324  2.089  3.6461  2.007    4  0.000  0.397     0.00     0.00     0.00     0.00     0.00 -1    -1e-30      0.00 6.880e-01 2.966e-01 2.000e-03 1.532e-03 6.720e-03 -1.000 1.539e-02 -0.451 2.689 1.351 0.131 -0.580 -1.136 -1.967 -2.624 -2.724
0.0152 0.01508 9.60206 1.3533673286 2.5252838121    1.324  2.094  3.6456  2.000    7  0.000  0.397     0.00     0.00     0.00     0.00     0.00 -1    -1e-30      0.00 6.880e-01 2.966e-01 2.000e-03 1.532e-03 6.720e-03 -1.000 1.539e-02 -0.465 2.689 1.344 0.122 -0.591 -1.149 -1.981 -2.640 -2.740
0.0152 0.01508 9.60206 1.3533730507 2.5252844093    1.324  2.136  3.6421  1.944    7  0.000  0.397     0.00     0.00     0.00     0.00     0.00 -1    -1e-30      0.00 6.880e-01 2.966e-01 2.000e-03 1.532e-03 6.720e-03 -1.000 1.539e-02 -0.571 2.665 1.290 0.041 -0.682 -1.248 -2.095 -2.759 -2.865
0.0152 0.01508 9.60206 1.3533779383 2.5252849194    1.324  2.171  3.6393  1.898    7  0.000  0.397     0.00     0.00     0.00     0.00     0.00 -1    -1e-30      0.00 6.880e-01 2.966e-01 2.000e-03 1.532e-03 6.720e-03 -1.000 1.539e-02 -0.657 2.643 1.246 -0.024 -0.755 -1.328 -2.187 -2.856 -2.966
0.0152 0.01508 9.60206 1.3533825874 2.5252854046    1.324  2.191  3.6376  1.871    7  0.000  0.397     0.00     0.00     0.00     0.00     0.00 -1    -1e-30      0.00 6.880e-01 2.966e-01 2.000e-03 1.532e-03 6.720e-03 -1.000 1.539e-02 -0.708 2.629 1.220 -0.063 -0.798 -1.376 -2.242 -2.914 -3.026
0.0152 0.01508 9.60206 1.3533877134 2.5252859396    1.324  2.207  3.6362  1.849    7  0.000  0.397     0.00     0.00     0.00     0.00     0.00 -1    -1e-30      0.00 6.880e-01 2.966e-01 2.000e-03 1.532e-03 6.720e-03 -1.000 1.539e-02 -0.748 2.618 1.199 -0.093 -0.832 -1.413 -2.285 -2.959 -3.073
0.0152 0.01508 9.60206 1.3534009457 2.5252873205    1.324  2.209  3.6361  1.847    7  0.000  0.397     0.00     0.00     0.00     0.00     0.00 -1 -1.01e-30      0.00 6.880e-01 2.966e-01 1.999e-03 1.532e-03 6.720e-03 -1.000 1.539e-02 -0.753 2.616 1.197 -0.096 -0.835 -1.417 -2.289 -2.963 -3.078
0.0152 0.01508 9.60206 1.3534086943 2.5252881292    1.324  2.192  3.6376  1.870    7  0.000  0.397     0.00     0.00     0.00     0.00     0.00 -1 -1.03e-30      0.00 6.880e-01 2.966e-01 1.999e-03 1.532e-03 6.720e-03 -1.000 1.539e-02 -0.710 2.627 1.218 -0.065 -0.800 -1.378 -2.244 -2.916 -3.028
0.0152 0.01508 9.60206 1.3534256220 2.5252898958    1.324  2.167  3.6396  1.903    7  0.000  0.397     0.00     0.00     0.00     0.00     0.00 -1 -1.12e-30      0.00 6.880e-01 2.966e-01 1.999e-03 1.532e-03 6.720e-03 -1.000 1.539e-02 -0.648 2.643 1.249 -0.019 -0.749 -1.321 -2.178 -2.846 -2.955
0.0152 0.01508 9.60206 1.3534576893 2.5252932422    1.324  2.150  3.6410  1.926    7  0.000  0.397     0.00     0.00     0.00     0.00     0.00 -1 -4.49e-30      0.00 6.880e-01 2.966e-01 1.999e-03 1.532e-03 6.720e-03 -1.000 1.541e-02 -0.606 2.653 1.270 0.013 -0.713 -1.281 -2.133 -2.799 -2.905
0.0152 0.01508 9.60206 1.3536323309 2.5253114640    1.324  2.141  3.6418  1.938    7  0.000  0.397     0.00     0.00     0.00     0.00     0.00 -1 -1.88e-19      0.00 6.880e-01 2.962e-01 1.999e-03 1.532e-03 6.720e-03 -1.000 1.579e-02 -0.582 2.661 1.284 0.032 -0.692 -1.259 -2.107 -2.772 -2.877
0.0152 0.01508 9.60206 1.3537960052 2.5253285365    1.324  2.165  3.6398  1.906    7  0.000  0.397     0.00     0.00     0.00     0.00     0.00 -1 -1.31e-10      0.00 6.880e-01 2.959e-01 1.999e-03 1.532e-03 6.720e-03 -1.000 1.611e-02 -0.642 2.647 1.253 -0.013 -0.743 -1.314 -2.171 -2.839 -2.948
0.0152 0.01508 9.60206 1.3539326191 2.5253427828    1.323  2.205  3.6364  1.852    7  0.000  0.397     0.00     0.00     0.00     0.00     0.00 -1 -3.98e-10      0.00 6.880e-01 2.959e-01 1.999e-03 1.533e-03 6.720e-03 -1.000 1.612e-02 -0.742 2.621 1.203 -0.088 -0.826 -1.407 -2.278 -2.952 -3.066
0.0152 0.01508 9.60206 1.3540496826 2.5253549877    1.323  2.247  3.6329  1.796    7  0.000  0.396     0.00     0.00     0.00     0.00     0.00 -1 -4.98e-10      0.00 6.880e-01 2.959e-01 1.999e-03 1.533e-03 6.720e-03 -1.000 1.612e-02 -0.848 2.592 1.149 -0.167 -0.914 -1.505 -2.391 -3.071 -3.190
0.0152 0.01508 9.60206 1.3541470766 2.5253651401    1.322  2.289  3.6294  1.740    7  0.000  0.396     0.00     0.00     0.00     0.00     0.00 -1 -6.14e-10      0.00 6.880e-01 2.959e-01 1.999e-03 1.533e-03 6.720e-03 -1.000 1.612e-02 -0.953 2.560 1.095 -0.245 -1.001 -1.601 -2.502 -3.188 -3.313
0.0152 0.01508 9.60206 1.3542288542 2.5253736633    1.322  2.330  3.6259  1.685    7  0.000  0.396     0.00     0.00     0.00     0.00     0.00 -1 -7.53e-10      0.00 6.880e-01 2.959e-01 1.999e-03 1.533e-03 6.720e-03 -1.000 1.612e-02 -1.056 2.525 1.041 -0.320 -1.084 -1.695 -2.611 -3.303 -3.435
0.0152 0.01508 9.60206 1.3542993069 2.5253810052    1.322  2.371  3.6225  1.630    7  0.000  0.396     0.00     0.00     0.00     0.00     0.00 -1 -9.24e-10      0.00 6.880e-01 2.959e-01 1.998e-03 1.533e-03 6.720e-03 -1.000 1.612e-02 -1.158 2.489 0.987 -0.394 -1.166 -1.787 -2.719 -3.417 -3.555
0.0152 0.01508 9.60206 1.3543605804 2.5253873898    1.321  2.412  3.6191  1.575    7  0.000  0.396     0.00     0.00     0.00     0.00     0.00 -1 -1.13e-09      0.00 6.880e-01 2.959e-01 1.998e-03 1.533e-03 6.720e-03 -1.000 1.612e-02 -1.260 2.452 0.934 -0.468 -1.248 -1.879 -2.827 -3.530 -3.675
0.0152 0.01508 9.60206 1.3544151783 2.5253930783    1.321  2.453  3.6156  1.521    7  0.000  0.396     0.00     0.00     0.00     0.00     0.00 -1 -1.38e-09      0.00 6.880e-01 2.959e-01 1.998e-03 1.533e-03 6.720e-03 -1.000 1.612e-02 -1.361 2.413 0.881 -0.538 -1.326 -1.969 -2.934 -3.643 -3.796
0.0152 0.01508 9.60206 1.3544650078 2.5253982695    1.320  2.494  3.6122  1.466    7  0.000  0.396     0.00     0.00     0.00     0.00     0.00 -1 -1.69e-09      0.00 6.880e-01 2.959e-01 1.998e-03 1.533e-03 6.720e-03 -1.000 1.612e-02 -1.464 2.404 0.833 -0.606 -1.406 -2.063 -3.043 -3.761 -3.919
0.0152 0.01508 9.60206 1.3545107841 2.5254030381    1.319  2.535  3.6086  1.410    7  0.000  0.396     9.71     7.14     5.07     3.86     3.14  4 -2.07e-09      0.00 6.880e-01 2.959e-01 1.998e-03 1.533e-03 6.720e-03 -1.000 1.612e-02 -1.567 2.415 0.791 -0.669 -1.483 -2.156 -3.154 -3.882 -4.045
0.0152 0.01508 9.60206 1.3545534611 2.5254074835    1.318  2.576  3.6045  1.352    7  0.000  0.396    10.92     7.93     5.60     4.27     3.47  4 -2.53e-09      0.00 6.880e-01 2.959e-01 1.998e-03 1.534e-03 6.720e-03 -1.000 1.612e-02 -1.669 2.438 0.760 -0.722 -1.554 -2.248 -3.266 -4.006 -4.175
0.0152 0.01508 9.60206 1.3545838594 2.5254106497    1.318  2.607  3.5991  1.299    7  0.000  0.396    12.17     8.73     6.14     4.69     3.81  4 -2.95e-09      0.00 6.880e-01 2.959e-01 1.997e-03 1.534e-03 6.720e-03 -1.000 1.612e-02 -1.748 2.510 0.773 -0.733 -1.588 -2.311 -3.355 -4.112 -4.288
0.0152 0.01508 9.60206 1.3546218872 2.5254146103    1.317  2.648  3.5949  1.241    7  0.000  0.396    13.71     9.69     6.79     5.19     4.22  4 -3.57e-09      0.00 6.880e-01 2.959e-01 1.996e-03 1.535e-03 6.720e-03 -1.000 1.612e-02 -1.851 2.526 0.745 -0.778 -1.651 -2.403 -3.468 -4.236 -4.418
0.0152 0.01508 9.60206 1.3546572924 2.5254182975    1.315  2.689  3.5913  1.185    7  0.000  0.395    15.38    10.73     7.47     5.73     4.66  4 -4.37e-09      0.00 6.880e-01 2.959e-01 1.993e-03 1.537e-03 6.720e-03 -1.000 1.612e-02 -1.954 2.533 0.711 -0.829 -1.718 -2.495 -3.579 -4.357 -4.545
0.0152 0.01508 9.60206 1.3546907902 2.5254217859    1.314  2.730  3.5875  1.128    7  0.000  0.395    17.26    11.87     8.24     6.32     5.14  4 -5.28e-09      0.00 6.880e-01 2.959e-01 1.989e-03 1.542e-03 6.720e-03 -1.000 1.614e-02 -2.056 2.538 0.681 -0.873 -1.779 -2.585 -3.691 -4.479 -4.672
0.0152 0.01508 9.60206 1.3547246456 2.5254253114    1.312  2.772  3.5837  1.071    7  0.000  0.394    19.42    13.18     9.10     6.99     5.69  3 -6.44e-09      0.00 6.880e-01 2.959e-01 1.984e-03 1.547e-03 6.720e-03 -1.000 1.614e-02 -2.160 2.543 0.655 -0.913 -1.838 -2.677 -3.804 -4.602 -4.802
0.0152 0.01508 9.60206 1.3547562361 2.5254286008    1.310  2.813  3.5797  1.013    7  0.000  0.393    21.81    14.60    10.04     7.73     6.29  3 -7.81e-09      0.00 6.880e-01 2.959e-01 1.980e-03 1.553e-03 6.720e-03 -1.000 1.614e-02 -2.262 2.552 0.634 -0.948 -1.893 -2.765 -3.915 -4.723 -4.929
0.0152 0.01508 9.60206 1.3547804356 2.5254311204    1.308  2.851  3.5760  0.960    7  0.000  0.392    24.34    16.09    11.01     8.49     6.91  3 -9.32e-09      0.00 6.880e-01 2.959e-01 1.977e-03 1.557e-03 6.720e-03 -1.000 1.612e-02 -2.357 2.557 0.625 -0.963 -1.929 -2.846 -4.020 -4.838 -5.049
0.0152 0.01508 9.60206 1.3547958136 2.5254327216    1.307  2.884  3.5726  0.912    7  0.000  0.392    26.80    17.52    11.94     9.22     7.51  3 -1.09e-08      0.00 6.880e-01 2.959e-01 1.974e-03 1.560e-03 6.720e-03 -1.000 1.612e-02 -2.440 2.564 0.621 -0.973 -1.960 -2.916 -4.113 -4.938 -5.155
0.0152 0.01508 9.60206 1.3548079729 2.5254339875    1.305  2.916  3.5693  0.867    7  0.000  0.391    29.40    19.01    12.91     9.98     8.13  3 -1.26e-08      0.00 6.879e-01 2.959e-01 1.971e-03 1.563e-03 6.720e-03 -1.000 1.614e-02 -2.520 2.571 0.620 -0.979 -1.986 -2.982 -4.201 -5.034 -5.256
0.0152 0.01508 9.60206 1.3548188210 2.5254351170    1.304  2.951  3.5656  0.817    7  0.000  0.391    32.61    20.82    14.08    10.90     8.88  3 -1.48e-08      0.00 6.879e-01 2.959e-01 1.969e-03 1.566e-03 6.720e-03 -1.000 1.614e-02 -2.608 2.575 0.630 -0.968 -2.001 -3.052 -4.301 -5.141 -5.369
0.0152 0.01508 9.60206 1.3548289537 2.5254361719    1.303  2.988  3.5616  0.763    7  0.000  0.390    36.38    22.94    15.44    11.97     9.75  3 -1.74e-08      0.00 6.879e-01 2.959e-01 1.967e-03 1.569e-03 6.720e-03 -1.000 1.614e-02 -2.701 2.581 0.643 -0.953 -2.016 -3.124 -4.405 -5.254 -5.488
0.0152 0.01508 9.60206 1.3548378944 2.5254371027    1.301  3.024  3.5576  0.711    7  0.000  0.390    40.48    25.20    16.90    13.12    10.69  3 -2.04e-08      0.00 6.879e-01 2.959e-01 1.966e-03 1.570e-03 6.720e-03 -1.000 1.614e-02 -2.790 2.587 0.669 -0.921 -2.018 -3.190 -4.507 -5.363 -5.604
0.0152 0.01508 9.60206 1.3548464775 2.5254379963    1.299  3.061  3.5535  0.657    7  0.000  0.390    45.21    27.78    18.54    14.42    11.75  2 -2.41e-08      0.00 6.879e-01 2.959e-01 1.964e-03 1.572e-03 6.720e-03 -1.000 1.614e-02 -2.883 2.592 0.705 -0.876 -2.012 -3.253 -4.611 -5.476 -5.724
0.0152 0.01508 9.60206 1.3548555374 2.5254389395    1.297  3.100  3.5489  0.599    7  0.000  0.389    50.89    30.84    20.49    15.95    13.01  2 -2.88e-08      0.00 6.879e-01 2.959e-01 1.963e-03 1.573e-03 6.720e-03 -1.000 1.614e-02 -2.980 2.599 0.752 -0.816 -1.997 -3.317 -4.723 -5.596 -5.851
0.0152 0.01508 9.60206 1.3548659086 2.5254400192    1.294  3.144  3.5437  0.533    7  0.000  0.389    58.21    34.71    22.94    17.89    14.59  2 -3.51e-08      0.00 6.879e-01 2.959e-01 1.963e-03 1.574e-03 6.720e-03 -1.000 1.614e-02 -3.090 2.606 0.829 -0.716 -1.961 -3.374 -4.849 -5.731 -5.995
0.0152 0.01508 9.60206 1.3548772335 2.5254411981    1.290  3.187  3.5384  0.467    7  0.000  0.389    66.58    39.08    25.68    20.07    16.37  2 -4.26e-08      0.00 6.879e-01 2.959e-01 1.963e-03 1.574e-03 6.720e-03 -1.000 1.614e-02 -3.198 2.616 0.923 -0.595 -1.912 -3.423 -4.975 -5.865 -6.139
0.0152 0.01508 9.60206 1.3548880816 2.5254423274    1.285  3.224  3.5336  0.409    7  0.000  0.389    74.83    43.31    28.33    22.18    18.10  2 -5.01e-08      0.00 6.879e-01 2.959e-01 1.963e-03 1.574e-03 6.720e-03 -1.000 1.614e-02 -3.290 2.626 1.030 -0.460 -1.853 -3.450 -5.084 -5.980 -6.262
0.0152 0.01508 9.60206 1.3548922539 2.5254427618    1.283  3.212  3.5350  0.426    7  0.000  0.389    72.28    42.00    27.51    21.53    17.57  2  -4.8e-08      0.00 6.879e-01 2.959e-01 1.963e-03 1.574e-03 6.720e-03 -1.000 1.614e-02 -3.260 2.626 1.002 -0.496 -1.867 -3.439 -5.049 -5.944 -6.223
0.0152 0.01508 9.60206 1.3548938036 2.5254429231    1.282  3.227  3.5333  0.405    7  0.000  0.389    75.54    43.67    28.55    22.36    18.24  2 -5.12e-08      0.00 6.879e-01 2.959e-01 1.963e-03 1.574e-03 6.720e-03 -1.000 1.614e-02 -3.296 2.628 1.039 -0.449 -1.847 -3.451 -5.091 -5.988 -6.271
0.0152 0.01508 9.60206 1.3548940420 2.5254429479    1.282  3.222  3.5338  0.411    7  0.000  0.389    74.54    43.16    28.23    22.10    18.03  2 -5.03e-08      0.00 6.879e-01 2.959e-01 1.963e-03 1.574e-03 6.720e-03 -1.000 1.614e-02 -3.286 2.627 1.026 -0.465 -1.854 -3.449 -5.078 -5.975 -6.256
0.0152 0.01508 9.60206 1.3548941612 2.5254429603    1.282  3.209  3.5356  0.432    7  0.000  0.389    71.45    41.58    27.24    21.32    17.39  2 -4.75e-08      0.00 6.879e-01 2.959e-01 1.963e-03 1.574e-03 6.720e-03 -1.000 1.614e-02 -3.251 2.624 0.988 -0.514 -1.875 -3.438 -5.038 -5.932 -6.211
0.0152 0.01508 9.60206 1.3548943996 2.5254429852    1.282  3.203  3.5362  0.439    7  0.000  0.389    70.34    41.01    26.89    21.03    17.16  2 -4.65e-08      0.00 6.879e-01 2.959e-01 1.963e-03 1.574e-03 6.720e-03 -1.000 1.614e-02 -3.238 2.624 0.975 -0.530 -1.882 -3.433 -5.023 -5.916 -6.194
0.0152 0.01508 9.60206 1.3548946381 2.5254430100    1.282  3.213  3.5350  0.425    7  0.000  0.389    72.45    42.09    27.56    21.57    17.60  2 -4.84e-08      0.00 6.879e-01 2.959e-01 1.963e-03 1.574e-03 6.720e-03 -1.000 1.614e-02 -3.262 2.626 1.001 -0.497 -1.868 -3.441 -5.051 -5.946 -6.225
0.0152 0.01508 9.60206 1.3548947573 2.5254430224    1.282  3.222  3.5338  0.411    7  0.000  0.389    74.57    43.17    28.24    22.11    18.04  2 -5.02e-08      0.00 6.879e-01 2.959e-01 1.963e-03 1.574e-03 6.720e-03 -1.000 1.614e-02 -3.286 2.628 1.028 -0.464 -1.853 -3.448 -5.079 -5.975 -6.257
0.0152 0.01508 9.60206 1.3548949957 2.5254430472    1.282  3.232  3.5326  0.397    7  0.000  0.389    76.76    44.29    28.94    22.66    18.49  2 -5.23e-08      0.00 6.879e-01 2.959e-01 1.963e-03 1.574e-03 6.720e-03 -1.000 1.614e-02 -3.309 2.630 1.054 -0.430 -1.839 -3.455 -5.106 -6.004 -6.288
0.0152 0.01508 9.60206 1.3548953533 2.5254430844    1.282  3.242  3.5313  0.381    7  0.000  0.389    79.19    45.52    29.71    23.28    18.99  2 -5.45e-08      0.00 6.879e-01 2.959e-01 1.963e-03 1.574e-03 6.720e-03 -1.000 1.614e-02 -3.334 2.633 1.083 -0.393 -1.822 -3.462 -5.136 -6.035 -6.321
0.0152 0.01508 9.60206 1.3548958302 2.5254431341    1.281  3.256  3.5295  0.359    7  0.000  0.389    82.85    47.37    30.86    24.19    19.74  2 -5.78e-08      0.00 6.879e-01 2.959e-01 1.963e-03 1.574e-03 6.720e-03 -1.000 1.614e-02 -3.370 2.636 1.129 -0.336 -1.796 -3.469 -5.178 -6.080 -6.370
0.0152 0.01508 9.60206 1.3548964262 2.5254431961    1.281  3.273  3.5272  0.333    7  0.000  0.389    87.45    49.68    32.29    25.33    20.68  2 -6.23e-08      0.00 6.879e-01 2.959e-01 1.963e-03 1.574e-03 6.720e-03 -1.000 1.614e-02 -3.413 2.641 1.197 -0.250 -1.755 -3.465 -5.229 -6.133 -6.427
0.0152 0.01508 9.60206 1.3548972607 2.5254432830    1.280  3.285  3.5255  0.314    7  0.000  0.389    90.94    51.42    33.37    26.20    21.38  2 -6.57e-08      0.00 6.879e-01 2.959e-01 1.963e-03 1.574e-03 6.720e-03 -1.000 1.614e-02 -3.443 2.646 1.250 -0.184 -1.722 -3.460 -5.265 -6.171 -6.469
0.0152 0.01508 9.60206 1.3548983335 2.5254433947    1.280  3.273  3.5268  0.331    7  0.000  0.389    87.82    49.86    32.40    25.43    20.75  2 -6.25e-08      0.00 6.879e-01 2.960e-01 1.961e-03 1.576e-03 6.720e-03 -1.000 1.611e-02 -3.413 2.647 1.216 -0.227 -1.740 -3.457 -5.231 -6.135 -6.430
0.0152 0.01508 9.60206 1.3548998833 2.5254435560    1.279  3.298  3.5231  0.291    7  0.000  0.389    95.23    53.54    34.69    27.25    22.24  2 -6.93e-08      0.00 6.879e-01 2.960e-01 1.961e-03 1.576e-03 6.720e-03 -1.000 1.611e-02 -3.475 2.659 1.332 -0.084 -1.668 -3.443 -5.305 -6.213 -6.516
0.0152 0.01508 9.60206 1.3549020290 2.5254437794    1.277  3.374  3.5132  0.174    7  0.529  0.389   121.01    66.12    42.43    33.43    27.31  2  -9.5e-08      0.00 6.879e-01 2.960e-01 1.961e-03 1.576e-03 6.720e-03 -1.000 1.611e-02 -3.666 2.681 1.688 0.375 -1.440 -3.367 -5.528 -6.448 -6.771
0.0152 0.01508 9.60206 1.3549045324 2.5254440400    1.274  3.421  3.5066  0.100    7  0.528  0.389   140.87    75.58    48.21    38.06    31.10  1 -1.16e-07      0.00 6.879e-01 2.960e-01 1.961e-03 1.576e-03 6.720e-03 -1.000 1.611e-02 -3.784 2.691 1.914 0.670 -1.289 -3.297 -5.667 -6.593 -6.929
0.0152 0.01508 9.60206 1.3549046516 2.5254440524    1.274  3.421  3.5066  0.100    8  0.528  0.409   140.88    75.58    48.21    38.06    31.10  1 -1.17e-07      0.00 6.879e-01 2.967e-01 2.069e-03 1.578e-03 6.736e-03 -1.000 1.537e-02 -3.784 2.691 1.914 0.670 -1.289 -3.297 -5.667 -6.593 -6.929
0.0152 0.01508 9.60206 1.3549047709 2.5254440648    1.274  3.169  3.5393  0.484    8  0.528  0.410    64.11    37.78    24.86    19.43    15.85  2  -4.1e-08      0.00 6.879e-01 2.967e-01 2.069e-03 1.578e-03 6.736e-03 -1.000 1.537e-02 -3.152 2.637 0.928 -0.595 -1.897 -3.390 -4.925 -5.815 -6.086
0.0152 0.01508 9.60206 1.3549048901 2.5254440772    1.274  3.071  3.5517  0.631    8  0.528  0.410    47.38    28.94    19.28    15.01    12.23  2  -2.7e-08      0.00 6.879e-01 2.967e-01 2.069e-03 1.578e-03 6.736e-03 -1.000 1.537e-02 -2.907 2.611 0.736 -0.841 -1.994 -3.265 -4.641 -5.509 -5.760
0.0152 0.01508 9.60206 1.3549052477 2.5254441144    1.273  2.882  3.5756  0.915    8  0.528  0.410    26.42    17.31    11.79     9.11     7.42  3 -1.18e-08      0.00 6.879e-01 2.967e-01 2.069e-03 1.578e-03 6.736e-03 -1.000 1.537e-02 -2.434 2.521 0.567 -1.031 -2.001 -2.922 -4.100 -4.916 -5.129
0.0152 0.01508 9.60206 1.3549058437 2.5254441765    1.273  2.899  3.5732  0.889    8  0.528  0.410    27.92    18.17    12.35     9.55     7.78  3 -1.27e-08      0.00 6.879e-01 2.967e-01 2.069e-03 1.578e-03 6.736e-03 -1.000 1.537e-02 -2.477 2.536 0.577 -1.024 -2.008 -2.956 -4.149 -4.971 -5.188
0.0152 0.01508 9.60206 1.3549065590 2.5254442509    1.272  3.014  3.5584  0.714    8  0.529  0.410    39.94    24.91    16.70    12.97    10.57  2 -2.12e-08      0.00 6.879e-01 2.967e-01 2.069e-03 1.578e-03 6.736e-03 -1.000 1.537e-02 -2.765 2.599 0.672 -0.922 -2.012 -3.170 -4.479 -5.334 -5.574
0.0152 0.01508 9.60206 1.3549073935 2.5254443378    1.271  3.172  3.5382  0.475    8  0.529  0.410    65.21    38.35    25.22    19.71    16.08  2 -4.17e-08      0.00 6.879e-01 2.967e-01 2.069e-03 1.578e-03 6.736e-03 -1.000 1.537e-02 -3.159 2.650 0.967 -0.548 -1.867 -3.381 -4.937 -5.828 -6.101
0.0152 0.01508 9.60206 1.3549084663 2.5254444495    1.270  3.307  3.5207  0.270    8  0.529  0.410    99.36    55.57    35.93    28.25    23.06  2 -7.35e-08      0.00 6.879e-01 2.967e-01 2.069e-03 1.578e-03 6.736e-03 -1.000 1.537e-02 -3.497 2.683 1.427 0.032 -1.600 -3.415 -5.335 -6.246 -6.553
0.0152 0.01508 9.60206 1.3549096584 2.5254445736    1.269  3.396  3.5091  0.134    8  0.529  0.410   131.26    71.00    45.41    35.83    29.26  1 -1.06e-07      0.00 6.879e-01 2.967e-01 2.069e-03 1.578e-03 6.736e-03 -1.000 1.537e-02 -3.719 2.705 1.856 0.590 -1.319 -3.301 -5.594 -6.518 -6.850
0.0152 0.01508 9.60206 1.3549110889 2.5254447225    1.267  3.443  3.5027  0.061    8  0.529  0.410   152.54    81.03    51.51    40.72    33.28  1 -1.29e-07      0.00 6.879e-01 2.967e-01 2.069e-03 1.578e-03 6.736e-03 -1.000 1.537e-02 -3.837 2.708 2.058 0.853 -1.185 -3.235 -5.733 -6.662 -7.006
0.0152 0.01508 9.60206 1.3549126387 2.5254448838    1.266  3.465  3.4994  0.025    8  0.530  0.410   164.26    86.48    54.81    43.38    35.45  0 -1.42e-07      0.00 6.879e-01 2.967e-01 2.069e-03 1.578e-03 6.736e-03 -1.000 1.537e-02 -3.893 2.716 2.175 1.001 -1.105 -3.188 -5.799 -6.732 -7.082
0.0152 0.01508 9.60206 1.3549144268 2.5254450699    1.264  3.478  3.4972  0.002    8  0.530  0.410   172.00    90.05    56.97    45.11    36.87  0  -1.5e-07      0.00 6.879e-01 2.967e-01 2.069e-03 1.578e-03 6.736e-03 -1.000 1.537e-02 -3.926 2.722 2.245 1.086 -1.056 -3.155 -5.838 -6.774 -7.128
0.0152 0.01508 9.60206 1.3549145460 2.5254450823    1.264  3.292  3.5207  0.282    8  0.530  0.410    96.75    54.26    35.12    27.60    22.53  2    -7e-08      0.00 6.879e-01 2.967e-01 2.069e-03 1.578e-03 6.736e-03 -1.000 1.537e-02 -3.461 2.708 1.456 0.064 -1.566 -3.379 -5.298 -6.210 -6.517
0.0152 0.01508 9.60206 1.3549147844 2.5254451072    1.263  3.134  3.5409  0.521    8  0.530  0.410    59.21    35.22    23.24    18.15    14.80  2  -3.6e-08      0.00 6.879e-01 2.967e-01 2.069e-03 1.578e-03 6.736e-03 -1.000 1.537e-02 -3.064 2.676 0.950 -0.576 -1.855 -3.320 -4.832 -5.720 -5.988
0.0152 0.01508 9.60206 1.3549151421 2.5254451444    1.263  2.944  3.5649  0.807    8  0.530  0.410    32.96    21.03    14.20    11.01     8.97  3 -1.59e-08      0.00 6.879e-01 2.967e-01 2.069e-03 1.578e-03 6.736e-03 -1.000 1.537e-02 -2.590 2.611 0.667 -0.930 -1.969 -3.030 -4.285 -5.127 -5.356
0.0152 0.01508 9.60206 1.3549157381 2.5254452064    1.262  2.961  3.5627  0.781    8  0.530  0.410    34.70    22.00    14.83    11.50     9.37  3 -1.71e-08      0.00 6.879e-01 2.967e-01 2.069e-03 1.578e-03 6.736e-03 -1.000 1.537e-02 -2.631 2.620 0.682 -0.914 -1.968 -3.060 -4.333 -5.179 -5.411
0.0152 0.01508 9.60206 1.3549165726 2.5254452933    1.261  3.073  3.5483  0.611    8  0.531  0.410    49.26    29.95    19.91    15.51    12.65  2  -2.8e-08      0.00 6.879e-01 2.967e-01 2.069e-03 1.578e-03 6.736e-03 -1.000 1.537e-02 -2.913 2.664 0.836 -0.724 -1.913 -3.243 -4.658 -5.533 -5.788
0.0152 0.01508 9.60206 1.3549175262 2.5254453926    1.260  3.228  3.5286  0.377    8  0.531  0.410    79.55    45.67    29.79    23.35    19.06  2 -5.38e-08      0.00 6.879e-01 2.967e-01 2.069e-03 1.578e-03 6.736e-03 -1.000 1.537e-02 -3.299 2.702 1.231 -0.219 -1.693 -3.379 -5.109 -6.013 -6.304
0.0152 0.01508 9.60206 1.3549185991 2.5254455042    1.259  3.359  3.5117  0.178    8  0.531  0.410   119.87    65.51    42.04    33.14    27.06  2 -9.32e-08      0.00 6.879e-01 2.967e-01 2.069e-03 1.578e-03 6.736e-03 -1.000 1.537e-02 -3.628 2.732 1.799 0.508 -1.339 -3.286 -5.495 -6.416 -6.742
0.0152 0.01508 9.60206 1.3549200296 2.5254456532    1.257  3.445  3.5006  0.047    8  0.531  0.410   156.69    82.91    52.64    41.64    34.03  0 -1.33e-07      0.00 6.879e-01 2.967e-01 2.069e-03 1.578e-03 6.736e-03 -1.000 1.537e-02 -3.842 2.735 2.155 0.973 -1.107 -3.178 -5.744 -6.677 -7.024
0.0152 0.01508 9.60206 1.3549215794 2.5254458145    1.255  3.489  3.4947 -0.021    8  0.532  0.410   180.25    93.78    59.21    46.93    38.36  0 -1.59e-07      0.00 6.879e-01 2.967e-01 2.069e-03 1.578e-03 6.736e-03 -1.000 1.537e-02 -3.952 2.736 2.331 1.187 -0.994 -3.109 -5.873 -6.811 -7.170
0.0152 0.01508 9.60206 1.3549233675 2.5254460006    1.253  3.508  3.4920 -0.052    8  0.532  0.410   192.14    99.18    62.47    49.55    40.51  0 -1.73e-07      0.00 6.879e-01 2.967e-01 2.069e-03 1.578e-03 6.736e-03 -1.000 1.537e-02 -4.001 2.739 2.415 1.288 -0.940 -3.075 -5.930 -6.871 -7.235
0.0152 0.01508 9.60206 1.3549252748 2.5254461992    1.251  3.519  3.4904 -0.070    8  0.533  0.410   199.05   102.29    64.33    51.06    41.74  0 -1.81e-07      0.00 6.879e-01 2.967e-01 2.069e-03 1.578e-03 6.736e-03 -1.000 1.537e-02 -4.027 2.743 2.466 1.349 -0.906 -3.051 -5.960 -6.903 -7.270
0.0152 0.01508 9.60206 1.3549253941 2.5254462116    1.251  3.340  3.5132  0.200    8  0.533  0.410   114.37    62.83    40.39    31.82    25.99  2 -8.77e-08      0.00 6.879e-01 2.967e-01 2.069e-03 1.578e-03 6.736e-03 -1.000 1.537e-02 -3.580 2.743 1.758 0.451 -1.359 -3.283 -5.442 -6.362 -6.685
0.0152 0.01508 9.60206 1.3549256325 2.5254462364    1.250  3.182  3.5334  0.438    8  0.533  0.410    70.09    40.84    26.77    20.96    17.09  2 -4.56e-08      0.00 6.879e-01 2.967e-01 2.069e-03 1.578e-03 6.736e-03 -1.000 1.537e-02 -3.186 2.710 1.134 -0.347 -1.740 -3.341 -4.980 -5.878 -6.160
0.0152 0.01508 9.60206 1.3549261093 2.5254462860    1.250  2.993  3.5576  0.724    8  0.533  0.410    38.94    24.35    16.34    12.69    10.34  3 -2.03e-08      0.00 6.879e-01 2.967e-01 2.069e-03 1.578e-03 6.736e-03 -1.000 1.537e-02 -2.713 2.655 0.744 -0.842 -1.939 -3.111 -4.429 -5.286 -5.527
0.0152 0.01508 9.60206 1.3549267054 2.5254463481    1.249  3.009  3.5554  0.699    8  0.533  0.410    40.97    25.47    17.05    13.26    10.80  2 -2.18e-08      0.00 6.879e-01 2.967e-01 2.069e-03 1.578e-03 6.736e-03 -1.000 1.537e-02 -2.753 2.662 0.769 -0.811 -1.928 -3.137 -4.476 -5.337 -5.581
0.0152 0.01508 9.60206 1.3549275398 2.5254464349    1.248  3.120  3.5411  0.531    8  0.533  0.410    57.89    34.51    22.79    17.80    14.52  2 -3.52e-08      0.00 6.879e-01 2.967e-01 2.069e-03 1.578e-03 6.736e-03 -1.000 1.537e-02 -3.030 2.699 0.973 -0.553 -1.828 -3.288 -4.797 -5.684 -5.952
0.0152 0.01508 9.60206 1.3549286127 2.5254465466    1.246  3.271  3.5216  0.301    8  0.534  0.410    92.81    52.27    33.88    26.63    21.73  2 -6.65e-08      0.00 6.879e-01 2.967e-01 2.069e-03 1.578e-03 6.736e-03 -1.000 1.537e-02 -3.407 2.737 1.465 0.068 -1.544 -3.343 -5.242 -6.153 -6.458
0.0152 0.01508 9.60206 1.3549299240 2.5254466831    1.244  3.399  3.5048  0.105    8  0.534  0.410   138.91    74.51    47.53    37.55    30.68  1 -1.13e-07      0.00 6.879e-01 2.967e-01 2.069e-03 1.578e-03 6.736e-03 -1.000 1.537e-02 -3.729 2.757 2.043 0.823 -1.168 -3.193 -5.618 -6.546 -6.884
0.0152 0.01508 9.60206 1.3549314737 2.5254468444    1.242  3.483  3.4938 -0.023    8  0.534  0.410   180.61    93.85    59.24    46.97    38.39  0 -1.59e-07      0.00 6.879e-01 2.967e-01 2.069e-03 1.578e-03 6.736e-03 -1.000 1.537e-02 -3.937 2.761 2.385 1.249 -0.946 -3.067 -5.859 -6.799 -7.159
0.0152 0.01508 9.60206 1.3549331427 2.5254470181    1.240  3.525  3.4880 -0.089    8  0.535  0.410   206.94   105.75    66.40    52.74    43.11  0  -1.9e-07      0.00 6.879e-01 2.967e-01 2.069e-03 1.578e-03 6.736e-03 -1.000 1.537e-02 -4.042 2.760 2.531 1.408 -0.862 -3.015 -5.983 -6.928 -7.299
0.0152 0.01508 9.60206 1.3549351692 2.5254472291    1.237  3.543  3.4854 -0.119    8  0.535  0.410   218.01   111.51    69.84    55.52    45.40  0 -2.05e-07      0.00 6.879e-01 2.967e-01 2.069e-03 1.578e-03 6.736e-03 -1.000 1.537e-02 -4.088 2.760 2.577 1.441 -0.844 -3.002 -6.037 -6.984 -7.358
0.0152 0.01508 9.60206 1.3549373150 2.5254474524    1.234  3.552  3.4839 -0.135    8  0.536  0.410   223.00   114.66    71.72    57.04    46.64  0 -2.14e-07      0.00 6.879e-01 2.967e-01 2.069e-03 1.578e-03 6.736e-03 -1.000 1.537e-02 -4.110 2.762 2.605 1.461 -0.831 -2.992 -6.063 -7.011 -7.388
0.0152 0.01508 9.60206 1.3549374342 2.5254474649    1.234  3.383  3.5059  0.122    8  0.536  0.410   133.88    72.09    46.04    36.37    29.71  1 -1.08e-07      0.00 6.879e-01 2.967e-01 2.069e-03 1.578e-03 6.736e-03 -1.000 1.537e-02 -3.687 2.774 2.028 0.798 -1.169 -3.183 -5.573 -6.500 -6.837
0.0152 0.01508 9.60206 1.3549376726 2.5254474897    1.233  3.227  3.5262  0.359    8  0.536  0.410    82.12    46.91    30.55    23.98    19.56  2  -5.7e-08      0.00 6.879e-01 2.967e-01 2.069e-03 1.578e-03 6.736e-03 -1.000 1.537e-02 -3.297 2.746 1.345 -0.085 -1.605 -3.328 -5.115 -6.022 -6.317
0.0152 0.01508 9.60206 1.3549381495 2.5254475393    1.233  3.038  3.5508  0.646    8  0.536  0.410    45.49    27.91    18.61    14.49    11.81  2 -2.57e-08      0.00 6.879e-01 2.967e-01 2.069e-03 1.578e-03 6.736e-03 -1.000 1.537e-02 -2.824 2.693 0.838 -0.730 -1.890 -3.177 -4.561 -5.432 -5.683
0.0152 0.01508 9.60206 1.3549388647 2.5254476138    1.231  3.054  3.5487  0.621    8  0.537  0.410    47.87    29.20    19.42    15.14    12.34  2 -2.76e-08      0.00 6.879e-01 2.967e-01 2.069e-03 1.578e-03 6.736e-03 -1.000 1.537e-02 -2.864 2.700 0.870 -0.690 -1.873 -3.198 -4.607 -5.482 -5.737
0.0152 0.01508 9.60206 1.3549398184 2.5254477130    1.230  3.162  3.5344  0.455    8  0.537  0.410    67.38    39.42    25.87    20.26    16.52  2 -4.39e-08      0.00 6.879e-01 2.967e-01 2.069e-03 1.578e-03 6.736e-03 -1.000 1.537e-02 -3.135 2.735 1.140 -0.345 -1.722 -3.304 -4.925 -5.823 -6.102
0.0152 0.01508 9.60206 1.3549410105 2.5254478371    1.228  3.310  3.5149  0.229    8  0.537  0.410   107.28    59.31    38.21    30.11    24.58  2 -8.14e-08      0.00 6.879e-01 2.967e-01 2.069e-03 1.578e-03 6.736e-03 -1.000 1.537e-02 -3.504 2.775 1.732 0.409 -1.358 -3.257 -5.361 -6.279 -6.598
0.0152 0.01508 9.60206 1.3549423218 2.5254479736    1.225  3.435  3.4981  0.036    8  0.538  0.410   159.61    84.08    53.32    42.23    34.50  0 -1.36e-07      0.00 6.879e-01 2.967e-01 2.069e-03 1.578e-03 6.736e-03 -1.000 1.537e-02 -3.818 2.790 2.287 1.127 -0.993 -3.082 -5.728 -6.663 -7.014
0.0152 0.01508 9.60206 1.3549439907 2.5254481473    1.223  3.516  3.4872 -0.090    8  0.538  0.410   206.67   105.47    66.21    52.61    43.01  0  -1.9e-07      0.00 6.879e-01 2.967e-01 2.069e-03 1.578e-03 6.736e-03 -1.000 1.537e-02 -4.020 2.788 2.574 1.449 -0.824 -2.977 -5.964 -6.909 -7.280
0.0152 0.01508 9.60206 1.3549458981 2.5254483459    1.220  3.557  3.4815 -0.155    8  0.539  0.410   228.82   118.57    74.03    58.94    48.19  0 -2.26e-07      0.00 6.879e-01 2.967e-01 2.069e-03 1.578e-03 6.736e-03 -1.000 1.537e-02 -4.123 2.783 2.670 1.514 -0.789 -2.954 -6.084 -7.034 -7.414
0.0152 0.01508 9.60206 1.3549479246 2.5254485568    1.216  3.575  3.4789 -0.184    8  0.540  0.410   238.73   124.86    77.78    61.97    50.68  0 -2.44e-07      0.00 6.879e-01 2.967e-01 2.069e-03 1.578e-03 6.736e-03 -1.000 1.537e-02 -4.166 2.783 2.711 1.541 -0.774 -2.945 -6.134 -7.087 -7.471
0.0152 0.01508 9.60206 1.3549503088 2.5254488050    1.212  3.583  3.4775 -0.199    8  0.540  0.410   243.97   128.25    79.79    63.61    52.02  0 -2.54e-07      0.00 6.879e-01 2.967e-01 2.069e-03 1.578e-03 6.736e-03 -1.000 1.537e-02 -4.187 2.784 2.731 1.554 -0.768 -2.942 -6.159 -7.112 -7.499
0.0152 0.01508 9.60206 1.3549504280 2.5254488174    1.212  3.426  3.4985  0.042    8  0.540  0.410   157.28    82.91    52.60    41.67    34.04  0 -1.36e-07      0.00 6.879e-01 2.967e-01 2.069e-03 1.578e-03 6.736e-03 -1.000 1.537e-02 -3.794 2.805 2.293 1.131 -0.983 -3.069 -5.703 -6.637 -6.988
0.0152 0.01508 9.60206 1.3549506664 2.5254488422    1.211  3.271  3.5191  0.279    8  0.541  0.410    96.53    54.01    34.94    27.50    22.44  2 -7.23e-08      0.00 6.879e-01 2.967e-01 2.069e-03 1.578e-03 6.736e-03 -1.000 1.537e-02 -3.407 2.782 1.588 0.215 -1.449 -3.286 -5.250 -6.164 -6.474
0.0152 0.01508 9.60206 1.3549511433 2.5254488918    1.210  3.083  3.5443  0.567    8  0.541  0.410    53.26    32.05    21.22    16.57    13.51  2  -3.3e-08      0.00 6.879e-01 2.967e-01 2.069e-03 1.578e-03 6.736e-03 -1.000 1.537e-02 -2.936 2.724 0.953 -0.587 -1.824 -3.226 -4.694 -5.576 -5.838
0.0152 0.01508 9.60206 1.3549519777 2.5254489787    1.208  3.098  3.5421  0.542    8  0.541  0.410    56.07    33.53    22.15    17.32    14.11  2 -3.54e-08      0.00 6.879e-01 2.967e-01 2.069e-03 1.578e-03 6.736e-03 -1.000 1.537e-02 -2.976 2.732 0.991 -0.539 -1.802 -3.244 -4.740 -5.626 -5.892
0.0152 0.01508 9.60206 1.3549529314 2.5254490780    1.206  3.204  3.5278  0.378    8  0.541  0.410    78.59    45.08    29.39    23.08    18.82  2 -5.55e-08      0.00 6.879e-01 2.967e-01 2.069e-03 1.578e-03 6.736e-03 -1.000 1.537e-02 -3.241 2.769 1.326 -0.115 -1.604 -3.303 -5.054 -5.959 -6.251
0.0152 0.01508 9.60206 1.3549541235 2.5254492020    1.204  3.348  3.5082  0.156    8  0.542  0.410   124.23    67.37    43.14    34.07    27.82  1 -1.01e-07      0.00 6.879e-01 2.967e-01 2.069e-03 1.578e-03 6.736e-03 -1.000 1.537e-02 -3.599 2.813 1.999 0.749 -1.171 -3.160 -5.477 -6.403 -6.734
0.0152 0.01508 9.60206 1.3549555540 2.5254493509    1.201  3.470  3.4915 -0.034    8  0.542  0.410   183.68    94.92    59.84    47.51    38.82  0 -1.66e-07      0.00 6.879e-01 2.967e-01 2.069e-03 1.578e-03 6.736e-03 -1.000 1.537e-02 -3.904 2.823 2.516 1.398 -0.832 -2.967 -5.834 -6.777 -7.140
0.0152 0.01508 9.60206 1.3549572229 2.5254495247    1.197  3.548  3.4805 -0.158    8  0.543  0.410   228.18   118.61    74.02    58.97    48.21  0 -2.29e-07      0.00 6.879e-01 2.967e-01 2.069e-03 1.578e-03 6.736e-03 -1.000 1.537e-02 -4.100 2.815 2.719 1.560 -0.746 -2.912 -6.063 -7.015 -7.396
0.0152 0.01508 9.60206 1.3549591303 2.5254497232    1.193  3.588  3.4748 -0.222    8  0.544  0.410   250.97   133.09    82.63    65.95    53.93  0  -2.7e-07      0.00 6.879e-01 2.967e-01 2.069e-03 1.578e-03 6.736e-03 -1.000 1.537e-02 -4.199 2.807 2.792 1.602 -0.729 -2.910 -6.179 -7.133 -7.524
0.0152 0.01508 9.60206 1.3549612761 2.5254499465    1.188  3.604  3.4721 -0.251    8  0.544  0.410   261.75   140.10    86.77    69.32    56.69  0 -2.92e-07      0.00 6.879e-01 2.967e-01 2.069e-03 1.578e-03 6.736e-03 -1.000 1.537e-02 -4.241 2.806 2.828 1.623 -0.717 -2.905 -6.229 -7.184 -7.578
0.0152 0.01508 9.60206 1.3549636602 2.5254501947    1.183  3.612  3.4707 -0.267    8  0.545  0.410   267.53   143.94    89.03    71.16    58.20  0 -3.05e-07      0.00 6.879e-01 2.967e-01 2.069e-03 1.578e-03 6.736e-03 -1.000 1.537e-02 -4.261 2.808 2.850 1.637 -0.708 -2.899 -6.253 -7.209 -7.605
0.0152 0.01508 9.60206 1.3549637794 2.5254502071    1.182  3.468  3.4906 -0.043    8  0.545  0.410   186.33    95.97    60.45    48.03    39.24  0 -1.72e-07      0.00 6.879e-01 2.967e-01 2.069e-03 1.578e-03 6.736e-03 -1.000 1.537e-02 -3.899 2.842 2.561 1.448 -0.795 -2.937 -5.832 -6.776 -7.140
0.0152 0.01508 9.60206 1.3549640179 2.5254502319    1.182  3.315  3.5116  0.194    8  0.546  0.410   114.42    62.59    40.19    31.73    25.90  2 -9.32e-08      0.00 6.879e-01 2.967e-01 2.069e-03 1.578e-03 6.736e-03 -1.000 1.537e-02 -3.518 2.829 1.905 0.620 -1.227 -3.174 -5.385 -6.307 -6.632
0.0152 0.01508 9.60206 1.3549644947 2.5254502816    1.180  3.127  3.5375  0.484    8  0.546  0.410    62.82    37.01    24.33    19.06    15.54  2 -4.31e-08      0.00 6.879e-01 2.967e-01 2.069e-03 1.578e-03 6.736e-03 -1.000 1.537e-02 -3.049 2.761 1.099 -0.407 -1.735 -3.261 -4.828 -5.721 -5.995
0.0152 0.01508 9.60206 1.3549653292 2.5254503684    1.178  3.143  3.5352  0.459    8  0.546  0.410    66.19    38.74    25.42    19.93    16.25  2 -4.62e-08      0.00 6.879e-01 2.967e-01 2.069e-03 1.578e-03 6.736e-03 -1.000 1.537e-02 -3.088 2.770 1.156 -0.336 -1.700 -3.268 -4.875 -5.771 -6.049
0.0152 0.01508 9.60206 1.3549662828 2.5254504677    1.175  3.246  3.5207  0.297    8  0.546  0.410    92.45    51.91    33.61    26.47    21.59  2 -7.15e-08      0.00 6.879e-01 2.967e-01 2.069e-03 1.578e-03 6.736e-03 -1.000 1.537e-02 -3.345 2.812 1.568 0.180 -1.449 -3.263 -5.183 -6.095 -6.402
0.0152 0.01508 9.60206 1.3549674749 2.5254505918    1.171  3.385  3.5010  0.078    8  0.547  0.410   145.16    77.04    49.00    38.82    31.70  0 -1.27e-07      0.00 6.879e-01 2.967e-01 2.069e-03 1.578e-03 6.736e-03 -1.000 1.537e-02 -3.693 2.851 2.260 1.080 -0.985 -3.048 -5.594 -6.526 -6.871
0.0152 0.01508 9.60206 1.3549689054 2.5254507407    1.166  3.503  3.4842 -0.109    8  0.548  0.410   210.06   107.93    67.61    53.84    43.99  0 -2.05e-07      0.00 6.879e-01 2.967e-01 2.069e-03 1.578e-03 6.736e-03 -1.000 1.537e-02 -3.988 2.858 2.698 1.561 -0.724 -2.882 -5.940 -6.888 -7.263
0.0152 0.01508 9.60206 1.3549705744 2.5254509144    1.161  3.579  3.4731 -0.231    8  0.548  0.410   252.05   134.42    83.36    66.61    54.46  0  -2.8e-07      0.00 6.879e-01 2.967e-01 2.069e-03 1.578e-03 6.736e-03 -1.000 1.537e-02 -4.177 2.847 2.855 1.658 -0.676 -2.860 -6.161 -7.117 -7.509
0.0152 0.01508 9.60206 1.3549724817 2.5254511129    1.155  3.617  3.4672 -0.295    8  0.549  0.410   277.07   150.70    92.97    74.43    60.87  0 -3.47e-07      0.00 6.879e-01 2.967e-01 2.069e-03 1.578e-03 6.736e-03 -1.000 1.537e-02 -4.272 2.835 2.920 1.695 -0.660 -2.861 -6.273 -7.231 -7.631
0.0152 0.01508 9.60206 1.3549746275 2.5254513362    1.149  3.633  3.4644 -0.325    8  0.550  0.409   289.19   158.78    97.71    78.30    64.04  0 -4.18e-07      0.00 6.879e-01 2.967e-01 2.069e-03 1.578e-03 6.736e-03 -1.000 1.537e-02 -4.312 2.835 2.951 1.713 -0.651 -2.860 -6.321 -7.280 -7.683
0.0152 0.01508 9.60206 1.3549770117 2.5254515844    1.141  3.641  3.4628 -0.342    8  0.551  0.409   295.97   163.40   100.41    80.52    65.85  0 -4.63e-07      0.00 6.879e-01 2.967e-01 2.069e-03 1.578e-03 6.736e-03 -1.000 1.537e-02 -4.331 2.840 2.975 1.728 -0.642 -2.856 -6.345 -7.304 -7.710
0.0152 0.01508 9.60206 1.3549771309 2.5254515968    1.141  3.509  3.4815 -0.136    8  0.551  0.409   216.79   112.57    70.35    56.10    45.84  0 -2.24e-07      0.00 6.879e-01 2.967e-01 2.069e-03 1.578e-03 6.736e-03 -1.000 1.537e-02 -4.003 2.884 2.770 1.620 -0.678 -2.841 -5.963 -6.914 -7.293
0.0152 0.01508 9.60206 1.3549773693 2.5254516216    1.139  3.359  3.5030  0.100    8  0.551  0.409   137.91    73.47    46.80    37.09    30.28  0 -1.24e-07      0.00 6.879e-01 2.967e-01 2.069e-03 1.578e-03 6.736e-03 -1.000 1.537e-02 -3.627 2.878 2.223 1.023 -1.000 -3.042 -5.522 -6.452 -6.793
0.0152 0.01508 9.60206 1.3549778461 2.5254516713    1.137  3.172  3.5297  0.393    8  0.551  0.409    75.24    43.26    28.22    22.19    18.09  2 -5.81e-08      0.00 6.879e-01 2.967e-01 2.069e-03 1.578e-03 6.736e-03 -1.000 1.537e-02 -3.160 2.816 1.315 -0.143 -1.595 -3.263 -4.966 -5.869 -6.157
0.0152 0.01508 9.60206 1.3549785614 2.5254517457    1.133  3.187  3.5273  0.366    8  0.552  0.409    79.42    45.34    29.51    23.23    18.94  2 -6.24e-08      0.00 6.879e-01 2.967e-01 2.069e-03 1.578e-03 6.736e-03 -1.000 1.537e-02 -3.198 2.826 1.393 -0.046 -1.546 -3.252 -5.013 -5.919 -6.212
0.0152 0.01508 9.60206 1.3549795151 2.5254518450    1.129  3.288  3.5125  0.205    8  0.552  0.409   110.72    60.60    38.93    30.77    25.11  1 -9.52e-08      0.00 6.879e-01 2.967e-01 2.069e-03 1.578e-03 6.736e-03 -1.000 1.537e-02 -3.449 2.877 1.921 0.625 -1.199 -3.132 -5.313 -6.234 -6.558
0.0152 0.01508 9.60206 1.3549807072 2.5254519690    1.123  3.422  3.4927 -0.011    8  0.553  0.409   172.96    89.43    56.45    44.89    36.65  0 -1.66e-07      0.00 6.879e-01 2.967e-01 2.069e-03 1.578e-03 6.736e-03 -1.000 1.537e-02 -3.785 2.910 2.570 1.447 -0.760 -2.886 -5.711 -6.653 -7.013
0.0152 0.01508 9.60206 1.3549821377 2.5254521179    1.117  3.536  3.4756 -0.196    8  0.553  0.409   235.41   124.71    77.54    61.97    50.65  0 -2.64e-07      0.00 6.879e-01 2.967e-01 2.069e-03 1.578e-03 6.736e-03 -1.000 1.537e-02 -4.069 2.907 2.882 1.701 -0.621 -2.798 -6.046 -7.000 -7.388
0.0152 0.01508 9.60206 1.3549838066 2.5254522916    1.109  3.609  3.4642 -0.317    8  0.554  0.409   282.19   155.02    95.43    76.54    62.58  0 -3.68e-07      0.00 6.879e-01 2.967e-01 2.069e-03 1.578e-03 6.736e-03 -1.000 1.537e-02 -4.252 2.886 3.006 1.770 -0.592 -2.801 -6.261 -7.220 -7.622
0.0152 0.01508 9.60206 1.3549855947 2.5254524778    1.100  3.645  3.4581 -0.382    8  0.555  0.409   310.47   173.92   106.49    85.58    69.99  0 -5.57e-07      0.00 6.879e-01 2.967e-01 2.069e-03 1.578e-03 6.736e-03 -1.000 1.537e-02 -4.344 2.889 3.074 1.813 -0.575 -2.806 -6.369 -7.330 -7.742
0.0152 0.01508 9.60206 1.3549877405 2.5254527011    1.090  3.661  3.4550 -0.413    8  0.556  0.409   324.78   183.74   112.20    90.27    73.83  0 -6.76e-07      0.00 6.879e-01 2.967e-01 2.069e-03 1.578e-03 6.736e-03 -1.000 1.537e-02 -4.382 2.897 3.113 1.847 -0.560 -2.805 -6.416 -7.377 -7.792
0.0152 0.01508 9.60206 1.3549901247 2.5254529492    1.079  3.668  3.4531 -0.433    8  0.557  0.409   333.39   189.79   115.70    93.17    76.20  0 -7.56e-07      0.00 6.879e-01 2.967e-01 2.069e-03 1.578e-03 6.736e-03 -1.000 1.537e-02 -4.401 2.903 3.138 1.871 -0.547 -2.801 -6.439 -7.400 -7.818
0.0152 0.01508 9.60206 1.3549902439 2.5254529617    1.078  3.551  3.4707 -0.245    8  0.557  0.409   250.61   135.15    83.66    67.03    54.78  0 -3.09e-07      0.00 6.879e-01 2.967e-01 2.069e-03 1.578e-03 6.736e-03 -1.000 1.537e-02 -4.106 2.942 2.984 1.777 -0.562 -2.752 -6.097 -7.054 -7.449
0.0152 0.01508 9.60206 1.3549904823 2.5254529865    1.076  3.402  3.4927 -0.010    8  0.557  0.409   171.31    88.26    55.69    44.35    36.20  0 -1.74e-07      0.00 6.879e-01 2.967e-01 2.069e-03 1.578e-03 6.736e-03 -1.000 1.537e-02 -3.736 2.957 2.614 1.491 -0.714 -2.840 -5.662 -6.603 -6.964
0.0152 0.01508 9.60206 1.3549909592 2.5254530361    1.072  3.216  3.5204  0.285    8  0.557  0.409    92.77    51.73    33.43    26.41    21.53  2 -8.32e-08      0.00 6.879e-01 2.967e-01 2.069e-03 1.578e-03 6.736e-03 -1.000 1.537e-02 -3.271 2.899 1.659 0.271 -1.364 -3.183 -5.110 -6.022 -6.329
0.0152 0.01508 9.60206 1.3549916744 2.5254531105    1.066  3.232  3.5177  0.257    8  0.558  0.409    98.25    54.35    35.04    27.72    22.60  1 -8.99e-08      0.00 6.879e-01 2.967e-01 2.069e-03 1.578e-03 6.736e-03 -1.000 1.537e-02 -3.309 2.914 1.767 0.408 -1.289 -3.147 -5.156 -6.071 -6.384
0.0152 0.01508 9.60206 1.3549925089 2.5254531974    1.059  3.329  3.5025  0.096    8  0.558  0.409   137.17    72.62    46.21    36.71    29.95  0 -1.36e-07      0.00 6.879e-01 2.967e-01 2.069e-03 1.578e-03 6.736e-03 -1.000 1.537e-02 -3.552 2.961 2.323 1.129 -0.904 -2.952 -5.449 -6.379 -6.721
0.0152 0.01508 9.60206 1.3549937010 2.5254533215    1.050  3.458  3.4821 -0.119    8  0.559  0.409   204.87   106.85    66.80    53.40    43.60  0 -2.32e-07      0.00 6.879e-01 2.967e-01 2.069e-03 1.578e-03 6.736e-03 -1.000 1.537e-02 -3.876 2.991 2.868 1.724 -0.568 -2.729 -5.834 -6.784 -7.162
0.0152 0.01508 9.60206 1.3549950123 2.5254534580    1.039  3.568  3.4645 -0.303    8  0.559  0.409   270.46   148.78    91.62    73.62    60.16  0 -3.66e-07      0.00 6.879e-01 2.967e-01 2.069e-03 1.578e-03 6.736e-03 -1.000 1.537e-02 -4.150 2.973 3.090 1.860 -0.499 -2.705 -6.158 -7.116 -7.518
0.0152 0.01508 9.60206 1.3549966812 2.5254536317    1.026  3.638  3.4526 -0.426    8  0.560  0.409   324.89   185.18   112.89    91.04    74.42  0 -6.58e-07      0.00 6.879e-01 2.967e-01 2.069e-03 1.578e-03 6.736e-03 -1.000 1.537e-02 -4.325 2.974 3.215 1.952 -0.466 -2.722 -6.364 -7.325 -7.743
0.0152 0.01508 9.60206 1.3549984694 2.5254538178    1.012  3.673  3.4460 -0.494    8  0.561  0.409   358.82   208.60   126.45   102.21    83.57  0    -1e-06      0.00 6.879e-01 2.967e-01 2.069e-03 1.578e-03 6.736e-03 -1.000 1.537e-02 -4.413 2.972 3.276 2.020 -0.445 -2.735 -6.469 -7.429 -7.853
0.0152 0.01508 9.60206 1.3550004959 2.5254540287    0.996  3.688  3.4424 -0.530    8  0.562  0.409   377.21   221.71   133.98   108.45    88.68  0 -1.23e-06      0.00 6.879e-01 2.967e-01 2.069e-03 1.578e-03 6.736e-03 -1.000 1.537e-02 -4.450 2.981 3.313 2.064 -0.428 -2.737 -6.514 -7.474 -7.902
0.0152 0.01508 9.60206 1.3550027609 2.5254542644    0.979  3.695  3.4400 -0.554    8  0.563  0.409   373.15    -1.00    -1.00    -1.00    -1.00  0 -1.41e-06      0.00 6.879e-01 2.967e-01 2.069e-03 1.578e-03 6.736e-03 -1.000 1.537e-02 -4.468 2.994 3.346 2.103 -0.408 -2.730 -6.538 -7.497 -7.928
0.0152 0.01508 9.60206 1.3550028801 2.5254542768    0.977  3.590  3.4566 -0.384    8  0.563  0.409   299.64   169.48   103.62    83.60    68.31  0 -4.74e-07      0.00 6.879e-01 2.967e-01 2.069e-03 1.578e-03 6.736e-03 -1.000 1.537e-02 -4.206 3.032 3.234 1.976 -0.418 -2.654 -6.235 -7.196 -7.608
0.0152 0.01508 9.60206 1.3550031185 2.5254543017    0.973  3.444  3.4795 -0.148    8  0.563  0.409   208.46   110.52    68.88    55.23    45.08  0 -2.74e-07      0.00 6.879e-01 2.967e-01 2.069e-03 1.578e-03 6.736e-03 -1.000 1.537e-02 -3.841 3.069 2.991 1.832 -0.473 -2.640 -5.807 -6.759 -7.141
0.0152 0.01508 9.60206 1.3550035954 2.5254543513    0.966  3.259  3.5087  0.151    8  0.563  0.409   120.42    64.26    41.03    32.65    26.61  0 -1.35e-07      0.00 6.879e-01 2.967e-01 2.069e-03 1.578e-03 6.736e-03 -1.000 1.537e-02 -3.378 3.034 2.201 0.944 -0.968 -2.953 -5.255 -6.179 -6.511
0.0152 0.01508 9.60206 1.3550041914 2.5254544133    0.956  3.274  3.5059  0.120    8  0.564  0.409   128.20    67.76    43.15    34.38    28.02  0 -1.48e-07      0.00 6.879e-01 2.967e-01 2.069e-03 1.578e-03 6.736e-03 -1.000 1.537e-02 -3.415 3.047 2.300 1.069 -0.899 -2.912 -5.301 -6.228 -6.564
0.0152 0.01508 9.60206 1.3550050259 2.5254545002    0.943  3.368  3.4901 -0.044    8  0.564  0.409   175.56    90.77    57.03    45.66    37.23  0 -2.24e-07      0.00 6.879e-01 2.967e-01 2.069e-03 1.578e-03 6.736e-03 -1.000 1.537e-02 -3.651 3.096 2.832 1.724 -0.528 -2.673 -5.585 -6.530 -6.895
0.0152 0.01508 9.60206 1.3550060987 2.5254546118    0.926  3.493  3.4689 -0.261    8  0.565  0.409   243.25   133.76    82.55    66.51    54.28  0 -3.82e-07      0.00 6.879e-01 2.967e-01 2.069e-03 1.578e-03 6.736e-03 -1.000 1.537e-02 -3.963 3.108 3.173 1.958 -0.387 -2.581 -5.959 -6.916 -7.313
0.0152 0.01508 9.60206 1.3550074100 2.5254547483    0.907  3.598  3.4506 -0.448    8  0.565  0.409   321.84   186.71   113.46    91.93    75.08  0  -6.6e-07      0.00 6.879e-01 2.967e-01 2.069e-03 1.578e-03 6.736e-03 -1.000 1.537e-02 -4.226 3.101 3.364 2.099 -0.331 -2.597 -6.270 -7.232 -7.651
0.0152 0.01508 9.60206 1.3550088406 2.5254548972    0.885  3.665  3.4383 -0.575    8  0.566  0.409   311.40    -1.00    -1.00    -1.00    -1.00  0 -1.45e-06      0.00 6.879e-01 2.967e-01 2.069e-03 1.578e-03 6.736e-03 -1.000 1.537e-02 -4.393 3.093 3.457 2.220 -0.307 -2.639 -6.467 -7.426 -7.859
0.0152 0.01508 9.60206 1.3550106287 2.5254550833    0.861  3.699  3.4318 -0.647    8  0.567  0.409   296.11    -1.00    -1.00    -1.00    -1.00  0 -2.26e-06      0.00 6.879e-01 2.967e-01 2.069e-03 1.578e-03 6.736e-03 -1.000 1.537e-02 -4.477 3.097 3.508 2.296 -0.292 -2.662 -6.566 -7.523 -7.964
0.0152 0.01508 9.60206 1.3550125360 2.5254552818    0.835  3.713  3.4287 -0.686    8  0.568  0.409   279.76    -1.00    -1.00    -1.00    -1.00  0 -2.89e-06      0.00 6.879e-01 2.967e-01 2.069e-03 1.578e-03 6.736e-03 -1.000 1.537e-02 -4.511 3.108 3.542 2.343 -0.277 -2.666 -6.608 -7.564 -8.009
0.0152 0.01508 9.60206 1.3550146818 2.5254555051    0.806  3.719  3.4274 -0.713    8  0.569  0.409   262.60    -1.00    -1.00    -1.00    -1.00  0 -3.46e-06      0.00 6.879e-01 2.967e-01 2.069e-03 1.578e-03 6.736e-03 -1.000 1.537e-02 -4.528 3.120 3.561 2.366 -0.272 -2.670 -6.628 -7.584 -8.031
0.0152 0.01508 9.60206 1.3550238609 2.5254564605    0.573 -9.999  4.0000  1.582    9  0.573  0.000     0.00     0.00     0.00     0.00     0.00 -1    -1e-30      0.00 6.879e-01 2.967e-01 2.069e-03 1.578e-03 6.736e-03 -1.000 1.537e-02 29.767 29.720 29.983 30.032 30.020 30.018 30.066 30.065 30.082
#isochrone terminated
