# File generated by CMD 3.9 (http://stev.oapd.inaf.it/cmd) on Wed Apr 29 22:16:46 UTC 2026
# isochrones based on PARSEC release v1.2S +  COLIBRI S_37 + S_35 + PR16
# Basic references: Bressan et al. (2012), MNRAS, 427, 127 + Chen et al. (2014, 2015), MNRAS, 444, 2525 + MNRAS, 452, 1068 + Tang et al. (2014), MNRAS, 445, 4287 + Marigo et al. (2017), ApJ, 835, 77 + Pastorelli al. (2019), MNRAS, 485, 5666 + Pastorelli al. (2020), MNRAS, in press
# Thermal pulse cycles included 
# On RGB, assumed Reimers mass loss with efficiency eta=0.2
# LPV periods and growth rates added cf. Trabucchi et al. (2019)
# but fundamental-mode LPV periods + transition are from Trabucchi et al. (2021)
# Photometric system: <i>UBVRIJHK</i> (cf. Maiz-Apellaniz 2006 + Bessell 1990)
# Using YBC version of bolometric corrections as in Chen et al. (2019)
# O-rich circumstellar dpmod60alox40 dust from Groenewegen (2006)
# C-rich circumstellar AMCSIC15 dust from Groenewegen (2006)
# IMF: Kroupa (2001, 2002) + Kroupa et al. (2013) canonical two-part-power law IMF corrected for unresolved binaries 
# Kind of output: isochrone tables
# Zini     MH   logAge Mini        int_IMF         Mass   logL    logTe  logg  label   McoreTP C_O  period0  period1  period2  period3  period4  pmode  Mloss  tau1m   X   Y   Xc  Xn  Xo  Cexcess  Z 	 mbolmag  Umag    Bmag    Vmag    Rmag    Imag    Jmag    Hmag    Kmag
0.0152 0.01508 9.00000 0.0900000036 1.0816895926    0.090 -3.384  3.3657  5.191    0  0.000  0.545     0.00     0.00     0.00     0.00     0.00 -1 -4.43e-17      0.00 7.091e-01 2.756e-01 2.746e-03 7.408e-04 6.719e-03 -1.000 1.527e-02 13.230 22.457 19.862 18.032 15.888 13.642 11.140 10.526 10.234
0.0152 0.01508 9.00000 0.1000000015 1.1711064122    0.100 -3.222  3.3893  5.170    0  0.000  0.545     0.00     0.00     0.00     0.00     0.00 -1 -6.24e-17      0.00 7.091e-01 2.757e-01 2.746e-03 7.408e-04 6.719e-03 -1.000 1.527e-02 12.826 22.013 19.440 17.617 15.480 13.238 10.737 10.124 9.829
0.0152 0.01508 9.00000 0.1200000122 1.3193155232    0.120 -2.975  3.4228  5.135    0  0.000  0.545     0.00     0.00     0.00     0.00     0.00 -1 -1.05e-16      0.00 7.090e-01 2.757e-01 2.746e-03 7.408e-04 6.719e-03 -1.000 1.527e-02 12.208 21.023 18.583 16.788 14.731 12.543 10.133 9.520 9.220
0.0152 0.01508 9.00000 0.1229623184 1.3385314003    0.123 -2.948  3.4259  5.131    0  0.000  0.545     0.00     0.00     0.00     0.00     0.00 -1  -1.1e-16      0.00 7.090e-01 2.757e-01 2.746e-03 7.408e-04 6.719e-03 -1.000 1.527e-02 12.140 20.769 18.389 16.607 14.591 12.430 10.073 9.459 9.159
0.0152 0.01508 9.00000 0.1400000006 1.4384526719    0.140 -2.794  3.4430  5.102    0  0.000  0.545     0.00     0.00     0.00     0.00     0.00 -1 -1.52e-16      0.00 7.089e-01 2.758e-01 2.746e-03 7.408e-04 6.719e-03 -1.000 1.527e-02 11.755 19.486 17.374 15.667 13.847 11.828 9.727 9.112 8.812
0.0152 0.01508 9.00000 0.1493837237 1.4869687019    0.149 -2.726  3.4495  5.088    0  0.000  0.545     0.00     0.00     0.00     0.00     0.00 -1 -1.75e-16      0.00 7.089e-01 2.758e-01 2.746e-03 7.408e-04 6.719e-03 -1.000 1.527e-02 11.585 18.996 16.976 15.296 13.547 11.582 9.572 8.956 8.657
0.0152 0.01508 9.00000 0.1599999964 1.5372931554    0.160 -2.653  3.4565  5.073    0  0.000  0.545     0.00     0.00     0.00     0.00     0.00 -1 -2.03e-16      0.00 7.088e-01 2.759e-01 2.746e-03 7.408e-04 6.719e-03 -1.000 1.527e-02 11.403 18.485 16.559 14.900 13.226 11.327 9.409 8.791 8.494
0.0152 0.01508 9.00000 0.2000000030 1.6938790862    0.200 -2.438  3.4752  5.030    0  0.000  0.545     0.00     0.00     0.00     0.00     0.00 -1 -3.14e-16      0.00 7.087e-01 2.760e-01 2.746e-03 7.408e-04 6.719e-03 -1.000 1.527e-02 10.865 17.155 15.445 13.843 12.351 10.618 8.915 8.296 8.008
0.0152 0.01508 9.00000 0.2500000000 1.8403257998    0.250 -2.236  3.4916  4.991    0  0.000  0.545     0.00     0.00     0.00     0.00     0.00 -1 -4.67e-16      0.00 7.086e-01 2.761e-01 2.746e-03 7.408e-04 6.719e-03 -1.000 1.527e-02 10.360 16.059 14.495 12.927 11.569 9.991 8.452 7.830 7.552
0.0152 0.01508 9.00000 0.3135805130 1.9793373055    0.314 -2.035  3.5051  4.941    0  0.000  0.545     0.00     0.00     0.00     0.00     0.00 -1 -7.02e-16      0.00 7.089e-01 2.759e-01 2.746e-03 7.408e-04 6.719e-03 -1.000 1.527e-02 9.856 15.152 13.684 12.157 10.889 9.414 7.979 7.354 7.087
0.0152 0.01508 9.00000 0.3194212019 1.9902480622    0.319 -2.016  3.5062  4.935    0  0.000  0.545     0.00     0.00     0.00     0.00     0.00 -1 -7.31e-16      0.00 7.089e-01 2.758e-01 2.746e-03 7.408e-04 6.719e-03 -1.000 1.527e-02 9.810 15.074 13.612 12.090 10.828 9.362 7.935 7.310 7.044
0.0152 0.01508 9.00000 0.3466122150 2.0378297976    0.347 -1.938  3.5118  4.916    0  0.000  0.545     0.00     0.00     0.00     0.00     0.00 -1 -8.59e-16      0.00 7.091e-01 2.756e-01 2.746e-03 7.408e-04 6.719e-03 -1.000 1.527e-02 9.616 14.731 13.301 11.794 10.566 9.141 7.755 7.126 6.865
0.0152 0.01508 9.00000 0.3500000238 2.0434175133    0.350 -1.929  3.5125  4.913    0  0.000  0.545     0.00     0.00     0.00     0.00     0.00 -1 -8.75e-16      0.00 7.091e-01 2.756e-01 2.746e-03 7.408e-04 6.719e-03 -1.000 1.527e-02 9.593 14.692 13.265 11.760 10.535 9.115 7.733 7.105 6.844
0.0152 0.01508 9.00000 0.4000000358 2.1185024810    0.400 -1.781  3.5233  4.866    0  0.000  0.545     0.00     0.00     0.00     0.00     0.00 -1 -1.22e-15      0.00 7.092e-01 2.755e-01 2.746e-03 7.408e-04 6.719e-03 -1.000 1.527e-02 9.221 14.069 12.690 11.212 10.044 8.700 7.388 6.752 6.501
0.0152 0.01508 9.00000 0.4500000477 2.1822809714    0.450 -1.631  3.5353  4.815    0  0.000  0.545     0.00     0.00     0.00     0.00     0.00 -1 -1.72e-15      0.00 7.092e-01 2.755e-01 2.746e-03 7.408e-04 6.719e-03 -1.000 1.527e-02 8.847 13.464 12.114 10.666 9.551 8.286 7.043 6.399 6.157
0.0152 0.01508 9.00000 0.5000000000 2.2374541529    0.500 -1.476  3.5498  4.764    0  0.000  0.545     0.00     0.00     0.00     0.00     0.00 -1 -2.47e-15      0.00 7.092e-01 2.755e-01 2.746e-03 7.408e-04 6.719e-03 -1.000 1.527e-02 8.459 12.851 11.514 10.092 9.032 7.858 6.692 6.037 5.806
0.0152 0.01508 9.00000 0.5093277693 2.2468676136    0.509 -1.444  3.5535  4.755    0  0.000  0.545     0.00     0.00     0.00     0.00     0.00 -1 -2.66e-15      0.00 7.095e-01 2.753e-01 2.743e-03 7.401e-04 6.712e-03 -1.000 1.526e-02 8.381 12.725 11.386 9.969 8.921 7.771 6.624 5.966 5.738
0.0152 0.01508 9.00000 0.5500000119 2.2836582633    0.550 -1.315  3.5684  4.719    0  0.000  0.545     0.00     0.00     0.00     0.00     0.00 -1 -3.59e-15      0.00 7.115e-01 2.733e-01 2.725e-03 7.352e-04 6.668e-03 -1.000 1.518e-02 8.057 12.219 10.868 9.465 8.462 7.415 6.341 5.673 5.459
0.0152 0.01508 9.00000 0.5591725707 2.2911095074    0.559 -1.284  3.5728  4.713    0  0.000  0.545     0.00     0.00     0.00     0.00     0.00 -1 -3.84e-15      0.00 7.116e-01 2.733e-01 2.724e-03 7.350e-04 6.666e-03 -1.000 1.517e-02 7.981 12.092 10.737 9.337 8.346 7.330 6.277 5.605 5.396
0.0152 0.01508 9.00000 0.6000000238 2.3211213258    0.600 -1.153  3.5914  4.687    0  0.000  0.545     0.00     0.00     0.00     0.00     0.00 -1 -5.17e-15      0.00 7.119e-01 2.730e-01 2.722e-03 7.343e-04 6.660e-03 -1.000 1.513e-02 7.654 11.568 10.190 8.815 7.870 6.977 5.999 5.314 5.130
0.0152 0.01508 9.00000 0.6159545183 2.3316135234    0.616 -1.101  3.5998  4.680    0  0.000  0.545     0.00     0.00     0.00     0.00     0.00 -1  -5.8e-15      0.00 7.120e-01 2.728e-01 2.721e-03 7.340e-04 6.658e-03 -1.000 1.515e-02 7.523 11.355 9.965 8.607 7.681 6.838 5.889 5.198 5.027
0.0152 0.01508 9.00000 0.6409611702 2.3468564240    0.641 -1.021  3.6127  4.669    0  0.000  0.545     0.00     0.00     0.00     0.00     0.00 -1 -6.92e-15      0.00 7.122e-01 2.727e-01 2.719e-03 7.336e-04 6.654e-03 -1.000 1.516e-02 7.323 11.027 9.616 8.294 7.399 6.626 5.718 5.025 4.875
0.0152 0.01508 9.00000 0.6499999762 2.3520353107    0.650 -0.993  3.6174  4.666    0  0.000  0.545     0.00     0.00     0.00     0.00     0.00 -1 -7.35e-15      0.00 7.122e-01 2.726e-01 2.718e-03 7.335e-04 6.653e-03 -1.000 1.516e-02 7.253 10.907 9.492 8.184 7.299 6.552 5.658 4.967 4.824
0.0152 0.01508 9.00000 0.7000000477 2.3779267258    0.700 -0.839  3.6454  4.656    0  0.000  0.545     0.00     0.00     0.00     0.00     0.00 -1 -1.02e-14      0.00 7.125e-01 2.723e-01 2.716e-03 7.328e-04 6.647e-03 -1.000 1.514e-02 6.867 10.111 8.746 7.553 6.750 6.149 5.343 4.681 4.577
0.0152 0.01508 9.00000 0.7033798099 2.3795247560    0.703 -0.828  3.6474  4.655    0  0.000  0.544     0.00     0.00     0.00     0.00     0.00 -1 -1.05e-14      0.00 7.126e-01 2.723e-01 2.713e-03 7.326e-04 6.646e-03 -1.000 1.513e-02 6.841 10.046 8.693 7.509 6.713 6.122 5.323 4.665 4.563
0.0152 0.01508 9.00000 0.7500000000 2.3998889087    0.750 -0.692  3.6740  4.653    1  0.000  0.538     0.00     0.00     0.00     0.00     0.00 -1 -1.39e-14      0.00 7.129e-01 2.720e-01 2.677e-03 7.312e-04 6.641e-03 -1.000 1.511e-02 6.499 9.104 8.003 6.952 6.260 5.763 5.059 4.480 4.397
0.0152 0.01508 9.00000 0.7531239390 2.4011502006    0.753 -0.683  3.6753  4.651    1  0.000  0.538     0.00     0.00     0.00     0.00     0.00 -1 -1.42e-14      0.00 7.129e-01 2.720e-01 2.677e-03 7.311e-04 6.641e-03 -1.000 1.511e-02 6.478 9.052 7.966 6.922 6.234 5.741 5.042 4.468 4.385
0.0152 0.01508 9.00000 0.8000000119 2.4187244405    0.800 -0.560  3.6943  4.630    1  0.000  0.537     0.00     0.00     0.00     0.00     0.00 -1 -1.87e-14      0.00 7.134e-01 2.715e-01 2.673e-03 7.300e-04 6.632e-03 -1.000 1.509e-02 6.170 8.338 7.449 6.491 5.877 5.428 4.795 4.279 4.206
0.0152 0.01508 9.00000 0.8025270104 2.4196049879    0.802 -0.553  3.6952  4.629    1  0.000  0.537     0.00     0.00     0.00     0.00     0.00 -1  -1.9e-14      0.00 7.134e-01 2.715e-01 2.673e-03 7.300e-04 6.631e-03 -1.000 1.509e-02 6.153 8.301 7.422 6.469 5.859 5.412 4.782 4.269 4.196
0.0152 0.01508 9.00000 0.8500000238 2.4350346840    0.850 -0.434  3.7134  4.607    1  0.000  0.537     0.00     0.00     0.00     0.00     0.00 -1 -2.49e-14      0.00 7.140e-01 2.710e-01 2.669e-03 7.288e-04 6.620e-03 -1.000 1.500e-02 5.855 7.647 6.955 6.078 5.529 5.118 4.548 4.089 4.023
0.0152 0.01508 9.00000 0.9000000358 2.4492786175    0.899 -0.315  3.7309  4.582    1  0.000  0.537     0.00     0.00     0.00     0.00     0.00 -1 -3.27e-14      0.00 7.147e-01 2.703e-01 2.663e-03 7.272e-04 6.606e-03 -1.000 1.502e-02 5.557 7.037 6.518 5.708 5.212 4.829 4.315 3.903 3.844
0.0152 0.01508 9.00000 0.9086850882 2.4515697437    0.908 -0.294  3.7337  4.577    1  0.000  0.537     0.00     0.00     0.00     0.00     0.00 -1 -3.44e-14      0.00 7.148e-01 2.701e-01 2.661e-03 7.268e-04 6.603e-03 -1.000 1.502e-02 5.506 6.940 6.445 5.647 5.159 4.781 4.275 3.870 3.813
0.0152 0.01508 9.00000 0.9500000477 2.4618122009    0.950 -0.200  3.7467  4.554    1  0.000  0.537     0.00     0.00     0.00     0.00     0.00 -1 -4.29e-14      0.00 7.156e-01 2.694e-01 2.655e-03 7.251e-04 6.587e-03 -1.000 1.501e-02 5.271 6.481 6.115 5.370 4.920 4.564 4.096 3.722 3.671
0.0152 0.01508 9.00000 1.0000000000 2.4729154477    1.000 -0.090  3.7608  4.523    1  0.000  0.537     0.00     0.00     0.00     0.00     0.00 -1 -5.59e-14      0.00 7.169e-01 2.682e-01 2.644e-03 7.223e-04 6.562e-03 -1.000 1.492e-02 4.995 5.979 5.746 5.059 4.648 4.313 3.884 3.542 3.498
0.0152 0.01508 9.00000 1.0192395449 2.4768555849    1.019 -0.049  3.7657  4.510    1  0.000  0.537     0.00     0.00     0.00     0.00     0.00 -1    -6e-14      0.00 7.176e-01 2.675e-01 2.639e-03 7.207e-04 6.548e-03 -1.000 1.487e-02 4.892 5.805 5.612 4.946 4.547 4.221 3.804 3.473 3.431
0.0152 0.01508 9.00000 1.0499999523 2.4828114860    1.049  0.016  3.7734  4.488    1  0.000  0.537     0.00     0.00     0.00     0.00     0.00 -1 -6.73e-14      0.00 7.188e-01 2.664e-01 2.629e-03 7.181e-04 6.524e-03 -1.000 1.479e-02 4.729 5.538 5.402 4.770 4.390 4.076 3.680 3.366 3.327
0.0152 0.01508 9.00000 1.1000000238 2.4916801480    1.099  0.119  3.7848  4.451    1  0.000  0.537     0.00     0.00     0.00     0.00     0.00 -1 -8.03e-14      0.00 7.219e-01 2.634e-01 2.604e-03 7.114e-04 6.464e-03 -1.000 1.467e-02 4.472 5.144 5.078 4.496 4.144 3.848 3.481 3.190 3.157
0.0152 0.01508 9.00000 1.1228656769 2.4954345437    1.122  0.165  3.7897  4.434    1  0.000  0.537     0.00     0.00     0.00     0.00     0.00 -1 -8.65e-14      0.00 7.236e-01 2.618e-01 2.591e-03 7.078e-04 6.432e-03 -1.000 1.461e-02 4.357 4.978 4.937 4.376 4.035 3.747 3.391 3.110 3.079
0.0152 0.01508 9.00000 1.1499999762 2.4996678137    1.149  0.218  3.7952  4.413    1  0.000  0.537     0.00     0.00     0.00     0.00     0.00 -1 -9.45e-14      0.00 7.257e-01 2.597e-01 2.574e-03 7.034e-04 6.393e-03 -1.000 1.454e-02 4.224 4.793 4.775 4.237 3.909 3.629 3.287 3.017 2.988
0.0152 0.01508 9.00000 1.2000000477 2.5068948796    1.199  0.314  3.8050  4.375    1  0.000  0.537     0.00     0.00     0.00     0.00     0.00 -1  -1.1e-13      0.00 7.258e-01 2.596e-01 2.581e-03 7.056e-04 6.414e-03 -1.000 1.457e-02 3.984 4.470 4.485 3.989 3.682 3.418 3.099 2.848 2.823
0.0152 0.01508 9.00000 1.2500000000 2.5134610955    1.250  0.405  3.8142  4.338    1  0.000  0.536     0.00     0.00     0.00     0.00     0.00 -1 -1.24e-13      0.00 7.260e-01 2.594e-01 2.581e-03 7.056e-04 6.415e-03 -1.000 1.458e-02 3.756 4.179 4.213 3.754 3.467 3.218 2.920 2.687 2.665
0.0152 0.01508 9.00000 1.2999999523 2.5194498592    1.300  0.492  3.8228  4.303    1  0.000  0.536     0.00     0.00     0.00     0.00     0.00 -1 -1.38e-13      0.00 7.263e-01 2.591e-01 2.579e-03 7.050e-04 6.409e-03 -1.000 1.460e-02 3.541 3.919 3.959 3.531 3.261 3.027 2.749 2.533 2.513
0.0152 0.01508 9.00000 1.3080345392 2.5203632294    1.308  0.505  3.8243  4.298    1  0.000  0.536     0.00     0.00     0.00     0.00     0.00 -1 -1.39e-13      0.00 7.263e-01 2.591e-01 2.579e-03 7.051e-04 6.411e-03 -1.000 1.459e-02 3.507 3.879 3.920 3.497 3.230 2.997 2.723 2.510 2.490
0.0152 0.01508 9.00000 1.3500001431 2.5249313723    1.350  0.574  3.8315  4.272    1  0.000  0.537     0.00     0.00     0.00     0.00     0.00 -1 -1.48e-13      0.00 7.258e-01 2.596e-01 2.583e-03 7.062e-04 6.420e-03 -1.000 1.458e-02 3.335 3.676 3.717 3.319 3.066 2.846 2.588 2.390 2.371
0.0152 0.01508 9.00000 1.4000000954 2.5299650415    1.400  0.652  3.8402  4.245    1  0.000  0.537     0.00     0.00     0.00     0.00     0.00 -1 -1.54e-13      0.00 7.258e-01 2.596e-01 2.582e-03 7.058e-04 6.416e-03 -1.000 1.460e-02 3.139 3.452 3.487 3.117 2.882 2.677 2.439 2.258 2.240
0.0152 0.01508 9.00000 1.4404820204 2.5337474614    1.441  0.714  3.8479  4.227    1  0.000  0.537     0.00     0.00     0.00     0.00     0.00 -1 -1.54e-13      0.00 7.261e-01 2.593e-01 2.580e-03 7.052e-04 6.411e-03 -1.000 1.462e-02 2.986 3.277 3.306 2.960 2.739 2.548 2.327 2.161 2.145
0.0152 0.01508 9.00000 1.4500000477 2.5346015836    1.450  0.728  3.8497  4.222    1  0.000  0.537     0.00     0.00     0.00     0.00     0.00 -1 -1.54e-13      0.00 7.261e-01 2.592e-01 2.579e-03 7.051e-04 6.410e-03 -1.000 1.463e-02 2.950 3.237 3.264 2.923 2.706 2.518 2.301 2.138 2.122
0.0152 0.01508 9.00000 1.4922132492 2.5382391385    1.492  0.789  3.8580  4.206    1  0.000  0.536     0.00     0.00     0.00     0.00     0.00 -1 -1.48e-13      0.00 7.264e-01 2.590e-01 2.577e-03 7.046e-04 6.405e-03 -1.000 1.459e-02 2.797 3.064 3.081 2.765 2.565 2.391 2.192 2.046 2.031
0.0152 0.01508 9.00000 1.5000000000 2.5388844597    1.500  0.800  3.8594  4.203    1  0.000  0.536     0.00     0.00     0.00     0.00     0.00 -1 -1.47e-13      0.00 7.265e-01 2.590e-01 2.577e-03 7.045e-04 6.404e-03 -1.000 1.458e-02 2.769 3.032 3.048 2.736 2.539 2.368 2.172 2.029 2.014
0.0152 0.01508 9.00000 1.5023090839 2.5390743450    1.502  0.804  3.8599  4.202    1  0.000  0.536     0.00     0.00     0.00     0.00     0.00 -1 -1.46e-13      0.00 7.265e-01 2.589e-01 2.577e-03 7.044e-04 6.404e-03 -1.000 1.458e-02 2.761 3.023 3.038 2.727 2.531 2.361 2.167 2.024 2.009
0.0152 0.01508 9.00000 1.5499999523 2.5428511323    1.550  0.870  3.8683  4.183    1  0.000  0.536     0.00     0.00     0.00     0.00     0.00 -1  -1.3e-13      0.00 7.267e-01 2.588e-01 2.575e-03 7.038e-04 6.400e-03 -1.000 1.450e-02 2.595 2.843 2.846 2.558 2.379 2.225 2.048 1.921 1.907
0.0152 0.01508 9.00000 1.5530842543 2.5430862206    1.553  0.874  3.8688  4.182    1  0.000  0.536     0.00     0.00     0.00     0.00     0.00 -1 -1.28e-13      0.00 7.268e-01 2.587e-01 2.575e-03 7.038e-04 6.400e-03 -1.000 1.450e-02 2.585 2.832 2.834 2.548 2.370 2.217 2.041 1.915 1.900
0.0152 0.01508 9.00000 1.5960856676 2.5462552983    1.596  0.932  3.8755  4.163    1  0.000  0.536     0.00     0.00     0.00     0.00     0.00 -1 -1.04e-13      0.00 7.269e-01 2.586e-01 2.574e-03 7.036e-04 6.397e-03 -1.000 1.454e-02 2.440 2.678 2.668 2.401 2.237 2.096 1.934 1.820 1.806
0.0152 0.01508 9.00000 1.6000000238 2.5465340628    1.600  0.937  3.8760  4.161    1  0.000  0.536     0.00     0.00     0.00     0.00     0.00 -1 -1.02e-13      0.00 7.269e-01 2.586e-01 2.574e-03 7.036e-04 6.397e-03 -1.000 1.454e-02 2.427 2.664 2.653 2.387 2.224 2.085 1.924 1.811 1.798
0.0152 0.01508 9.00000 1.6316223145 2.5487297844    1.631  0.979  3.8801  4.144    1  0.000  0.536     0.00     0.00     0.00     0.00     0.00 -1 -7.29e-14      0.00 7.269e-01 2.585e-01 2.573e-03 7.036e-04 6.396e-03 -1.000 1.453e-02 2.323 2.554 2.536 2.282 2.127 1.996 1.843 1.738 1.724
0.0152 0.01508 9.00000 1.6500000954 2.5499614852    1.649  1.003  3.8822  4.133    1  0.000  0.536     0.00     0.00     0.00     0.00     0.00 -1 -6.03e-14      0.00 7.269e-01 2.585e-01 2.573e-03 7.036e-04 6.396e-03 -1.000 1.455e-02 2.263 2.492 2.470 2.221 2.071 1.944 1.795 1.694 1.680
0.0152 0.01508 9.00000 1.6682686806 2.5511549888    1.668  1.027  3.8841  4.122    1  0.000  0.536     0.00     0.00     0.00     0.00     0.00 -1 -3.95e-20      0.00 7.269e-01 2.585e-01 2.573e-03 7.036e-04 6.396e-03 -1.000 1.455e-02 2.204 2.430 2.404 2.161 2.015 1.892 1.747 1.649 1.636
0.0152 0.01508 9.00000 1.7000000477 2.5531580802    1.699  1.068  3.8872  4.101    1  0.000  0.537     0.00     0.00     0.00     0.00     0.00 -1    -1e-30      0.00 7.269e-01 2.586e-01 2.574e-03 7.038e-04 6.396e-03 -1.000 1.455e-02 2.101 2.324 2.290 2.057 1.918 1.801 1.662 1.570 1.556
0.0152 0.01508 9.00000 1.7347594500 2.5552558882    1.734  1.112  3.8901  4.077    1  0.000  0.537     0.00     0.00     0.00     0.00     0.00 -1    -1e-30      0.00 7.268e-01 2.586e-01 2.574e-03 7.040e-04 6.395e-03 -1.000 1.453e-02 1.989 2.209 2.168 1.943 1.811 1.700 1.567 1.480 1.467
0.0152 0.01508 9.00000 1.7500000000 2.5561455243    1.749  1.132  3.8911  4.065    1  0.000  0.537     0.00     0.00     0.00     0.00     0.00 -1    -1e-30      0.00 7.268e-01 2.587e-01 2.575e-03 7.040e-04 6.396e-03 -1.000 1.452e-02 1.940 2.159 2.115 1.894 1.765 1.655 1.525 1.439 1.426
0.0152 0.01508 9.00000 1.7714564800 2.5573682140    1.770  1.159  3.8925  4.049    1  0.000  0.537     0.00     0.00     0.00     0.00     0.00 -1    -1e-30      0.00 7.268e-01 2.587e-01 2.575e-03 7.041e-04 6.397e-03 -1.000 1.454e-02 1.872 2.089 2.042 1.825 1.699 1.593 1.464 1.381 1.368
0.0152 0.01508 9.00000 1.7999999523 2.5589429085    1.799  1.196  3.8935  4.023    1  0.000  0.537     0.00     0.00     0.00     0.00     0.00 -1    -1e-30      0.00 7.267e-01 2.587e-01 2.575e-03 7.043e-04 6.399e-03 -1.000 1.457e-02 1.781 1.998 1.945 1.733 1.610 1.506 1.380 1.299 1.286
0.0152 0.01508 9.00000 1.8009904623 2.5589965236    1.800  1.197  3.8936  4.023    1  0.000  0.537     0.00     0.00     0.00     0.00     0.00 -1    -1e-30      0.00 7.267e-01 2.587e-01 2.575e-03 7.043e-04 6.399e-03 -1.000 1.456e-02 1.777 1.994 1.942 1.730 1.607 1.503 1.377 1.296 1.283
0.0152 0.01508 9.00000 1.8274369240 2.5604033584    1.826  1.231  3.8940  3.997    1  0.000  0.537     0.00     0.00     0.00     0.00     0.00 -1    -1e-30      0.00 7.266e-01 2.589e-01 2.576e-03 7.048e-04 6.398e-03 -1.000 1.454e-02 1.693 1.910 1.854 1.645 1.523 1.420 1.295 1.215 1.201
0.0152 0.01508 9.00000 1.8500000238 2.5615671203    1.849  1.260  3.8938  3.973    1  0.000  0.537     0.00     0.00     0.00     0.00     0.00 -1    -1e-30      0.00 7.265e-01 2.590e-01 2.577e-03 7.053e-04 6.399e-03 -1.000 1.456e-02 1.621 1.839 1.780 1.572 1.450 1.348 1.222 1.143 1.129
0.0152 0.01508 9.00000 1.8599282503 2.5620689237    1.859  1.272  3.8936  3.962    1  0.000  0.537     0.00     0.00     0.00     0.00     0.00 -1    -1e-30      0.00 7.264e-01 2.590e-01 2.577e-03 7.053e-04 6.400e-03 -1.000 1.457e-02 1.590 1.808 1.747 1.540 1.418 1.316 1.190 1.110 1.096
0.0152 0.01508 9.00000 1.8873214722 2.5634220307    1.886  1.307  3.8925  3.929    1  0.000  0.537     0.00     0.00     0.00     0.00     0.00 -1    -1e-30      0.00 7.263e-01 2.591e-01 2.578e-03 7.054e-04 6.404e-03 -1.000 1.459e-02 1.504 1.724 1.661 1.452 1.329 1.226 1.097 1.016 1.002
0.0152 0.01508 9.00000 1.9000000954 2.5640331317    1.899  1.322  3.8915  3.912    1  0.000  0.537     0.00     0.00     0.00     0.00     0.00 -1    -1e-30      0.00 7.262e-01 2.592e-01 2.579e-03 7.054e-04 6.407e-03 -1.000 1.459e-02 1.464 1.686 1.622 1.412 1.287 1.182 1.051 0.969 0.955
0.0152 0.01508 9.00000 1.9200804234 2.5649820262    1.919  1.347  3.8897  3.885    1  0.000  0.537     0.00     0.00     0.00     0.00     0.00 -1    -1e-30      0.00 7.261e-01 2.593e-01 2.579e-03 7.055e-04 6.409e-03 -1.000 1.460e-02 1.402 1.626 1.561 1.348 1.220 1.113 0.979 0.894 0.880
0.0152 0.01508 9.00000 1.9500001669 2.5663542767    1.950  1.384  3.8855  3.838    1  0.000  0.537     0.00     0.00     0.00     0.00     0.00 -1    -1e-30      0.00 7.260e-01 2.595e-01 2.581e-03 7.058e-04 6.412e-03 -1.000 1.455e-02 1.309 1.542 1.476 1.254 1.119 1.005 0.862 0.771 0.756
0.0152 0.01508 9.00000 1.9757508039 2.5674971236    1.976  1.415  3.8805  3.792    1  0.000  0.537     0.00     0.00     0.00     0.00     0.00 -1    -1e-30      0.00 7.258e-01 2.596e-01 2.582e-03 7.061e-04 6.415e-03 -1.000 1.456e-02 1.232 1.474 1.409 1.174 1.031 0.908 0.756 0.657 0.642
0.0152 0.01508 9.00000 2.0000000000 2.5685424513    2.000  1.444  3.8742  3.744    1  0.000  0.537     0.00     0.00     0.00     0.00     0.00 -1    -1e-30      0.00 7.257e-01 2.598e-01 2.584e-03 7.065e-04 6.419e-03 -1.000 1.457e-02 1.161 1.417 1.353 1.102 0.947 0.813 0.648 0.540 0.523
0.0152 0.01508 9.00000 2.0021023750 2.5686317091    2.002  1.446  3.8736  3.740    1  0.000  0.537     0.00     0.00     0.00     0.00     0.00 -1    -1e-30      0.00 7.256e-01 2.598e-01 2.584e-03 7.065e-04 6.419e-03 -1.000 1.457e-02 1.154 1.412 1.348 1.096 0.939 0.805 0.639 0.530 0.513
0.0152 0.01508 9.00000 2.0220823288 2.5694693301    2.022  1.469  3.8668  3.694    1  0.000  0.537     0.00     0.00     0.00     0.00     0.00 -1    -1e-30      0.00 7.255e-01 2.599e-01 2.585e-03 7.069e-04 6.423e-03 -1.000 1.463e-02 1.097 1.370 1.309 1.038 0.868 0.722 0.542 0.421 0.404
0.0152 0.01508 9.00000 2.0426039696 2.5703100719    2.042  1.493  3.8585  3.642    1  0.000  0.537     0.00     0.00     0.00     0.00     0.00 -1    -1e-30      0.00 7.253e-01 2.601e-01 2.587e-03 7.073e-04 6.426e-03 -1.000 1.462e-02 1.039 1.333 1.275 0.981 0.796 0.635 0.437 0.303 0.284
0.0152 0.01508 9.00000 2.0499999523 2.5706083333    2.050  1.501  3.8553  3.622    1  0.000  0.537     0.00     0.00     0.00     0.00     0.00 -1    -1e-30      0.00 7.252e-01 2.602e-01 2.587e-03 7.074e-04 6.428e-03 -1.000 1.461e-02 1.018 1.322 1.264 0.962 0.770 0.603 0.399 0.259 0.239
0.0152 0.01508 9.00000 2.0634808540 2.5711456642    2.063  1.516  3.8489  3.584    1  0.000  0.537     0.00     0.00     0.00     0.00     0.00 -1    -1e-30      0.00 7.251e-01 2.603e-01 2.588e-03 7.076e-04 6.430e-03 -1.000 1.460e-02 0.981 1.305 1.248 0.928 0.723 0.545 0.327 0.175 0.154
0.0152 0.01508 9.00000 2.0773973465 2.5716919527    2.077  1.531  3.8414  3.542    1  0.000  0.537     0.00     0.00     0.00     0.00     0.00 -1    -1e-30      0.00 7.250e-01 2.604e-01 2.589e-03 7.078e-04 6.433e-03 -1.000 1.463e-02 0.942 1.291 1.236 0.893 0.673 0.482 0.247 0.081 0.059
0.0152 0.01508 9.00000 2.0936515331 2.5723194447    2.093  1.553  3.8341  3.494    1  0.000  0.537     0.00     0.00     0.00     0.00     0.00 -1    -1e-30      0.00 7.248e-01 2.606e-01 2.590e-03 7.081e-04 6.436e-03 -1.000 1.464e-02 0.887 1.264 1.208 0.842 0.608 0.405 0.153 -0.026 -0.050
0.0152 0.01508 9.00000 2.0999999046 2.5725614918    2.099  1.563  3.8320  3.477    1  0.000  0.537     0.00     0.00     0.00     0.00     0.00 -1    -1e-30      0.00 7.247e-01 2.606e-01 2.591e-03 7.082e-04 6.437e-03 -1.000 1.463e-02 0.862 1.247 1.190 0.818 0.581 0.373 0.117 -0.066 -0.090
0.0152 0.01508 9.00000 2.1010882854 2.5726028201    2.100  1.565  3.8317  3.474    1  0.000  0.537     0.00     0.00     0.00     0.00     0.00 -1    -1e-30      0.00 7.247e-01 2.606e-01 2.591e-03 7.082e-04 6.437e-03 -1.000 1.463e-02 0.858 1.244 1.187 0.814 0.576 0.368 0.111 -0.073 -0.097
0.0152 0.01508 9.00000 2.1069586277 2.5728248840    2.106  1.586  3.8377  3.478    1  0.000  0.537     0.00     0.00     0.00     0.00     0.00 -1    -1e-30      0.00 7.247e-01 2.607e-01 2.591e-03 7.083e-04 6.439e-03 -1.000 1.461e-02 0.804 1.169 1.108 0.755 0.529 0.333 0.089 -0.083 -0.106
0.0152 0.01508 9.00000 2.1104564667 2.5729565253    2.109  1.608  3.8470  3.494    1  0.000  0.537     0.00     0.00     0.00     0.00     0.00 -1    -1e-30      0.00 7.246e-01 2.608e-01 2.592e-03 7.084e-04 6.439e-03 -1.000 1.461e-02 0.749 1.084 1.017 0.694 0.487 0.307 0.085 -0.069 -0.091
0.0152 0.01508 9.00000 2.1118061543 2.5730071868    2.111  1.627  3.8569  3.515    1  0.000  0.537     0.00     0.00     0.00     0.00     0.00 -1    -1e-30      0.00 7.246e-01 2.608e-01 2.592e-03 7.085e-04 6.440e-03 -1.000 1.461e-02 0.701 1.006 0.933 0.640 0.454 0.292 0.091 -0.044 -0.064
0.0152 0.01508 9.00000 2.1124961376 2.5730330571    2.111  1.647  3.8668  3.535    1  0.000  0.537     0.00     0.00     0.00     0.00     0.00 -1    -1e-30      0.00 7.246e-01 2.608e-01 2.592e-03 7.085e-04 6.440e-03 -1.000 1.461e-02 0.653 0.933 0.851 0.588 0.422 0.280 0.099 -0.018 -0.037
0.0152 0.01508 9.00000 2.1128990650 2.5730481555    2.112  1.667  3.8767  3.554    1  0.000  0.537     0.00     0.00     0.00     0.00     0.00 -1    -1e-30      0.00 7.246e-01 2.608e-01 2.592e-03 7.085e-04 6.440e-03 -1.000 1.461e-02 0.602 0.859 0.768 0.534 0.389 0.265 0.105 0.004 -0.014
0.0152 0.01508 9.00000 2.1131465435 2.5730574256    2.112  1.690  3.8863  3.570    1  0.000  0.537     0.00     0.00     0.00     0.00     0.00 -1    -1e-30      0.00 7.246e-01 2.608e-01 2.592e-03 7.085e-04 6.440e-03 -1.000 1.461e-02 0.545 0.782 0.682 0.478 0.353 0.246 0.105 0.020 0.003
0.0152 0.01508 9.00000 2.1133127213 2.5730636490    2.112  1.713  3.8953  3.583    1  0.000  0.537     0.00     0.00     0.00     0.00     0.00 -1    -1e-30      0.00 7.246e-01 2.608e-01 2.592e-03 7.085e-04 6.440e-03 -1.000 1.461e-02 0.487 0.706 0.598 0.424 0.317 0.226 0.101 0.029 0.014
0.0152 0.01508 9.00000 2.1134197712 2.5730676574    2.112  1.724  3.9003  3.592    1  0.000  0.537     0.00     0.00     0.00     0.00     0.00 -1    -1e-30      0.00 7.246e-01 2.608e-01 2.592e-03 7.085e-04 6.440e-03 -1.000 1.461e-02 0.459 0.668 0.557 0.400 0.303 0.220 0.104 0.039 0.024
0.0152 0.01508 9.00000 2.1134815216 2.5730699694    2.112  1.700  3.8955  3.596    2  0.000  0.537     0.00     0.00     0.00     0.00     0.00 -1    -1e-30      0.00 7.246e-01 2.608e-01 2.592e-03 7.085e-04 6.440e-03 -1.000 1.461e-02 0.519 0.738 0.631 0.457 0.351 0.259 0.135 0.063 0.048
0.0152 0.01508 9.00000 2.1135396957 2.5730721474    2.112  1.674  3.8881  3.594    2  0.000  0.537     0.00     0.00     0.00     0.00     0.00 -1    -1e-30      0.00 7.246e-01 2.608e-01 2.592e-03 7.085e-04 6.440e-03 -1.000 1.461e-02 0.586 0.819 0.719 0.520 0.398 0.294 0.156 0.074 0.058
0.0152 0.01508 9.00000 2.1135952473 2.5730742270    2.113  1.656  3.8791  3.575    2  0.000  0.537     0.00     0.00     0.00     0.00     0.00 -1    -1e-30      0.00 7.246e-01 2.608e-01 2.592e-03 7.085e-04 6.440e-03 -1.000 1.461e-02 0.630 0.881 0.790 0.563 0.422 0.302 0.147 0.050 0.033
0.0152 0.01508 9.00000 2.1136703491 2.5730770384    2.113  1.650  3.8676  3.536    2  0.000  0.537     0.00     0.00     0.00     0.00     0.00 -1    -1e-30      0.00 7.246e-01 2.608e-01 2.592e-03 7.085e-04 6.440e-03 -1.000 1.461e-02 0.646 0.923 0.841 0.580 0.416 0.275 0.096 -0.020 -0.038
0.0152 0.01508 9.00000 2.1137590408 2.5730803581    2.113  1.656  3.8560  3.483    2  0.000  0.537     0.00     0.00     0.00     0.00     0.00 -1    -1e-30      0.00 7.246e-01 2.608e-01 2.592e-03 7.086e-04 6.440e-03 -1.000 1.461e-02 0.630 0.939 0.862 0.568 0.381 0.218 0.015 -0.121 -0.141
0.0152 0.01508 9.00000 2.1138637066 2.5730842754    2.113  1.664  3.8444  3.428    2  0.000  0.537     0.00     0.00     0.00     0.00     0.00 -1    -1e-30      0.00 7.246e-01 2.608e-01 2.592e-03 7.086e-04 6.441e-03 -1.000 1.461e-02 0.610 0.955 0.883 0.554 0.343 0.160 -0.069 -0.226 -0.249
0.0152 0.01508 9.00000 2.1139819622 2.5730887007    2.113  1.669  3.8328  3.377    2  0.000  0.537     0.00     0.00     0.00     0.00     0.00 -1    -1e-30      0.00 7.246e-01 2.608e-01 2.592e-03 7.086e-04 6.441e-03 -1.000 1.461e-02 0.598 0.986 0.916 0.550 0.316 0.112 -0.143 -0.323 -0.347
0.0152 0.01508 9.00000 2.1141130924 2.5730936072    2.113  1.670  3.8216  3.331    2  0.000  0.537     0.00     0.00     0.00     0.00     0.00 -1    -1e-30      0.00 7.246e-01 2.608e-01 2.592e-03 7.086e-04 6.441e-03 -1.000 1.461e-02 0.595 1.034 0.962 0.557 0.300 0.076 -0.205 -0.407 -0.433
0.0152 0.01508 9.00000 2.1142573357 2.5730990035    2.113  1.668  3.8109  3.290    2  0.000  0.537     0.00     0.00     0.00     0.00     0.00 -1    -1e-30      0.00 7.246e-01 2.608e-01 2.592e-03 7.086e-04 6.441e-03 -1.000 1.461e-02 0.599 1.095 1.015 0.571 0.292 0.049 -0.256 -0.480 -0.509
0.0152 0.01508 9.00000 2.1144199371 2.5731050856    2.113  1.664  3.8010  3.255    2  0.000  0.537     0.00     0.00     0.00     0.00     0.00 -1    -1e-30      0.00 7.246e-01 2.608e-01 2.592e-03 7.086e-04 6.441e-03 -1.000 1.462e-02 0.609 1.175 1.079 0.592 0.291 0.031 -0.298 -0.542 -0.574
0.0152 0.01508 9.00000 2.1146135330 2.5731123256    2.114  1.657  3.7916  3.224    2  0.000  0.537     0.00     0.00     0.00     0.00     0.00 -1    -1e-30      0.00 7.246e-01 2.608e-01 2.592e-03 7.086e-04 6.441e-03 -1.000 1.462e-02 0.627 1.268 1.150 0.622 0.300 0.023 -0.329 -0.593 -0.628
0.0152 0.01508 9.00000 2.1148631573 2.5731216587    2.114  1.645  3.7819  3.198    2  0.000  0.537     0.00     0.00     0.00     0.00     0.00 -1    -1e-30      0.00 7.246e-01 2.608e-01 2.592e-03 7.086e-04 6.441e-03 -1.000 1.462e-02 0.657 1.384 1.239 0.667 0.323 0.029 -0.347 -0.632 -0.671
0.0152 0.01508 9.00000 2.1151816845 2.5731335643    2.114  1.625  3.7714  3.176    2  0.000  0.537     0.00     0.00     0.00     0.00     0.00 -1    -1e-30      0.00 7.245e-01 2.608e-01 2.592e-03 7.086e-04 6.441e-03 -1.000 1.462e-02 0.708 1.542 1.358 0.737 0.369 0.056 -0.349 -0.659 -0.701
0.0152 0.01508 9.00000 2.1154582500 2.5731438982    2.114  1.603  3.7631  3.165    2  0.000  0.537     0.00     0.00     0.00     0.00     0.00 -1    -1e-30      0.00 7.241e-01 2.612e-01 2.595e-03 7.094e-04 6.448e-03 -1.000 1.465e-02 0.763 1.686 1.468 0.811 0.423 0.095 -0.332 -0.662 -0.707
0.0152 0.01508 9.00000 2.1157557964 2.5731550125    2.115  1.573  3.7546  3.161    2  0.000  0.537     0.00     0.00     0.00     0.00     0.00 -1    -1e-30      0.00 7.218e-01 2.635e-01 2.613e-03 7.142e-04 6.491e-03 -1.000 1.476e-02 0.837 1.857 1.599 0.905 0.498 0.155 -0.296 -0.647 -0.695
0.0152 0.01508 9.00000 2.1160221100 2.5731649572    2.115  1.542  3.7473  3.162    2  0.000  0.537     0.00     0.00     0.00     0.00     0.00 -1    -1e-30      0.00 7.181e-01 2.670e-01 2.642e-03 7.218e-04 6.559e-03 -1.000 1.490e-02 0.915 2.025 1.727 1.003 0.578 0.223 -0.250 -0.620 -0.670
0.0152 0.01508 9.00000 2.1162528992 2.5731735730    2.115  1.513  3.7412  3.167    2  0.000  0.537     0.00     0.00     0.00     0.00     0.00 -1    -1e-30      0.00 7.158e-01 2.692e-01 2.659e-03 7.265e-04 6.601e-03 -1.000 1.501e-02 0.988 2.178 1.842 1.093 0.654 0.289 -0.203 -0.590 -0.642
0.0152 0.01508 9.00000 2.1165449619 2.5731844731    2.115  1.478  3.7336  3.172    2  0.000  0.537     0.00     0.00     0.00     0.00     0.00 -1    -1e-30      0.00 7.139e-01 2.710e-01 2.674e-03 7.304e-04 6.636e-03 -1.000 1.507e-02 1.076 2.372 1.984 1.205 0.748 0.369 -0.145 -0.553 -0.607
0.0152 0.01508 9.00000 2.1167640686 2.5731926481    2.116  1.455  3.7280  3.173    2  0.000  0.537     0.00     0.00     0.00     0.00     0.00 -1    -1e-30      0.00 7.129e-01 2.720e-01 2.682e-03 7.325e-04 6.654e-03 -1.000 1.510e-02 1.133 2.510 2.082 1.280 0.810 0.422 -0.110 -0.533 -0.588
0.0152 0.01508 9.00000 2.1171402931 2.5732066808    2.116  1.447  3.7194  3.146    3  0.000  0.537     0.00     0.00     0.00     0.00     0.00 -1    -1e-30      0.00 7.118e-01 2.730e-01 2.688e-03 7.343e-04 6.670e-03 -1.000 1.516e-02 1.151 2.661 2.166 1.328 0.837 0.435 -0.125 -0.571 -0.629
0.0152 0.01508 9.00000 2.1175911427 2.5732234894    2.116  1.469  3.7106  3.090    3  0.000  0.535     0.00     0.00     0.00     0.00     0.00 -1    -1e-30      0.00 7.107e-01 2.741e-01 2.683e-03 7.387e-04 6.684e-03 -1.000 1.519e-02 1.099 2.755 2.185 1.309 0.796 0.378 -0.211 -0.681 -0.743
0.0152 0.01508 9.00000 2.1179664135 2.5732374740    2.117  1.507  3.7048  3.028    3  0.000  0.516     0.00     0.00     0.00     0.00     0.00 -1    -1e-30      0.00 7.097e-01 2.751e-01 2.591e-03 8.140e-04 6.691e-03 -1.000 1.521e-02 1.004 2.764 2.141 1.239 0.711 0.282 -0.327 -0.813 -0.878
0.0152 0.01508 9.00000 2.1182663441 2.5732486469    2.117  1.543  3.7008  2.976    3  0.000  0.482     0.00     0.00     0.00     0.00     0.00 -1    -1e-30      0.00 7.088e-01 2.759e-01 2.418e-03 9.998e-04 6.695e-03 -1.000 1.524e-02 0.913 2.743 2.084 1.164 0.627 0.191 -0.432 -0.929 -0.995
0.0152 0.01508 9.00000 2.1185662746 2.5732598162    2.117  1.582  3.6973  2.924    3  0.000  0.442     0.00     0.00     0.00     0.00     0.00 -1    -1e-30      0.00 7.079e-01 2.769e-01 2.219e-03 1.238e-03 6.698e-03 -1.000 1.529e-02 0.816 2.711 2.019 1.084 0.537 0.094 -0.540 -1.048 -1.115
0.0152 0.01508 9.00000 2.1188628674 2.5732708575    2.118  1.621  3.6942  2.871    3  0.000  0.412     0.00     0.00     0.00     0.00     0.00 -1    -1e-30      0.00 7.068e-01 2.778e-01 2.072e-03 1.420e-03 6.700e-03 -1.000 1.531e-02 0.717 2.671 1.949 1.000 0.445 -0.004 -0.650 -1.166 -1.236
0.0152 0.01508 9.00000 2.1191515923 2.5732816026    2.118  1.661  3.6912  2.820    3  0.000  0.393     0.00     0.00     0.00     0.00     0.00 -1    -1e-30      0.00 7.059e-01 2.788e-01 1.976e-03 1.540e-03 6.703e-03 -1.000 1.535e-02 0.618 2.627 1.877 0.914 0.352 -0.103 -0.760 -1.284 -1.355
0.0152 0.01508 9.00000 2.1194310188 2.5732919984    2.118  1.700  3.6883  2.769    3  0.000  0.380     0.00     0.00     0.00     0.00     0.00 -1    -1e-30      0.00 7.048e-01 2.798e-01 1.913e-03 1.625e-03 6.705e-03 -1.000 1.539e-02 0.520 2.584 1.807 0.831 0.260 -0.200 -0.867 -1.400 -1.473
0.0152 0.01508 9.00000 2.1197054386 2.5733022049    2.119  1.739  3.6856  2.719    3  0.000  0.373     0.00     0.00     0.00     0.00     0.00 -1    -1e-30      0.00 7.033e-01 2.813e-01 1.869e-03 1.709e-03 6.682e-03 -1.000 1.540e-02 0.422 2.540 1.736 0.747 0.169 -0.296 -0.974 -1.514 -1.589
0.0152 0.01508 9.00000 2.1199781895 2.5733123463    2.119  1.778  3.6830  2.670    3  0.000  0.370     0.00     0.00     0.00     0.00     0.00 -1    -1e-30      0.00 7.008e-01 2.839e-01 1.834e-03 1.812e-03 6.614e-03 -1.000 1.538e-02 0.326 2.496 1.665 0.665 0.080 -0.391 -1.078 -1.627 -1.703
0.0152 0.01508 9.00000 2.1201827526 2.5733199504    2.119  1.807  3.6811  2.634    3  0.000  0.368     0.00     0.00     0.00     0.00     0.00 -1    -1e-30      0.00 6.984e-01 2.862e-01 1.811e-03 1.892e-03 6.554e-03 -1.000 1.540e-02 0.254 2.461 1.612 0.603 0.013 -0.462 -1.156 -1.710 -1.788
0.0152 0.01508 9.00000 2.1202526093 2.5733225467    2.119  1.816  3.6804  2.621    3  0.000  0.368     0.00     0.00     0.00     0.00     0.00 -1    -1e-30      0.00 6.975e-01 2.870e-01 1.805e-03 1.917e-03 6.534e-03 -1.000 1.541e-02 0.229 2.449 1.593 0.581 -0.010 -0.486 -1.183 -1.739 -1.817
0.0152 0.01508 9.00000 2.1205317974 2.5733329213    2.119  1.856  3.6778  2.572    3  0.000  0.367     0.00     0.00     0.00     0.00     0.00 -1    -1e-30      0.00 6.941e-01 2.904e-01 1.782e-03 2.008e-03 6.463e-03 -1.000 1.545e-02 0.130 2.403 1.521 0.497 -0.102 -0.583 -1.290 -1.854 -1.933
0.0152 0.01508 9.00000 2.1206014156 2.5733355078    2.119  1.866  3.6772  2.559    3  0.000  0.367     0.00     0.00     0.00     0.00     0.00 -1    -1e-30      0.00 6.934e-01 2.912e-01 1.777e-03 2.027e-03 6.447e-03 -1.000 1.540e-02 0.105 2.391 1.502 0.476 -0.125 -0.608 -1.317 -1.883 -1.962
0.0152 0.01508 9.00000 2.1206696033 2.5733380410    2.120  1.876  3.6766  2.547    3  0.000  0.367     0.00     0.00     0.00     0.00     0.00 -1    -1e-30      0.00 6.927e-01 2.919e-01 1.772e-03 2.044e-03 6.433e-03 -1.000 1.539e-02 0.080 2.380 1.485 0.455 -0.148 -0.632 -1.344 -1.911 -1.991
0.0152 0.01508 9.00000 2.1209392548 2.5733480567    2.120  1.915  3.6740  2.497    3  0.000  0.367     0.00     0.00     0.00     0.00     0.00 -1    -1e-30      0.00 6.899e-01 2.947e-01 1.757e-03 2.107e-03 6.383e-03 -1.000 1.542e-02 -0.018 2.336 1.413 0.371 -0.239 -0.728 -1.450 -2.025 -2.107
0.0152 0.01508 9.00000 2.1212043762 2.5733579013    2.120  1.954  3.6714  2.447    3  0.000  0.367     0.00     0.00     0.00     0.00     0.00 -1    -1e-30      0.00 6.874e-01 2.972e-01 1.744e-03 2.159e-03 6.342e-03 -1.000 1.540e-02 -0.116 2.307 1.347 0.289 -0.330 -0.825 -1.557 -2.139 -2.222
0.0152 0.01508 9.00000 2.1214642525 2.5733675483    2.120  1.994  3.6687  2.397    3  0.000  0.366     0.00     0.00     0.00     0.00     0.00 -1    -1e-30      0.00 6.854e-01 2.992e-01 1.735e-03 2.199e-03 6.309e-03 -1.000 1.540e-02 -0.214 2.280 1.283 0.207 -0.421 -0.922 -1.663 -2.253 -2.338
0.0152 0.01508 9.00000 2.1217188835 2.5733769980    2.121  2.033  3.6660  2.348    3  0.000  0.366     0.00     0.00     0.00     0.00     0.00 -1    -1e-30      0.00 6.837e-01 3.009e-01 1.727e-03 2.231e-03 6.284e-03 -1.000 1.539e-02 -0.312 2.257 1.220 0.127 -0.510 -1.017 -1.769 -2.367 -2.454
0.0152 0.01508 9.00000 2.1219687462 2.5733862683    2.121  2.072  3.6633  2.298    3  0.000  0.366     0.00     0.00     0.00     0.00     0.00 -1    -1e-30      0.00 6.823e-01 3.023e-01 1.721e-03 2.256e-03 6.263e-03 -1.000 1.537e-02 -0.409 2.234 1.157 0.048 -0.599 -1.113 -1.875 -2.481 -2.569
0.0152 0.01508 9.00000 2.1222088337 2.5733951735    2.121  2.110  3.6605  2.249    3  0.000  0.366     0.00     0.00     0.00     0.00     0.00 -1    -1e-30      0.00 6.812e-01 3.034e-01 1.717e-03 2.275e-03 6.248e-03 -1.000 1.539e-02 -0.504 2.215 1.098 -0.030 -0.686 -1.205 -1.978 -2.592 -2.682
0.0152 0.01508 9.00000 2.1225211620 2.5734067547    2.121  2.160  3.6569  2.184    3  0.000  0.366     0.00     0.00     0.00     0.00     0.00 -1    -1e-30      0.00 6.802e-01 3.045e-01 1.712e-03 2.294e-03 6.233e-03 -1.000 1.537e-02 -0.630 2.194 1.022 -0.129 -0.799 -1.327 -2.115 -2.739 -2.831
0.0152 0.01508 9.00000 2.1227850914 2.5734165382    2.122  2.203  3.6537  2.128    3  0.000  0.366     0.00     0.00     0.00     0.00     0.00 -1    -1e-30      0.00 6.796e-01 3.051e-01 1.710e-03 2.304e-03 6.224e-03 -1.000 1.537e-02 -0.738 2.178 0.957 -0.215 -0.896 -1.433 -2.233 -2.866 -2.961
0.0152 0.01508 9.00000 2.1230127811 2.5734249762    2.122  2.241  3.6508  2.079    3  0.000  0.366     0.00     0.00     0.00     0.00     0.00 -1    -1e-30      0.00 6.792e-01 3.054e-01 1.708e-03 2.310e-03 6.220e-03 -1.000 1.537e-02 -0.833 2.167 0.901 -0.289 -0.981 -1.524 -2.336 -2.978 -3.075
0.0152 0.01508 9.00000 2.1232728958 2.5734346132    2.122  2.286  3.6475  2.021    3  0.000  0.366     0.00     0.00     0.00     0.00     0.00 -1    -1e-30      0.00 6.790e-01 3.056e-01 1.708e-03 2.314e-03 6.217e-03 -1.000 1.537e-02 -0.944 2.157 0.839 -0.373 -1.078 -1.631 -2.456 -3.108 -3.207
0.0152 0.01508 9.00000 2.1235272884 2.5734440356    2.122  2.330  3.6442  1.964    3  0.000  0.366     0.00     0.00     0.00     0.00     0.00 -1    -1e-30      0.00 6.789e-01 3.057e-01 1.707e-03 2.315e-03 6.216e-03 -1.000 1.537e-02 -1.054 2.132 0.778 -0.458 -1.175 -1.735 -2.574 -3.233 -3.336
0.0152 0.01508 9.00000 2.1238086224 2.5734544528    2.123  2.377  3.6405  1.902    3  0.000  0.366     0.00     0.00     0.00     0.00     0.00 -1    -1e-30      0.00 6.789e-01 3.057e-01 1.707e-03 2.315e-03 6.216e-03 -1.000 1.537e-02 -1.173 2.097 0.713 -0.551 -1.278 -1.847 -2.701 -3.366 -3.474
0.0152 0.01508 9.00000 2.1240866184 2.5734647433    2.123  2.422  3.6370  1.843    3  0.000  0.366     0.00     0.00     0.00     0.00     0.00 -1    -1e-30      0.00 6.789e-01 3.057e-01 1.707e-03 2.316e-03 6.216e-03 -1.000 1.537e-02 -1.286 2.062 0.653 -0.637 -1.373 -1.951 -2.820 -3.491 -3.605
0.0152 0.01508 9.00000 2.1243755817 2.5734754365    2.123  2.463  3.6338  1.789    3  0.000  0.366     0.00     0.00     0.00     0.00     0.00 -1    -1e-30      0.00 6.789e-01 3.057e-01 1.707e-03 2.316e-03 6.215e-03 -1.000 1.537e-02 -1.388 2.026 0.597 -0.716 -1.460 -2.047 -2.929 -3.605 -3.724
0.0152 0.01508 9.00000 2.1245696545 2.5734826164    2.123  2.484  3.6321  1.761    3  0.000  0.366     0.00     0.00     0.00     0.00     0.00 -1    -1e-30      0.00 6.789e-01 3.057e-01 1.707e-03 2.316e-03 6.215e-03 -1.000 1.537e-02 -1.441 2.009 0.568 -0.756 -1.504 -2.095 -2.985 -3.664 -3.786
0.0152 0.01508 9.00000 2.1246247292 2.5734846537    2.123  2.465  3.6337  1.786    4  0.000  0.366     0.00     0.00     0.00     0.00     0.00 -1    -1e-30      0.00 6.789e-01 3.057e-01 1.707e-03 2.316e-03 6.215e-03 -1.000 1.537e-02 -1.393 2.025 0.594 -0.720 -1.464 -2.051 -2.934 -3.610 -3.730
0.0152 0.01508 9.00000 2.1246550083 2.5734857737    2.123  2.427  3.6367  1.837    4  0.000  0.366     0.00     0.00     0.00     0.00     0.00 -1    -1e-30      0.00 6.789e-01 3.057e-01 1.707e-03 2.316e-03 6.215e-03 -1.000 1.537e-02 -1.297 2.055 0.646 -0.647 -1.383 -1.962 -2.832 -3.503 -3.618
0.0152 0.01508 9.00000 2.1246800423 2.5734866996    2.123  2.388  3.6398  1.888    4  0.000  0.366     0.00     0.00     0.00     0.00     0.00 -1    -1e-30      0.00 6.789e-01 3.057e-01 1.707e-03 2.316e-03 6.215e-03 -1.000 1.537e-02 -1.200 2.084 0.696 -0.574 -1.302 -1.872 -2.729 -3.395 -3.504
0.0152 0.01508 9.00000 2.1247098446 2.5734878019    2.124  2.339  3.6436  1.953    4  0.000  0.366     0.00     0.00     0.00     0.00     0.00 -1    -1e-30      0.00 6.789e-01 3.057e-01 1.707e-03 2.316e-03 6.215e-03 -1.000 1.537e-02 -1.077 2.121 0.763 -0.478 -1.196 -1.757 -2.598 -3.258 -3.362
0.0152 0.01508 9.00000 2.1247467995 2.5734891687    2.124  2.286  3.6477  2.021    4  0.000  0.366     0.00     0.00     0.00     0.00     0.00 -1    -1e-30      0.00 6.789e-01 3.057e-01 1.707e-03 2.316e-03 6.215e-03 -1.000 1.537e-02 -0.946 2.149 0.834 -0.377 -1.081 -1.633 -2.458 -3.109 -3.208
0.0152 0.01508 9.00000 2.1247954369 2.5734909675    2.124  2.235  3.6516  2.088    4  0.000  0.366     0.00     0.00     0.00     0.00     0.00 -1    -1e-30      0.00 6.789e-01 3.057e-01 1.707e-03 2.316e-03 6.215e-03 -1.000 1.537e-02 -0.819 2.160 0.906 -0.279 -0.969 -1.511 -2.319 -2.959 -3.055
0.0152 0.01508 9.00000 2.1248586178 2.5734933040    2.124  2.186  3.6554  2.153    4  0.000  0.366     0.00     0.00     0.00     0.00     0.00 -1    -1e-30      0.00 6.789e-01 3.057e-01 1.707e-03 2.316e-03 6.215e-03 -1.000 1.537e-02 -0.695 2.174 0.977 -0.183 -0.859 -1.391 -2.184 -2.813 -2.906
0.0152 0.01508 9.00000 2.1249372959 2.5734962135    2.124  2.137  3.6590  2.216    4  0.000  0.366     0.00     0.00     0.00     0.00     0.00 -1    -1e-30      0.00 6.789e-01 3.057e-01 1.707e-03 2.316e-03 6.215e-03 -1.000 1.537e-02 -0.572 2.190 1.050 -0.088 -0.749 -1.272 -2.051 -2.669 -2.760
0.0152 0.01508 9.00000 2.1250312328 2.5734996868    2.124  2.089  3.6626  2.279    4  0.000  0.366     0.00     0.00     0.00     0.00     0.00 -1    -1e-30      0.00 6.789e-01 3.057e-01 1.707e-03 2.316e-03 6.215e-03 -1.000 1.537e-02 -0.452 2.211 1.123 0.008 -0.641 -1.155 -1.920 -2.527 -2.616
0.0152 0.01508 9.00000 2.1251413822 2.5735037592    2.124  2.043  3.6661  2.339    4  0.000  0.366     0.00     0.00     0.00     0.00     0.00 -1    -1e-30      0.00 6.789e-01 3.057e-01 1.707e-03 2.316e-03 6.215e-03 -1.000 1.537e-02 -0.337 2.232 1.194 0.101 -0.536 -1.043 -1.794 -2.391 -2.478
0.0152 0.01508 9.00000 2.1252739429 2.5735086594    2.124  1.999  3.6692  2.395    4  0.000  0.366     0.00     0.00     0.00     0.00     0.00 -1    -1e-30      0.00 6.789e-01 3.057e-01 1.707e-03 2.316e-03 6.215e-03 -1.000 1.537e-02 -0.227 2.255 1.263 0.190 -0.436 -0.936 -1.675 -2.263 -2.348
0.0152 0.01508 9.00000 2.1254465580 2.5735150393    2.124  1.957  3.6723  2.449    4  0.000  0.366     0.00     0.00     0.00     0.00     0.00 -1    -1e-30      0.00 6.789e-01 3.058e-01 1.707e-03 2.316e-03 6.215e-03 -1.000 1.537e-02 -0.123 2.279 1.330 0.276 -0.340 -0.833 -1.561 -2.141 -2.223
0.0152 0.01508 9.00000 2.1257014275 2.5735244572    2.124  1.916  3.6753  2.502    4  0.000  0.366     0.00     0.00     0.00     0.00     0.00 -1    -1e-30      0.00 6.789e-01 3.058e-01 1.707e-03 2.316e-03 6.215e-03 -1.000 1.537e-02 -0.021 2.304 1.396 0.361 -0.245 -0.732 -1.448 -2.019 -2.100
0.0152 0.01508 9.00000 2.1260733604 2.5735381961    2.125  1.871  3.6786  2.561    4  0.000  0.366     0.00     0.00     0.00     0.00     0.00 -1    -1e-30      0.00 6.789e-01 3.058e-01 1.707e-03 2.317e-03 6.215e-03 -1.000 1.537e-02 0.093 2.349 1.476 0.455 -0.141 -0.621 -1.325 -1.886 -1.965
0.0152 0.01508 9.00000 2.1263694763 2.5735491304    2.125  1.832  3.6814  2.612    4  0.000  0.366     0.00     0.00     0.00     0.00     0.00 -1    -1e-30      0.00 6.789e-01 3.058e-01 1.707e-03 2.317e-03 6.215e-03 -1.000 1.537e-02 0.191 2.390 1.546 0.538 -0.051 -0.525 -1.218 -1.771 -1.848
0.0152 0.01508 9.00000 2.1266489029 2.5735594453    2.125  1.796  3.6840  2.657    4  0.000  0.366     0.00     0.00     0.00     0.00     0.00 -1    -1e-30      0.00 6.789e-01 3.058e-01 1.707e-03 2.317e-03 6.215e-03 -1.000 1.537e-02 0.279 2.428 1.609 0.612 0.031 -0.438 -1.122 -1.667 -1.742
0.0152 0.01508 9.00000 2.1271350384 2.5735773832    2.126  1.745  3.6877  2.723    4  0.000  0.366     0.00     0.00     0.00     0.00     0.00 -1    -1e-30      0.00 6.789e-01 3.058e-01 1.707e-03 2.317e-03 6.214e-03 -1.000 1.537e-02 0.407 2.483 1.700 0.721 0.149 -0.312 -0.982 -1.516 -1.590
0.0152 0.01508 9.00000 2.1277003288 2.5735982300    2.126  1.702  3.6909  2.779    4  0.000  0.366     0.00     0.00     0.00     0.00     0.00 -1    -1e-30      0.00 6.789e-01 3.058e-01 1.707e-03 2.317e-03 6.214e-03 -1.000 1.537e-02 0.514 2.528 1.777 0.812 0.249 -0.206 -0.864 -1.389 -1.461
0.0152 0.01508 9.00000 2.1284861565 2.5736271887    2.127  1.660  3.6942  2.834    4  0.000  0.366     0.00     0.00     0.00     0.00     0.00 -1    -1e-30      0.00 6.788e-01 3.058e-01 1.707e-03 2.318e-03 6.214e-03 -1.000 1.537e-02 0.620 2.572 1.852 0.902 0.347 -0.101 -0.748 -1.263 -1.333
0.0152 0.01508 9.00000 2.1298422813 2.5736771057    2.129  1.619  3.6976  2.889    4  0.000  0.366     0.00     0.00     0.00     0.00     0.00 -1    -1e-30      0.00 6.788e-01 3.058e-01 1.707e-03 2.318e-03 6.213e-03 -1.000 1.537e-02 0.722 2.610 1.922 0.988 0.442 0.000 -0.634 -1.140 -1.208
0.0152 0.01508 9.00000 2.1306061745 2.5737051913    2.129  1.606  3.6988  2.907    4  0.000  0.366     0.00     0.00     0.00     0.00     0.00 -1    -1e-30      0.00 6.788e-01 3.058e-01 1.707e-03 2.319e-03 6.213e-03 -1.000 1.537e-02 0.754 2.620 1.943 1.014 0.472 0.032 -0.598 -1.100 -1.168
0.0152 0.01508 9.00000 2.1331858635 2.5737998664    2.132  1.611  3.6988  2.903    4  0.000  0.366     0.00     0.00     0.00     0.00     0.00 -1    -1e-30      0.00 6.788e-01 3.058e-01 1.706e-03 2.320e-03 6.212e-03 -1.000 1.537e-02 0.743 2.610 1.933 1.003 0.461 0.021 -0.609 -1.112 -1.179
0.0152 0.01508 9.00000 2.1500000954 2.5744105556    2.149  1.632  3.6991  2.887    4  0.000  0.366     0.00     0.00     0.00     0.00     0.00 -1    -1e-30      0.00 6.786e-01 3.060e-01 1.705e-03 2.327e-03 6.206e-03 -1.000 1.537e-02 0.690 2.549 1.877 0.949 0.408 -0.032 -0.660 -1.162 -1.229
0.0152 0.01508 9.00000 2.1750931740 2.5753017688    2.174  1.668  3.6995  2.857    5  0.000  0.366     0.00     0.00     0.00     0.00     0.00 -1    -1e-30      0.00 6.783e-01 3.063e-01 1.703e-03 2.341e-03 6.193e-03 -1.000 1.537e-02 0.601 2.453 1.784 0.857 0.318 -0.121 -0.748 -1.249 -1.316
0.0152 0.01508 9.00000 2.2000000477 2.5761632879    2.199  1.706  3.6996  2.824    5  0.000  0.367     0.00     0.00     0.00     0.00     0.00 -1    -1e-30      0.00 6.780e-01 3.066e-01 1.701e-03 2.354e-03 6.180e-03 -1.000 1.537e-02 0.504 2.351 1.686 0.759 0.220 -0.218 -0.845 -1.345 -1.412
0.0152 0.01508 9.00000 2.2159650326 2.5767038125    2.215  1.734  3.6995  2.799    5  0.000  0.367     0.00     0.00     0.00     0.00     0.00 -1    -1e-30      0.00 6.779e-01 3.067e-01 1.700e-03 2.361e-03 6.175e-03 -1.000 1.537e-02 0.435 2.285 1.619 0.691 0.152 -0.287 -0.914 -1.414 -1.481
0.0152 0.01508 9.00000 2.2371671200 2.5774079524    2.236  1.773  3.6988  2.762    5  0.000  0.367     0.00     0.00     0.00     0.00     0.00 -1    -1e-30      0.00 6.778e-01 3.069e-01 1.699e-03 2.369e-03 6.167e-03 -1.000 1.537e-02 0.338 2.198 1.527 0.596 0.056 -0.384 -1.014 -1.515 -1.583
0.0152 0.01508 9.00000 2.2500000000 2.5778267375    2.249  1.798  3.6981  2.737    5  0.000  0.367     0.00     0.00     0.00     0.00     0.00 -1    -1e-30      0.00 6.777e-01 3.070e-01 1.698e-03 2.375e-03 6.163e-03 -1.000 1.537e-02 0.276 2.150 1.472 0.537 -0.004 -0.446 -1.079 -1.582 -1.650
0.0152 0.01508 9.00000 2.2634665966 2.5782603362    2.262  1.825  3.6970  2.707    5  0.000  0.367     0.00     0.00     0.00     0.00     0.00 -1    -1e-30      0.00 6.775e-01 3.071e-01 1.697e-03 2.381e-03 6.156e-03 -1.000 1.538e-02 0.207 2.101 1.413 0.473 -0.071 -0.515 -1.151 -1.658 -1.726
0.0152 0.01508 9.00000 2.2683622837 2.5784165013    2.267  1.837  3.6963  2.693    6  0.000  0.368     0.00     0.00     0.00     0.00     0.00 -1    -1e-30      0.00 6.774e-01 3.072e-01 1.697e-03 2.383e-03 6.154e-03 -1.000 1.539e-02 0.177 2.085 1.390 0.447 -0.099 -0.544 -1.183 -1.692 -1.760
0.0152 0.01508 9.00000 2.2834441662 2.5788927542    2.282  1.881  3.6927  2.638    6  0.000  0.368     0.00     0.00     0.00     0.00     0.00 -1    -1e-30      0.00 6.772e-01 3.074e-01 1.696e-03 2.391e-03 6.147e-03 -1.000 1.540e-02 0.067 2.042 1.313 0.354 -0.201 -0.653 -1.306 -1.824 -1.895
0.0152 0.01508 9.00000 2.2918374538 2.5791546760    2.290  1.904  3.6912  2.611    6  0.000  0.368     0.00     0.00     0.00     0.00     0.00 -1    -1e-30      0.00 6.771e-01 3.075e-01 1.695e-03 2.395e-03 6.143e-03 -1.000 1.541e-02 0.010 2.011 1.269 0.303 -0.256 -0.710 -1.368 -1.891 -1.962
0.0152 0.01508 9.00000 2.2957410812 2.5792757429    2.294  1.946  3.6866  2.551    6  0.000  0.368     0.00     0.00     0.00     0.00     0.00 -1    -1e-30      0.00 6.771e-01 3.075e-01 1.695e-03 2.397e-03 6.141e-03 -1.000 1.541e-02 -0.094 1.997 1.209 0.223 -0.348 -0.812 -1.487 -2.023 -2.097
0.0152 0.01508 9.00000 2.2969958782 2.5793145586    2.296  1.992  3.6820  2.487    6  0.000  0.368     0.00     0.00     0.00     0.00     0.00 -1    -1e-30      0.00 6.771e-01 3.075e-01 1.695e-03 2.397e-03 6.141e-03 -1.000 1.541e-02 -0.210 1.975 1.139 0.131 -0.453 -0.926 -1.617 -2.167 -2.244
0.0152 0.01508 9.00000 2.2974917889 2.5793298856    2.296  2.037  3.6778  2.425    6  0.000  0.368     0.00     0.00     0.00     0.00     0.00 -1    -1e-30      0.00 6.771e-01 3.075e-01 1.695e-03 2.397e-03 6.140e-03 -1.000 1.541e-02 -0.324 1.964 1.073 0.041 -0.557 -1.038 -1.745 -2.307 -2.386
0.0152 0.01508 9.00000 2.2977018356 2.5793363752    2.296  2.081  3.6740  2.366    6  0.000  0.368     0.00     0.00     0.00     0.00     0.00 -1    -1e-30      0.00 6.771e-01 3.075e-01 1.695e-03 2.398e-03 6.140e-03 -1.000 1.541e-02 -0.433 1.952 1.009 -0.046 -0.656 -1.146 -1.867 -2.440 -2.521
0.0152 0.01508 9.00000 2.2978007793 2.5793394316    2.296  2.123  3.6704  2.310    6  0.000  0.368     0.00     0.00     0.00     0.00     0.00 -1    -1e-30      0.00 6.771e-01 3.075e-01 1.695e-03 2.398e-03 6.140e-03 -1.000 1.541e-02 -0.538 1.939 0.947 -0.130 -0.751 -1.248 -1.983 -2.566 -2.649
0.0152 0.01508 9.00000 2.2978482246 2.5793408972    2.296  2.154  3.6678  2.268    6  0.000  0.368     0.00     0.00     0.00     0.00     0.00 -1    -1e-30      0.00 6.771e-01 3.075e-01 1.695e-03 2.398e-03 6.140e-03 -1.000 1.541e-02 -0.615 1.931 0.903 -0.190 -0.821 -1.324 -2.069 -2.659 -2.744
0.0152 0.01508 9.00000 2.2978527546 2.5793410371    2.296  2.157  3.6675  2.264    6  0.000  0.368     0.00     0.00     0.00     0.00     0.00 -1    -1e-30      0.00 6.771e-01 3.075e-01 1.695e-03 2.398e-03 6.140e-03 -1.000 1.541e-02 -0.624 1.930 0.898 -0.197 -0.829 -1.332 -2.078 -2.669 -2.755
0.0152 0.01508 9.00000 2.2979097366 2.5793427971    2.296  2.182  3.6656  2.231    6  0.000  0.368     0.00     0.00     0.00     0.00     0.00 -1    -1e-30      0.00 6.771e-01 3.075e-01 1.695e-03 2.398e-03 6.140e-03 -1.000 1.541e-02 -0.685 1.922 0.862 -0.245 -0.884 -1.392 -2.146 -2.742 -2.828
0.0152 0.01508 9.00000 2.2980043888 2.5793457204    2.296  2.183  3.6655  2.230    7  0.000  0.368     0.00     0.00     0.00     0.00     0.00 -1 -1.04e-30      0.00 6.771e-01 3.075e-01 1.695e-03 2.398e-03 6.140e-03 -1.000 1.541e-02 -0.688 1.920 0.859 -0.248 -0.887 -1.395 -2.149 -2.746 -2.832
0.0152 0.01508 9.00000 2.2983963490 2.5793578230    2.297  2.159  3.6676  2.262    7  0.000  0.368     0.00     0.00     0.00     0.00     0.00 -1  -1.6e-28      0.00 6.770e-01 3.075e-01 1.695e-03 2.398e-03 6.140e-03 -1.000 1.543e-02 -0.628 1.925 0.893 -0.202 -0.834 -1.337 -2.083 -2.674 -2.759
0.0152 0.01508 9.00000 2.2999999523 2.5794072884    2.299  2.175  3.6663  2.242    7  0.000  0.368     0.00     0.00     0.00     0.00     0.00 -1 -6.22e-19      0.00 6.770e-01 3.074e-01 1.695e-03 2.399e-03 6.139e-03 -1.000 1.553e-02 -0.667 1.920 0.870 -0.232 -0.868 -1.374 -2.125 -2.719 -2.805
0.0152 0.01508 9.00000 2.3011426926 2.5794424894    2.300  2.191  3.6650  2.220    7  0.000  0.368     0.00     0.00     0.00     0.00     0.00 -1 -2.65e-12      0.00 6.770e-01 3.074e-01 1.695e-03 2.399e-03 6.139e-03 -1.000 1.560e-02 -0.708 1.915 0.845 -0.265 -0.906 -1.415 -2.171 -2.769 -2.856
0.0152 0.01508 9.00000 2.3021588326 2.5794737568    2.301  2.228  3.6620  2.172    7  0.000  0.368     0.00     0.00     0.00     0.00     0.00 -1 -7.66e-11      0.00 6.770e-01 3.074e-01 1.695e-03 2.399e-03 6.139e-03 -1.000 1.561e-02 -0.799 1.905 0.792 -0.336 -0.987 -1.503 -2.271 -2.878 -2.966
0.0152 0.01508 9.00000 2.3029012680 2.5794965821    2.301  2.265  3.6590  2.123    7  0.000  0.368     0.00     0.00     0.00     0.00     0.00 -1 -9.55e-11      0.00 6.770e-01 3.074e-01 1.695e-03 2.400e-03 6.138e-03 -1.000 1.561e-02 -0.892 1.896 0.739 -0.409 -1.070 -1.593 -2.372 -2.988 -3.079
0.0152 0.01508 9.00000 2.3035054207 2.5795151436    2.302  2.303  3.6559  2.073    7  0.000  0.368     0.00     0.00     0.00     0.00     0.00 -1 -1.16e-10      0.00 6.770e-01 3.074e-01 1.695e-03 2.400e-03 6.138e-03 -1.000 1.561e-02 -0.988 1.888 0.685 -0.482 -1.155 -1.686 -2.478 -3.102 -3.195
0.0152 0.01508 9.00000 2.3040165901 2.5795308396    2.302  2.343  3.6527  2.020    7  0.000  0.368     0.00     0.00     0.00     0.00     0.00 -1  -1.4e-10      0.00 6.770e-01 3.074e-01 1.694e-03 2.400e-03 6.138e-03 -1.000 1.561e-02 -1.087 1.882 0.630 -0.558 -1.243 -1.781 -2.586 -3.220 -3.315
0.0152 0.01508 9.00000 2.3044540882 2.5795442670    2.303  2.384  3.6493  1.965    7  0.000  0.368     0.00     0.00     0.00     0.00     0.00 -1 -1.71e-10      0.00 6.770e-01 3.074e-01 1.694e-03 2.400e-03 6.138e-03 -1.000 1.561e-02 -1.191 1.864 0.574 -0.638 -1.334 -1.880 -2.699 -3.340 -3.439
0.0152 0.01508 9.00000 2.3048350811 2.5795559555    2.303  2.438  3.6448  1.893    7  0.000  0.368     0.00     0.00     0.00     0.00     0.00 -1  -2.2e-10      0.00 6.770e-01 3.074e-01 1.694e-03 2.400e-03 6.138e-03 -1.000 1.561e-02 -1.326 1.832 0.505 -0.741 -1.450 -2.007 -2.843 -3.492 -3.598
0.0152 0.01508 9.00000 2.3051726818 2.5795663090    2.303  2.488  3.6407  1.827    7  0.000  0.368     0.00     0.00     0.00     0.00     0.00 -1 -2.82e-10      0.00 6.770e-01 3.074e-01 1.694e-03 2.400e-03 6.138e-03 -1.000 1.561e-02 -1.451 1.799 0.439 -0.837 -1.557 -2.124 -2.978 -3.634 -3.745
0.0152 0.01508 9.00000 2.3054764271 2.5795756213    2.303  2.530  3.6373  1.771    7  0.000  0.368     6.01     4.29     3.15     2.34     1.90  4 -3.44e-10      0.00 6.770e-01 3.074e-01 1.694e-03 2.400e-03 6.137e-03 -1.000 1.561e-02 -1.556 1.766 0.382 -0.917 -1.646 -2.221 -3.089 -3.751 -3.868
0.0152 0.01508 9.00000 2.3057568073 2.5795842147    2.304  2.571  3.6317  1.708    7  0.000  0.368     6.81     4.81     3.52     2.61     2.13  4 -4.22e-10      0.00 6.770e-01 3.074e-01 1.694e-03 2.401e-03 6.137e-03 -1.000 1.561e-02 -1.658 1.789 0.359 -0.975 -1.719 -2.310 -3.202 -3.876 -4.001
0.0152 0.01508 9.00000 2.3060109615 2.5795920023    2.304  2.610  3.6286  1.657    7  0.000  0.368     7.52     5.27     3.84     2.85     2.33  4 -5.05e-10      0.00 6.770e-01 3.074e-01 1.694e-03 2.401e-03 6.137e-03 -1.000 1.561e-02 -1.754 1.755 0.307 -1.047 -1.799 -2.398 -3.304 -3.983 -4.114
0.0152 0.01508 9.00000 2.3062500954 2.5795993278    2.304  2.647  3.6249  1.605    7  0.000  0.368     8.34     5.79     4.20     3.13     2.55  4 -6.02e-10      0.00 6.770e-01 3.074e-01 1.694e-03 2.401e-03 6.137e-03 -1.000 1.561e-02 -1.848 1.736 0.266 -1.109 -1.871 -2.481 -3.404 -4.090 -4.228
0.0152 0.01508 9.00000 2.3064775467 2.5796062938    2.304  2.684  3.6211  1.553    7  0.000  0.368     9.24     6.36     4.59     3.42     2.79  4 -7.22e-10      0.00 6.770e-01 3.074e-01 1.693e-03 2.402e-03 6.137e-03 -1.000 1.561e-02 -1.939 1.718 0.226 -1.170 -1.941 -2.562 -3.502 -4.196 -4.340
0.0152 0.01508 9.00000 2.3066964149 2.5796129955    2.304  2.720  3.6180  1.505    7  0.000  0.367    10.17     6.95     5.00     3.73     3.04  4 -8.55e-10      0.00 6.770e-01 3.074e-01 1.692e-03 2.404e-03 6.137e-03 -1.000 1.561e-02 -2.030 1.686 0.178 -1.234 -2.012 -2.643 -3.598 -4.297 -4.448
0.0152 0.01508 9.00000 2.3069105148 2.5796195497    2.304  2.756  3.6151  1.457    7  0.000  0.367    11.17     7.57     5.43     4.06     3.31  4 -1.01e-09      0.00 6.770e-01 3.074e-01 1.690e-03 2.405e-03 6.137e-03 -1.000 1.561e-02 -2.120 1.686 0.137 -1.293 -2.082 -2.726 -3.694 -4.402 -4.557
0.0152 0.01508 9.00000 2.3071246147 2.5796261025    2.304  2.794  3.6120  1.406    7  0.000  0.367    12.33     8.29     5.92     4.43     3.61  4 -1.21e-09      0.00 6.770e-01 3.074e-01 1.689e-03 2.406e-03 6.137e-03 -1.000 1.561e-02 -2.214 1.693 0.095 -1.354 -2.156 -2.813 -3.796 -4.512 -4.672
0.0152 0.01508 9.00000 2.3073394299 2.5796326758    2.303  2.840  3.6081  1.345    7  0.000  0.366    13.91     9.26     6.58     4.93     4.02  4 -1.51e-09      0.00 6.770e-01 3.074e-01 1.687e-03 2.408e-03 6.137e-03 -1.000 1.561e-02 -2.329 1.701 0.046 -1.426 -2.243 -2.918 -3.919 -4.646 -4.811
0.0152 0.01508 9.00000 2.3075363636 2.5796387008    2.303  2.908  3.6023  1.253    7  0.000  0.366    16.68    10.94     7.71     5.79     4.73  4 -2.06e-09      0.00 6.770e-01 3.074e-01 1.685e-03 2.411e-03 6.137e-03 -1.000 1.561e-02 -2.501 1.716 -0.022 -1.526 -2.369 -3.074 -4.104 -4.847 -5.021
0.0152 0.01508 9.00000 2.3076479435 2.5796421139    2.303  2.969  3.5969  1.171    7  0.000  0.366    19.62    12.70     8.89     6.69     5.47  4 -2.74e-09      0.00 6.770e-01 3.074e-01 1.684e-03 2.413e-03 6.137e-03 -1.000 1.561e-02 -2.653 1.728 -0.077 -1.608 -2.474 -3.211 -4.268 -5.026 -5.208
0.0152 0.01508 9.00000 2.3077178001 2.5796442505    2.303  3.014  3.5929  1.110    7  0.000  0.365    22.12    14.18     9.88     7.45     6.09  4 -3.38e-09      0.00 6.770e-01 3.074e-01 1.683e-03 2.414e-03 6.137e-03 -1.000 1.561e-02 -2.765 1.737 -0.114 -1.664 -2.548 -3.312 -4.389 -5.159 -5.346
0.0152 0.01508 9.00000 2.3077747822 2.5796459933    2.303  3.051  3.5896  1.059    7  0.000  0.365    24.44    15.54    10.78     8.14     6.65  4    -4e-09      0.00 6.770e-01 3.074e-01 1.682e-03 2.415e-03 6.137e-03 -1.000 1.561e-02 -2.858 1.745 -0.143 -1.709 -2.609 -3.395 -4.490 -5.269 -5.461
0.0152 0.01508 9.00000 2.3078267574 2.5796475828    2.302  3.085  3.5865  1.013    7  0.000  0.365    26.75    16.88    11.67     8.82     7.21  4 -4.66e-09      0.00 6.770e-01 3.074e-01 1.682e-03 2.415e-03 6.137e-03 -1.000 1.561e-02 -2.942 1.748 -0.165 -1.742 -2.657 -3.469 -4.581 -5.368 -5.565
0.0152 0.01508 9.00000 2.3078775406 2.5796491358    2.302  3.116  3.5836  0.970    7  0.000  0.365    29.12    18.25    12.57     9.51     7.78  4 -5.32e-09      0.00 6.770e-01 3.074e-01 1.682e-03 2.415e-03 6.137e-03 -1.000 1.561e-02 -3.021 1.756 -0.183 -1.771 -2.701 -3.537 -4.667 -5.461 -5.663
0.0152 0.01508 9.00000 2.3079304695 2.5796507543    2.302  3.147  3.5807  0.928    7  0.000  0.365    31.65    19.70    13.53    10.25     8.38  4 -6.16e-09      0.00 6.770e-01 3.074e-01 1.682e-03 2.415e-03 6.137e-03 -1.000 1.561e-02 -3.097 1.765 -0.200 -1.799 -2.743 -3.605 -4.751 -5.552 -5.759
0.0152 0.01508 9.00000 2.3079857826 2.5796524457    2.301  3.176  3.5778  0.887    7  0.000  0.365    34.31    21.21    14.51    11.01     9.00  4 -7.03e-09      0.00 6.770e-01 3.074e-01 1.682e-03 2.415e-03 6.137e-03 -1.000 1.561e-02 -3.171 1.771 -0.207 -1.814 -2.774 -3.668 -4.832 -5.640 -5.851
0.0152 0.01508 9.00000 2.3080458641 2.5796542827    2.301  3.207  3.5748  0.844    7  0.000  0.365    37.31    22.91    15.62    11.86     9.70  4 -8.03e-09      0.00 6.770e-01 3.074e-01 1.682e-03 2.415e-03 6.137e-03 -1.000 1.561e-02 -3.246 1.777 -0.212 -1.825 -2.803 -3.732 -4.916 -5.731 -5.947
0.0152 0.01508 9.00000 2.3081102371 2.5796562509    2.300  3.236  3.5718  0.803    7  0.000  0.365    40.49    24.69    16.78    12.75    10.44  3 -9.15e-09      0.00 6.770e-01 3.074e-01 1.682e-03 2.415e-03 6.137e-03 -1.000 1.561e-02 -3.320 1.784 -0.216 -1.835 -2.830 -3.794 -4.997 -5.819 -6.040
0.0152 0.01508 9.00000 2.3081552982 2.5796576285    2.300  3.250  3.5704  0.783    7  0.000  0.365    42.08    25.58    17.36    13.20    10.80  3  -9.8e-09      0.00 6.770e-01 3.074e-01 1.682e-03 2.415e-03 6.137e-03 -1.000 1.561e-02 -3.355 1.786 -0.218 -1.840 -2.844 -3.823 -5.036 -5.861 -6.084
0.0152 0.01508 9.00000 2.3081705570 2.5796580950    2.299  3.255  3.5699  0.776    7  0.000  0.365    42.67    25.91    17.57    13.36    10.94  3    -1e-08      0.00 6.770e-01 3.074e-01 1.682e-03 2.415e-03 6.137e-03 -1.000 1.561e-02 -3.367 1.788 -0.218 -1.840 -2.848 -3.833 -5.049 -5.876 -6.100
0.0152 0.01508 9.00000 2.3081717491 2.5796581314    2.299  3.254  3.5700  0.778    7  0.000  0.365    42.55    25.84    17.53    13.33    10.91  3 -9.95e-09      0.00 6.770e-01 3.074e-01 1.682e-03 2.415e-03 6.137e-03 -1.000 1.561e-02 -3.365 1.788 -0.218 -1.840 -2.847 -3.831 -5.047 -5.873 -6.097
0.0152 0.01508 9.00000 2.3081722260 2.5796581460    2.299  3.253  3.5700  0.778    7  0.000  0.365    42.48    25.81    17.51    13.31    10.90  3 -9.93e-09      0.00 6.770e-01 3.074e-01 1.682e-03 2.415e-03 6.137e-03 -1.000 1.561e-02 -3.363 1.788 -0.218 -1.840 -2.847 -3.830 -5.045 -5.871 -6.095
0.0152 0.01508 9.00000 2.3081724644 2.5796581533    2.299  3.253  3.5700  0.779    7  0.000  0.365    42.44    25.79    17.49    13.30    10.89  3 -9.91e-09      0.00 6.770e-01 3.074e-01 1.682e-03 2.415e-03 6.137e-03 -1.000 1.561e-02 -3.363 1.788 -0.218 -1.840 -2.846 -3.829 -5.044 -5.870 -6.094
0.0152 0.01508 9.00000 2.3081727028 2.5796581606    2.299  3.253  3.5701  0.779    7  0.000  0.365    42.43    25.78    17.49    13.30    10.88  3  -9.9e-09      0.00 6.770e-01 3.074e-01 1.682e-03 2.415e-03 6.137e-03 -1.000 1.561e-02 -3.362 1.788 -0.218 -1.840 -2.846 -3.829 -5.044 -5.870 -6.094
0.0152 0.01508 9.00000 2.3081729412 2.5796581679    2.299  3.253  3.5701  0.779    7  0.000  0.365    42.41    25.77    17.48    13.29    10.88  3  -9.9e-09      0.00 6.770e-01 3.074e-01 1.682e-03 2.415e-03 6.137e-03 -1.000 1.561e-02 -3.362 1.788 -0.218 -1.840 -2.846 -3.829 -5.043 -5.870 -6.093
0.0152 0.01508 9.00000 2.3081731796 2.5796581752    2.299  3.253  3.5700  0.779    7  0.000  0.365    42.44    25.78    17.49    13.30    10.89  3  -9.9e-09      0.00 6.770e-01 3.074e-01 1.682e-03 2.415e-03 6.137e-03 -1.000 1.561e-02 -3.362 1.788 -0.218 -1.840 -2.846 -3.829 -5.044 -5.870 -6.094
0.0152 0.01508 9.00000 2.3081734180 2.5796581825    2.299  3.253  3.5700  0.778    7  0.000  0.365    42.50    25.82    17.51    13.32    10.90  3 -9.93e-09      0.00 6.770e-01 3.074e-01 1.682e-03 2.415e-03 6.137e-03 -1.000 1.561e-02 -3.364 1.788 -0.218 -1.840 -2.847 -3.830 -5.045 -5.872 -6.096
0.0152 0.01508 9.00000 2.3081746101 2.5796582189    2.299  3.256  3.5698  0.775    7  0.000  0.365    42.76    25.96    17.61    13.39    10.96  3    -1e-08      0.00 6.770e-01 3.074e-01 1.682e-03 2.415e-03 6.137e-03 -1.000 1.561e-02 -3.369 1.788 -0.217 -1.840 -2.848 -3.835 -5.052 -5.879 -6.103
0.0152 0.01508 9.00000 2.3081772327 2.5796582991    2.299  3.261  3.5693  0.768    7  0.000  0.365    43.36    26.30    17.82    13.56    11.10  3 -1.02e-08      0.00 6.770e-01 3.074e-01 1.682e-03 2.415e-03 6.137e-03 -1.000 1.561e-02 -3.382 1.788 -0.217 -1.839 -2.851 -3.845 -5.066 -5.894 -6.119
0.0152 0.01508 9.00000 2.3081805706 2.5796584011    2.299  3.268  3.5686  0.758    7  0.000  0.365    44.20    26.76    18.12    13.79    11.29  3 -1.05e-08      0.00 6.770e-01 3.074e-01 1.682e-03 2.415e-03 6.137e-03 -1.000 1.561e-02 -3.399 1.788 -0.215 -1.837 -2.854 -3.858 -5.085 -5.914 -6.141
0.0152 0.01508 9.00000 2.3081839085 2.5796585032    2.299  3.279  3.5674  0.742    7  0.000  0.365    45.61    27.54    18.63    14.18    11.61  3 -1.11e-08      0.00 6.770e-01 3.074e-01 1.682e-03 2.415e-03 6.137e-03 -1.000 1.561e-02 -3.427 1.789 -0.212 -1.834 -2.859 -3.881 -5.117 -5.948 -6.177
0.0152 0.01508 9.00000 2.3081891537 2.5796586635    2.299  3.295  3.5658  0.720    7  0.000  0.365    47.67    28.68    19.36    14.75    12.08  3 -1.19e-08      0.00 6.770e-01 3.074e-01 1.682e-03 2.415e-03 6.137e-03 -1.000 1.561e-02 -3.467 1.791 -0.208 -1.829 -2.867 -3.912 -5.161 -5.996 -6.227
0.0152 0.01508 9.00000 2.3081951141 2.5796588457    2.299  3.308  3.5644  0.702    7  0.000  0.365    49.41    29.65    19.98    15.23    12.47  3 -1.26e-08      0.00 6.770e-01 3.074e-01 1.682e-03 2.415e-03 6.137e-03 -1.000 1.561e-02 -3.499 1.792 -0.204 -1.825 -2.873 -3.937 -5.197 -6.035 -6.268
0.0152 0.01508 9.00000 2.3082034588 2.5796591008    2.299  3.320  3.5631  0.685    7  0.000  0.365    51.10    30.57    20.58    15.69    12.85  3 -1.32e-08      0.00 6.770e-01 3.074e-01 1.682e-03 2.415e-03 6.137e-03 -1.000 1.561e-02 -3.529 1.794 -0.201 -1.821 -2.878 -3.961 -5.231 -6.072 -6.306
0.0152 0.01508 9.00000 2.3082194328 2.5796595891    2.299  3.201  3.5750  0.851    7  0.000  0.365    36.81    22.63    15.44    11.72     9.59  4 -7.81e-09      0.00 6.770e-01 3.074e-01 1.682e-03 2.415e-03 6.137e-03 -1.000 1.561e-02 -3.232 1.782 -0.204 -1.816 -2.792 -3.718 -4.900 -5.715 -5.930
0.0152 0.01508 9.00000 2.3082206249 2.5796596256    2.299  3.239  3.5713  0.797    7  0.000  0.365    40.91    24.93    16.94    12.88    10.54  3 -9.29e-09      0.00 6.770e-01 3.074e-01 1.682e-03 2.415e-03 6.137e-03 -1.000 1.561e-02 -3.329 1.786 -0.214 -1.834 -2.832 -3.800 -5.007 -5.830 -6.052
0.0152 0.01508 9.00000 2.3082208633 2.5796596329    2.299  3.240  3.5712  0.796    7  0.000  0.365    41.02    24.99    16.97    12.90    10.56  3 -9.34e-09      0.00 6.770e-01 3.074e-01 1.682e-03 2.415e-03 6.137e-03 -1.000 1.561e-02 -3.331 1.787 -0.214 -1.834 -2.833 -3.802 -5.009 -5.833 -6.055
0.0152 0.01508 9.00000 2.3082211018 2.5796596402    2.299  3.241  3.5712  0.795    7  0.000  0.365    41.08    25.03    17.00    12.92    10.58  3 -9.36e-09      0.00 6.770e-01 3.074e-01 1.682e-03 2.415e-03 6.137e-03 -1.000 1.561e-02 -3.332 1.787 -0.214 -1.834 -2.834 -3.803 -5.011 -5.835 -6.057
0.0152 0.01508 9.00000 2.3082215786 2.5796596547    2.299  3.242  3.5711  0.794    7  0.000  0.365    41.16    25.07    17.03    12.94    10.59  3  -9.4e-09      0.00 6.770e-01 3.074e-01 1.682e-03 2.415e-03 6.137e-03 -1.000 1.561e-02 -3.334 1.787 -0.214 -1.834 -2.834 -3.805 -5.013 -5.837 -6.059
0.0152 0.01508 9.00000 2.3082218170 2.5796596620    2.299  3.236  3.5717  0.802    7  0.000  0.365    40.50    24.70    16.79    12.76    10.44  3 -9.15e-09      0.00 6.770e-01 3.074e-01 1.682e-03 2.415e-03 6.137e-03 -1.000 1.561e-02 -3.319 1.786 -0.213 -1.832 -2.828 -3.792 -4.997 -5.819 -6.040
0.0152 0.01508 9.00000 2.3082220554 2.5796596693    2.299  3.231  3.5721  0.809    7  0.000  0.365    40.02    24.43    16.61    12.63    10.33  3 -8.96e-09      0.00 6.770e-01 3.074e-01 1.682e-03 2.415e-03 6.137e-03 -1.000 1.561e-02 -3.308 1.786 -0.212 -1.830 -2.824 -3.783 -4.985 -5.806 -6.027
0.0152 0.01508 9.00000 2.3082222939 2.5796596766    2.299  3.227  3.5725  0.815    7  0.000  0.365    39.55    24.16    16.44    12.49    10.22  3 -8.77e-09      0.00 6.770e-01 3.074e-01 1.682e-03 2.415e-03 6.137e-03 -1.000 1.561e-02 -3.298 1.785 -0.211 -1.828 -2.820 -3.774 -4.973 -5.793 -6.013
0.0152 0.01508 9.00000 2.3082225323 2.5796596839    2.299  3.218  3.5734  0.827    7  0.000  0.365    38.62    23.64    16.10    12.23    10.01  4 -8.42e-09      0.00 6.770e-01 3.074e-01 1.682e-03 2.415e-03 6.137e-03 -1.000 1.561e-02 -3.276 1.784 -0.210 -1.825 -2.811 -3.756 -4.949 -5.767 -5.986
0.0152 0.01508 9.00000 2.3082227707 2.5796596912    2.299  3.218  3.5734  0.827    7  0.000  0.365    38.57    23.62    16.08    12.22    10.00  4  -8.4e-09      0.00 6.770e-01 3.074e-01 1.682e-03 2.415e-03 6.137e-03 -1.000 1.561e-02 -3.275 1.783 -0.210 -1.824 -2.811 -3.755 -4.947 -5.766 -5.984
0.0152 0.01508 9.00000 2.3082230091 2.5796596985    2.299  3.217  3.5735  0.828    7  0.000  0.365    38.49    23.57    16.05    12.19     9.98  4 -8.38e-09      0.00 6.770e-01 3.074e-01 1.682e-03 2.415e-03 6.137e-03 -1.000 1.561e-02 -3.273 1.783 -0.210 -1.824 -2.810 -3.753 -4.945 -5.764 -5.982
0.0152 0.01508 9.00000 2.3082232475 2.5796597058    2.299  3.217  3.5736  0.829    7  0.000  0.365    38.45    23.55    16.04    12.18     9.97  4 -8.37e-09      0.00 6.770e-01 3.074e-01 1.682e-03 2.415e-03 6.137e-03 -1.000 1.561e-02 -3.272 1.783 -0.210 -1.824 -2.810 -3.752 -4.944 -5.762 -5.981
0.0152 0.01508 9.00000 2.3082234859 2.5796597131    2.299  3.216  3.5736  0.830    7  0.000  0.365    38.40    23.52    16.02    12.17     9.96  4 -8.36e-09      0.00 6.770e-01 3.074e-01 1.682e-03 2.415e-03 6.137e-03 -1.000 1.561e-02 -3.271 1.783 -0.209 -1.824 -2.809 -3.751 -4.943 -5.761 -5.979
0.0152 0.01508 9.00000 2.3082242012 2.5796597349    2.299  3.215  3.5737  0.831    7  0.000  0.365    38.27    23.45    15.97    12.13     9.93  4 -8.32e-09      0.00 6.770e-01 3.074e-01 1.682e-03 2.415e-03 6.137e-03 -1.000 1.561e-02 -3.268 1.783 -0.209 -1.824 -2.808 -3.749 -4.940 -5.757 -5.975
0.0152 0.01508 9.00000 2.3082244396 2.5796597422    2.299  3.214  3.5738  0.833    7  0.000  0.365    38.17    23.39    15.94    12.10     9.91  4 -8.29e-09      0.00 6.770e-01 3.074e-01 1.682e-03 2.415e-03 6.137e-03 -1.000 1.561e-02 -3.265 1.782 -0.209 -1.823 -2.807 -3.747 -4.937 -5.755 -5.972
0.0152 0.01508 9.00000 2.3082246780 2.5796597495    2.299  3.214  3.5739  0.833    7  0.000  0.365    38.11    23.36    15.92    12.09     9.89  4 -8.28e-09      0.00 6.770e-01 3.074e-01 1.682e-03 2.415e-03 6.137e-03 -1.000 1.561e-02 -3.264 1.782 -0.209 -1.823 -2.807 -3.746 -4.936 -5.753 -5.971
0.0152 0.01508 9.00000 2.3082251549 2.5796597641    2.299  3.213  3.5740  0.835    7  0.000  0.365    38.02    23.31    15.88    12.06     9.87  4 -8.25e-09      0.00 6.770e-01 3.074e-01 1.682e-03 2.415e-03 6.137e-03 -1.000 1.561e-02 -3.262 1.782 -0.209 -1.823 -2.806 -3.744 -4.933 -5.750 -5.968
0.0152 0.01508 9.00000 2.3082258701 2.5796597859    2.299  3.212  3.5741  0.836    7  0.000  0.365    37.89    23.23    15.84    12.02     9.84  4 -8.21e-09      0.00 6.770e-01 3.074e-01 1.682e-03 2.415e-03 6.137e-03 -1.000 1.561e-02 -3.259 1.782 -0.209 -1.823 -2.805 -3.741 -4.930 -5.747 -5.964
0.0152 0.01508 9.00000 2.3082313538 2.5796599536    2.299  3.228  3.5725  0.813    7  0.000  0.365    39.64    24.22    16.47    12.52    10.24  3 -8.83e-09      0.00 6.770e-01 3.074e-01 1.682e-03 2.415e-03 6.137e-03 -1.000 1.561e-02 -3.300 1.784 -0.213 -1.830 -2.821 -3.776 -4.975 -5.796 -6.016
0.0152 0.01508 9.00000 2.3082356453 2.5796600848    2.299  3.255  3.5698  0.775    7  0.000  0.365    42.73    25.94    17.59    13.38    10.95  3 -9.94e-09      0.00 6.770e-01 3.074e-01 1.682e-03 2.415e-03 6.137e-03 -1.000 1.561e-02 -3.368 1.789 -0.216 -1.838 -2.846 -3.833 -5.050 -5.877 -6.102
0.0152 0.01508 9.00000 2.3082394600 2.5796602014    2.298  3.284  3.5667  0.734    7  0.000  0.365    46.33    27.94    18.89    14.38    11.77  3 -1.13e-08      0.00 6.770e-01 3.074e-01 1.682e-03 2.415e-03 6.137e-03 -1.000 1.561e-02 -3.440 1.793 -0.207 -1.828 -2.858 -3.890 -5.131 -5.965 -6.194
0.0152 0.01508 9.00000 2.3082437515 2.5796603326    2.298  3.312  3.5637  0.694    7  0.538  0.365    50.17    30.06    20.25    15.44    12.64  3 -1.28e-08      0.00 6.770e-01 3.074e-01 1.682e-03 2.415e-03 6.137e-03 -1.000 1.561e-02 -3.511 1.796 -0.198 -1.819 -2.871 -3.946 -5.211 -6.051 -6.285
0.0152 0.01508 9.00000 2.3082487583 2.5796604856    2.298  3.343  3.5605  0.651    7  0.538  0.365    54.61    32.49    21.81    16.65    13.63  3 -1.46e-08      0.00 6.770e-01 3.074e-01 1.682e-03 2.415e-03 6.137e-03 -1.000 1.561e-02 -3.586 1.801 -0.188 -1.808 -2.884 -4.005 -5.296 -6.142 -6.381
0.0152 0.01508 9.00000 2.3082549572 2.5796606751    2.298  3.373  3.5572  0.607    7  0.538  0.365    59.57    35.20    23.54    17.99    14.73  3 -1.67e-08      0.00 6.770e-01 3.074e-01 1.682e-03 2.415e-03 6.137e-03 -1.000 1.561e-02 -3.664 1.802 -0.165 -1.778 -2.884 -4.061 -5.383 -6.236 -6.481
0.0152 0.01508 9.00000 2.3082623482 2.5796609010    2.298  3.401  3.5542  0.567    7  0.537  0.365    64.37    37.79    25.20    19.27    15.79  3 -1.88e-08      0.00 6.770e-01 3.074e-01 1.682e-03 2.415e-03 6.137e-03 -1.000 1.561e-02 -3.732 1.805 -0.141 -1.747 -2.881 -4.108 -5.460 -6.319 -6.569
0.0152 0.01508 9.00000 2.3082733154 2.5796612363    2.298  3.430  3.5508  0.524    7  0.528  0.365    70.09    40.86    27.15    20.79    17.03  3 -2.14e-08      0.00 6.770e-01 3.074e-01 1.682e-03 2.415e-03 6.137e-03 -1.000 1.561e-02 -3.806 1.809 -0.111 -1.709 -2.875 -4.159 -5.544 -6.410 -6.665
0.0152 0.01508 9.00000 2.3082773685 2.5796613602    2.298  3.437  3.5501  0.515    7  0.528  0.365    71.35    41.53    27.57    21.12    17.31  3 -2.18e-08      0.00 6.770e-01 3.074e-01 1.682e-03 2.415e-03 6.137e-03 -1.000 1.561e-02 -3.822 1.809 -0.106 -1.702 -2.875 -4.170 -5.562 -6.429 -6.685
0.0152 0.01508 9.00000 2.3082780838 2.5796613820    2.297  3.437  3.5501  0.515    8  0.528  0.385    71.35    41.53    27.58    21.12    17.31  3  -2.2e-08      0.00 6.770e-01 3.077e-01 1.782e-03 2.417e-03 6.161e-03 -1.000 1.536e-02 -3.822 1.809 -0.105 -1.702 -2.875 -4.170 -5.562 -6.429 -6.685
0.0152 0.01508 9.00000 2.3082790375 2.5796614112    2.297  3.183  3.5747  0.867    8  0.528  0.386    35.64    21.97    15.01    11.39     9.32  4 -7.27e-09      0.00 6.770e-01 3.077e-01 1.782e-03 2.417e-03 6.161e-03 -1.000 1.536e-02 -3.187 1.819 -0.157 -1.765 -2.742 -3.672 -4.855 -5.672 -5.888
0.0152 0.01508 9.00000 2.3082795143 2.5796614258    2.297  3.154  3.5776  0.907    8  0.528  0.386    32.93    20.43    14.00    10.61     8.68  4 -6.41e-09      0.00 6.770e-01 3.077e-01 1.782e-03 2.417e-03 6.161e-03 -1.000 1.536e-02 -3.116 1.813 -0.154 -1.756 -2.716 -3.612 -4.776 -5.586 -5.797
0.0152 0.01508 9.00000 2.3082814217 2.5796614841    2.297  2.936  3.5999  1.214    8  0.528  0.386    17.99    11.73     8.25     6.20     5.06  4 -2.39e-09      0.00 6.770e-01 3.077e-01 1.782e-03 2.417e-03 6.161e-03 -1.000 1.536e-02 -2.571 1.725 -0.048 -1.566 -2.420 -3.137 -4.179 -4.929 -5.107
0.0152 0.01508 9.00000 2.3082847595 2.5796615861    2.296  2.897  3.6038  1.270    8  0.528  0.386    16.13    10.61     7.49     5.62     4.59  4 -1.99e-09      0.00 6.770e-01 3.077e-01 1.782e-03 2.417e-03 6.161e-03 -1.000 1.536e-02 -2.471 1.701 -0.019 -1.515 -2.352 -3.049 -4.071 -4.810 -4.982
0.0152 0.01508 9.00000 2.3082892895 2.5796617246    2.296  2.967  3.5965  1.170    8  0.528  0.386    19.61    12.70     8.89     6.69     5.47  4 -2.75e-09      0.00 6.770e-01 3.077e-01 1.782e-03 2.417e-03 6.161e-03 -1.000 1.536e-02 -2.647 1.743 -0.064 -1.596 -2.464 -3.204 -4.263 -5.023 -5.205
0.0152 0.01508 9.00000 2.3082952499 2.5796619068    2.296  3.120  3.5807  0.954    8  0.528  0.386    30.06    18.79    12.93     9.79     8.01  4  -5.5e-09      0.00 6.770e-01 3.077e-01 1.782e-03 2.417e-03 6.161e-03 -1.000 1.536e-02 -3.031 1.811 -0.139 -1.733 -2.676 -3.538 -4.683 -5.486 -5.692
0.0152 0.01508 9.00000 2.3083026409 2.5796621327    2.296  3.275  3.5647  0.735    8  0.529  0.386    46.26    27.91    18.86    14.36    11.76  3 -1.09e-08      0.00 6.770e-01 3.077e-01 1.782e-03 2.417e-03 6.161e-03 -1.000 1.536e-02 -3.417 1.844 -0.138 -1.752 -2.795 -3.857 -5.114 -5.953 -6.184
0.0152 0.01508 9.00000 2.3083114624 2.5796624023    2.296  3.384  3.5533  0.579    8  0.529  0.386    62.82    36.96    24.67    18.86    15.45  3 -1.76e-08      0.00 6.770e-01 3.077e-01 1.782e-03 2.417e-03 6.161e-03 -1.000 1.536e-02 -3.691 1.847 -0.078 -1.677 -2.818 -4.061 -5.422 -6.284 -6.534
0.0152 0.01508 9.00000 2.3083219528 2.5796627230    2.296  3.444  3.5470  0.495    8  0.529  0.386    74.18    43.04    28.53    21.86    17.92  3 -2.26e-08      0.00 6.770e-01 3.077e-01 1.782e-03 2.417e-03 6.161e-03 -1.000 1.536e-02 -3.839 1.847 -0.016 -1.594 -2.804 -4.157 -5.589 -6.462 -6.723
0.0152 0.01508 9.00000 2.3083343506 2.5796631020    2.295  3.469  3.5440  0.458    8  0.529  0.386    79.86    46.05    30.43    23.35    19.14  3 -2.52e-08      0.00 6.770e-01 3.077e-01 1.782e-03 2.417e-03 6.161e-03 -1.000 1.536e-02 -3.903 1.850 0.030 -1.537 -2.784 -4.192 -5.663 -6.541 -6.807
0.0152 0.01508 9.00000 2.3083481789 2.5796635246    2.295  3.482  3.5423  0.438    8  0.530  0.386    82.95    47.69    31.46    24.15    19.80  3 -2.66e-08      0.00 6.770e-01 3.077e-01 1.782e-03 2.417e-03 6.161e-03 -1.000 1.536e-02 -3.934 1.855 0.059 -1.499 -2.768 -4.207 -5.700 -6.581 -6.850
0.0152 0.01508 9.00000 2.3083484173 2.5796635319    2.294  3.317  3.5590  0.670    8  0.530  0.386    52.54    31.37    21.09    16.09    13.17  3 -1.31e-08      0.00 6.770e-01 3.077e-01 1.782e-03 2.417e-03 6.161e-03 -1.000 1.536e-02 -3.521 1.870 -0.089 -1.697 -2.784 -3.930 -5.235 -6.086 -6.326
0.0152 0.01508 9.00000 2.3083496094 2.5796635684    2.294  3.206  3.5703  0.826    8  0.530  0.386    38.65    23.67    16.12    12.24    10.02  4 -8.06e-09      0.00 6.770e-01 3.077e-01 1.782e-03 2.417e-03 6.161e-03 -1.000 1.536e-02 -3.245 1.864 -0.117 -1.729 -2.731 -3.712 -4.925 -5.753 -5.975
0.0152 0.01508 9.00000 2.3083519936 2.5796636412    2.294  2.989  3.5925  1.131    8  0.530  0.386    21.18    13.63     9.51     7.17     5.86  4 -3.05e-09      0.00 6.770e-01 3.077e-01 1.782e-03 2.417e-03 6.161e-03 -1.000 1.536e-02 -2.703 1.794 -0.048 -1.596 -2.481 -3.248 -4.328 -5.100 -5.288
0.0152 0.01508 9.00000 2.3083558083 2.5796637578    2.294  2.949  3.5966  1.188    8  0.530  0.386    18.95    12.30     8.63     6.49     5.30  4 -2.54e-09      0.00 6.770e-01 3.077e-01 1.782e-03 2.417e-03 6.161e-03 -1.000 1.536e-02 -2.603 1.774 -0.024 -1.554 -2.421 -3.161 -4.219 -4.979 -5.160
0.0152 0.01508 9.00000 2.3083610535 2.5796639182    2.294  3.019  3.5895  1.089    8  0.530  0.386    22.99    14.70    10.22     7.71     6.30  4  -3.5e-09      0.00 6.770e-01 3.077e-01 1.782e-03 2.417e-03 6.161e-03 -1.000 1.536e-02 -2.778 1.806 -0.068 -1.628 -2.527 -3.314 -4.409 -5.189 -5.382
0.0152 0.01508 9.00000 2.3083677292 2.5796641222    2.294  3.171  3.5740  0.876    8  0.531  0.386    35.03    21.63    14.79    11.22     9.18  4 -6.91e-09      0.00 6.770e-01 3.077e-01 1.782e-03 2.417e-03 6.161e-03 -1.000 1.536e-02 -3.157 1.853 -0.116 -1.721 -2.701 -3.639 -4.827 -5.646 -5.863
0.0152 0.01508 9.00000 2.3083763123 2.5796643845    2.294  3.324  3.5585  0.660    8  0.531  0.386    53.55    31.92    21.44    16.36    13.40  3 -1.35e-08      0.00 6.770e-01 3.077e-01 1.782e-03 2.417e-03 6.161e-03 -1.000 1.536e-02 -3.540 1.867 -0.091 -1.698 -2.790 -3.945 -5.255 -6.107 -6.348
0.0152 0.01508 9.00000 2.3083865643 2.5796646979    2.293  3.432  3.5474  0.508    8  0.531  0.386    72.35    42.07    27.91    21.39    17.52  3 -2.16e-08      0.00 6.770e-01 3.077e-01 1.782e-03 2.417e-03 6.161e-03 -1.000 1.536e-02 -3.811 1.859 -0.006 -1.585 -2.789 -4.133 -5.560 -6.433 -6.693
0.0152 0.01508 9.00000 2.3083987236 2.5796650695    2.293  3.491  3.5414  0.425    8  0.532  0.386    85.14    48.85    32.19    24.72    20.26  3 -2.78e-08      0.00 6.770e-01 3.077e-01 1.782e-03 2.417e-03 6.161e-03 -1.000 1.536e-02 -3.958 1.854 0.070 -1.485 -2.766 -4.222 -5.727 -6.609 -6.879
0.0152 0.01508 9.00000 2.3084127903 2.5796654995    2.293  3.517  3.5389  0.389    8  0.532  0.386    91.46    52.16    34.28    26.34    21.60  2  -3.1e-08      0.00 6.770e-01 3.077e-01 1.782e-03 2.417e-03 6.161e-03 -1.000 1.536e-02 -4.023 1.850 0.110 -1.434 -2.752 -4.257 -5.800 -6.686 -6.961
0.0152 0.01508 9.00000 2.3084287643 2.5796659877    2.293  3.530  3.5375  0.370    8  0.533  0.386    94.85    53.93    35.39    27.21    22.31  2 -3.28e-08      0.00 6.770e-01 3.077e-01 1.782e-03 2.417e-03 6.161e-03 -1.000 1.536e-02 -4.056 1.848 0.132 -1.404 -2.743 -4.272 -5.838 -6.725 -7.003
0.0152 0.01508 9.00000 2.3084290028 2.5796659950    2.292  3.373  3.5535  0.591    8  0.533  0.386    61.40    36.19    24.17    18.48    15.14  3 -1.68e-08      0.00 6.770e-01 3.077e-01 1.782e-03 2.417e-03 6.161e-03 -1.000 1.536e-02 -3.663 1.864 -0.058 -1.655 -2.794 -4.034 -5.393 -6.255 -6.504
0.0152 0.01508 9.00000 2.3084304333 2.5796660387    2.292  3.263  3.5648  0.746    8  0.533  0.386    45.22    27.34    18.49    14.08    11.52  3 -1.04e-08      0.00 6.770e-01 3.077e-01 1.782e-03 2.417e-03 6.161e-03 -1.000 1.536e-02 -3.388 1.863 -0.113 -1.724 -2.767 -3.828 -5.085 -5.924 -6.155
0.0152 0.01508 9.00000 2.3084328175 2.5796661116    2.292  3.048  3.5869  1.050    8  0.533  0.386    24.84    15.78    10.94     8.26     6.75  4 -3.99e-09      0.00 6.770e-01 3.077e-01 1.782e-03 2.417e-03 6.161e-03 -1.000 1.536e-02 -2.850 1.808 -0.087 -1.656 -2.568 -3.377 -4.487 -5.274 -5.470
0.0152 0.01508 9.00000 2.3084366322 2.5796662282    2.292  3.006  3.5912  1.108    8  0.533  0.386    22.14    14.20     9.89     7.46     6.10  4 -3.31e-09      0.00 6.770e-01 3.077e-01 1.782e-03 2.417e-03 6.161e-03 -1.000 1.536e-02 -2.746 1.792 -0.067 -1.620 -2.512 -3.288 -4.374 -5.149 -5.339
0.0152 0.01508 9.00000 2.3084421158 2.5796663958    2.292  3.075  3.5842  1.012    8  0.533  0.386    26.76    16.89    11.68     8.83     7.22  4 -4.51e-09      0.00 6.770e-01 3.077e-01 1.782e-03 2.417e-03 6.161e-03 -1.000 1.536e-02 -2.917 1.816 -0.100 -1.679 -2.603 -3.435 -4.560 -5.354 -5.555
0.0152 0.01508 9.00000 2.3084492683 2.5796666144    2.291  3.223  3.5690  0.803    8  0.534  0.386    40.39    24.64    16.75    12.73    10.42  4 -8.71e-09      0.00 6.770e-01 3.077e-01 1.782e-03 2.417e-03 6.161e-03 -1.000 1.536e-02 -3.286 1.860 -0.123 -1.736 -2.748 -3.747 -4.970 -5.801 -6.025
0.0152 0.01508 9.00000 2.3084580898 2.5796668840    2.291  3.371  3.5536  0.593    8  0.534  0.386    61.10    36.03    24.07    18.40    15.07  3 -1.66e-08      0.00 6.770e-01 3.077e-01 1.782e-03 2.417e-03 6.161e-03 -1.000 1.536e-02 -3.658 1.865 -0.058 -1.655 -2.793 -4.030 -5.388 -6.249 -6.499
0.0152 0.01508 9.00000 2.3084688187 2.5796672119    2.291  3.476  3.5428  0.445    8  0.534  0.386    81.81    47.09    31.09    23.86    19.55  3 -2.61e-08      0.00 6.770e-01 3.077e-01 1.782e-03 2.417e-03 6.160e-03 -1.000 1.536e-02 -3.920 1.859 0.058 -1.502 -2.766 -4.197 -5.684 -6.564 -6.832
0.0152 0.01508 9.00000 2.3084814548 2.5796675981    2.291  3.531  3.5370  0.367    8  0.535  0.386    95.52    54.28    35.60    27.38    22.45  2 -3.31e-08      0.00 6.770e-01 3.077e-01 1.782e-03 2.417e-03 6.160e-03 -1.000 1.536e-02 -4.059 1.854 0.151 -1.381 -2.728 -4.268 -5.842 -6.731 -7.009
0.0152 0.01508 9.00000 2.3084959984 2.5796680425    2.290  3.555  3.5346  0.334    8  0.536  0.386   101.85    57.57    37.67    28.99    23.78  2 -3.65e-08      0.00 6.770e-01 3.077e-01 1.782e-03 2.417e-03 6.160e-03 -1.000 1.536e-02 -4.116 1.851 0.195 -1.324 -2.709 -4.292 -5.908 -6.800 -7.083
0.0152 0.01508 9.00000 2.3085126877 2.5796685526    2.290  3.565  3.5336  0.319    8  0.536  0.386   104.83    59.11    38.63    29.74    24.39  2 -3.81e-08      0.00 6.770e-01 3.077e-01 1.782e-03 2.417e-03 6.160e-03 -1.000 1.536e-02 -4.142 1.850 0.214 -1.299 -2.701 -4.304 -5.938 -6.830 -7.116
0.0152 0.01508 9.00000 2.3085129261 2.5796685599    2.289  3.418  3.5487  0.527    8  0.536  0.386    69.60    40.60    26.98    20.66    16.93  3 -2.04e-08      0.00 6.770e-01 3.077e-01 1.782e-03 2.417e-03 6.160e-03 -1.000 1.536e-02 -3.774 1.864 -0.017 -1.601 -2.789 -4.109 -5.518 -6.389 -6.647
0.0152 0.01508 9.00000 2.3085143566 2.5796686036    2.289  3.309  3.5601  0.681    8  0.536  0.386    51.35    30.72    20.67    15.76    12.91  3 -1.27e-08      0.00 6.770e-01 3.077e-01 1.782e-03 2.417e-03 6.160e-03 -1.000 1.536e-02 -3.502 1.867 -0.102 -1.713 -2.790 -3.918 -5.212 -6.061 -6.299
0.0152 0.01508 9.00000 2.3085172176 2.5796686910    2.289  3.095  3.5824  0.984    8  0.537  0.386    28.29    17.78    12.26     9.27     7.58  4 -4.97e-09      0.00 6.770e-01 3.077e-01 1.782e-03 2.417e-03 6.160e-03 -1.000 1.536e-02 -2.968 1.819 -0.114 -1.700 -2.634 -3.481 -4.616 -5.415 -5.618
0.0152 0.01508 9.00000 2.3085212708 2.5796688149    2.289  3.053  3.5868  1.044    8  0.537  0.386    25.12    15.94    11.05     8.35     6.82  4  -4.1e-09      0.00 6.770e-01 3.077e-01 1.782e-03 2.417e-03 6.160e-03 -1.000 1.536e-02 -2.862 1.801 -0.097 -1.668 -2.580 -3.390 -4.500 -5.287 -5.483
0.0152 0.01508 9.00000 2.3085272312 2.5796689970    2.289  3.120  3.5799  0.949    8  0.537  0.386    30.29    18.93    13.02     9.86     8.06  4 -5.55e-09      0.00 6.770e-01 3.077e-01 1.782e-03 2.417e-03 6.160e-03 -1.000 1.536e-02 -3.030 1.831 -0.122 -1.718 -2.664 -3.534 -4.684 -5.489 -5.696
0.0152 0.01508 9.00000 2.3085348606 2.5796692302    2.288  3.264  3.5647  0.744    8  0.537  0.386    45.34    27.40    18.54    14.11    11.55  3 -1.05e-08      0.00 6.770e-01 3.077e-01 1.782e-03 2.417e-03 6.160e-03 -1.000 1.536e-02 -3.390 1.862 -0.115 -1.726 -2.769 -3.830 -5.087 -5.926 -6.157
0.0152 0.01508 9.00000 2.3085446358 2.5796695289    2.288  3.409  3.5496  0.539    8  0.538  0.386    68.00    39.74    26.44    20.24    16.58  3 -1.97e-08      0.00 6.770e-01 3.077e-01 1.782e-03 2.417e-03 6.160e-03 -1.000 1.536e-02 -3.752 1.867 -0.025 -1.612 -2.790 -4.096 -5.494 -6.364 -6.620
0.0152 0.01508 9.00000 2.3085563183 2.5796698859    2.288  3.511  3.5388  0.394    8  0.539  0.386    90.42    51.62    33.93    26.08    21.38  2 -3.04e-08      0.00 6.770e-01 3.077e-01 1.782e-03 2.417e-03 6.160e-03 -1.000 1.536e-02 -4.007 1.862 0.124 -1.418 -2.736 -4.241 -5.784 -6.670 -6.945
0.0152 0.01508 9.00000 2.3085699081 2.5796703012    2.287  3.564  3.5332  0.318    8  0.539  0.386   105.08    59.24    38.71    29.81    24.45  2 -3.81e-08      0.00 6.770e-01 3.077e-01 1.782e-03 2.417e-03 6.160e-03 -1.000 1.536e-02 -4.140 1.857 0.231 -1.279 -2.687 -4.297 -5.938 -6.831 -7.116
0.0152 0.01508 9.00000 2.3085858822 2.5796707894    2.287  3.586  3.5309  0.287    8  0.540  0.386   111.71    62.67    40.84    31.47    25.82  2 -4.18e-08      0.00 6.770e-01 3.077e-01 1.782e-03 2.417e-03 6.160e-03 -1.000 1.536e-02 -4.195 1.855 0.274 -1.223 -2.668 -4.320 -6.000 -6.896 -7.186
0.0152 0.01508 9.00000 2.3086040020 2.5796713431    2.286  3.596  3.5300  0.273    8  0.541  0.386   114.69    64.20    41.79    32.22    26.43  2 -4.35e-08      0.00 6.770e-01 3.077e-01 1.782e-03 2.417e-03 6.160e-03 -1.000 1.536e-02 -4.219 1.854 0.291 -1.201 -2.661 -4.330 -6.027 -6.924 -7.216
0.0152 0.01508 9.00000 2.3086044788 2.5796713577    2.286  3.460  3.5442  0.466    8  0.541  0.386    78.52    45.35    29.99    23.00    18.85  3 -2.46e-08      0.00 6.770e-01 3.077e-01 1.782e-03 2.417e-03 6.160e-03 -1.000 1.536e-02 -3.880 1.864 0.043 -1.522 -2.767 -4.171 -5.640 -6.518 -6.783
0.0152 0.01508 9.00000 2.3086059093 2.5796714014    2.286  3.353  3.5556  0.619    8  0.541  0.386    58.04    34.37    23.01    17.58    14.40  3 -1.55e-08      0.00 6.770e-01 3.077e-01 1.782e-03 2.417e-03 6.160e-03 -1.000 1.536e-02 -3.612 1.865 -0.074 -1.676 -2.795 -3.998 -5.335 -6.193 -6.439
0.0152 0.01508 9.00000 2.3086085320 2.5796714815    2.285  3.142  3.5781  0.919    8  0.541  0.386    32.11    19.97    13.70    10.38     8.49  4 -6.15e-09      0.00 6.770e-01 3.077e-01 1.782e-03 2.417e-03 6.160e-03 -1.000 1.536e-02 -3.085 1.827 -0.135 -1.734 -2.692 -3.583 -4.744 -5.553 -5.763
0.0152 0.01508 9.00000 2.3086130619 2.5796716199    2.285  3.099  3.5827  0.981    8  0.541  0.386    28.43    17.86    12.32     9.32     7.62  4 -5.07e-09      0.00 6.770e-01 3.077e-01 1.782e-03 2.417e-03 6.160e-03 -1.000 1.536e-02 -2.977 1.807 -0.127 -1.713 -2.646 -3.491 -4.624 -5.422 -5.625
0.0152 0.01508 9.00000 2.3086192608 2.5796718094    2.285  3.165  3.5757  0.887    8  0.542  0.386    34.23    21.18    14.49    10.99     8.99  4 -6.81e-09      0.00 6.770e-01 3.077e-01 1.782e-03 2.417e-03 6.160e-03 -1.000 1.536e-02 -3.142 1.834 -0.136 -1.740 -2.711 -3.630 -4.808 -5.622 -5.836
0.0152 0.01508 9.00000 2.3086273670 2.5796720571    2.285  3.305  3.5607  0.686    8  0.542  0.386    50.84    30.44    20.49    15.63    12.80  3 -1.26e-08      0.00 6.770e-01 3.077e-01 1.782e-03 2.417e-03 6.160e-03 -1.000 1.536e-02 -3.494 1.863 -0.109 -1.720 -2.793 -3.913 -5.202 -6.050 -6.287
0.0152 0.01508 9.00000 2.3086373806 2.5796723631    2.284  3.447  3.5455  0.484    8  0.543  0.386    75.66    43.84    29.03    22.26    18.24  3 -2.32e-08      0.00 6.770e-01 3.077e-01 1.782e-03 2.417e-03 6.160e-03 -1.000 1.536e-02 -3.846 1.866 0.027 -1.544 -2.771 -4.150 -5.601 -6.477 -6.740
0.0152 0.01508 9.00000 2.3086495399 2.5796727346    2.284  3.546  3.5349  0.342    8  0.543  0.386   100.10    56.67    37.10    28.55    23.41  2 -3.54e-08      0.00 6.770e-01 3.077e-01 1.782e-03 2.417e-03 6.160e-03 -1.000 1.536e-02 -4.095 1.864 0.205 -1.314 -2.695 -4.274 -5.886 -6.777 -7.059
0.0152 0.01508 9.00000 2.3086638451 2.5796731717    2.283  3.598  3.5292  0.267    8  0.544  0.386   116.15    64.95    42.26    32.59    26.73  2 -4.42e-08      0.00 6.770e-01 3.077e-01 1.782e-03 2.417e-03 6.160e-03 -1.000 1.536e-02 -4.226 1.861 0.323 -1.163 -2.638 -4.321 -6.037 -6.935 -7.229
0.0152 0.01508 9.00000 2.3086805344 2.5796736817    2.283  3.620  3.5267  0.235    8  0.545  0.386   123.66    68.79    44.64    34.45    28.27  2 -4.85e-08      0.00 6.770e-01 3.077e-01 1.782e-03 2.417e-03 6.160e-03 -1.000 1.536e-02 -4.281 1.860 0.388 -1.080 -2.604 -4.326 -6.101 -7.001 -7.300
0.0152 0.01508 9.00000 2.3086996078 2.5796742645    2.282  3.631  3.5256  0.220    8  0.546  0.386   127.32    70.65    45.79    35.36    29.01  2 -5.07e-08      0.00 6.770e-01 3.077e-01 1.782e-03 2.417e-03 6.160e-03 -1.000 1.536e-02 -4.307 1.860 0.419 -1.042 -2.589 -4.329 -6.130 -7.031 -7.333
0.0152 0.01508 9.00000 2.3086998463 2.5796742718    2.281  3.509  3.5388  0.395    8  0.546  0.386    90.25    51.53    33.88    26.04    21.35  2 -3.03e-08      0.00 6.770e-01 3.077e-01 1.782e-03 2.417e-03 6.160e-03 -1.000 1.536e-02 -4.001 1.868 0.132 -1.408 -2.727 -4.234 -5.779 -6.665 -6.940
0.0152 0.01508 9.00000 2.3087012768 2.5796743155    2.281  3.402  3.5503  0.547    8  0.546  0.386    66.85    39.13    26.05    19.94    16.34  3 -1.93e-08      0.00 6.770e-01 3.077e-01 1.782e-03 2.417e-03 6.160e-03 -1.000 1.536e-02 -3.736 1.867 -0.033 -1.623 -2.792 -4.086 -5.475 -6.344 -6.599
0.0152 0.01508 9.00000 2.3087041378 2.5796744029    2.281  3.195  3.5729  0.845    8  0.547  0.386    37.14    22.83    15.57    11.82     9.67  4 -7.82e-09      0.00 6.770e-01 3.077e-01 1.782e-03 2.417e-03 6.160e-03 -1.000 1.536e-02 -3.216 1.837 -0.144 -1.754 -2.743 -3.694 -4.890 -5.711 -5.929
0.0152 0.01508 9.00000 2.3087084293 2.5796745340    2.281  3.150  3.5777  0.909    8  0.547  0.386    32.74    20.33    13.94    10.57     8.64  4 -6.42e-09      0.00 6.770e-01 3.077e-01 1.782e-03 2.417e-03 6.160e-03 -1.000 1.536e-02 -3.105 1.821 -0.145 -1.747 -2.706 -3.601 -4.765 -5.575 -5.786
0.0152 0.01508 9.00000 2.3087143898 2.5796747161    2.281  3.214  3.5707  0.817    8  0.547  0.386    39.27    24.03    16.35    12.42    10.17  4 -8.53e-09      0.00 6.770e-01 3.077e-01 1.782e-03 2.417e-03 6.160e-03 -1.000 1.536e-02 -3.266 1.844 -0.144 -1.758 -2.759 -3.735 -4.945 -5.771 -5.993
0.0152 0.01508 9.00000 2.3087222576 2.5796749565    2.280  3.350  3.5559  0.621    8  0.548  0.386    57.73    34.21    22.91    17.50    14.33  3 -1.54e-08      0.00 6.770e-01 3.077e-01 1.782e-03 2.417e-03 6.160e-03 -1.000 1.536e-02 -3.606 1.866 -0.075 -1.677 -2.794 -3.993 -5.328 -6.185 -6.431
0.0152 0.01508 9.00000 2.3087320328 2.5796752552    2.280  3.486  3.5409  0.425    8  0.548  0.386    84.92    48.74    32.12    24.67    20.22  3 -2.76e-08      0.00 6.770e-01 3.077e-01 1.782e-03 2.417e-03 6.160e-03 -1.000 1.536e-02 -3.946 1.872 0.099 -1.452 -2.739 -4.205 -5.716 -6.599 -6.870
0.0152 0.01508 9.00000 2.3087437153 2.5796756122    2.279  3.582  3.5304  0.288    8  0.549  0.386   111.38    62.50    40.73    31.39    25.75  2 -4.13e-08      0.00 6.770e-01 3.077e-01 1.782e-03 2.417e-03 6.160e-03 -1.000 1.536e-02 -4.184 1.871 0.304 -1.189 -2.641 -4.302 -5.991 -6.887 -7.178
0.0152 0.01508 9.00000 2.3087577820 2.5796760420    2.279  3.632  3.5248  0.215    8  0.550  0.386   128.52    71.27    46.17    35.66    29.26  2  -5.1e-08      0.00 6.770e-01 3.077e-01 1.782e-03 2.417e-03 6.160e-03 -1.000 1.536e-02 -4.309 1.871 0.455 -0.998 -2.561 -4.314 -6.135 -7.038 -7.340
0.0152 0.01508 9.00000 2.3087739944 2.5796765373    2.278  3.652  3.5224  0.185    8  0.551  0.386   136.43    75.28    48.65    37.60    30.86  2 -5.57e-08      0.00 6.770e-01 3.077e-01 1.782e-03 2.417e-03 6.160e-03 -1.000 1.536e-02 -4.361 1.872 0.524 -0.913 -2.524 -4.316 -6.195 -7.100 -7.408
0.0152 0.01508 9.00000 2.3087923527 2.5796770982    2.277  3.662  3.5213  0.171    8  0.552  0.386   140.22    77.19    49.83    38.53    31.62  2  -5.8e-08      0.00 6.770e-01 3.077e-01 1.782e-03 2.417e-03 6.160e-03 -1.000 1.536e-02 -4.384 1.874 0.557 -0.871 -2.505 -4.316 -6.222 -7.128 -7.439
0.0152 0.01508 9.00000 2.3087928295 2.5796771128    2.276  3.555  3.5331  0.325    8  0.552  0.386   103.50    58.44    38.20    29.41    24.12  2 -3.71e-08      0.00 6.770e-01 3.077e-01 1.782e-03 2.417e-03 6.160e-03 -1.000 1.536e-02 -4.117 1.876 0.256 -1.251 -2.660 -4.271 -5.914 -6.808 -7.093
0.0152 0.01508 9.00000 2.3087942600 2.5796771565    2.276  3.449  3.5449  0.478    8  0.552  0.386    76.50    44.29    29.31    22.48    18.42  3 -2.36e-08      0.00 6.770e-01 3.077e-01 1.782e-03 2.417e-03 6.160e-03 -1.000 1.536e-02 -3.851 1.874 0.046 -1.521 -2.757 -4.148 -5.608 -6.485 -6.750
0.0152 0.01508 9.00000 2.3087971210 2.5796772439    2.276  3.244  3.5676  0.774    8  0.552  0.386    42.72    25.96    17.60    13.39    10.96  3 -9.79e-09      0.00 6.770e-01 3.077e-01 1.782e-03 2.417e-03 6.160e-03 -1.000 1.536e-02 -3.340 1.849 -0.138 -1.753 -2.775 -3.794 -5.028 -5.861 -6.088
0.0152 0.01508 9.00000 2.3088016510 2.5796773823    2.276  3.198  3.5727  0.840    8  0.553  0.386    37.51    23.04    15.70    11.93     9.76  4 -8.01e-09      0.00 6.770e-01 3.077e-01 1.782e-03 2.417e-03 6.160e-03 -1.000 1.536e-02 -3.226 1.834 -0.149 -1.760 -2.750 -3.703 -4.900 -5.721 -5.940
0.0152 0.01508 9.00000 2.3088078499 2.5796775717    2.275  3.262  3.5657  0.748    8  0.553  0.386    44.90    27.17    18.38    14.00    11.46  3 -1.06e-08      0.00 6.770e-01 3.077e-01 1.782e-03 2.417e-03 6.160e-03 -1.000 1.536e-02 -3.384 1.852 -0.132 -1.746 -2.782 -3.829 -5.078 -5.914 -6.144
0.0152 0.01508 9.00000 2.3088159561 2.5796778193    2.275  3.393  3.5510  0.558    8  0.554  0.386    65.39    38.35    25.55    19.55    16.02  3 -1.87e-08      0.00 6.770e-01 3.077e-01 1.782e-03 2.417e-03 6.160e-03 -1.000 1.536e-02 -3.714 1.871 -0.034 -1.626 -2.788 -4.069 -5.451 -6.318 -6.571
0.0152 0.01508 9.00000 2.3088262081 2.5796781325    2.274  3.525  3.5364  0.367    8  0.554  0.386    95.19    54.12    35.50    27.30    22.39  2 -3.28e-08      0.00 6.770e-01 3.077e-01 1.782e-03 2.417e-03 6.160e-03 -1.000 1.536e-02 -4.043 1.877 0.191 -1.335 -2.692 -4.243 -5.829 -6.718 -6.998
0.0152 0.01508 9.00000 2.3088386059 2.5796785113    2.274  3.618  3.5260  0.233    8  0.555  0.386   123.96    68.94    44.73    34.53    28.33  2 -4.84e-08      0.00 6.770e-01 3.077e-01 1.782e-03 2.417e-03 6.160e-03 -1.000 1.536e-02 -4.274 1.877 0.429 -1.033 -2.570 -4.304 -6.096 -6.997 -7.297
0.0152 0.01508 9.00000 2.3088531494 2.5796789556    2.273  3.667  3.5205  0.162    8  0.556  0.386   142.57    78.38    50.56    39.10    32.09  2 -5.94e-08      0.00 6.770e-01 3.077e-01 1.782e-03 2.417e-03 6.160e-03 -1.000 1.536e-02 -4.396 1.879 0.585 -0.837 -2.487 -4.312 -6.237 -7.144 -7.456
0.0152 0.01508 9.00000 2.3088700771 2.5796794728    2.272  3.687  3.5182  0.132    8  0.557  0.386   151.35    82.79    53.28    41.24    33.85  2 -6.72e-08      0.00 6.770e-01 3.077e-01 1.782e-03 2.417e-03 6.160e-03 -1.000 1.536e-02 -4.448 1.879 0.665 -0.734 -2.439 -4.299 -6.297 -7.206 -7.523
0.0152 0.01508 9.00000 2.3088893890 2.5796800627    2.271  3.697  3.5171  0.117    8  0.558  0.386   155.80    85.02    54.64    42.31    34.73  2 -7.46e-08      0.00 6.770e-01 3.077e-01 1.782e-03 2.417e-03 6.160e-03 -1.000 1.536e-02 -4.474 1.879 0.704 -0.682 -2.415 -4.291 -6.325 -7.236 -7.555
0.0152 0.01508 9.00000 2.3088896275 2.5796800700    2.270  3.608  3.5271  0.247    8  0.558  0.386   120.65    67.25    43.68    33.71    27.65  2 -4.67e-08      0.00 6.770e-01 3.077e-01 1.782e-03 2.417e-03 6.160e-03 -1.000 1.536e-02 -4.250 1.877 0.398 -1.072 -2.587 -4.302 -6.068 -6.968 -7.266
0.0152 0.01508 9.00000 2.3088910580 2.5796801137    2.270  3.500  3.5393  0.403    8  0.559  0.386    88.58    50.66    33.33    25.61    21.00  2 -2.97e-08      0.00 6.770e-01 3.077e-01 1.782e-03 2.417e-03 6.160e-03 -1.000 1.536e-02 -3.980 1.875 0.128 -1.416 -2.725 -4.221 -5.756 -6.641 -6.915
0.0152 0.01508 9.00000 2.3088939190 2.5796802011    2.270  3.299  3.5622  0.696    8  0.559  0.386    49.73    29.84    20.10    15.33    12.55  3 -1.25e-08      0.00 6.770e-01 3.077e-01 1.782e-03 2.417e-03 6.160e-03 -1.000 1.536e-02 -3.477 1.850 -0.130 -1.744 -2.806 -3.904 -5.181 -6.025 -6.260
0.0152 0.01508 9.00000 2.3088982105 2.5796803322    2.270  3.251  3.5676  0.765    8  0.559  0.386    43.41    26.35    17.85    13.59    11.12  3 -1.02e-08      0.00 6.770e-01 3.077e-01 1.781e-03 2.417e-03 6.160e-03 -1.000 1.536e-02 -3.358 1.838 -0.153 -1.770 -2.793 -3.812 -5.047 -5.879 -6.106
0.0152 0.01508 9.00000 2.3089044094 2.5796805216    2.269  3.312  3.5607  0.676    8  0.560  0.386    51.72    30.94    20.81    15.88    13.00  3 -1.33e-08      0.00 6.770e-01 3.077e-01 1.781e-03 2.417e-03 6.160e-03 -1.000 1.536e-02 -3.511 1.853 -0.124 -1.737 -2.811 -3.930 -5.220 -6.067 -6.305
0.0152 0.01508 9.00000 2.3089122772 2.5796807619    2.268  3.439  3.5463  0.492    8  0.560  0.386    74.36    43.15    28.59    21.92    17.97  3 -2.29e-08      0.00 6.770e-01 3.077e-01 1.781e-03 2.417e-03 6.160e-03 -1.000 1.536e-02 -3.827 1.870 0.020 -1.555 -2.773 -4.138 -5.579 -6.454 -6.716
0.0152 0.01508 9.00000 2.3089220524 2.5796810606    2.268  3.564  3.5319  0.309    8  0.561  0.386   106.67    60.07    39.22    30.21    24.78  2  -3.9e-08      0.00 6.770e-01 3.077e-01 1.781e-03 2.417e-03 6.160e-03 -1.000 1.536e-02 -4.141 1.879 0.281 -1.220 -2.647 -4.280 -5.942 -6.837 -7.125
0.0152 0.01508 9.00000 2.3089339733 2.5796814247    2.267  3.652  3.5219  0.181    8  0.562  0.386   137.23    75.68    48.89    37.80    31.02  2 -5.63e-08      0.00 6.769e-01 3.077e-01 1.781e-03 2.417e-03 6.160e-03 -1.000 1.536e-02 -4.360 1.883 0.551 -0.881 -2.502 -4.304 -6.195 -7.101 -7.410
0.0152 0.01508 9.00000 2.3089480400 2.5796818544    2.266  3.697  3.5166  0.114    8  0.563  0.386   156.53    85.38    54.86    42.49    34.88  2 -7.53e-08      0.00 6.769e-01 3.077e-01 1.781e-03 2.417e-03 6.160e-03 -1.000 1.536e-02 -4.474 1.886 0.728 -0.652 -2.395 -4.278 -6.327 -7.238 -7.558
0.0152 0.01508 9.00000 2.3089644909 2.5796823570    2.264  3.716  3.5145  0.087    8  0.564  0.386   165.19    89.70    57.51    44.57    36.59  2 -9.13e-08      0.00 6.769e-01 3.077e-01 1.781e-03 2.417e-03 6.160e-03 -1.000 1.536e-02 -4.520 1.888 0.807 -0.549 -2.346 -4.260 -6.380 -7.293 -7.618
0.0152 0.01508 9.00000 2.3089830875 2.5796829250    2.263  3.724  3.5136  0.075    8  0.565  0.386   169.18    91.69    58.72    45.53    37.38  2 -9.95e-08      0.00 6.769e-01 3.077e-01 1.781e-03 2.417e-03 6.160e-03 -1.000 1.536e-02 -4.540 1.889 0.841 -0.504 -2.324 -4.253 -6.403 -7.318 -7.645
0.0152 0.01508 9.00000 2.3089833260 2.5796829323    2.263  3.652  3.5219  0.180    8  0.565  0.386   137.39    75.76    48.94    37.84    31.05  2 -5.66e-08      0.00 6.769e-01 3.077e-01 1.781e-03 2.417e-03 6.160e-03 -1.000 1.536e-02 -4.359 1.885 0.554 -0.878 -2.500 -4.302 -6.195 -7.101 -7.410
0.0152 0.01508 9.00000 2.3089847565 2.5796829760    2.262  3.543  3.5345  0.340    8  0.565  0.386   100.28    56.77    37.15    28.60    23.45  2 -3.59e-08      0.00 6.769e-01 3.077e-01 1.781e-03 2.417e-03 6.160e-03 -1.000 1.536e-02 -4.086 1.878 0.228 -1.289 -2.675 -4.261 -5.879 -6.771 -7.054
0.0152 0.01508 9.00000 2.3089871407 2.5796830488    2.262  3.345  3.5575  0.630    8  0.566  0.386    56.63    33.62    22.53    17.21    14.10  3 -1.55e-08      0.00 6.769e-01 3.077e-01 1.781e-03 2.417e-03 6.160e-03 -1.000 1.536e-02 -3.592 1.852 -0.107 -1.717 -2.819 -3.991 -5.310 -6.163 -6.407
0.0152 0.01508 9.00000 2.3089911938 2.5796831726    2.262  3.296  3.5631  0.701    8  0.566  0.386    49.20    29.56    19.92    15.19    12.43  3 -1.26e-08      0.00 6.769e-01 3.077e-01 1.781e-03 2.417e-03 6.160e-03 -1.000 1.536e-02 -3.470 1.840 -0.146 -1.762 -2.818 -3.902 -5.172 -6.013 -6.248
0.0152 0.01508 9.00000 2.3089966774 2.5796833402    2.261  3.356  3.5562  0.613    8  0.566  0.386    58.47    34.62    23.17    17.71    14.50  3 -1.63e-08      0.00 6.769e-01 3.077e-01 1.781e-03 2.417e-03 6.160e-03 -1.000 1.536e-02 -3.619 1.854 -0.096 -1.702 -2.816 -4.009 -5.341 -6.197 -6.443
0.0152 0.01508 9.00000 2.3090038300 2.5796835586    2.260  3.478  3.5420  0.435    8  0.567  0.386    83.18    47.83    31.54    24.22    19.86  3 -2.74e-08      0.00 6.769e-01 3.077e-01 1.781e-03 2.417e-03 6.160e-03 -1.000 1.536e-02 -3.924 1.873 0.083 -1.474 -2.747 -4.193 -5.691 -6.572 -6.841
0.0152 0.01508 9.00000 2.3090126514 2.5796838281    2.259  3.598  3.5279  0.257    8  0.568  0.386   117.97    65.88    42.83    33.05    27.11  2 -4.55e-08      0.00 6.769e-01 3.077e-01 1.781e-03 2.417e-03 6.160e-03 -1.000 1.536e-02 -4.225 1.884 0.384 -1.091 -2.591 -4.294 -6.041 -6.940 -7.236
0.0152 0.01508 9.00000 2.3090233803 2.5796841558    2.258  3.682  3.5180  0.134    8  0.568  0.386   150.52    82.37    53.01    41.04    33.68  2  -6.5e-08      0.00 6.769e-01 3.077e-01 1.781e-03 2.417e-03 6.160e-03 -1.000 1.536e-02 -4.435 1.893 0.686 -0.709 -2.418 -4.281 -6.284 -7.194 -7.511
0.0152 0.01508 9.00000 2.3090362549 2.5796845491    2.257  3.726  3.5128  0.069    8  0.569  0.386   171.06    92.61    59.29    45.98    37.74  2 -1.02e-07      0.00 6.769e-01 3.077e-01 1.781e-03 2.417e-03 6.160e-03 -1.000 1.536e-02 -4.545 1.898 0.878 -0.458 -2.296 -4.235 -6.410 -7.326 -7.654
0.0152 0.01508 9.00000 2.3090507984 2.5796849933    2.256  3.744  3.5106  0.042    8  0.571  0.386   180.44    97.26    62.12    48.21    39.58  2 -1.24e-07      0.00 6.769e-01 3.077e-01 1.781e-03 2.417e-03 6.160e-03 -1.000 1.536e-02 -4.590 1.901 0.959 -0.352 -2.244 -4.215 -6.463 -7.380 -7.713
0.0152 0.01508 9.00000 2.3090677261 2.5796855103    2.254  3.752  3.5096  0.029    8  0.572  0.386   185.02    99.51    63.50    49.30    40.48  2 -1.35e-07      0.00 6.769e-01 3.077e-01 1.781e-03 2.417e-03 6.160e-03 -1.000 1.536e-02 -4.611 1.902 0.995 -0.306 -2.221 -4.206 -6.487 -7.406 -7.741
0.0152 0.01508 9.00000 2.3090679646 2.5796855176    2.253  3.696  3.5162  0.112    8  0.572  0.386   157.01    85.62    55.00    42.61    34.97  2 -7.54e-08      0.00 6.769e-01 3.077e-01 1.781e-03 2.417e-03 6.160e-03 -1.000 1.536e-02 -4.469 1.897 0.755 -0.620 -2.373 -4.262 -6.324 -7.235 -7.556
0.0152 0.01508 9.00000 2.3090691566 2.5796855540    2.253  3.585  3.5293  0.275    8  0.572  0.386   113.93    63.81    41.54    32.04    26.28  2 -4.35e-08      0.00 6.769e-01 3.077e-01 1.781e-03 2.417e-03 6.160e-03 -1.000 1.536e-02 -4.193 1.885 0.345 -1.140 -2.612 -4.291 -6.004 -6.902 -7.195
0.0152 0.01508 9.00000 2.3090715408 2.5796856269    2.253  3.391  3.5524  0.562    8  0.572  0.386    64.66    37.98    25.30    19.37    15.87  3 -1.91e-08      0.00 6.769e-01 3.077e-01 1.781e-03 2.417e-03 6.160e-03 -1.000 1.536e-02 -3.707 1.857 -0.066 -1.664 -2.814 -4.071 -5.440 -6.303 -6.555
0.0152 0.01508 9.00000 2.3090753555 2.5796857434    2.252  3.340  3.5584  0.636    8  0.573  0.386    55.84    33.20    22.26    17.00    13.92  3 -1.54e-08      0.00 6.769e-01 3.077e-01 1.781e-03 2.417e-03 6.160e-03 -1.000 1.536e-02 -3.581 1.846 -0.124 -1.737 -2.830 -3.986 -5.296 -6.147 -6.389
0.0152 0.01508 9.00000 2.3090806007 2.5796859036    2.251  3.398  3.5515  0.550    8  0.573  0.386    66.10    38.75    25.80    19.75    16.18  3 -1.98e-08      0.00 6.769e-01 3.077e-01 1.781e-03 2.417e-03 6.160e-03 -1.000 1.536e-02 -3.725 1.859 -0.058 -1.654 -2.812 -4.084 -5.461 -6.326 -6.580
0.0152 0.01508 9.00000 2.3090872765 2.5796861075    2.251  3.515  3.5376  0.378    8  0.574  0.386    92.92    52.95    34.75    26.73    21.92  2 -3.25e-08      0.00 6.769e-01 3.077e-01 1.781e-03 2.417e-03 6.160e-03 -1.000 1.536e-02 -4.018 1.879 0.165 -1.370 -2.707 -4.235 -5.799 -6.687 -6.964
0.0152 0.01508 9.00000 2.3090956211 2.5796863624    2.249  3.630  3.5239  0.208    8  0.574  0.386   129.95    71.99    46.61    36.02    29.55  2 -5.26e-08      0.00 6.769e-01 3.077e-01 1.781e-03 2.417e-03 6.160e-03 -1.000 1.536e-02 -4.305 1.892 0.504 -0.942 -2.522 -4.291 -6.134 -7.038 -7.342
0.0152 0.01508 9.00000 2.3091058731 2.5796866755    2.248  3.709  3.5144  0.090    8  0.575  0.386   163.91    89.06    57.10    44.27    36.34  2 -8.76e-08      0.00 6.769e-01 3.077e-01 1.781e-03 2.417e-03 6.160e-03 -1.000 1.536e-02 -4.503 1.903 0.828 -0.525 -2.324 -4.240 -6.364 -7.278 -7.602
0.0152 0.01508 9.00000 2.3091180325 2.5796870469    2.246  3.750  3.5094  0.029    8  0.576  0.386   184.76    99.38    63.41    49.23    40.42  2 -1.34e-07      0.00 6.769e-01 3.077e-01 1.781e-03 2.417e-03 6.160e-03 -1.000 1.536e-02 -4.605 1.909 1.008 -0.291 -2.209 -4.196 -6.481 -7.400 -7.736
0.0152 0.01508 9.00000 2.3091318607 2.5796874692    2.245  3.766  3.5075  0.005    8  0.577  0.386   193.83   103.84    66.12    51.38    42.19  2 -1.58e-07      0.00 6.769e-01 3.077e-01 1.781e-03 2.417e-03 6.160e-03 -1.000 1.536e-02 -4.645 1.910 1.072 -0.208 -2.168 -4.176 -6.528 -7.449 -7.788
0.0152 0.01508 9.00000 2.3091478348 2.5796879571    2.242  3.773  3.5066 -0.006    8  0.579  0.386   197.80   105.78    67.30    52.31    42.95  2  -1.7e-07      0.00 6.769e-01 3.077e-01 1.781e-03 2.417e-03 6.160e-03 -1.000 1.536e-02 -4.662 1.911 1.100 -0.172 -2.150 -4.167 -6.547 -7.469 -7.810
0.0152 0.01508 9.00000 2.3091480732 2.5796879644    2.242  3.731  3.5116  0.056    8  0.579  0.386   175.19    94.65    60.52    46.96    38.55  2 -1.11e-07      0.00 6.769e-01 3.077e-01 1.781e-03 2.417e-03 6.160e-03 -1.000 1.536e-02 -4.558 1.910 0.934 -0.388 -2.256 -4.212 -6.427 -7.344 -7.675
0.0152 0.01508 9.00000 2.3091492653 2.5796880008    2.242  3.620  3.5250  0.221    8  0.579  0.386   126.54    70.26    45.53    35.18    28.86  2  -5.1e-08      0.00 6.769e-01 3.077e-01 1.781e-03 2.417e-03 6.160e-03 -1.000 1.536e-02 -4.280 1.893 0.472 -0.982 -2.540 -4.289 -6.105 -7.007 -7.309
0.0152 0.01508 9.00000 2.3091516495 2.5796880736    2.241  3.429  3.5482  0.504    8  0.579  0.386    72.28    42.07    27.90    21.39    17.53  3 -2.29e-08      0.00 6.769e-01 3.077e-01 1.781e-03 2.417e-03 6.160e-03 -1.000 1.536e-02 -3.802 1.862 -0.020 -1.605 -2.801 -4.131 -5.548 -6.419 -6.678
0.0152 0.01508 9.00000 2.3091554642 2.5796881901    2.241  3.377  3.5544  0.581    8  0.579  0.386    62.16    36.64    24.45    18.71    15.32  3 -1.84e-08      0.00 6.769e-01 3.077e-01 1.781e-03 2.417e-03 6.160e-03 -1.000 1.536e-02 -3.673 1.850 -0.091 -1.696 -2.827 -4.051 -5.400 -6.260 -6.508
0.0152 0.01508 9.00000 2.3091604710 2.5796883430    2.240  3.434  3.5475  0.496    8  0.580  0.386    73.46    42.69    28.29    21.70    17.78  3 -2.34e-08      0.00 6.769e-01 3.077e-01 1.781e-03 2.417e-03 6.160e-03 -1.000 1.536e-02 -3.815 1.863 -0.010 -1.592 -2.796 -4.138 -5.564 -6.436 -6.696
0.0152 0.01508 9.00000 2.3091671467 2.5796885469    2.238  3.547  3.5338  0.328    8  0.580  0.386   102.35    57.85    37.82    29.13    23.89  2 -3.78e-08      0.00 6.769e-01 3.077e-01 1.781e-03 2.417e-03 6.160e-03 -1.000 1.536e-02 -4.098 1.885 0.248 -1.265 -2.663 -4.262 -5.893 -6.785 -7.070
0.0152 0.01508 9.00000 2.3091754913 2.5796888017    2.237  3.658  3.5203  0.163    8  0.581  0.386   141.66    77.91    50.25    38.89    31.91  2    -6e-08      0.00 6.769e-01 3.077e-01 1.781e-03 2.417e-03 6.160e-03 -1.000 1.536e-02 -4.374 1.903 0.617 -0.802 -2.457 -4.285 -6.215 -7.123 -7.435
0.0152 0.01508 9.00000 2.3091855049 2.5796891076    2.235  3.734  3.5110  0.049    8  0.582  0.386   177.37    95.72    61.17    47.48    38.98  2 -1.15e-07      0.00 6.769e-01 3.077e-01 1.781e-03 2.417e-03 6.160e-03 -1.000 1.536e-02 -4.565 1.916 0.963 -0.351 -2.234 -4.200 -6.436 -7.354 -7.686
0.0152 0.01508 9.00000 2.3091974258 2.5796894716    2.233  3.773  3.5061 -0.010    8  0.583  0.386   199.35   106.52    67.75    52.67    43.25  2 -1.74e-07      0.00 6.769e-01 3.077e-01 1.781e-03 2.417e-03 6.160e-03 -1.000 1.536e-02 -4.663 1.919 1.128 -0.138 -2.128 -4.151 -6.550 -7.473 -7.815
0.0152 0.01508 9.00000 2.3092112541 2.5796898939    2.231  3.789  3.5040 -0.035    8  0.584  0.386   209.25   111.35    70.67    54.98    45.15  2 -2.06e-07      0.00 6.769e-01 3.077e-01 1.781e-03 2.417e-03 6.160e-03 -1.000 1.536e-02 -4.703 1.923 1.203 -0.043 -2.080 -4.126 -6.596 -7.521 -7.868
0.0152 0.01508 9.00000 2.3092269897 2.5796903745    2.228  3.796  3.5031 -0.046    8  0.586  0.386   214.01   113.66    72.07    56.09    46.07  2 -2.23e-07      0.00 6.769e-01 3.077e-01 1.781e-03 2.417e-03 6.160e-03 -1.000 1.536e-02 -4.721 1.926 1.239 0.003 -2.055 -4.112 -6.617 -7.543 -7.892
0.0152 0.01508 9.00000 2.3092272282 2.5796903818    2.228  3.769  3.5063 -0.006    8  0.586  0.386   197.72   105.72    67.25    52.28    42.93  2 -1.68e-07      0.00 6.769e-01 3.077e-01 1.781e-03 2.417e-03 6.160e-03 -1.000 1.536e-02 -4.653 1.923 1.123 -0.145 -2.130 -4.150 -6.539 -7.462 -7.803
0.0152 0.01508 9.00000 2.3092284203 2.5796904182    2.227  3.657  3.5201  0.161    8  0.586  0.386   142.17    78.16    50.40    39.01    32.01  2 -6.07e-08      0.00 6.769e-01 3.077e-01 1.781e-03 2.417e-03 6.160e-03 -1.000 1.536e-02 -4.374 1.908 0.628 -0.791 -2.449 -4.280 -6.215 -7.123 -7.435
0.0152 0.01508 9.00000 2.3092303276 2.5796904764    2.227  3.469  3.5433  0.441    8  0.586  0.386    81.70    47.07    31.05    23.86    19.55  3 -2.77e-08      0.00 6.769e-01 3.077e-01 1.781e-03 2.417e-03 6.160e-03 -1.000 1.536e-02 -3.904 1.872 0.059 -1.506 -2.764 -4.185 -5.666 -6.545 -6.813
0.0152 0.01508 9.00000 2.3092336655 2.5796905784    2.226  3.416  3.5498  0.521    8  0.586  0.386    69.87    40.79    27.08    20.76    17.01  3 -2.22e-08      0.00 6.769e-01 3.077e-01 1.782e-03 2.417e-03 6.160e-03 -1.000 1.536e-02 -3.771 1.859 -0.047 -1.641 -2.816 -4.117 -5.512 -6.380 -6.636
0.0152 0.01508 9.00000 2.3092381954 2.5796907167    2.225  3.472  3.5430  0.438    8  0.587  0.386    82.29    47.38    31.25    24.01    19.68  3 -2.81e-08      0.00 6.769e-01 3.077e-01 1.782e-03 2.417e-03 6.160e-03 -1.000 1.536e-02 -3.909 1.873 0.065 -1.499 -2.761 -4.188 -5.673 -6.552 -6.820
0.0152 0.01508 9.00000 2.3092441559 2.5796908987    2.224  3.580  3.5295  0.275    8  0.587  0.386   113.42    63.56    41.37    31.92    26.18  2 -4.43e-08      0.00 6.769e-01 3.077e-01 1.782e-03 2.417e-03 6.160e-03 -1.000 1.536e-02 -4.180 1.895 0.348 -1.139 -2.607 -4.283 -5.990 -6.888 -7.181
0.0152 0.01508 9.00000 2.3092515469 2.5796911244    2.222  3.686  3.5164  0.117    8  0.588  0.386   155.01    84.60    54.36    42.12    34.57  2 -7.14e-08      0.00 6.769e-01 3.077e-01 1.782e-03 2.417e-03 6.160e-03 -1.000 1.536e-02 -4.444 1.916 0.768 -0.608 -2.356 -4.242 -6.298 -7.210 -7.530
0.0152 0.01508 9.00000 2.3092606068 2.5796914011    2.220  3.758  3.5074  0.008    8  0.589  0.386   192.16   102.98    65.59    50.97    41.85  2 -1.51e-07      0.00 6.769e-01 3.077e-01 1.782e-03 2.417e-03 6.160e-03 -1.000 1.536e-02 -4.625 1.928 1.094 -0.183 -2.145 -4.153 -6.508 -7.429 -7.768
0.0152 0.01508 9.00000 2.3092710972 2.5796917215    2.218  3.795  3.5027 -0.048    8  0.590  0.386   214.62   113.95    72.24    56.23    46.18  2 -2.23e-07      0.00 6.769e-01 3.077e-01 1.782e-03 2.417e-03 6.160e-03 -1.000 1.536e-02 -4.717 1.935 1.263 0.032 -2.035 -4.096 -6.614 -7.541 -7.890
0.0152 0.01508 9.00000 2.3092832565 2.5796920928    2.215  3.810  3.5007 -0.071    8  0.591  0.386   224.50   118.73    75.13    58.52    48.06  2  -2.6e-07      0.00 6.769e-01 3.077e-01 1.782e-03 2.417e-03 6.160e-03 -1.000 1.536e-02 -4.754 1.941 1.339 0.127 -1.985 -4.069 -6.657 -7.586 -7.939
0.0152 0.01508 9.00000 2.3092973232 2.5796925223    2.212  3.816  3.4999 -0.082    8  0.592  0.386   229.05   120.93    76.45    59.57    48.93  2 -2.79e-07      0.00 6.769e-01 3.077e-01 1.781e-03 2.417e-03 6.160e-03 -1.000 1.536e-02 -4.769 1.945 1.374 0.170 -1.961 -4.055 -6.675 -7.605 -7.960
0.0152 0.01508 9.00000 2.3092975616 2.5796925296    2.211  3.802  3.5016 -0.061    8  0.592  0.386   219.82   116.46    73.75    57.43    47.17  2 -2.41e-07      0.00 6.769e-01 3.077e-01 1.782e-03 2.417e-03 6.160e-03 -1.000 1.536e-02 -4.734 1.942 1.310 0.089 -2.003 -4.077 -6.635 -7.563 -7.914
0.0152 0.01508 9.00000 2.3092987537 2.5796925660    2.211  3.689  3.5157  0.108    8  0.592  0.386   157.49    85.83    55.11    42.72    35.06  2 -7.53e-08      0.00 6.769e-01 3.077e-01 1.782e-03 2.417e-03 6.160e-03 -1.000 1.536e-02 -4.453 1.923 0.802 -0.565 -2.332 -4.229 -6.309 -7.222 -7.544
0.0152 0.01508 9.00000 2.3093006611 2.5796926243    2.210  3.504  3.5388  0.385    8  0.593  0.386    91.06    51.99    34.14    26.27    21.53  2 -3.29e-08      0.00 6.769e-01 3.077e-01 1.783e-03 2.417e-03 6.160e-03 -1.000 1.536e-02 -3.991 1.885 0.143 -1.401 -2.720 -4.225 -5.769 -6.655 -6.930
0.0152 0.01508 9.00000 2.3093039989 2.5796927262    2.210  3.450  3.5456  0.467    8  0.593  0.386    77.52    44.87    29.66    22.78    18.66  3 -2.62e-08      0.00 6.769e-01 3.077e-01 1.784e-03 2.417e-03 6.160e-03 -1.000 1.536e-02 -3.855 1.870 0.020 -1.556 -2.783 -4.160 -5.610 -6.485 -6.749
0.0152 0.01508 9.00000 2.3093082905 2.5796928572    2.208  3.505  3.5388  0.385    8  0.593  0.387    91.16    52.05    34.18    26.30    21.56  2  -3.3e-08      0.00 6.769e-01 3.077e-01 1.786e-03 2.417e-03 6.160e-03 -1.000 1.537e-02 -3.992 1.886 0.145 -1.399 -2.719 -4.225 -5.769 -6.655 -6.931
0.0152 0.01508 9.00000 2.3093142509 2.5796930393    2.207  3.610  3.5255  0.226    8  0.594  0.387   124.63    69.29    44.91    34.71    28.47  2 -5.13e-08      0.00 6.769e-01 3.077e-01 1.787e-03 2.417e-03 6.160e-03 -1.000 1.537e-02 -4.254 1.908 0.473 -0.985 -2.533 -4.274 -6.078 -6.979 -7.280
0.0152 0.01508 9.00000 2.3093216419 2.5796932650    2.205  3.711  3.5127  0.073    8  0.595  0.387   168.67    91.38    58.50    45.40    37.26  2 -9.55e-08      0.00 6.769e-01 3.077e-01 1.789e-03 2.417e-03 6.160e-03 -1.000 1.537e-02 -4.508 1.932 0.919 -0.415 -2.255 -4.195 -6.374 -7.289 -7.618
0.0152 0.01508 9.00000 2.3093304634 2.5796935343    2.202  3.781  3.5038 -0.032    8  0.596  0.387   207.61   110.50    70.14    54.59    44.82  2 -1.97e-07      0.00 6.769e-01 3.077e-01 1.789e-03 2.417e-03 6.160e-03 -1.000 1.537e-02 -4.681 1.944 1.231 -0.011 -2.051 -4.099 -6.575 -7.500 -7.847
0.0152 0.01508 9.00000 2.3093407154 2.5796938474    2.199  3.816  3.4992 -0.087    8  0.597  0.387   231.12   121.89    77.02    60.03    49.31  2 -2.86e-07      0.00 6.769e-01 3.077e-01 1.789e-03 2.417e-03 6.160e-03 -1.000 1.537e-02 -4.770 1.954 1.402 0.202 -1.939 -4.037 -6.678 -7.608 -7.964
0.0152 0.01508 9.00000 2.3093528748 2.5796942187    2.196  3.830  3.4973 -0.110    8  0.598  0.387   241.69   126.97    80.09    62.46    51.31  2 -3.33e-07      0.00 6.769e-01 3.077e-01 1.786e-03 2.417e-03 6.160e-03 -1.000 1.537e-02 -4.806 1.959 1.462 0.274 -1.901 -4.013 -6.719 -7.651 -8.012
0.0152 0.01508 9.00000 2.3093667030 2.5796946409    2.192  3.837  3.4963 -0.121    8  0.599  0.386   246.91   129.47    81.58    63.65    52.29  2 -3.58e-07      0.00 6.769e-01 3.077e-01 1.781e-03 2.417e-03 6.160e-03 -1.000 1.536e-02 -4.822 1.963 1.493 0.310 -1.881 -4.000 -6.738 -7.671 -8.034
0.0152 0.01508 9.00000 2.3093669415 2.5796946482    2.191  3.835  3.4965 -0.119    8  0.599  0.392   246.04   129.05    81.33    63.45    52.12  2 -3.54e-07      0.00 6.769e-01 3.078e-01 1.813e-03 2.417e-03 6.160e-03 -1.000 1.539e-02 -4.818 1.964 1.490 0.306 -1.883 -4.001 -6.734 -7.667 -8.030
0.0152 0.01508 9.00000 2.3093678951 2.5796946773    2.191  3.723  3.5109  0.052    8  0.599  0.393   175.68    94.84    60.61    47.07    38.63  2  -1.1e-07      0.00 6.769e-01 3.078e-01 1.814e-03 2.417e-03 6.160e-03 -1.000 1.539e-02 -4.536 1.943 0.996 -0.317 -2.202 -4.169 -6.408 -7.326 -7.658
0.0152 0.01508 9.00000 2.3093698025 2.5796947356    2.190  3.541  3.5340  0.326    8  0.599  0.393   102.19    57.78    37.76    29.11    23.87  2 -3.94e-08      0.00 6.768e-01 3.078e-01 1.816e-03 2.417e-03 6.161e-03 -1.000 1.540e-02 -4.083 1.899 0.254 -1.262 -2.656 -4.250 -5.877 -6.769 -7.053
0.0152 0.01508 9.00000 2.3093726635 2.5796948229    2.189  3.485  3.5411  0.409    8  0.600  0.393    86.56    49.65    32.66    25.13    20.59  2 -3.13e-08      0.00 6.768e-01 3.078e-01 1.818e-03 2.417e-03 6.161e-03 -1.000 1.540e-02 -3.943 1.885 0.101 -1.456 -2.742 -4.205 -5.713 -6.596 -6.867
0.0152 0.01508 9.00000 2.3093769550 2.5796949540    2.188  3.539  3.5343  0.328    8  0.600  0.394   101.63    57.49    37.57    28.97    23.75  2 -3.92e-08      0.00 6.768e-01 3.078e-01 1.821e-03 2.417e-03 6.161e-03 -1.000 1.540e-02 -4.077 1.899 0.250 -1.268 -2.659 -4.248 -5.871 -6.762 -7.046
0.0152 0.01508 9.00000 2.3093822002 2.5796951141    2.186  3.640  3.5212  0.174    8  0.601  0.395   137.79    75.94    49.01    37.95    31.13  2 -5.99e-08      0.00 6.768e-01 3.078e-01 1.823e-03 2.417e-03 6.161e-03 -1.000 1.540e-02 -4.331 1.926 0.614 -0.813 -2.448 -4.261 -6.169 -7.076 -7.386
0.0152 0.01508 9.00000 2.3093888760 2.5796953180    2.183  3.738  3.5087  0.026    8  0.601  0.395   184.64    99.24    63.28    49.19    40.38  2  -1.3e-07      0.00 6.768e-01 3.078e-01 1.825e-03 2.417e-03 6.161e-03 -1.000 1.541e-02 -4.575 1.950 1.076 -0.214 -2.148 -4.142 -6.453 -7.373 -7.710
0.0152 0.01508 9.00000 2.3093969822 2.5796955655    2.180  3.804  3.5000 -0.076    8  0.602  0.395   225.62   119.19    75.38    58.75    48.25  2  -2.6e-07      0.00 6.768e-01 3.078e-01 1.825e-03 2.417e-03 6.161e-03 -1.000 1.541e-02 -4.740 1.966 1.391 0.188 -1.940 -4.031 -6.646 -7.575 -7.930
0.0152 0.01508 9.00000 2.3094065189 2.5796958567    2.177  3.838  3.4955 -0.128    8  0.603  0.394   250.30   131.05    82.52    64.41    52.91  2 -3.72e-07      0.00 6.768e-01 3.078e-01 1.823e-03 2.417e-03 6.161e-03 -1.000 1.540e-02 -4.825 1.975 1.529 0.351 -1.854 -3.979 -6.744 -7.678 -8.042
0.0152 0.01508 9.00000 2.3094177246 2.5796961988    2.173  3.852  3.4936 -0.151    8  0.604  0.393   261.60   136.43    85.76    66.98    55.02  0 -4.33e-07      0.00 6.768e-01 3.078e-01 1.815e-03 2.417e-03 6.160e-03 -1.000 1.540e-02 -4.860 1.982 1.592 0.425 -1.814 -3.953 -6.784 -7.721 -8.089
0.0152 0.01508 9.00000 2.3094303608 2.5796965846    2.168  3.859  3.4926 -0.162    8  0.606  0.390   267.42   139.19    87.41    68.29    56.10  0 -4.66e-07      0.00 6.769e-01 3.077e-01 1.802e-03 2.417e-03 6.160e-03 -1.000 1.538e-02 -4.876 1.987 1.626 0.465 -1.791 -3.937 -6.803 -7.741 -8.111
0.0152 0.01508 9.00000 2.3094305992 2.5796965919    2.168  3.868  3.4912 -0.178    8  0.606  0.412   275.64   143.09    89.74    70.15    57.63  0 -5.18e-07      0.01 6.766e-01 3.079e-01 1.905e-03 2.416e-03 6.161e-03 -1.000 1.549e-02 -4.901 1.993 1.671 0.516 -1.764 -3.919 -6.831 -7.771 -8.144
0.0152 0.01508 9.00000 2.3094315529 2.5796966210    2.167  3.755  3.5059 -0.006    8  0.606  0.412   196.24   104.90    66.72    51.91    42.62  2  -1.6e-07      0.00 6.766e-01 3.079e-01 1.905e-03 2.416e-03 6.161e-03 -1.000 1.549e-02 -4.618 1.961 1.177 -0.085 -2.077 -4.102 -6.505 -7.429 -7.771
0.0152 0.01508 9.00000 2.3094332218 2.5796966720    2.167  3.577  3.5291  0.265    8  0.606  0.412   114.73    64.24    41.77    32.26    26.46  2 -4.73e-08      0.00 6.766e-01 3.079e-01 1.906e-03 2.416e-03 6.161e-03 -1.000 1.549e-02 -4.172 1.917 0.380 -1.106 -2.582 -4.266 -5.983 -6.881 -7.175
0.0152 0.01508 9.00000 2.3094360828 2.5796967594    2.165  3.520  3.5365  0.352    8  0.606  0.413    96.67    54.93    35.97    27.72    22.72  2 -3.73e-08      0.00 6.766e-01 3.079e-01 1.907e-03 2.416e-03 6.161e-03 -1.000 1.549e-02 -4.029 1.902 0.205 -1.327 -2.683 -4.231 -5.815 -6.703 -6.983
0.0152 0.01508 9.00000 2.3094398975 2.5796968758    2.164  3.572  3.5297  0.272    8  0.607  0.413   113.25    63.48    41.29    31.90    26.15  2 -4.65e-08      0.00 6.766e-01 3.079e-01 1.908e-03 2.416e-03 6.161e-03 -1.000 1.549e-02 -4.160 1.917 0.365 -1.125 -2.591 -4.265 -5.969 -6.867 -7.159
0.0152 0.01508 9.00000 2.3094449043 2.5796970287    2.161  3.670  3.5168  0.122    8  0.607  0.413   152.28    83.20    53.47    41.46    34.02  2 -6.99e-08      0.00 6.766e-01 3.079e-01 1.909e-03 2.416e-03 6.161e-03 -1.000 1.550e-02 -4.405 1.947 0.785 -0.596 -2.335 -4.214 -6.257 -7.169 -7.488
0.0152 0.01508 9.00000 2.3094513416 2.5796972252    2.159  3.763  3.5045 -0.021    8  0.608  0.413   202.05   107.72    68.42    53.27    43.73  2 -1.76e-07      0.00 6.766e-01 3.079e-01 1.909e-03 2.416e-03 6.161e-03 -1.000 1.550e-02 -4.638 1.969 1.234 -0.015 -2.038 -4.078 -6.529 -7.454 -7.799
0.0152 0.01508 9.00000 2.3094589710 2.5796974582    2.155  3.826  3.4961 -0.119    8  0.608  0.413   244.95   128.43    80.93    63.17    51.88  2 -3.42e-07      0.00 6.766e-01 3.079e-01 1.908e-03 2.416e-03 6.161e-03 -1.000 1.549e-02 -4.796 1.988 1.525 0.345 -1.849 -3.969 -6.713 -7.647 -8.009
0.0152 0.01508 9.00000 2.3094677925 2.5796977275    2.151  3.858  3.4917 -0.169    8  0.609  0.412   270.52   140.60    88.24    68.97    56.66  0  -4.8e-07      0.00 6.766e-01 3.079e-01 1.904e-03 2.416e-03 6.161e-03 -1.000 1.549e-02 -4.876 2.001 1.666 0.510 -1.760 -3.912 -6.805 -7.744 -8.116
0.0152 0.01508 9.00000 2.3094782829 2.5796980478    2.146  3.871  3.4898 -0.190    8  0.610  0.410   282.13   146.09    91.51    71.58    58.81  0 -5.53e-07      0.01 6.766e-01 3.079e-01 1.896e-03 2.416e-03 6.161e-03 -1.000 1.548e-02 -4.908 2.014 1.732 0.584 -1.719 -3.883 -6.842 -7.784 -8.160
0.0152 0.01508 9.00000 2.3094902039 2.5796984118    2.141  3.877  3.4888 -0.201    8  0.612  0.407   288.11   148.89    93.18    72.92    59.91  0 -5.92e-07      0.01 6.767e-01 3.079e-01 1.882e-03 2.416e-03 6.161e-03 -1.000 1.547e-02 -4.923 2.021 1.755 0.601 -1.708 -3.874 -6.859 -7.801 -8.180
0.0152 0.01508 9.00000 2.3094904423 2.5796984190    2.141  3.897  3.4862 -0.232    8  0.612  0.442   305.99   157.30    98.20    76.91    63.19  0 -7.27e-07      0.01 6.762e-01 3.082e-01 2.041e-03 2.414e-03 6.162e-03 -1.000 1.563e-02 -4.972 2.030 1.807 0.635 -1.690 -3.862 -6.915 -7.860 -8.244
0.0152 0.01508 9.00000 2.3094913960 2.5796984482    2.140  3.784  3.5011 -0.059    8  0.612  0.442   217.30   115.08    72.86    56.80    46.64  2 -2.24e-07      0.00 6.762e-01 3.082e-01 2.042e-03 2.414e-03 6.162e-03 -1.000 1.564e-02 -4.689 1.989 1.376 0.164 -1.938 -4.017 -6.591 -7.520 -7.872
0.0152 0.01508 9.00000 2.3094930649 2.5796984991    2.139  3.607  3.5243  0.210    8  0.612  0.442   127.61    70.79    45.81    35.46    29.08  2 -5.58e-08      0.00 6.762e-01 3.082e-01 2.044e-03 2.414e-03 6.162e-03 -1.000 1.564e-02 -4.249 1.942 0.541 -0.908 -2.481 -4.243 -6.076 -6.979 -7.283
0.0152 0.01508 9.00000 2.3094959259 2.5796985865    2.137  3.549  3.5320  0.299    8  0.612  0.443   106.96    60.25    39.28    30.33    24.86  2 -4.39e-08      0.00 6.762e-01 3.082e-01 2.047e-03 2.414e-03 6.162e-03 -1.000 1.564e-02 -4.102 1.925 0.322 -1.183 -2.610 -4.242 -5.904 -6.798 -7.086
0.0152 0.01508 9.00000 2.3094997406 2.5796987029    2.135  3.600  3.5251  0.220    8  0.613  0.443   125.04    69.48    45.00    34.82    28.56  2 -5.44e-08      0.00 6.762e-01 3.082e-01 2.049e-03 2.414e-03 6.162e-03 -1.000 1.564e-02 -4.230 1.942 0.517 -0.939 -2.494 -4.242 -6.055 -6.957 -7.259
0.0152 0.01508 9.00000 2.3095047474 2.5796988558    2.132  3.695  3.5125  0.074    8  0.613  0.444   166.82    90.40    57.86    44.95    36.88  2 -9.02e-08      0.00 6.762e-01 3.082e-01 2.052e-03 2.414e-03 6.162e-03 -1.000 1.564e-02 -4.467 1.974 0.969 -0.361 -2.205 -4.148 -6.333 -7.249 -7.578
0.0152 0.01508 9.00000 2.3095111847 2.5796990523    2.128  3.784  3.5005 -0.064    8  0.614  0.444   219.20   115.97    73.40    57.23    46.99  2  -2.3e-07      0.00 6.761e-01 3.082e-01 2.053e-03 2.414e-03 6.162e-03 -1.000 1.565e-02 -4.690 1.999 1.407 0.201 -1.914 -3.999 -6.594 -7.523 -7.876
0.0152 0.01508 9.00000 2.3095188141 2.5796992853    2.124  3.844  3.4924 -0.157    8  0.614  0.444   263.60   137.22    86.18    67.37    55.34  0 -4.31e-07      0.00 6.762e-01 3.082e-01 2.052e-03 2.414e-03 6.162e-03 -1.000 1.565e-02 -4.839 2.018 1.666 0.508 -1.750 -3.896 -6.767 -7.705 -8.075
0.0152 0.01508 9.00000 2.3095276356 2.5796995546    2.119  3.873  3.4882 -0.205    8  0.615  0.443   289.50   149.44    93.50    73.19    60.13  0 -5.92e-07      0.01 6.762e-01 3.082e-01 2.047e-03 2.414e-03 6.162e-03 -1.000 1.564e-02 -4.914 2.037 1.783 0.626 -1.685 -3.852 -6.852 -7.795 -8.174
0.0152 0.01508 9.00000 2.3095381260 2.5796998749    2.112  3.885  3.4864 -0.224    8  0.616  0.441   300.78   154.72    96.64    75.70    62.19  0 -6.73e-07      0.01 6.762e-01 3.082e-01 2.037e-03 2.414e-03 6.162e-03 -1.000 1.563e-02 -4.942 2.046 1.821 0.653 -1.669 -3.839 -6.884 -7.829 -8.212
0.0152 0.01508 9.00000 2.3095500469 2.5797002388    2.105  3.889  3.4855 -0.234    8  0.618  0.437   306.07   157.17    98.09    76.86    63.15  0 -7.12e-07      0.01 6.763e-01 3.081e-01 2.018e-03 2.415e-03 6.162e-03 -1.000 1.561e-02 -4.953 2.053 1.842 0.668 -1.658 -3.831 -6.897 -7.843 -8.228
0.0152 0.01508 9.00000 2.3095502853 2.5797002461    2.105  3.918  3.4816 -0.279    8  0.618  0.490   334.70   170.52   106.03    83.19    68.36  0 -9.65e-07      0.02 6.755e-01 3.086e-01 2.265e-03 2.412e-03 6.163e-03 -1.000 1.587e-02 -5.026 2.086 1.933 0.729 -1.623 -3.807 -6.978 -7.929 -8.323
0.0152 0.01508 9.00000 2.3095510006 2.5797002679    2.104  3.805  3.4968 -0.105    8  0.618  0.490   237.08   124.51    78.52    61.32    50.35  2 -2.97e-07      0.00 6.755e-01 3.086e-01 2.266e-03 2.412e-03 6.163e-03 -1.000 1.587e-02 -4.743 2.018 1.539 0.356 -1.824 -3.938 -6.658 -7.591 -7.951
0.0152 0.01508 9.00000 2.3095526695 2.5797003189    2.103  3.632  3.5201  0.162    8  0.618  0.490   139.80    76.92    49.57    38.44    31.53  2 -6.48e-08      0.00 6.755e-01 3.086e-01 2.267e-03 2.412e-03 6.163e-03 -1.000 1.587e-02 -4.309 1.971 0.691 -0.727 -2.385 -4.216 -6.151 -7.059 -7.371
0.0152 0.01508 9.00000 2.3095552921 2.5797003989    2.101  3.572  3.5281  0.253    8  0.618  0.491   116.65    65.21    42.34    32.75    26.85  2 -5.08e-08      0.00 6.755e-01 3.086e-01 2.268e-03 2.412e-03 6.163e-03 -1.000 1.587e-02 -4.160 1.950 0.441 -1.037 -2.534 -4.233 -5.975 -6.874 -7.170
0.0152 0.01508 9.00000 2.3095588684 2.5797005081    2.099  3.623  3.5212  0.174    8  0.618  0.491   136.33    75.17    48.50    37.59    30.83  2 -6.28e-08      0.00 6.755e-01 3.086e-01 2.269e-03 2.412e-03 6.163e-03 -1.000 1.587e-02 -4.287 1.970 0.659 -0.767 -2.403 -4.216 -6.125 -7.032 -7.342
0.0152 0.01508 9.00000 2.3095633984 2.5797006464    2.095  3.715  3.5086  0.031    8  0.619  0.491   180.99    97.33    62.06    48.30    39.63  2 -1.18e-07      0.00 6.755e-01 3.086e-01 2.269e-03 2.412e-03 6.163e-03 -1.000 1.587e-02 -4.517 2.003 1.132 -0.155 -2.089 -4.084 -6.396 -7.316 -7.652
0.0152 0.01508 9.00000 2.3095693588 2.5797008284    2.091  3.801  3.4967 -0.104    8  0.619  0.491   236.41   124.15    78.30    61.15    50.21  2 -2.93e-07      0.00 6.755e-01 3.086e-01 2.268e-03 2.412e-03 6.163e-03 -1.000 1.587e-02 -4.733 2.027 1.550 0.368 -1.812 -3.926 -6.649 -7.582 -7.942
0.0152 0.01508 9.00000 2.3095762730 2.5797010394    2.086  3.859  3.4886 -0.195    8  0.620  0.490   283.20   146.34    91.61    71.73    58.92  0 -5.39e-07      0.01 6.755e-01 3.086e-01 2.265e-03 2.412e-03 6.163e-03 -1.000 1.587e-02 -4.878 2.053 1.793 0.641 -1.664 -3.829 -6.815 -7.758 -8.135
0.0152 0.01508 9.00000 2.3095846176 2.5797012942    2.079  3.888  3.4844 -0.243    8  0.621  0.489   310.82   159.26    99.31    77.87    63.97  0 -7.37e-07      0.01 6.755e-01 3.086e-01 2.259e-03 2.412e-03 6.163e-03 -1.000 1.586e-02 -4.951 2.073 1.881 0.702 -1.630 -3.804 -6.899 -7.845 -8.232
0.0152 0.01508 9.00000 2.3095941544 2.5797015853    2.072  3.900  3.4825 -0.263    8  0.622  0.487   323.51   165.13   102.79    80.65    66.26  0 -8.41e-07      0.01 6.756e-01 3.086e-01 2.249e-03 2.412e-03 6.163e-03 -1.000 1.585e-02 -4.979 2.093 1.930 0.736 -1.607 -3.787 -6.931 -7.881 -8.271
0.0152 0.01508 9.00000 2.3096051216 2.5797019201    2.064  3.905  3.4815 -0.274    8  0.623  0.483   330.26   168.21   104.62    82.12    67.47  0 -8.98e-07      0.02 6.756e-01 3.085e-01 2.232e-03 2.412e-03 6.163e-03 -1.000 1.583e-02 -4.992 2.107 1.959 0.758 -1.592 -3.775 -6.945 -7.896 -8.290
0.0152 0.01508 9.00000 2.3096053600 2.5797019274    2.064  3.942  3.4764 -0.331    8  0.623  0.550   364.10   186.60   115.51    90.81    74.63  0 -1.32e-06      0.03 6.747e-01 3.092e-01 2.544e-03 2.409e-03 6.164e-03 -1.000 1.616e-02 -5.084 2.170 2.075 0.828 -1.554 -3.753 -7.043 -8.002 -8.409
0.0152 0.01508 9.00000 2.3096060753 2.5797019492    2.063  3.829  3.4919 -0.156    8  0.623  0.550   261.55   136.02    85.41    66.83    54.88  0 -4.07e-07      0.00 6.747e-01 3.092e-01 2.544e-03 2.409e-03 6.164e-03 -1.000 1.616e-02 -4.802 2.056 1.719 0.565 -1.697 -3.846 -6.731 -7.669 -8.040
0.0152 0.01508 9.00000 2.3096077442 2.5797020002    2.061  3.658  3.5154  0.108    8  0.623  0.551   154.67    84.30    54.09    42.03    34.47  2 -7.64e-08      0.00 6.747e-01 3.092e-01 2.545e-03 2.409e-03 6.164e-03 -1.000 1.616e-02 -4.374 2.006 0.898 -0.465 -2.239 -4.140 -6.231 -7.144 -7.467
0.0152 0.01508 9.00000 2.3096103668 2.5797020803    2.059  3.597  3.5236  0.201    8  0.623  0.551   128.49    71.20    46.03    35.68    29.25  2 -5.98e-08      0.00 6.747e-01 3.092e-01 2.546e-03 2.409e-03 6.164e-03 -1.000 1.617e-02 -4.222 1.984 0.602 -0.842 -2.429 -4.202 -6.052 -6.956 -7.261
0.0152 0.01508 9.00000 2.3096139431 2.5797021894    2.056  3.647  3.5166  0.123    8  0.624  0.551   150.15    82.05    52.70    40.94    33.57  2 -7.37e-08      0.00 6.747e-01 3.092e-01 2.546e-03 2.409e-03 6.164e-03 -1.000 1.617e-02 -4.347 2.006 0.852 -0.526 -2.268 -4.151 -6.200 -7.112 -7.431
0.0152 0.01508 9.00000 2.3096187115 2.5797023350    2.051  3.737  3.5041 -0.018    8  0.624  0.551   198.48   105.77    67.16    52.37    42.98  2 -1.59e-07      0.00 6.747e-01 3.092e-01 2.547e-03 2.409e-03 6.164e-03 -1.000 1.617e-02 -4.571 2.036 1.318 0.076 -1.955 -3.998 -6.464 -7.390 -7.735
0.0152 0.01508 9.00000 2.3096244335 2.5797025097    2.046  3.820  3.4923 -0.150    8  0.625  0.551   257.79   134.17    84.28    65.96    54.16  0 -3.84e-07      0.00 6.747e-01 3.092e-01 2.546e-03 2.409e-03 6.164e-03 -1.000 1.617e-02 -4.781 2.066 1.717 0.562 -1.693 -3.839 -6.709 -7.647 -8.016
0.0152 0.01508 9.00000 2.3096315861 2.5797027280    2.039  3.876  3.4843 -0.239    8  0.625  0.550   307.55   157.52    98.23    77.06    63.30  0 -6.96e-07      0.01 6.747e-01 3.092e-01 2.544e-03 2.409e-03 6.163e-03 -1.000 1.616e-02 -4.920 2.095 1.908 0.730 -1.600 -3.774 -6.869 -7.816 -8.202
0.0152 0.01508 9.00000 2.3096396923 2.5797029755    2.031  3.904  3.4801 -0.286    8  0.626  0.549   336.97   171.12   106.30    83.51    68.61  0 -9.43e-07      0.02 6.747e-01 3.092e-01 2.540e-03 2.409e-03 6.163e-03 -1.000 1.616e-02 -4.990 2.132 2.009 0.800 -1.556 -3.741 -6.947 -7.900 -8.295
0.0152 0.01508 9.00000 2.3096494675 2.5797032739    2.022  3.915  3.4782 -0.306    8  0.627  0.548   348.76   177.42   110.03    86.50    71.07  0 -1.07e-06      0.02 6.747e-01 3.091e-01 2.532e-03 2.409e-03 6.164e-03 -1.000 1.615e-02 -5.017 2.152 2.050 0.826 -1.539 -3.731 -6.978 -7.933 -8.332
0.0152 0.01508 9.00000 2.3096604347 2.5797036087    2.012  3.920  3.4771 -0.318    8  0.628  0.545   353.47   180.88   112.06    88.14    72.41  0 -1.15e-06      0.02 6.748e-01 3.091e-01 2.519e-03 2.409e-03 6.164e-03 -1.000 1.614e-02 -5.029 2.170 2.078 0.845 -1.526 -3.721 -6.991 -7.948 -8.350
0.0152 0.01508 9.00000 2.3096606731 2.5797036159    2.012  3.964  3.4709 -0.387    8  0.628  0.623   388.52   204.85   126.20    99.44    81.73  0 -1.82e-06      0.04 6.736e-01 3.098e-01 2.879e-03 2.406e-03 6.164e-03 -1.000 1.652e-02 -5.140 2.283 2.235 0.937 -1.475 -3.692 -7.103 -8.071 -8.492
0.0152 0.01508 9.00000 2.3096613884 2.5797036378    2.011  3.851  3.4866 -0.211    8  0.628  0.623   289.90   149.12    93.19    73.09    60.02  0 -5.62e-07      0.01 6.736e-01 3.098e-01 2.879e-03 2.406e-03 6.164e-03 -1.000 1.652e-02 -4.857 2.100 1.876 0.716 -1.598 -3.767 -6.801 -7.745 -8.125
0.0152 0.01508 9.00000 2.3096630573 2.5797036887    2.009  3.682  3.5102  0.052    8  0.628  0.623   171.93    92.75    59.21    46.12    37.83  2  -9.7e-08      0.00 6.736e-01 3.098e-01 2.879e-03 2.406e-03 6.164e-03 -1.000 1.652e-02 -4.435 2.052 1.132 -0.170 -2.071 -4.048 -6.309 -7.228 -7.561
0.0152 0.01508 9.00000 2.3096654415 2.5797037615    2.005  3.620  3.5187  0.147    8  0.628  0.623   142.22    78.06    50.22    39.02    31.99  2 -7.12e-08      0.00 6.736e-01 3.098e-01 2.879e-03 2.406e-03 6.164e-03 -1.000 1.652e-02 -4.281 2.028 0.799 -0.603 -2.295 -4.147 -6.127 -7.036 -7.352
0.0152 0.01508 9.00000 2.3096687794 2.5797038634    2.001  3.670  3.5116  0.068    8  0.629  0.623   166.21    89.93    57.49    44.76    36.71  2 -8.75e-08      0.00 6.736e-01 3.098e-01 2.878e-03 2.406e-03 6.164e-03 -1.000 1.652e-02 -4.404 2.052 1.080 -0.239 -2.104 -4.060 -6.273 -7.191 -7.521
0.0152 0.01508 9.00000 2.3096733093 2.5797040017    1.995  3.757  3.4991 -0.071    8  0.629  0.622   218.94   115.49    73.00    57.05    46.82  2 -2.17e-07      0.00 6.736e-01 3.098e-01 2.877e-03 2.406e-03 6.164e-03 -1.000 1.652e-02 -4.623 2.083 1.537 0.344 -1.795 -3.890 -6.531 -7.462 -7.818
0.0152 0.01508 9.00000 2.3096790314 2.5797041763    1.988  3.838  3.4874 -0.200    8  0.629  0.622   283.07   145.82    91.20    71.53    58.73  0 -5.13e-07      0.00 6.737e-01 3.098e-01 2.876e-03 2.406e-03 6.163e-03 -1.000 1.651e-02 -4.826 2.112 1.877 0.721 -1.587 -3.754 -6.767 -7.711 -8.089
0.0152 0.01508 9.00000 2.3096857071 2.5797043801    1.979  3.892  3.4794 -0.288    8  0.630  0.621   336.70   170.65   105.96    83.32    68.44  0 -9.13e-07      0.01 6.737e-01 3.098e-01 2.872e-03 2.406e-03 6.163e-03 -1.000 1.651e-02 -4.960 2.159 2.049 0.839 -1.517 -3.703 -6.920 -7.873 -8.269
0.0152 0.01508 9.00000 2.3096935749 2.5797046203    1.969  3.919  3.4752 -0.334    8  0.631  0.620   358.16   185.22   114.57    90.22    74.11  0 -1.23e-06      0.02 6.737e-01 3.098e-01 2.867e-03 2.406e-03 6.163e-03 -1.000 1.650e-02 -5.027 2.207 2.139 0.894 -1.485 -3.684 -6.993 -7.952 -8.357
0.0152 0.01508 9.00000 2.3097028732 2.5797049041    1.958  3.929  3.4731 -0.355    8  0.632  0.618   367.97   192.21   118.68    93.53    76.83  0  -1.4e-06      0.03 6.737e-01 3.098e-01 2.858e-03 2.406e-03 6.164e-03 -1.000 1.650e-02 -5.054 2.252 2.199 0.933 -1.459 -3.666 -7.020 -7.982 -8.394
0.0152 0.01508 9.00000 2.3097133636 2.5797052243    1.944  3.934  3.4719 -0.368    8  0.633  0.616   373.38   196.27   121.06    95.45    78.42  0 -1.51e-06      0.03 6.737e-01 3.098e-01 2.846e-03 2.406e-03 6.164e-03 -1.000 1.648e-02 -5.065 2.282 2.238 0.960 -1.439 -3.650 -7.033 -7.997 -8.412
0.0152 0.01508 9.00000 2.3097136021 2.5797052316    1.944  3.985  3.4646 -0.448    8  0.633  0.701   416.95   226.70   138.92   109.77    90.21  0 -2.56e-06      0.07 6.725e-01 3.106e-01 3.241e-03 2.401e-03 6.163e-03 -1.000 1.690e-02 -5.192 2.462 2.439 1.080 -1.374 -3.617 -7.154 -8.134 -8.574
0.0152 0.01508 9.00000 2.3097143173 2.5797052534    1.942  3.872  3.4807 -0.271    8  0.633  0.701   324.47   164.76   102.43    80.56    66.15  0 -7.91e-07      0.01 6.725e-01 3.106e-01 3.241e-03 2.401e-03 6.163e-03 -1.000 1.690e-02 -4.910 2.163 2.041 0.843 -1.503 -3.684 -6.869 -7.820 -8.212
0.0152 0.01508 9.00000 2.3097157478 2.5797052971    1.940  3.705  3.5044 -0.010    8  0.633  0.701   192.71   102.72    65.23    50.95    41.79  2 -1.39e-07      0.00 6.725e-01 3.106e-01 3.241e-03 2.401e-03 6.163e-03 -1.000 1.690e-02 -4.493 2.103 1.376 0.132 -1.890 -3.930 -6.385 -7.310 -7.655
0.0152 0.01508 9.00000 2.3097181320 2.5797053699    1.936  3.642  3.5132  0.087    8  0.633  0.701   158.74    86.15    55.14    42.96    35.22  2 -8.64e-08      0.00 6.725e-01 3.106e-01 3.240e-03 2.401e-03 6.163e-03 -1.000 1.690e-02 -4.336 2.086 1.058 -0.279 -2.105 -4.038 -6.200 -7.116 -7.443
0.0152 0.01508 9.00000 2.3097214699 2.5797054718    1.930  3.691  3.5060  0.008    8  0.633  0.701   185.70    99.30    63.15    49.31    40.44  2 -1.22e-07      0.00 6.725e-01 3.106e-01 3.239e-03 2.401e-03 6.163e-03 -1.000 1.690e-02 -4.458 2.107 1.325 0.066 -1.922 -3.945 -6.345 -7.269 -7.610
0.0152 0.01508 9.00000 2.3097257614 2.5797056028    1.923  3.777  3.4934 -0.129    8  0.634  0.700   244.07   127.19    79.98    62.68    51.44  0 -3.03e-07      0.00 6.725e-01 3.106e-01 3.237e-03 2.401e-03 6.163e-03 -1.000 1.690e-02 -4.672 2.138 1.761 0.603 -1.630 -3.766 -6.598 -7.534 -7.901
0.0152 0.01508 9.00000 2.3097310066 2.5797057629    1.913  3.855  3.4816 -0.257    8  0.634  0.700   314.59   160.02    99.57    78.32    64.30  0 -7.01e-07      0.01 6.725e-01 3.106e-01 3.234e-03 2.402e-03 6.163e-03 -1.000 1.689e-02 -4.869 2.177 2.039 0.850 -1.489 -3.667 -6.826 -7.775 -8.165
0.0152 0.01508 9.00000 2.3097376823 2.5797059666    1.902  3.907  3.4736 -0.344    8  0.635  0.699   357.91   186.86   115.45    91.04    74.77  0 -1.23e-06      0.02 6.725e-01 3.106e-01 3.230e-03 2.402e-03 6.163e-03 -1.000 1.689e-02 -4.999 2.242 2.200 0.949 -1.431 -3.633 -6.970 -7.929 -8.336
0.0152 0.01508 9.00000 2.3097453117 2.5797061995    1.889  3.933  3.4692 -0.390    8  0.635  0.698   380.69   202.80   124.82    98.57    80.97  0 -1.65e-06      0.04 6.726e-01 3.106e-01 3.225e-03 2.402e-03 6.163e-03 -1.000 1.688e-02 -5.063 2.335 2.321 1.025 -1.383 -3.601 -7.036 -8.003 -8.423
0.0152 0.01508 9.00000 2.3097541332 2.5797064688    1.874  3.943  3.4670 -0.412    8  0.636  0.696   391.65   210.80   129.50   102.35    84.08  0 -1.89e-06      0.04 6.726e-01 3.105e-01 3.216e-03 2.402e-03 6.163e-03 -1.000 1.687e-02 -5.088 2.380 2.378 1.063 -1.358 -3.585 -7.062 -8.032 -8.458
0.0152 0.01508 9.00000 2.3097641468 2.5797067744    1.857  3.948  3.4655 -0.427    8  0.637  0.693   398.21   215.84   132.42   104.73    86.03  0 -2.04e-06      0.05 6.726e-01 3.105e-01 3.205e-03 2.402e-03 6.163e-03 -1.000 1.686e-02 -5.099 2.413 2.420 1.093 -1.336 -3.569 -7.074 -8.047 -8.476
0.0152 0.01508 9.00000 2.3097643852 2.5797067817    1.857  4.004  3.4572 -0.517    8  0.637  0.784   451.67   254.00   154.70   122.65   100.79  0  -3.7e-06      0.11 6.713e-01 3.114e-01 3.625e-03 2.397e-03 6.161e-03 -1.000 1.731e-02 -5.241 2.715 2.705 1.279 -1.238 -3.519 -7.196 -8.192 -8.655
0.0152 0.01508 9.00000 2.3097651005 2.5797068035    1.855  3.892  3.4735 -0.340    8  0.637  0.784   352.34   184.34   113.90    89.88    73.80  0 -1.15e-06      0.02 6.713e-01 3.114e-01 3.622e-03 2.397e-03 6.161e-03 -1.000 1.730e-02 -4.960 2.257 2.224 0.978 -1.398 -3.599 -6.935 -7.893 -8.298
0.0152 0.01508 9.00000 2.3097665310 2.5797068472    1.851  3.727  3.4974 -0.080    8  0.637  0.783   219.37   115.21    72.71    56.98    46.73  2 -2.06e-07      0.00 6.713e-01 3.114e-01 3.617e-03 2.397e-03 6.162e-03 -1.000 1.730e-02 -4.548 2.179 1.685 0.504 -1.659 -3.766 -6.461 -7.395 -7.752
0.0152 0.01508 9.00000 2.3097686768 2.5797069127    1.846  3.663  3.5065  0.019    8  0.638  0.781   179.97    96.32    61.28    47.90    39.27  2 -1.08e-07      0.00 6.713e-01 3.114e-01 3.610e-03 2.397e-03 6.162e-03 -1.000 1.729e-02 -4.389 2.161 1.364 0.101 -1.875 -3.892 -6.274 -7.197 -7.537
0.0152 0.01508 9.00000 2.3097720146 2.5797070146    1.838  3.712  3.4991 -0.061    8  0.638  0.779   210.83   111.11    70.22    55.02    45.12  2  -1.8e-07      0.00 6.713e-01 3.114e-01 3.600e-03 2.397e-03 6.162e-03 -1.000 1.728e-02 -4.509 2.185 1.641 0.451 -1.684 -3.779 -6.418 -7.349 -7.704
0.0152 0.01508 9.00000 2.3097760677 2.5797071383    1.829  3.795  3.4865 -0.197    8  0.638  0.777   276.67   141.96    88.73    69.78    57.26  0 -4.38e-07      0.00 6.714e-01 3.114e-01 3.590e-03 2.397e-03 6.162e-03 -1.000 1.727e-02 -4.718 2.215 1.999 0.844 -1.464 -3.631 -6.664 -7.608 -7.986
0.0152 0.01508 9.00000 2.3097813129 2.5797072984    1.816  3.872  3.4748 -0.323    8  0.639  0.775   341.41   177.99   110.10    86.90    71.34  0 -9.97e-07      0.01 6.714e-01 3.113e-01 3.580e-03 2.398e-03 6.162e-03 -1.000 1.726e-02 -4.909 2.268 2.223 0.990 -1.379 -3.574 -6.882 -7.838 -8.240
0.0152 0.01508 9.00000 2.3097875118 2.5797074876    1.802  3.922  3.4668 -0.409    8  0.639  0.773   383.95   207.38   127.38   100.79    82.77  0 -1.73e-06      0.04 6.714e-01 3.113e-01 3.572e-03 2.398e-03 6.162e-03 -1.000 1.725e-02 -5.035 2.392 2.406 1.100 -1.314 -3.539 -7.014 -7.982 -8.405
0.0152 0.01508 9.00000 2.3097949028 2.5797077132    1.785  3.947  3.4624 -0.456    8  0.640  0.772   408.55   225.03   137.68   109.12    89.62  0 -2.32e-06      0.06 6.715e-01 3.113e-01 3.568e-03 2.398e-03 6.162e-03 -1.000 1.725e-02 -5.097 2.495 2.526 1.177 -1.268 -3.512 -7.075 -8.052 -8.488
0.0152 0.01508 9.00000 2.3098032475 2.5797079679    1.765  3.956  3.4601 -0.479    8  0.641  0.773   420.86   234.26   143.04   113.47    93.20  0 -2.67e-06      0.07 6.714e-01 3.113e-01 3.572e-03 2.398e-03 6.162e-03 -1.000 1.725e-02 -5.121 2.593 2.623 1.242 -1.224 -3.480 -7.094 -8.078 -8.523
0.0152 0.01508 9.00000 2.3098130226 2.5797082662    1.743  3.961  3.4584 -0.495    8  0.642  0.776   428.70   240.42   146.59   116.39    95.59  0 -2.91e-06      0.08 6.714e-01 3.113e-01 3.586e-03 2.398e-03 6.162e-03 -1.000 1.727e-02 -5.131 2.656 2.685 1.293 -1.191 -3.458 -7.102 -8.089 -8.540
0.0152 0.01508 9.00000 2.3098132610 2.5797082735    1.742  4.023  3.4492 -0.595    8  0.642  0.837   493.62   287.80   174.05   138.57   113.85  0 -5.61e-06      0.18 6.705e-01 3.120e-01 3.867e-03 2.394e-03 6.161e-03 -1.000 1.756e-02 -5.287 3.166 3.098 1.584 -1.041 -3.381 -7.211 -8.231 -8.731
0.0152 0.01508 9.00000 2.3098139763 2.5797082953    1.739  3.911  3.4656 -0.418    8  0.642  0.837   383.87   208.94   128.19   101.58    83.39  0 -1.75e-06      0.03 6.705e-01 3.120e-01 3.869e-03 2.394e-03 6.161e-03 -1.000 1.757e-02 -5.007 2.417 2.451 1.143 -1.272 -3.499 -6.992 -7.960 -8.383
0.0152 0.01508 9.00000 2.3098154068 2.5797083390    1.734  3.748  3.4893 -0.161    8  0.642  0.838   254.83   131.28    82.24    64.73    53.08  0 -3.21e-07      0.00 6.705e-01 3.120e-01 3.872e-03 2.394e-03 6.160e-03 -1.000 1.757e-02 -4.600 2.272 2.010 0.871 -1.419 -3.578 -6.538 -7.479 -7.852
0.0152 0.01508 9.00000 2.3098175526 2.5797084045    1.726  3.683  3.4985 -0.062    8  0.642  0.839   208.64   109.63    69.23    54.36    44.55  2 -1.66e-07      0.00 6.704e-01 3.120e-01 3.877e-03 2.394e-03 6.160e-03 -1.000 1.757e-02 -4.439 2.262 1.737 0.552 -1.591 -3.690 -6.349 -7.281 -7.636
0.0152 0.01508 9.00000 2.3098204136 2.5797084918    1.715  3.731  3.4910 -0.143    8  0.642  0.841   244.95   126.58    79.41    62.49    51.24  0  -2.8e-07      0.00 6.704e-01 3.120e-01 3.884e-03 2.394e-03 6.160e-03 -1.000 1.758e-02 -4.558 2.281 1.976 0.836 -1.433 -3.584 -6.491 -7.431 -7.801
0.0152 0.01508 9.00000 2.3098244667 2.5797086155    1.700  3.813  3.4787 -0.278    8  0.643  0.843   311.73   161.21   100.02    79.02    64.82  0 -6.77e-07      0.01 6.704e-01 3.120e-01 3.893e-03 2.394e-03 6.160e-03 -1.000 1.759e-02 -4.763 2.311 2.225 1.024 -1.322 -3.506 -6.730 -7.681 -8.074
0.0152 0.01508 9.00000 2.3098294735 2.5797087683    1.682  3.887  3.4674 -0.402    8  0.643  0.845   370.49   201.15   123.53    97.95    80.39  0 -1.53e-06      0.03 6.704e-01 3.120e-01 3.905e-03 2.394e-03 6.160e-03 -1.000 1.760e-02 -4.948 2.413 2.440 1.148 -1.255 -3.475 -6.934 -7.898 -8.316
0.0152 0.01508 9.00000 2.3098354340 2.5797089502    1.661  3.936  3.4599 -0.486    8  0.644  0.848   416.07   233.53   142.41   113.23    92.95  0 -2.64e-06      0.06 6.703e-01 3.121e-01 3.919e-03 2.394e-03 6.160e-03 -1.000 1.762e-02 -5.070 2.601 2.650 1.278 -1.183 -3.437 -7.051 -8.031 -8.473
0.0152 0.01508 9.00000 2.3098423481 2.5797091612    1.635  3.960  3.4558 -0.533    8  0.645  0.852   442.59   253.12   153.75   122.45   100.53  0 -3.57e-06      0.10 6.703e-01 3.121e-01 3.937e-03 2.394e-03 6.160e-03 -1.000 1.764e-02 -5.130 2.771 2.798 1.385 -1.128 -3.411 -7.099 -8.090 -8.550
0.0152 0.01508 9.00000 2.3098506927 2.5797094159    1.607  3.969  3.4538 -0.558    8  0.645  0.857   456.25   263.70   159.82   127.45   104.63  0 -4.18e-06      0.12 6.702e-01 3.121e-01 3.959e-03 2.393e-03 6.160e-03 -1.000 1.766e-02 -5.153 2.919 2.916 1.470 -1.078 -3.379 -7.109 -8.109 -8.582
0.0152 0.01508 9.00000 2.3098599911 2.5797096997    1.575  3.974  3.4525 -0.576    8  0.646  0.862   465.32   271.08   164.01   130.94   107.49  0 -4.66e-06      0.14 6.701e-01 3.122e-01 3.984e-03 2.393e-03 6.160e-03 -1.000 1.769e-02 -5.164 3.044 3.015 1.542 -1.032 -3.346 -7.108 -8.115 -8.597
0.0152 0.01508 9.00000 2.3098599911 2.5797096997    1.575  4.042  3.4432 -0.682    8  0.646  0.920   487.30    -1.00    -1.00    -1.00    -1.00  0 -9.47e-06      0.76 6.692e-01 3.128e-01 4.250e-03 2.390e-03 6.159e-03 -1.000 1.797e-02 -5.334 6.291 5.147 3.056 -0.094 -2.637 -6.853 -8.065 -8.773
0.0152 0.01508 9.00000 2.3098604679 2.5797097143    1.574  3.930  3.4588 -0.508    8  0.646  0.920   421.33   239.41   145.66   116.08    95.26  0 -2.96e-06      0.15 6.692e-01 3.128e-01 4.250e-03 2.390e-03 6.159e-03 -1.000 1.797e-02 -5.055 3.106 3.006 1.535 -1.009 -3.296 -6.977 -7.985 -8.463
0.0152 0.01508 9.00000 2.3098611832 2.5797097361    1.573  3.769  3.4818 -0.255    8  0.646  0.920   292.35   151.56    94.13    74.51    61.08  0  -5.5e-07      0.01 6.692e-01 3.128e-01 4.248e-03 2.390e-03 6.159e-03 -1.000 1.797e-02 -4.651 2.394 2.254 1.065 -1.274 -3.452 -6.608 -7.557 -7.947
0.0152 0.01508 9.00000 2.3098621368 2.5797097652    1.571  3.703  3.4922 -0.148    8  0.646  0.919   243.24   124.88    78.23    61.76    50.60  0 -2.76e-07      0.00 6.692e-01 3.128e-01 4.246e-03 2.390e-03 6.159e-03 -1.000 1.797e-02 -4.487 2.355 2.012 0.858 -1.397 -3.543 -6.416 -7.354 -7.723
0.0152 0.01508 9.00000 2.3098638058 2.5797098161    1.568  3.750  3.4873 -0.215    8  0.647  0.919   275.70   140.94    87.81    69.45    56.91  0  -4.5e-07      0.01 6.693e-01 3.128e-01 4.243e-03 2.390e-03 6.159e-03 -1.000 1.796e-02 -4.605 2.354 2.117 0.957 -1.358 -3.526 -6.546 -7.490 -7.869
0.0152 0.01508 9.00000 2.3098657131 2.5797098743    1.565  3.829  3.4782 -0.332    8  0.647  0.918   326.30   174.08   107.43    85.23    69.88  0 -1.03e-06      0.03 6.693e-01 3.128e-01 4.239e-03 2.390e-03 6.159e-03 -1.000 1.796e-02 -4.804 2.438 2.319 1.077 -1.303 -3.500 -6.759 -7.716 -8.120
0.0152 0.01508 9.00000 2.3098683357 2.5797099544    1.561  3.901  3.4705 -0.436    8  0.647  0.917   378.78   209.86   128.42   102.17    83.81  0 -2.17e-06      0.09 6.693e-01 3.128e-01 4.234e-03 2.390e-03 6.159e-03 -1.000 1.795e-02 -4.983 2.729 2.602 1.239 -1.224 -3.459 -6.917 -7.900 -8.342
0.0152 0.01508 9.00000 2.3098711967 2.5797100417    1.556  3.948  3.4671 -0.497    8  0.647  0.915   413.61   234.37   142.69   113.73    93.32  0 -3.52e-06      0.22 6.693e-01 3.127e-01 4.228e-03 2.390e-03 6.159e-03 -1.000 1.795e-02 -5.100 3.389 3.059 1.531 -1.061 -3.349 -6.950 -7.976 -8.476
0.0152 0.01508 9.00000 2.3098747730 2.5797101508    1.551  3.971  3.4685 -0.516    8  0.648  0.914   424.59   242.30   147.29   117.46    96.39  0 -4.42e-06      0.31 6.693e-01 3.127e-01 4.221e-03 2.390e-03 6.159e-03 -1.000 1.794e-02 -5.157 3.770 3.267 1.658 -1.004 -3.316 -6.946 -7.997 -8.527
0.0152 0.01508 9.00000 2.3098788261 2.5797102745    1.544  3.979  3.4736 -0.506    8  0.648  0.912   417.83   237.65   144.58   115.29    94.59  0 -4.76e-06      0.33 6.694e-01 3.127e-01 4.212e-03 2.390e-03 6.159e-03 -1.000 1.793e-02 -5.179 3.819 3.208 1.600 -1.075 -3.384 -6.938 -7.993 -8.526
0.0152 0.01508 9.00000 2.3098835945 2.5797104201    1.536  3.983  3.4817 -0.479    8  0.649  0.910   401.26   226.14   137.87   109.87    90.14  0 -4.82e-06      0.32 6.694e-01 3.127e-01 4.202e-03 2.391e-03 6.159e-03 -1.000 1.792e-02 -5.187 3.697 2.976 1.418 -1.242 -3.536 -6.929 -7.974 -8.497
0.0152 0.01508 9.00000 2.3098835945 2.5797104201    1.536  4.054  3.4693 -0.600    8  0.649  0.968   478.02   281.28   169.81   135.77   111.44  0 -1.02e-05      0.00 6.685e-01 3.133e-01 4.471e-03 2.388e-03 6.158e-03 -1.000 1.821e-02 -5.364 1.970 1.998 0.698 -1.714 -3.934 -7.373 -8.323 -8.737
0.0152 0.01508 9.00000 2.3098840714 2.5797104346    1.536  3.942  3.4892 -0.409    8  0.649  0.968   362.25   199.09   122.07    97.11    79.64  0 -3.13e-06      0.00 6.685e-01 3.133e-01 4.470e-03 2.388e-03 6.158e-03 -1.000 1.821e-02 -5.085 1.997 1.719 0.526 -1.836 -4.021 -7.035 -7.965 -8.348
0.0152 0.01508 9.00000 2.3098847866 2.5797104565    1.535  3.782  3.5181 -0.133    8  0.649  0.968   235.12   120.90    75.81    59.87    49.04  0 -5.71e-07      0.00 6.685e-01 3.133e-01 4.468e-03 2.388e-03 6.158e-03 -1.000 1.820e-02 -4.685 1.870 0.563 -0.903 -2.653 -4.535 -6.540 -7.438 -7.764
0.0152 0.01508 9.00000 2.3098857403 2.5797104856    1.533  3.715  3.5309 -0.016    8  0.649  0.967   185.50    97.85    61.94    48.76    39.92  1 -2.83e-07      0.00 6.685e-01 3.133e-01 4.466e-03 2.388e-03 6.158e-03 -1.000 1.820e-02 -4.519 1.784 0.071 -1.507 -2.984 -4.651 -6.331 -7.213 -7.514
0.0152 0.01508 9.00000 2.3098871708 2.5797105292    1.531  3.762  3.5239 -0.092    8  0.649  0.966   216.07   112.09    70.53    55.64    45.56  0 -4.63e-07      0.00 6.685e-01 3.133e-01 4.462e-03 2.388e-03 6.158e-03 -1.000 1.820e-02 -4.635 1.815 0.310 -1.214 -2.837 -4.626 -6.472 -7.362 -7.677
0.0152 0.01508 9.00000 2.3098893166 2.5797105947    1.527  3.841  3.5114 -0.221    8  0.649  0.965   275.24   141.56    88.13    69.77    57.17  0 -1.06e-06      0.00 6.685e-01 3.133e-01 4.457e-03 2.388e-03 6.158e-03 -1.000 1.819e-02 -4.832 1.877 0.833 -0.551 -2.483 -4.472 -6.711 -7.614 -7.956
0.0152 0.01508 9.00000 2.3098917007 2.5797106675    1.524  3.911  3.5005 -0.337    8  0.649  0.964   325.09   174.26   107.47    85.35    69.97  0 -2.25e-06      0.00 6.686e-01 3.132e-01 4.452e-03 2.388e-03 6.158e-03 -1.000 1.819e-02 -5.008 1.917 1.289 0.030 -2.167 -4.288 -6.924 -7.838 -8.202
0.0152 0.01508 9.00000 2.3098945618 2.5797107548    1.519  3.957  3.4943 -0.408    8  0.650  0.962   360.35   198.20   121.52    96.70    79.30  0 -3.65e-06      0.00 6.686e-01 3.132e-01 4.445e-03 2.388e-03 6.158e-03 -1.000 1.818e-02 -5.122 1.917 1.484 0.259 -2.044 -4.207 -7.058 -7.979 -8.355
0.0152 0.01508 9.00000 2.3098981380 2.5797108639    1.513  3.979  3.4929 -0.438    8  0.650  0.961   375.62   208.83   127.73   101.73    83.43  0 -4.61e-06      0.00 6.686e-01 3.132e-01 4.436e-03 2.388e-03 6.158e-03 -1.000 1.817e-02 -5.177 1.881 1.494 0.279 -2.046 -4.217 -7.118 -8.041 -8.419
0.0152 0.01508 9.00000 2.3099021912 2.5797109876    1.507  3.987  3.4945 -0.441    8  0.651  0.959   376.97   209.91   128.35   102.25    83.85  0 -5.02e-06      0.33 6.686e-01 3.132e-01 4.427e-03 2.388e-03 6.158e-03 -1.000 1.816e-02 -5.198 3.570 2.548 0.997 -1.589 -3.851 -6.904 -7.931 -8.441
0.0152 0.01508 9.00000 2.3099067211 2.5797111259    1.500  3.990  3.4977 -0.433    8  0.651  0.956   372.12   206.74   126.48   100.75    82.62  0 -5.17e-06      0.33 6.687e-01 3.132e-01 4.416e-03 2.388e-03 6.158e-03 -1.000 1.815e-02 -5.205 3.568 2.431 0.850 -1.698 -3.946 -6.899 -7.923 -8.432
0.0152 0.01508 9.00000 2.3099067211 2.5797111259    1.500  4.064  3.4831 -0.565    8  0.651  1.015   451.04   262.50   158.88   127.01   104.21  0 -1.14e-05      0.00 6.678e-01 3.138e-01 4.685e-03 2.385e-03 6.157e-03  6.923 1.844e-02 -5.389 2.834 -0.437 -2.781 -4.156 -5.308 -7.073 -8.131 -8.535
0.0152 0.01508 9.00000 2.3099071980 2.5797111404    1.499  3.952  3.5048 -0.367    8  0.651  1.014   337.92   183.43   112.82    89.72    73.55  0 -3.46e-06      0.00 6.678e-01 3.138e-01 4.684e-03 2.385e-03 6.157e-03  6.917 1.844e-02 -5.111 2.400 -0.684 -2.877 -4.119 -5.155 -6.790 -7.785 -8.148
0.0152 0.01508 9.00000 2.3099079132 2.5797111622    1.498  3.793  3.5359 -0.084    8  0.651  1.014   211.64   109.85    69.14    54.57    44.68  0 -6.32e-07      0.00 6.678e-01 3.138e-01 4.682e-03 2.385e-03 6.157e-03  6.905 1.843e-02 -4.712 1.805 -1.023 -2.998 -4.062 -4.947 -6.392 -7.278 -7.587
0.0152 0.01508 9.00000 2.3099088669 2.5797111914    1.497  3.726  3.5485  0.033    8  0.651  1.013   166.92    88.91    56.50    44.45    36.38  1 -3.11e-07      0.00 6.678e-01 3.138e-01 4.679e-03 2.385e-03 6.157e-03  6.886 1.843e-02 -4.545 1.630 -1.105 -3.011 -4.018 -4.852 -6.224 -7.061 -7.352
0.0152 0.01508 9.00000 2.3099102974 2.5797112350    1.494  3.772  3.5384 -0.054    8  0.651  1.012   199.29   104.10    65.68    51.80    42.41  0 -5.16e-07      0.00 6.678e-01 3.137e-01 4.675e-03 2.385e-03 6.157e-03  6.857 1.843e-02 -4.661 1.777 -1.029 -2.987 -4.038 -4.912 -6.341 -7.218 -7.523
0.0152 0.01508 9.00000 2.3099122047 2.5797112932    1.491  3.850  3.5218 -0.199    8  0.652  1.011   264.09   135.24    84.32    66.77    54.69  0  -1.2e-06      0.00 6.678e-01 3.137e-01 4.670e-03 2.385e-03 6.157e-03  6.817 1.842e-02 -4.855 2.130 -0.833 -2.908 -4.051 -5.002 -6.534 -7.471 -7.805
0.0152 0.01508 9.00000 2.3099143505 2.5797113587    1.488  3.919  3.5062 -0.332    8  0.652  1.010   320.16   171.81   105.97    84.21    69.02  0 -2.56e-06      0.00 6.679e-01 3.137e-01 4.664e-03 2.385e-03 6.157e-03  6.762 1.841e-02 -5.029 2.417 -0.645 -2.822 -4.053 -5.081 -6.706 -7.698 -8.059
0.0152 0.01508 9.00000 2.3099172115 2.5797114460    1.483  3.964  3.4949 -0.423    8  0.652  1.008   365.29   202.43   123.93    98.74    80.96  0 -4.21e-06      0.00 6.679e-01 3.137e-01 4.656e-03 2.386e-03 6.157e-03  6.684 1.841e-02 -5.141 2.640 -0.498 -2.748 -4.042 -5.128 -6.819 -7.848 -8.228
0.0152 0.01508 9.00000 2.3099205494 2.5797115479    1.478  3.986  3.4876 -0.476    8  0.653  1.006   393.80   222.32   135.52   108.13    88.68  0 -5.44e-06      0.00 6.679e-01 3.137e-01 4.647e-03 2.386e-03 6.157e-03  6.571 1.840e-02 -5.194 2.822 -0.378 -2.677 -4.015 -5.140 -6.875 -7.925 -8.318
0.0152 0.01508 9.00000 2.3099243641 2.5797116643    1.472  3.994  3.4822 -0.507    8  0.653  1.004   411.66   235.01   142.89   114.12    93.60  0 -6.09e-06      0.00 6.680e-01 3.137e-01 4.637e-03 2.386e-03 6.157e-03  6.388 1.839e-02 -5.214 2.967 -0.275 -2.607 -3.975 -5.128 -6.893 -7.959 -8.362
0.0152 0.01508 9.00000 2.3099288940 2.5797118025    1.465  3.996  3.4768 -0.533    8  0.653  1.002   427.09   246.14   149.33   119.37    97.91  0 -6.51e-06      0.00 6.680e-01 3.136e-01 4.625e-03 2.386e-03 6.157e-03  5.996 1.837e-02 -5.221 3.119 -0.162 -2.525 -3.924 -5.104 -6.899 -7.978 -8.391
0.0152 0.01508 9.00000 2.3099288940 2.5797118025    1.465  4.073  3.4612 -0.672    8  0.653  1.060   469.97    -1.00    -1.00    -1.00    -1.00  0 -1.48e-05      0.00 6.671e-01 3.142e-01 4.893e-03 2.383e-03 6.156e-03  7.538 1.866e-02 -5.412 2.941 -0.161 -2.551 -4.020 -5.274 -7.101 -8.172 -8.632
0.0152 0.01508 9.00000 2.3099293709 2.5797118171    1.464  3.962  3.4832 -0.473    8  0.653  1.060   391.08   220.74   134.57   107.40    88.07  0  -4.5e-06      0.00 6.671e-01 3.142e-01 4.892e-03 2.383e-03 6.156e-03  7.537 1.866e-02 -5.134 2.525 -0.380 -2.629 -3.965 -5.105 -6.815 -7.852 -8.270
0.0152 0.01508 9.00000 2.3099298477 2.5797118316    1.463  3.803  3.5145 -0.190    8  0.654  1.059   258.51   132.30    82.54    65.38    53.54  0 -8.29e-07      0.00 6.671e-01 3.142e-01 4.890e-03 2.383e-03 6.156e-03  7.534 1.866e-02 -4.738 2.029 -0.674 -2.725 -3.888 -4.871 -6.409 -7.359 -7.719
0.0152 0.01508 9.00000 2.3099308014 2.5797118608    1.462  3.736  3.5266 -0.075    8  0.654  1.059   206.80   107.38    67.62    53.40    43.71  0 -4.07e-07      0.00 6.671e-01 3.142e-01 4.887e-03 2.383e-03 6.156e-03  7.529 1.865e-02 -4.569 1.862 -0.768 -2.746 -3.846 -4.772 -6.242 -7.151 -7.489
0.0152 0.01508 9.00000 2.3099322319 2.5797119044    1.460  3.782  3.5149 -0.168    8  0.654  1.058   250.03   127.11    79.43    62.89    51.50  0 -6.79e-07      0.00 6.671e-01 3.142e-01 4.883e-03 2.383e-03 6.156e-03  7.522 1.865e-02 -4.685 2.054 -0.637 -2.682 -3.841 -4.821 -6.356 -7.306 -7.664
0.0152 0.01508 9.00000 2.3099341393 2.5797119626    1.457  3.859  3.4963 -0.320    8  0.654  1.057   312.18   167.22   103.22    82.05    67.24  0 -1.58e-06      0.00 6.672e-01 3.142e-01 4.878e-03 2.383e-03 6.156e-03  7.514 1.864e-02 -4.877 2.357 -0.428 -2.585 -3.842 -4.913 -6.549 -7.557 -7.948
0.0152 0.01508 9.00000 2.3099362850 2.5797120281    1.453  3.927  3.4784 -0.461    8  0.654  1.055   383.28   215.58   131.54   104.98    86.07  0 -3.36e-06      0.00 6.672e-01 3.142e-01 4.871e-03 2.383e-03 6.156e-03  7.503 1.864e-02 -5.047 2.695 -0.211 -2.476 -3.832 -4.993 -6.725 -7.777 -8.201
0.0152 0.01508 9.00000 2.3099389076 2.5797121081    1.449  3.971  3.4645 -0.562    8  0.655  1.053   443.94   258.59   156.49   125.24   102.73  0 -5.57e-06      0.00 6.672e-01 3.142e-01 4.864e-03 2.383e-03 6.156e-03  7.489 1.863e-02 -5.157 2.993 -0.019 -2.368 -3.803 -5.035 -6.837 -7.911 -8.362
0.0152 0.01508 9.00000 2.3099422455 2.5797122100    1.443  3.992  3.4540 -0.627    8  0.655  1.051   466.49    -1.00    -1.00    -1.00    -1.00  0 -7.26e-06      0.00 6.672e-01 3.141e-01 4.854e-03 2.383e-03 6.156e-03  7.472 1.862e-02 -5.210 3.280 0.152 -2.261 -3.758 -5.042 -6.898 -7.980 -8.452
0.0152 0.01508 9.00000 2.3099458218 2.5797123191    1.437  4.000  3.4448 -0.673    8  0.655  1.049   465.52    -1.00    -1.00    -1.00    -1.00  0 -8.27e-06      0.00 6.673e-01 3.141e-01 4.844e-03 2.383e-03 6.156e-03  7.452 1.861e-02 -5.229 3.514 0.314 -2.149 -3.697 -5.023 -6.918 -8.001 -8.487
0.0152 0.01508 9.00000 2.3099501133 2.5797124501    1.431  4.002  3.4350 -0.717    8  0.656  1.047   464.42    -1.00    -1.00    -1.00    -1.00  0 -9.01e-06      0.00 6.673e-01 3.141e-01 4.832e-03 2.384e-03 6.156e-03  7.429 1.859e-02 -5.236 3.819 0.499 -2.018 -3.624 -4.993 -6.932 -8.011 -8.515
0.0152 0.01508 9.00000 2.3099501133 2.5797124501    1.431  4.081  3.4189 -0.860    8  0.656  1.104   464.41    -1.00    -1.00    -1.00    -1.00  0  -2.1e-05      0.90 6.664e-01 3.147e-01 5.098e-03 2.381e-03 6.154e-03  7.780 1.888e-02 -5.433 7.013 2.737 -0.250 -2.278 -3.927 -6.415 -7.760 -8.681
0.0152 0.01508 9.00000 2.3099505901 2.5797124647    1.430  3.970  3.4413 -0.660    8  0.656  1.104   464.31    -1.00    -1.00    -1.00    -1.00  0 -6.42e-06      0.06 6.664e-01 3.147e-01 5.097e-03 2.381e-03 6.154e-03  7.779 1.888e-02 -5.156 3.829 0.573 -1.923 -3.508 -4.861 -6.798 -7.901 -8.422
0.0152 0.01508 9.00000 2.3099510670 2.5797124792    1.429  3.813  3.4730 -0.376    8  0.656  1.104   336.40   184.04   113.06    90.07    73.81  0 -1.19e-06      0.00 6.664e-01 3.147e-01 5.095e-03 2.381e-03 6.154e-03  7.777 1.888e-02 -4.762 3.004 0.139 -2.129 -3.498 -4.681 -6.431 -7.502 -7.931
0.0152 0.01508 9.00000 2.3099520206 2.5797125083    1.427  3.745  3.4864 -0.255    8  0.656  1.103   281.75   147.96    91.79    72.89    59.70  0 -5.79e-07      0.00 6.665e-01 3.147e-01 5.092e-03 2.381e-03 6.155e-03  7.775 1.887e-02 -4.593 2.791 0.015 -2.170 -3.465 -4.579 -6.261 -7.305 -7.709
0.0152 0.01508 9.00000 2.3099534512 2.5797125520    1.425  3.791  3.4761 -0.343    8  0.656  1.102   320.24   173.30   106.75    84.98    69.63  0 -9.58e-07      0.00 6.665e-01 3.147e-01 5.088e-03 2.381e-03 6.155e-03  7.771 1.887e-02 -4.708 2.968 0.123 -2.125 -3.476 -4.642 -6.377 -7.443 -7.866
0.0152 0.01508 9.00000 2.3099551201 2.5797126029    1.421  3.867  3.4594 -0.487    8  0.656  1.101   395.15   224.60   136.73   109.27    89.59  0 -2.19e-06      0.01 6.665e-01 3.146e-01 5.082e-03 2.381e-03 6.155e-03  7.766 1.886e-02 -4.898 3.336 0.313 -2.044 -3.496 -4.747 -6.574 -7.663 -8.123
0.0152 0.01508 9.00000 2.3099572659 2.5797126684    1.417  3.934  3.4439 -0.617    8  0.657  1.100   462.25    -1.00    -1.00    -1.00    -1.00  0 -4.58e-06      0.03 6.665e-01 3.146e-01 5.076e-03 2.381e-03 6.155e-03  7.760 1.886e-02 -5.066 3.738 0.538 -1.927 -3.483 -4.816 -6.728 -7.824 -8.327
0.0152 0.01508 9.00000 2.3099598885 2.5797127484    1.413  3.978  3.4329 -0.706    8  0.657  1.098   461.46    -1.00    -1.00    -1.00    -1.00  0 -7.43e-06      0.06 6.665e-01 3.146e-01 5.068e-03 2.381e-03 6.155e-03  7.752 1.885e-02 -5.174 4.138 0.740 -1.811 -3.449 -4.842 -6.823 -7.923 -8.466
0.0152 0.01508 9.00000 2.3099629879 2.5797128430    1.407  3.998  3.4260 -0.756    8  0.657  1.096   460.52    -1.00    -1.00    -1.00    -1.00  0 -9.51e-06      0.09 6.666e-01 3.146e-01 5.059e-03 2.381e-03 6.155e-03  7.743 1.884e-02 -5.226 4.405 0.891 -1.713 -3.404 -4.834 -6.860 -7.961 -8.530
0.0152 0.01508 9.00000 2.3099665642 2.5797129521    1.400  4.006  3.4214 -0.784    8  0.658  1.094   459.45    -1.00    -1.00    -1.00    -1.00  0 -1.06e-05      0.10 6.666e-01 3.146e-01 5.048e-03 2.381e-03 6.155e-03  7.733 1.883e-02 -5.245 4.542 0.977 -1.654 -3.376 -4.827 -6.875 -7.972 -8.550
0.0152 0.01508 9.00000 2.3099706173 2.5797130758    1.393  4.008  3.4171 -0.806    8  0.658  1.091   458.22    -1.00    -1.00    -1.00    -1.00  0 -1.13e-05      0.10 6.666e-01 3.145e-01 5.036e-03 2.381e-03 6.155e-03  7.720 1.881e-02 -5.251 4.657 1.040 -1.611 -3.355 -4.820 -6.883 -7.977 -8.563
0.0152 0.01508 9.00000 2.3099706173 2.5797130758    1.393  4.090  3.3995 -0.958    8  0.658  1.148   458.20    -1.00    -1.00    -1.00    -1.00  0 -2.72e-05      1.85 6.658e-01 3.151e-01 5.300e-03 2.378e-03 6.153e-03  7.933 1.910e-02 -5.455 10.047 4.962 1.566 -0.808 -2.674 -5.659 -7.275 -8.512
0.0152 0.01508 9.00000 2.3099710941 2.5797130904    1.392  3.979  3.4233 -0.753    8  0.658  1.148   458.08    -1.00    -1.00    -1.00    -1.00  0 -8.27e-06      0.49 6.658e-01 3.151e-01 5.298e-03 2.378e-03 6.153e-03  7.932 1.910e-02 -5.178 5.757 1.906 -0.870 -2.714 -4.246 -6.493 -7.722 -8.473
0.0152 0.01508 9.00000 2.3099715710 2.5797131049    1.391  3.823  3.4569 -0.462    8  0.658  1.147   378.19   213.51   130.21   104.06    85.29  0 -1.54e-06      0.02 6.658e-01 3.151e-01 5.294e-03 2.378e-03 6.153e-03  7.930 1.909e-02 -4.787 3.532 0.496 -1.873 -3.340 -4.605 -6.449 -7.547 -8.019
0.0152 0.01508 9.00000 2.3099725246 2.5797131340    1.388  3.755  3.4716 -0.336    8  0.658  1.146   313.94   169.93   104.70    83.40    68.32  0  -7.4e-07      0.01 6.658e-01 3.151e-01 5.289e-03 2.379e-03 6.153e-03  7.926 1.909e-02 -4.616 3.158 0.308 -1.959 -3.332 -4.520 -6.278 -7.357 -7.789
0.0152 0.01508 9.00000 2.3099737167 2.5797131704    1.385  3.800  3.4614 -0.423    8  0.658  1.145   356.80   198.90   121.68    97.16    79.62  0 -1.22e-06      0.01 6.658e-01 3.151e-01 5.282e-03 2.379e-03 6.153e-03  7.922 1.908e-02 -4.731 3.414 0.435 -1.902 -3.338 -4.579 -6.396 -7.490 -7.948
0.0152 0.01508 9.00000 2.3099753857 2.5797132213    1.381  3.875  3.4447 -0.566    8  0.659  1.143   439.98   257.30   155.59   124.72   102.26  0 -2.77e-06      0.05 6.659e-01 3.151e-01 5.274e-03 2.379e-03 6.153e-03  7.916 1.907e-02 -4.918 3.875 0.692 -1.765 -3.317 -4.648 -6.562 -7.670 -8.179
0.0152 0.01508 9.00000 2.3099775314 2.5797132868    1.376  3.942  3.4297 -0.694    8  0.659  1.141   455.50    -1.00    -1.00    -1.00    -1.00  0 -5.75e-06      0.12 6.659e-01 3.150e-01 5.265e-03 2.379e-03 6.154e-03  7.910 1.906e-02 -5.084 4.498 1.015 -1.570 -3.245 -4.663 -6.690 -7.810 -8.388
0.0152 0.01508 9.00000 2.3099801540 2.5797133668    1.370  3.984  3.4197 -0.778    8  0.659  1.139   454.50    -1.00    -1.00    -1.00    -1.00  0 -9.24e-06      0.52 6.659e-01 3.150e-01 5.255e-03 2.379e-03 6.154e-03  7.904 1.905e-02 -5.190 5.938 2.028 -0.780 -2.655 -4.208 -6.484 -7.716 -8.485
0.0152 0.01508 9.00000 2.3099830151 2.5797134542    1.363  4.004  3.4144 -0.822    8  0.659  1.137   453.34    -1.00    -1.00    -1.00    -1.00  0 -1.17e-05      0.69 6.659e-01 3.150e-01 5.247e-03 2.379e-03 6.154e-03  7.898 1.904e-02 -5.241 6.576 2.454 -0.450 -2.409 -4.017 -6.399 -7.680 -8.526
0.0152 0.01508 9.00000 2.3099863529 2.5797135560    1.355  4.012  3.4118 -0.842    8  0.660  1.135   451.98    -1.00    -1.00    -1.00    -1.00  0  -1.3e-05      0.77 6.660e-01 3.150e-01 5.240e-03 2.379e-03 6.154e-03  7.893 1.903e-02 -5.259 6.831 2.632 -0.308 -2.299 -3.927 -6.353 -7.656 -8.533
0.0152 0.01508 9.00000 2.3099904060 2.5797136797    1.346  4.014  3.4102 -0.854    8  0.660  1.135   450.45    -1.00    -1.00    -1.00    -1.00  0 -1.37e-05      0.81 6.660e-01 3.150e-01 5.237e-03 2.379e-03 6.154e-03  7.891 1.903e-02 -5.266 6.973 2.733 -0.228 -2.236 -3.874 -6.324 -7.640 -8.534
0.0152 0.01508 9.00000 2.3099904060 2.5797136797    1.346  4.098  3.3910 -1.015    8  0.660  1.179   450.41    -1.00    -1.00    -1.00    -1.00  0 -3.41e-05      2.94 6.653e-01 3.154e-01 5.441e-03 2.377e-03 6.153e-03  8.015 1.925e-02 -5.476 13.347 7.424 3.576 0.836 -1.247 -4.774 -6.687 -8.224
0.0152 0.01508 9.00000 2.3099908829 2.5797136942    1.345  3.988  3.4160 -0.805    8  0.660  1.179   450.26    -1.00    -1.00    -1.00    -1.00  0 -1.03e-05      0.83 6.653e-01 3.154e-01 5.440e-03 2.377e-03 6.153e-03  8.014 1.925e-02 -5.200 7.017 2.801 -0.152 -2.154 -3.789 -6.242 -7.567 -8.462
0.0152 0.01508 9.00000 2.3099913597 2.5797137088    1.343  3.832  3.4511 -0.510    8  0.660  1.178   401.24   230.68   140.09   112.23    91.98  0 -1.93e-06      0.05 6.653e-01 3.154e-01 5.437e-03 2.377e-03 6.153e-03  8.013 1.925e-02 -4.811 3.799 0.675 -1.745 -3.259 -4.560 -6.450 -7.562 -8.064
0.0152 0.01508 9.00000 2.3099923134 2.5797137379    1.340  3.764  3.4664 -0.381    8  0.661  1.177   331.35   182.66   112.09    89.50    73.31  0 -9.22e-07      0.02 6.653e-01 3.154e-01 5.433e-03 2.377e-03 6.153e-03  8.011 1.924e-02 -4.639 3.345 0.429 -1.877 -3.285 -4.502 -6.294 -7.384 -7.834
0.0152 0.01508 9.00000 2.3099935055 2.5797137743    1.337  3.809  3.4554 -0.472    8  0.661  1.176   378.65   215.08   131.01   104.86    85.93  0 -1.53e-06      0.04 6.654e-01 3.154e-01 5.427e-03 2.377e-03 6.153e-03  8.008 1.924e-02 -4.753 3.670 0.605 -1.781 -3.263 -4.540 -6.401 -7.506 -7.991
0.0152 0.01508 9.00000 2.3099951744 2.5797138252    1.331  3.883  3.4377 -0.618    8  0.661  1.175   447.96    -1.00    -1.00    -1.00    -1.00  0 -3.47e-06      0.11 6.654e-01 3.154e-01 5.422e-03 2.377e-03 6.153e-03  8.005 1.923e-02 -4.938 4.261 0.951 -1.573 -3.187 -4.564 -6.541 -7.663 -8.214
0.0152 0.01508 9.00000 2.3099970818 2.5797138834    1.325  3.949  3.4217 -0.749    8  0.661  1.174   446.89    -1.00    -1.00    -1.00    -1.00  0 -7.18e-06      0.51 6.654e-01 3.154e-01 5.416e-03 2.377e-03 6.153e-03  8.002 1.923e-02 -5.101 5.946 2.067 -0.725 -2.585 -4.129 -6.395 -7.630 -8.394
0.0152 0.01508 9.00000 2.3099994659 2.5797139562    1.317  3.990  3.4108 -0.837    8  0.661  1.173   445.60    -1.00    -1.00    -1.00    -1.00  0 -1.16e-05      0.91 6.654e-01 3.154e-01 5.413e-03 2.377e-03 6.153e-03  8.000 1.922e-02 -5.206 7.310 3.004 0.008 -2.030 -3.688 -6.186 -7.532 -8.460
0.0152 0.01508 9.00000 2.3100023270 2.5797140435    1.309  4.010  3.4047 -0.885    8  0.662  1.173   444.08    -1.00    -1.00    -1.00    -1.00  0 -1.47e-05      1.14 6.654e-01 3.154e-01 5.413e-03 2.377e-03 6.153e-03  8.000 1.922e-02 -5.255 8.037 3.519 0.417 -1.711 -3.424 -6.047 -7.460 -8.474
0.0152 0.01508 9.00000 2.3100056648 2.5797141453    1.298  4.017  3.4011 -0.910    8  0.662  1.174   442.32    -1.00    -1.00    -1.00    -1.00  0 -1.65e-05      1.34 6.654e-01 3.154e-01 5.419e-03 2.377e-03 6.153e-03  8.003 1.923e-02 -5.273 8.639 3.959 0.773 -1.424 -3.180 -5.904 -7.371 -8.447
0.0152 0.01508 9.00000 2.3100094795 2.5797142617    1.287  4.020  3.3983 -0.927    8  0.663  1.177   440.32    -1.00    -1.00    -1.00    -1.00  0 -1.76e-05      1.47 6.653e-01 3.154e-01 5.432e-03 2.377e-03 6.153e-03  8.010 1.924e-02 -5.279 9.057 4.269 1.027 -1.217 -3.003 -5.796 -7.303 -8.422
0.0152 0.01508 9.00000 2.3100094795 2.5797142617    1.286  4.106  3.3781 -1.094    8  0.663  1.201   440.27    -1.00    -1.00    -1.00    -1.00  0  -4.5e-05      4.34 6.650e-01 3.157e-01 5.540e-03 2.376e-03 6.152e-03  8.065 1.936e-02 -5.495 17.573 10.586 6.140 2.939 0.593 -3.626 -5.913 -7.807
0.0152 0.01508 9.00000 2.3100097179 2.5797142690    1.285  3.996  3.4036 -0.883    8  0.663  1.201   440.07    -1.00    -1.00    -1.00    -1.00  0 -1.37e-05      1.27 6.650e-01 3.157e-01 5.540e-03 2.376e-03 6.152e-03  8.065 1.936e-02 -5.220 8.476 3.855 0.700 -1.472 -3.213 -5.903 -7.354 -8.409
0.0152 0.01508 9.00000 2.3100104332 2.5797142908    1.283  3.841  3.4394 -0.586    8  0.663  1.201   439.68    -1.00    -1.00    -1.00    -1.00  0 -2.56e-06      0.10 6.650e-01 3.157e-01 5.540e-03 2.376e-03 6.152e-03  8.065 1.936e-02 -4.833 4.264 0.999 -1.506 -3.105 -4.472 -6.436 -7.560 -8.103
0.0152 0.01508 9.00000 2.3100111485 2.5797143127    1.279  3.772  3.4551 -0.455    8  0.663  1.201   364.08   206.32   125.78   100.78    82.55  0 -1.22e-06      0.04 6.650e-01 3.157e-01 5.540e-03 2.376e-03 6.152e-03  8.065 1.936e-02 -4.660 3.761 0.702 -1.683 -3.165 -4.443 -6.305 -7.412 -7.899
0.0152 0.01508 9.00000 2.3100123405 2.5797143490    1.274  3.817  3.4439 -0.546    8  0.663  1.201   416.91   243.30   147.22   118.27    96.90  0 -2.03e-06      0.08 6.650e-01 3.157e-01 5.541e-03 2.376e-03 6.152e-03  8.065 1.936e-02 -4.774 4.106 0.907 -1.560 -3.123 -4.463 -6.394 -7.513 -8.037
0.0152 0.01508 9.00000 2.3100137711 2.5797143927    1.268  3.891  3.4260 -0.694    8  0.663  1.201   437.14    -1.00    -1.00    -1.00    -1.00  0 -4.58e-06      0.39 6.650e-01 3.157e-01 5.543e-03 2.376e-03 6.152e-03  8.066 1.936e-02 -4.957 5.542 1.822 -0.888 -2.674 -4.168 -6.349 -7.552 -8.255
0.0152 0.01508 9.00000 2.3100156784 2.5797144509    1.260  3.955  3.4099 -0.825    8  0.663  1.202   435.78    -1.00    -1.00    -1.00    -1.00  0 -9.44e-06      0.88 6.650e-01 3.157e-01 5.548e-03 2.376e-03 6.152e-03  8.068 1.937e-02 -5.118 7.312 3.031 0.048 -1.980 -3.632 -6.117 -7.456 -8.375
0.0152 0.01508 9.00000 2.3100180626 2.5797145237    1.251  3.996  3.3989 -0.913    8  0.664  1.204   434.13    -1.00    -1.00    -1.00    -1.00  0 -1.52e-05      1.48 6.649e-01 3.157e-01 5.556e-03 2.376e-03 6.152e-03  8.072 1.938e-02 -5.220 9.150 4.354 1.107 -1.141 -2.929 -5.728 -7.238 -8.360
0.0152 0.01508 9.00000 2.3100206852 2.5797146037    1.240  4.015  3.3927 -0.961    8  0.664  1.207   432.20    -1.00    -1.00    -1.00    -1.00  0 -1.94e-05      1.91 6.649e-01 3.157e-01 5.568e-03 2.375e-03 6.152e-03  8.078 1.939e-02 -5.268 10.423 5.290 1.869 -0.526 -2.405 -5.422 -7.055 -8.311
0.0152 0.01508 9.00000 2.3100237846 2.5797146983    1.227  4.022  3.3891 -0.987    8  0.664  1.211   429.97    -1.00    -1.00    -1.00    -1.00  0 -2.18e-05      2.19 6.648e-01 3.158e-01 5.587e-03 2.375e-03 6.152e-03  8.086 1.941e-02 -5.286 11.259 5.910 2.374 -0.116 -2.052 -5.209 -6.919 -8.258
0.0152 0.01508 9.00000 2.3100273609 2.5797148074    1.213  4.025  3.3863 -1.006    8  0.665  1.217   427.43    -1.00    -1.00    -1.00    -1.00  0 -2.34e-05      2.50 6.647e-01 3.158e-01 5.615e-03 2.375e-03 6.152e-03  8.099 1.944e-02 -5.292 12.188 6.603 2.940 0.347 -1.650 -4.958 -6.752 -8.172
0.0152 0.01508 9.00000 2.3100273609 2.5797148074    1.212  4.113  3.3651 -1.180    8  0.665  1.223   427.34    -1.00    -1.00    -1.00    -1.00  0 -6.17e-05      6.61 6.646e-01 3.159e-01 5.642e-03 2.375e-03 6.151e-03  8.110 1.947e-02 -5.514 24.334 15.664 10.215 6.298 3.561 -1.764 -4.643 -7.067
0.0152 0.01508 9.00000 2.3100275993 2.5797148147    1.211  4.004  3.3912 -0.966    8  0.665  1.223   427.06    -1.00    -1.00    -1.00    -1.00  0 -1.88e-05      2.00 6.646e-01 3.159e-01 5.644e-03 2.375e-03 6.151e-03  8.111 1.947e-02 -5.239 10.715 5.515 2.059 -0.365 -2.263 -5.322 -6.980 -8.263
0.0152 0.01508 9.00000 2.3100283146 2.5797148365    1.207  3.850  3.4280 -0.666    8  0.665  1.224   426.51    -1.00    -1.00    -1.00    -1.00  0 -3.54e-06      0.33 6.646e-01 3.159e-01 5.649e-03 2.375e-03 6.151e-03  8.113 1.948e-02 -4.855 5.398 1.752 -0.922 -2.674 -4.147 -6.290 -7.479 -8.155
0.0152 0.01508 9.00000 2.3100290298 2.5797148583    1.203  3.780  3.4446 -0.532    8  0.665  1.226   400.52   233.37   141.29   113.67    93.09  0 -1.68e-06      0.08 6.646e-01 3.159e-01 5.656e-03 2.374e-03 6.151e-03  8.116 1.948e-02 -4.680 4.180 0.990 -1.473 -3.031 -4.368 -6.298 -7.418 -7.943
0.0152 0.01508 9.00000 2.3100302219 2.5797148947    1.196  3.825  3.4336 -0.623    8  0.665  1.228   424.48    -1.00    -1.00    -1.00    -1.00  0  -2.8e-06      0.23 6.646e-01 3.159e-01 5.666e-03 2.374e-03 6.151e-03  8.120 1.950e-02 -4.794 4.942 1.467 -1.131 -2.812 -4.236 -6.301 -7.464 -8.085
0.0152 0.01508 9.00000 2.3100316525 2.5797149383    1.187  3.898  3.4159 -0.770    8  0.665  1.231   422.94    -1.00    -1.00    -1.00    -1.00  0 -6.31e-06      0.67 6.645e-01 3.160e-01 5.679e-03 2.374e-03 6.151e-03  8.126 1.951e-02 -4.975 6.697 2.632 -0.247 -2.187 -3.783 -6.148 -7.426 -8.260
0.0152 0.01508 9.00000 2.3100335598 2.5797149965    1.177  3.961  3.4001 -0.900    8  0.666  1.234   421.03    -1.00    -1.00    -1.00    -1.00  0  -1.3e-05      1.50 6.645e-01 3.160e-01 5.695e-03 2.374e-03 6.151e-03  8.132 1.953e-02 -5.133 9.279 4.472 1.220 -1.033 -2.824 -5.630 -7.144 -8.270
0.0152 0.01508 9.00000 2.3100359440 2.5797150693    1.164  4.001  3.3898 -0.986    8  0.666  1.239   418.74    -1.00    -1.00    -1.00    -1.00  0 -2.09e-05      2.49 6.644e-01 3.160e-01 5.715e-03 2.374e-03 6.151e-03  8.140 1.955e-02 -5.234 12.222 6.643 2.983 0.393 -1.602 -4.907 -6.698 -8.116
0.0152 0.01508 9.00000 2.3100385666 2.5797151493    1.149  4.020  3.3846 -1.032    8  0.666  1.244   416.04    -1.00    -1.00    -1.00    -1.00  0 -2.68e-05      3.30 6.643e-01 3.161e-01 5.738e-03 2.374e-03 6.151e-03  8.150 1.957e-02 -5.281 14.647 8.445 4.446 1.584 -0.570 -4.277 -6.288 -7.922
0.0152 0.01508 9.00000 2.3100416660 2.5797152439    1.132  4.027  3.3824 -1.054    8  0.667  1.250   412.94    -1.00    -1.00    -1.00    -1.00  0 -3.03e-05      3.75 6.642e-01 3.162e-01 5.766e-03 2.373e-03 6.151e-03  8.160 1.960e-02 -5.298 16.007 9.458 5.271 2.257 0.014 -3.917 -6.050 -7.804
0.0152 0.01508 9.00000 2.3100452423 2.5797153530    1.113  4.030  3.3813 -1.068    8  0.667  1.257   409.42    -1.00    -1.00    -1.00    -1.00  0 -3.28e-05      4.28 6.641e-01 3.162e-01 5.797e-03 2.373e-03 6.150e-03  8.172 1.964e-02 -5.304 17.589 10.645 6.225 3.043 0.707 -3.483 -5.755 -7.635
0.0152 0.01508 9.00000 2.3100452423 2.5797153530    1.112  4.121  3.3579 -1.253    8  0.667  1.262   409.26    -1.00    -1.00    -1.00    -1.00  0 -8.95e-05     11.28 6.641e-01 3.163e-01 5.819e-03 2.373e-03 6.150e-03  8.180 1.966e-02 -5.532 38.031 26.005 18.306 13.027 9.592 1.955 -2.138 -5.543
0.0152 0.01508 9.00000 2.3100454807 2.5797153603    1.110  4.011  3.3859 -1.032    8  0.667  1.262   408.81    -1.00    -1.00    -1.00    -1.00  0 -2.71e-05      3.59 6.641e-01 3.163e-01 5.821e-03 2.373e-03 6.150e-03  8.181 1.966e-02 -5.259 15.560 9.134 5.013 2.053 -0.159 -4.010 -6.100 -7.812
0.0152 0.01508 9.00000 2.3100461960 2.5797153821    1.105  3.859  3.4251 -0.725    8  0.667  1.263   407.94    -1.00    -1.00    -1.00    -1.00  0 -5.14e-06      0.58 6.640e-01 3.163e-01 5.825e-03 2.373e-03 6.150e-03  8.182 1.967e-02 -4.876 6.275 2.378 -0.422 -2.283 -3.828 -6.116 -7.377 -8.165
0.0152 0.01508 9.00000 2.3100469112 2.5797154040    1.098  3.788  3.4431 -0.586    8  0.668  1.264   406.57    -1.00    -1.00    -1.00    -1.00  0 -2.43e-06      0.23 6.640e-01 3.163e-01 5.830e-03 2.373e-03 6.150e-03  8.184 1.967e-02 -4.701 4.717 1.371 -1.174 -2.799 -4.181 -6.201 -7.368 -7.971
0.0152 0.01508 9.00000 2.3100481033 2.5797154403    1.087  3.833  3.4315 -0.681    8  0.668  1.266   404.68    -1.00    -1.00    -1.00    -1.00  0 -4.11e-06      0.47 6.640e-01 3.163e-01 5.838e-03 2.372e-03 6.150e-03  8.187 1.968e-02 -4.814 5.807 2.072 -0.648 -2.433 -3.927 -6.133 -7.369 -8.103
0.0152 0.01508 9.00000 2.3100495338 2.5797154840    1.074  3.905  3.4131 -0.832    8  0.668  1.268   402.23    -1.00    -1.00    -1.00    -1.00  0 -9.36e-06      1.26 6.640e-01 3.163e-01 5.849e-03 2.372e-03 6.150e-03  8.191 1.969e-02 -4.993 8.617 4.032 0.894 -1.266 -3.001 -5.682 -7.133 -8.182
0.0152 0.01508 9.00000 2.3100512028 2.5797155349    1.058  3.968  3.3970 -0.965    8  0.668  1.271   399.18    -1.00    -1.00    -1.00    -1.00  0 -1.94e-05      2.79 6.639e-01 3.164e-01 5.863e-03 2.372e-03 6.150e-03  8.196 1.971e-02 -5.149 13.226 7.416 3.630 0.939 -1.116 -4.570 -6.443 -7.941
0.0152 0.01508 9.00000 2.3100535870 2.5797156077    1.039  4.007  3.3870 -1.052    8  0.669  1.275   395.54    -1.00    -1.00    -1.00    -1.00  0 -3.17e-05      4.63 6.639e-01 3.164e-01 5.879e-03 2.372e-03 6.150e-03  8.201 1.973e-02 -5.247 18.674 11.475 6.903 3.612 1.216 -3.141 -5.503 -7.464
0.0152 0.01508 9.00000 2.3100562096 2.5797156877    1.017  4.026  3.3826 -1.098    8  0.669  1.279   391.28    -1.00    -1.00    -1.00    -1.00  0 -4.15e-05      6.15 6.638e-01 3.164e-01 5.899e-03 2.372e-03 6.150e-03  8.208 1.975e-02 -5.294 23.171 14.844 9.600 5.829 3.172 -1.928 -4.686 -7.002
0.0152 0.01508 9.00000 2.3100590706 2.5797157750    0.992  4.032  3.3818 -1.119    8  0.669  1.284   382.25    -1.00    -1.00    -1.00    -1.00  0 -2.52e-06      0.16 6.637e-01 3.165e-01 5.924e-03 2.372e-03 6.150e-03  8.216 1.978e-02 -5.311 4.921 1.184 -1.519 -3.307 -4.797 -6.904 -8.009 -8.631
0.0152 0.01508 9.00000 2.3100626469 2.5797158841    0.964  4.035  3.3826 -1.130    8  0.670  1.290   362.92    -1.00    -1.00    -1.00    -1.00  0 -3.09e-06      0.21 6.636e-01 3.166e-01 5.952e-03 2.371e-03 6.150e-03  8.226 1.981e-02 -5.317 5.063 1.289 -1.435 -3.239 -4.740 -6.872 -7.992 -8.637
0.0152 0.01508 9.00000 2.3100626469 2.5797158841    0.963  4.128  3.3574 -1.325    8  0.670  1.293   362.51    -1.00    -1.00    -1.00    -1.00  0 -4.02e-06      0.21 6.636e-01 3.166e-01 5.961e-03 2.371e-03 6.150e-03  8.229 1.982e-02 -5.551 4.850 1.070 -1.657 -3.463 -4.966 -7.102 -8.223 -8.872
0.0152 0.01508 9.00000 2.3100628853 2.5797158914    0.961  4.019  3.3861 -1.102    8  0.670  1.293   361.26    -1.00    -1.00    -1.00    -1.00  0 -2.81e-06      0.19 6.636e-01 3.166e-01 5.962e-03 2.371e-03 6.150e-03  8.229 1.982e-02 -5.278 5.065 1.300 -1.419 -3.219 -4.717 -6.843 -7.959 -8.598
0.0152 0.01508 9.00000 2.3100633621 2.5797159059    0.958  3.867  3.4261 -0.792    8  0.670  1.293   358.81    -1.00    -1.00    -1.00    -1.00  0 -3.84e-07      0.01 6.636e-01 3.166e-01 5.964e-03 2.371e-03 6.150e-03  8.230 1.982e-02 -4.898 4.534 1.060 -1.521 -3.193 -4.606 -6.594 -7.667 -8.198
0.0152 0.01508 9.00000 2.3100643158 2.5797159350    0.952  3.796  3.4442 -0.651    8  0.670  1.294   355.02    -1.00    -1.00    -1.00    -1.00  0 -2.15e-07      0.01 6.636e-01 3.166e-01 5.967e-03 2.371e-03 6.150e-03  8.231 1.982e-02 -4.721 4.031 0.835 -1.626 -3.178 -4.505 -6.405 -7.490 -7.979
0.0152 0.01508 9.00000 2.3100652695 2.5797159641    0.944  3.841  3.4309 -0.752    8  0.670  1.295   349.80    -1.00    -1.00    -1.00    -1.00  0 -3.99e-07      0.02 6.636e-01 3.166e-01 5.971e-03 2.371e-03 6.150e-03  8.232 1.983e-02 -4.832 4.452 1.034 -1.519 -3.159 -4.553 -6.522 -7.604 -8.128
0.0152 0.01508 9.00000 2.3100667000 2.5797160078    0.934  3.911  3.4102 -0.910    8  0.671  1.296   343.11    -1.00    -1.00    -1.00    -1.00  0 -7.52e-07      0.04 6.636e-01 3.166e-01 5.976e-03 2.371e-03 6.149e-03  8.234 1.983e-02 -5.008 4.840 1.203 -1.452 -3.196 -4.658 -6.699 -7.762 -8.323
0.0152 0.01508 9.00000 2.3100683689 2.5797160587    0.922  3.972  3.3919 -1.050    8  0.671  1.297   334.94    -1.00    -1.00    -1.00    -1.00  0 -1.78e-06      0.12 6.635e-01 3.166e-01 5.983e-03 2.371e-03 6.149e-03  8.236 1.984e-02 -5.160 4.946 1.242 -1.445 -3.219 -4.700 -6.785 -7.877 -8.479
0.0152 0.01508 9.00000 2.3100705147 2.5797161242    0.907  4.010  3.3802 -1.141    8  0.671  1.299   325.32    -1.00    -1.00    -1.00    -1.00  0 -2.37e-06      0.16 6.635e-01 3.166e-01 5.991e-03 2.371e-03 6.149e-03  8.238 1.985e-02 -5.255 4.974 1.238 -1.465 -3.253 -4.743 -6.849 -7.953 -8.575
0.0152 0.01508 9.00000 2.3100728989 2.5797161969    0.890  4.028  3.3753 -1.187    8  0.672  1.301   314.33    -1.00    -1.00    -1.00    -1.00  0 -2.25e-06      0.14 6.635e-01 3.167e-01 6.001e-03 2.371e-03 6.149e-03  8.242 1.986e-02 -5.299 4.865 1.146 -1.549 -3.329 -4.815 -6.910 -8.007 -8.618
0.0152 0.01508 9.00000 2.3100757599 2.5797162842    0.871  4.033  3.3754 -1.202    8  0.672  1.304   302.06    -1.00    -1.00    -1.00    -1.00  0 -2.03e-06      0.12 6.634e-01 3.167e-01 6.013e-03 2.371e-03 6.149e-03  8.245 1.987e-02 -5.313 4.784 1.082 -1.604 -3.377 -4.857 -6.941 -8.031 -8.632
0.0152 0.01508 9.00000 2.3100790977 2.5797163861    0.849  4.034  3.3791 -1.199    8  0.673  1.307   288.63    -1.00    -1.00    -1.00    -1.00  0 -1.75e-06      0.10 6.634e-01 3.167e-01 6.027e-03 2.370e-03 6.149e-03  8.250 1.989e-02 -5.316 4.736 1.045 -1.635 -3.403 -4.880 -6.956 -8.041 -8.635
0.0152 0.01508 9.00000 2.3100790977 2.5797163861    0.849  4.131  3.3492 -1.415    8  0.673  1.307   288.35    -1.00    -1.00    -1.00    -1.00  0 -2.18e-06      0.09 6.634e-01 3.167e-01 6.029e-03 2.370e-03 6.149e-03  8.250 1.989e-02 -5.557 4.474 0.789 -1.889 -3.654 -5.129 -7.202 -8.285 -8.875
0.0152 0.01508 9.00000 2.3100793362 2.5797163934    0.847  4.022  3.3824 -1.175    8  0.673  1.307   287.59    -1.00    -1.00    -1.00    -1.00  0  -1.6e-06      0.10 6.634e-01 3.167e-01 6.029e-03 2.370e-03 6.149e-03  8.251 1.989e-02 -5.285 4.748 1.063 -1.616 -3.381 -4.857 -6.929 -8.012 -8.603
0.0152 0.01508 9.00000 2.3100798130 2.5797164079    0.845  3.871  3.4282 -0.841    8  0.673  1.308   286.12    -1.00    -1.00    -1.00    -1.00  0 -1.96e-07      0.00 6.634e-01 3.167e-01 6.030e-03 2.370e-03 6.149e-03  8.251 1.989e-02 -4.908 4.498 1.020 -1.561 -3.227 -4.634 -6.614 -7.681 -8.207
0.0152 0.01508 9.00000 2.3100805283 2.5797164297    0.841  3.800  3.4492 -0.688    8  0.673  1.308   283.84    -1.00    -1.00    -1.00    -1.00  0 -2.46e-07      0.01 6.634e-01 3.167e-01 6.031e-03 2.370e-03 6.149e-03  8.251 1.989e-02 -4.729 3.963 0.765 -1.685 -3.219 -4.529 -6.415 -7.499 -7.985
0.0152 0.01508 9.00000 2.3100817204 2.5797164661    0.836  3.844  3.4341 -0.795    8  0.673  1.308   280.69    -1.00    -1.00    -1.00    -1.00  0 -6.17e-07      0.03 6.634e-01 3.167e-01 6.033e-03 2.370e-03 6.149e-03  8.252 1.990e-02 -4.840 4.425 1.021 -1.531 -3.166 -4.553 -6.517 -7.600 -8.126
0.0152 0.01508 9.00000 2.3100829124 2.5797165025    0.829  3.913  3.4114 -0.959    8  0.673  1.309   276.62    -1.00    -1.00    -1.00    -1.00  0 -3.93e-07      0.01 6.634e-01 3.167e-01 6.036e-03 2.370e-03 6.149e-03  8.253 1.990e-02 -5.013 4.762 1.143 -1.501 -3.239 -4.694 -6.723 -7.778 -8.326
0.0152 0.01508 9.00000 2.3100845814 2.5797165534    0.821  3.973  3.3923 -1.099    8  0.674  1.309   271.64    -1.00    -1.00    -1.00    -1.00  0 -9.23e-07      0.06 6.633e-01 3.168e-01 6.039e-03 2.370e-03 6.149e-03  8.253 1.990e-02 -5.162 4.749 1.095 -1.568 -3.319 -4.786 -6.837 -7.907 -8.479
0.0152 0.01508 9.00000 2.3100867271 2.5797166189    0.811  4.010  3.3814 -1.185    8  0.674  1.310   265.73    -1.00    -1.00    -1.00    -1.00  0 -1.19e-06      0.07 6.633e-01 3.168e-01 6.042e-03 2.370e-03 6.149e-03  8.255 1.990e-02 -5.255 4.689 1.027 -1.640 -3.395 -4.864 -6.922 -7.995 -8.572
0.0152 0.01508 9.00000 2.3100891113 2.5797166916    0.800  4.027  3.3789 -1.218    8  0.674  1.311   258.91    -1.00    -1.00    -1.00    -1.00  0 -4.72e-06      0.39 6.633e-01 3.168e-01 6.047e-03 2.370e-03 6.149e-03  8.256 1.991e-02 -5.297 5.674 1.748 -1.053 -2.923 -4.468 -6.701 -7.881 -8.610
0.0152 0.01508 9.00000 2.3100919724 2.5797167789    0.786  4.032  3.3830 -1.214    8  0.675  1.312   251.23    -1.00    -1.00    -1.00    -1.00  0 -4.54e-06      0.37 6.633e-01 3.168e-01 6.052e-03 2.370e-03 6.149e-03  8.257 1.992e-02 -5.310 5.593 1.684 -1.108 -2.970 -4.510 -6.731 -7.905 -8.624
0.0152 0.01508 9.00000 2.3100950718 2.5797168735    0.772  4.033  3.3927 -1.185    8  0.675  1.314   242.74    -1.00    -1.00    -1.00    -1.00  0 -4.05e-06      0.32 6.633e-01 3.168e-01 6.058e-03 2.370e-03 6.149e-03  8.259 1.992e-02 -5.312 5.441 1.570 -1.202 -3.048 -4.577 -6.772 -7.931 -8.629
0.0152 0.01508 9.00000 2.3100950718 2.5797168735    0.771  4.132  3.3611 -1.410    8  0.675  1.314   242.64    -1.00    -1.00    -1.00    -1.00  0 -6.02e-06      0.39 6.633e-01 3.168e-01 6.058e-03 2.370e-03 6.149e-03  8.259 1.992e-02 -5.560 5.417 1.489 -1.313 -3.183 -4.729 -6.962 -8.143 -8.873
0.0152 0.01508 9.00000 2.3100953102 2.5797168808    0.771  4.024  3.3952 -1.166    8  0.675  1.314   242.28    -1.00    -1.00    -1.00    -1.00  0 -3.72e-06      0.29 6.633e-01 3.168e-01 6.058e-03 2.370e-03 6.149e-03  8.259 1.992e-02 -5.289 5.367 1.521 -1.239 -3.073 -4.595 -6.774 -7.922 -8.607
0.0152 0.01508 9.00000 2.3100957870 2.5797168953    0.769  3.874  3.4415 -0.831    8  0.675  1.314   241.56    -1.00    -1.00    -1.00    -1.00  0  -6.7e-07      0.03 6.633e-01 3.168e-01 6.059e-03 2.370e-03 6.149e-03  8.260 1.992e-02 -4.914 4.144 0.824 -1.698 -3.298 -4.655 -6.588 -7.668 -8.180
0.0152 0.01508 9.00000 2.3100965023 2.5797169172    0.767  3.802  3.4622 -0.678    8  0.676  1.314   240.45    -1.00    -1.00    -1.00    -1.00  0 -2.21e-07      0.00 6.633e-01 3.168e-01 6.059e-03 2.370e-03 6.149e-03  8.260 1.992e-02 -4.734 3.607 0.509 -1.879 -3.345 -4.596 -6.420 -7.490 -7.951
0.0152 0.01508 9.00000 2.3100974560 2.5797169462    0.765  3.846  3.4466 -0.786    8  0.676  1.314   238.91    -1.00    -1.00    -1.00    -1.00  0 -4.12e-07      0.01 6.633e-01 3.168e-01 6.061e-03 2.370e-03 6.149e-03  8.260 1.992e-02 -4.845 4.024 0.756 -1.732 -3.296 -4.625 -6.530 -7.609 -8.105
0.0152 0.01508 9.00000 2.3100986481 2.5797169826    0.761  3.915  3.4244 -0.946    8  0.676  1.314   236.91    -1.00    -1.00    -1.00    -1.00  0 -1.38e-06      0.10 6.633e-01 3.168e-01 6.062e-03 2.370e-03 6.149e-03  8.261 1.993e-02 -5.016 4.846 1.234 -1.416 -3.146 -4.596 -6.647 -7.740 -8.324
0.0152 0.01508 9.00000 2.3101003170 2.5797170335    0.757  3.973  3.4066 -1.078    8  0.676  1.315   234.44    -1.00    -1.00    -1.00    -1.00  0 -2.46e-06      0.19 6.633e-01 3.168e-01 6.064e-03 2.370e-03 6.149e-03  8.261 1.993e-02 -5.163 5.181 1.416 -1.303 -3.103 -4.602 -6.728 -7.844 -8.484
0.0152 0.01508 9.00000 2.3101022243 2.5797170917    0.752  4.010  3.3975 -1.154    8  0.676  1.315   231.48    -1.00    -1.00    -1.00    -1.00  0 -3.38e-06      0.26 6.633e-01 3.168e-01 6.066e-03 2.370e-03 6.149e-03  8.262 1.993e-02 -5.255 5.291 1.474 -1.272 -3.094 -4.608 -6.768 -7.905 -8.575
0.0152 0.01508 9.00000 2.3101043701 2.5797171572    0.745  4.027  3.3965 -1.178    8  0.677  1.316   228.05    -1.00    -1.00    -1.00    -1.00  0 -3.51e-06      0.26 6.632e-01 3.168e-01 6.069e-03 2.370e-03 6.149e-03  8.263 1.993e-02 -5.297 5.257 1.438 -1.309 -3.132 -4.646 -6.808 -7.946 -8.617
0.0152 0.01508 9.00000 2.3101069927 2.5797172372    0.738  4.032  3.4019 -1.167    8  0.677  1.317   224.12    -1.00    -1.00    -1.00    -1.00  0 -3.31e-06      0.23 6.632e-01 3.168e-01 6.072e-03 2.370e-03 6.149e-03  8.264 1.994e-02 -5.311 5.158 1.360 -1.375 -3.189 -4.697 -6.844 -7.973 -8.632
0.0152 0.01508 9.00000 2.3101098537 2.5797173245    0.730  4.034  3.4125 -1.130    8  0.678  1.317   219.73    -1.00    -1.00    -1.00    -1.00  0 -2.58e-06      0.18 6.632e-01 3.168e-01 6.075e-03 2.370e-03 6.149e-03  8.265 1.994e-02 -5.314 4.995 1.239 -1.476 -3.272 -4.768 -6.888 -8.000 -8.634
0.0152 0.01508 9.00000 2.3101215363 2.5797176810    0.679 -9.999  4.2903  2.413    9  0.679  0.000     0.00     0.00     0.00     0.00     0.00 -1    -1e-30      0.00 6.632e-01 3.169e-01 6.084e-03 2.370e-03 6.149e-03  8.267 1.995e-02 29.767 30.491 31.398 31.585 31.659 31.770 32.048 32.128 32.199
#isochrone terminated