# File generated by CMD 3.9 (http://stev.oapd.inaf.it/cmd) on Tue May 12 07:09:28 UTC 2026
# isochrones based on PARSEC release v1.2S +  COLIBRI S_37 + S_35 + PR16
# Basic references: Bressan et al. (2012), MNRAS, 427, 127 + Chen et al. (2014, 2015), MNRAS, 444, 2525 + MNRAS, 452, 1068 + Tang et al. (2014), MNRAS, 445, 4287 + Marigo et al. (2017), ApJ, 835, 77 + Pastorelli al. (2019), MNRAS, 485, 5666 + Pastorelli al. (2020), MNRAS, in press
# Thermal pulse cycles included 
# On RGB, assumed Reimers mass loss with efficiency eta=0.2
# LPV periods and growth rates added cf. Trabucchi et al. (2019)
# but fundamental-mode LPV periods + transition are from Trabucchi et al. (2021)
# Photometric system: <i>UBVRIJHK</i> (cf. Maiz-Apellaniz 2006 + Bessell 1990)
# Using YBC version of bolometric corrections as in Chen et al. (2019)
# O-rich circumstellar dpmod60alox40 dust from Groenewegen (2006)
# C-rich circumstellar AMCSIC15 dust from Groenewegen (2006)
# IMF: Kroupa (2001, 2002) + Kroupa et al. (2013) canonical two-part-power law IMF corrected for unresolved binaries 
# Kind of output: isochrone tables
# Zini     MH   logAge Mini        int_IMF         Mass   logL    logTe  logg  label   McoreTP C_O  period0  period1  period2  period3  period4  pmode  Mloss  tau1m   X   Y   Xc  Xn  Xo  Cexcess  Z 	 mbolmag  Umag    Bmag    Vmag    Rmag    Imag    Jmag    Hmag    Kmag
0.013 -0.05655 8.00000 0.0900000036 1.0816895926    0.090 -2.744  3.4088  4.724    0  0.000  0.545     0.00     0.00     0.00     0.00     0.00 -1 -3.32e-16      0.00 7.152e-01 2.717e-01 2.359e-03 6.364e-04 5.772e-03 -1.000 1.312e-02 11.631 20.137 17.956 16.250 14.218 12.023 9.556 8.956 8.624
0.013 -0.05655 8.00000 0.0952871889 1.1304874248    0.095 -2.701  3.4147  4.729    0  0.000  0.545     0.00     0.00     0.00     0.00     0.00 -1 -3.54e-16      0.00 7.152e-01 2.717e-01 2.359e-03 6.364e-04 5.772e-03 -1.000 1.312e-02 11.523 20.037 17.851 16.143 14.110 11.914 9.447 8.847 8.516
0.013 -0.05655 8.00000 0.1000000015 1.1711064122    0.100 -2.663  3.4202  4.734    0  0.000  0.545     0.00     0.00     0.00     0.00     0.00 -1 -3.75e-16      0.00 7.152e-01 2.717e-01 2.359e-03 6.364e-04 5.772e-03 -1.000 1.312e-02 11.428 19.809 17.657 15.955 13.953 11.780 9.359 8.758 8.427
0.013 -0.05655 8.00000 0.1090600789 1.2426194138    0.109 -2.601  3.4280  4.740    0  0.000  0.545     0.00     0.00     0.00     0.00     0.00 -1 -4.12e-16      0.00 7.152e-01 2.717e-01 2.359e-03 6.364e-04 5.772e-03 -1.000 1.312e-02 11.272 19.250 17.208 15.523 13.613 11.510 9.221 8.618 8.290
0.013 -0.05655 8.00000 0.1200000048 1.3193154741    0.120 -2.529  3.4376  4.748    0  0.000  0.545     0.00     0.00     0.00     0.00     0.00 -1 -4.59e-16      0.00 7.152e-01 2.717e-01 2.359e-03 6.364e-04 5.772e-03 -1.000 1.312e-02 11.092 18.643 16.706 15.050 13.239 11.210 9.063 8.456 8.133
0.013 -0.05655 8.00000 0.1353865862 1.4130220886    0.135 -2.447  3.4471  4.757    0  0.000  0.545     0.00     0.00     0.00     0.00     0.00 -1 -5.17e-16      0.00 7.152e-01 2.717e-01 2.359e-03 6.364e-04 5.772e-03 -1.000 1.312e-02 10.887 18.044 16.199 14.571 12.851 10.895 8.878 8.269 7.952
0.013 -0.05655 8.00000 0.1400000006 1.4384526719    0.140 -2.423  3.4499  4.758    0  0.000  0.545     0.00     0.00     0.00     0.00     0.00 -1 -5.36e-16      0.00 7.152e-01 2.717e-01 2.359e-03 6.364e-04 5.772e-03 -1.000 1.312e-02 10.827 17.872 16.054 14.433 12.740 10.805 8.824 8.214 7.899
0.013 -0.05655 8.00000 0.1599999964 1.5372931554    0.160 -2.329  3.4610  4.767    0  0.000  0.545     0.00     0.00     0.00     0.00     0.00 -1 -6.17e-16      0.00 7.152e-01 2.717e-01 2.359e-03 6.364e-04 5.772e-03 -1.000 1.312e-02 10.593 17.200 15.481 13.879 12.293 10.456 8.616 8.003 7.695
0.013 -0.05655 8.00000 0.1733077914 1.5945662942    0.173 -2.275  3.4668  4.771    0  0.000  0.545     0.00     0.00     0.00     0.00     0.00 -1 -6.67e-16      0.00 7.152e-01 2.717e-01 2.359e-03 6.364e-04 5.772e-03 -1.000 1.312e-02 10.458 16.857 15.183 13.594 12.059 10.270 8.495 7.880 7.577
0.013 -0.05655 8.00000 0.2000000030 1.6938790862    0.200 -2.177  3.4774  4.778    0  0.000  0.545     0.00     0.00     0.00     0.00     0.00 -1 -7.73e-16      0.00 7.152e-01 2.717e-01 2.359e-03 6.364e-04 5.772e-03 -1.000 1.312e-02 10.212 16.251 14.652 13.084 11.636 9.937 8.273 7.656 7.362
0.013 -0.05655 8.00000 0.2211637348 1.7611073419    0.221 -2.109  3.4843  4.781    0  0.000  0.545     0.00     0.00     0.00     0.00     0.00 -1 -8.55e-16      0.00 7.152e-01 2.717e-01 2.359e-03 6.364e-04 5.772e-03 -1.000 1.312e-02 10.043 15.863 14.307 12.746 11.352 9.717 8.121 7.502 7.214
0.013 -0.05655 8.00000 0.2500000000 1.8403257998    0.250 -2.027  3.4927  4.785    0  0.000  0.545     0.00     0.00     0.00     0.00     0.00 -1 -9.69e-16      0.00 7.152e-01 2.717e-01 2.359e-03 6.364e-04 5.772e-03 -1.000 1.312e-02 9.836 15.406 13.897 12.346 11.011 9.453 7.935 7.313 7.033
0.013 -0.05655 8.00000 0.2538499534 1.8500013405    0.254 -2.016  3.4936  4.785    0  0.000  0.545     0.00     0.00     0.00     0.00     0.00 -1 -9.85e-16      0.00 7.152e-01 2.717e-01 2.359e-03 6.364e-04 5.772e-03 -1.000 1.312e-02 9.810 15.355 13.850 12.301 10.972 9.422 7.912 7.289 7.010
0.013 -0.05655 8.00000 0.3000000119 1.9529139769    0.300 -1.902  3.5040  4.785    0  0.000  0.545     0.00     0.00     0.00     0.00     0.00 -1 -1.18e-15      0.00 7.152e-01 2.717e-01 2.359e-03 6.364e-04 5.772e-03 -1.000 1.312e-02 9.525 14.798 13.342 11.818 10.554 9.081 7.650 7.023 6.754
0.013 -0.05655 8.00000 0.3500000238 2.0434175133    0.350 -1.785  3.5143  4.777    0  0.000  0.545     0.00     0.00     0.00     0.00     0.00 -1 -1.44e-15      0.00 7.152e-01 2.717e-01 2.359e-03 6.364e-04 5.772e-03 -1.000 1.312e-02 9.233 14.259 12.846 11.346 10.139 8.740 7.382 6.750 6.490
0.013 -0.05655 8.00000 0.4000000358 2.1185024810    0.400 -1.668  3.5251  4.760    0  0.000  0.545     0.00     0.00     0.00     0.00     0.00 -1  -1.8e-15      0.00 7.152e-01 2.717e-01 2.359e-03 6.364e-04 5.772e-03 -1.000 1.312e-02 8.940 13.740 12.360 10.882 9.728 8.406 7.115 6.477 6.226
0.013 -0.05655 8.00000 0.4500000179 2.1822809362    0.450 -1.541  3.5375  4.734    0  0.000  0.545     0.00     0.00     0.00     0.00     0.00 -1 -2.34e-15      0.00 7.152e-01 2.717e-01 2.359e-03 6.364e-04 5.772e-03 -1.000 1.312e-02 8.622 13.198 11.840 10.387 9.286 8.047 6.828 6.181 5.940
0.013 -0.05655 8.00000 0.4951758087 2.2324496574    0.495 -1.408  3.5536  4.707    0  0.000  0.545     0.00     0.00     0.00     0.00     0.00 -1 -3.11e-15      0.00 7.152e-01 2.717e-01 2.359e-03 6.364e-04 5.772e-03 -1.000 1.312e-02 8.289 12.629 11.279 9.850 8.804 7.673 6.537 5.880 5.651
0.013 -0.05655 8.00000 0.5000000000 2.2374541529    0.500 -1.393  3.5553  4.703    0  0.000  0.545     0.00     0.00     0.00     0.00     0.00 -1 -3.21e-15      0.00 7.152e-01 2.717e-01 2.359e-03 6.364e-04 5.772e-03 -1.000 1.312e-02 8.252 12.569 11.219 9.791 8.752 7.633 6.505 5.847 5.620
0.013 -0.05655 8.00000 0.5087054372 2.2462519143    0.509 -1.360  3.5602  4.698    0  0.000  0.545     0.00     0.00     0.00     0.00     0.00 -1 -3.45e-15      0.00 7.152e-01 2.717e-01 2.359e-03 6.364e-04 5.772e-03 -1.000 1.312e-02 8.171 12.426 11.073 9.651 8.627 7.541 6.437 5.776 5.553
0.013 -0.05655 8.00000 0.5500000119 2.2836582633    0.550 -1.214  3.5816  4.671    0  0.000  0.545     0.00     0.00     0.00     0.00     0.00 -1 -4.78e-15      0.00 7.152e-01 2.716e-01 2.359e-03 6.362e-04 5.770e-03 -1.000 1.312e-02 7.806 11.808 10.443 9.045 8.077 7.140 6.131 5.455 5.255
0.013 -0.05655 8.00000 0.6000000238 2.3211213258    0.600 -1.040  3.6152  4.668    0  0.000  0.545     0.00     0.00     0.00     0.00     0.00 -1 -6.89e-15      0.00 7.153e-01 2.716e-01 2.358e-03 6.362e-04 5.770e-03 -1.000 1.312e-02 7.369 11.016 9.623 8.309 7.419 6.672 5.774 5.083 4.936
0.013 -0.05655 8.00000 0.6228051782 2.3359294859    0.623 -0.987  3.6272  4.680    0  0.000  0.545     0.00     0.00     0.00     0.00     0.00 -1 -7.56e-15      0.00 7.153e-01 2.716e-01 2.358e-03 6.361e-04 5.769e-03 -1.000 1.312e-02 7.238 10.740 9.346 8.076 7.218 6.531 5.670 4.987 4.856
0.013 -0.05655 8.00000 0.6425490379 2.3477783487    0.643 -0.960  3.6323  4.687    0  0.000  0.545     0.00     0.00     0.00     0.00     0.00 -1 -7.86e-15      0.00 7.153e-01 2.716e-01 2.358e-03 6.361e-04 5.769e-03 -1.000 1.312e-02 7.170 10.600 9.213 7.965 7.121 6.459 5.614 4.936 4.813
0.013 -0.05655 8.00000 0.6499999762 2.3520353107    0.650 -0.944  3.6349  4.686    0  0.000  0.545     0.00     0.00     0.00     0.00     0.00 -1 -8.12e-15      0.00 7.153e-01 2.716e-01 2.358e-03 6.361e-04 5.769e-03 -1.000 1.312e-02 7.129 10.519 9.138 7.901 7.066 6.417 5.580 4.903 4.785
0.013 -0.05655 8.00000 0.6792742014 2.3677258232    0.679 -0.878  3.6460  4.684    0  0.000  0.545     0.00     0.00     0.00     0.00     0.00 -1 -9.25e-15      0.00 7.154e-01 2.715e-01 2.358e-03 6.360e-04 5.768e-03 -1.000 1.311e-02 6.964 10.163 8.827 7.642 6.843 6.247 5.445 4.784 4.680
0.013 -0.05655 8.00000 0.6874981523 2.3718581806    0.688 -0.857  3.6496  4.682    0  0.000  0.545     0.00     0.00     0.00     0.00     0.00 -1 -9.66e-15      0.00 7.154e-01 2.715e-01 2.358e-03 6.360e-04 5.768e-03 -1.000 1.311e-02 6.912 10.042 8.726 7.558 6.772 6.192 5.402 4.749 4.648
0.013 -0.05655 8.00000 0.7000000477 2.3779267258    0.700 -0.820  3.6562  4.680    0  0.000  0.545     0.00     0.00     0.00     0.00     0.00 -1 -1.05e-14      0.00 7.154e-01 2.715e-01 2.358e-03 6.360e-04 5.768e-03 -1.000 1.312e-02 6.819 9.800 8.541 7.409 6.648 6.096 5.328 4.693 4.598
0.013 -0.05655 8.00000 0.7500000000 2.3998889087    0.750 -0.675  3.6822  4.669    0  0.000  0.538     0.00     0.00     0.00     0.00     0.00 -1 -1.42e-14      0.00 7.155e-01 2.715e-01 2.326e-03 6.351e-04 5.768e-03 -1.000 1.306e-02 6.459 8.843 7.854 6.852 6.197 5.721 5.047 4.494 4.415
0.013 -0.05655 8.00000 0.7995212078 2.4185568769    0.799 -0.548  3.7016  4.647    0  0.000  0.538     0.00     0.00     0.00     0.00     0.00 -1 -1.89e-14      0.00 7.155e-01 2.714e-01 2.325e-03 6.350e-04 5.767e-03 -1.000 1.312e-02 6.140 8.126 7.336 6.420 5.836 5.402 4.793 4.297 4.228
0.013 -0.05655 8.00000 0.8490424156 2.4347429970    0.849 -0.427  3.7195  4.624    0  0.000  0.538     0.00     0.00     0.00     0.00     0.00 -1 -2.49e-14      0.00 7.156e-01 2.714e-01 2.325e-03 6.349e-04 5.766e-03 -1.000 1.304e-02 5.839 7.487 6.878 6.034 5.509 5.108 4.557 4.112 4.050
0.013 -0.05655 8.00000 0.8985635638 2.4488947628    0.898 -0.313  3.7363  4.602    0  0.000  0.538     0.00     0.00     0.00     0.00     0.00 -1 -3.22e-14      0.00 7.156e-01 2.713e-01 2.325e-03 6.348e-04 5.766e-03 -1.000 1.312e-02 5.554 6.918 6.467 5.687 5.209 4.835 4.337 3.936 3.880
0.013 -0.05655 8.00000 0.9034039974 2.4501826236    0.903 -0.303  3.7377  4.599    0  0.000  0.538     0.00     0.00     0.00     0.00     0.00 -1 -3.31e-14      0.00 7.156e-01 2.713e-01 2.325e-03 6.348e-04 5.765e-03 -1.000 1.312e-02 5.527 6.868 6.430 5.655 5.181 4.810 4.315 3.918 3.863
0.013 -0.05655 8.00000 0.9480847716 2.4613600277    0.948 -0.206  3.7509  4.576    0  0.000  0.538     0.00     0.00     0.00     0.00     0.00 -1 -4.14e-14      0.00 7.157e-01 2.712e-01 2.324e-03 6.346e-04 5.764e-03 -1.000 1.311e-02 5.284 6.394 6.094 5.374 4.939 4.589 4.132 3.766 3.718
0.013 -0.05655 8.00000 1.0098190308 2.4749478957    1.010 -0.073  3.7676  4.538    0  0.000  0.538     0.00     0.00     0.00     0.00     0.00 -1 -5.59e-14      0.00 7.159e-01 2.710e-01 2.323e-03 6.341e-04 5.760e-03 -1.000 1.310e-02 4.952 5.815 5.657 5.006 4.614 4.290 3.878 3.549 3.508
0.013 -0.05655 8.00000 1.0388007164 2.4806900017    1.038 -0.017  3.7745  4.521    0  0.000  0.538     0.00     0.00     0.00     0.00     0.00 -1 -6.15e-14      0.00 7.160e-01 2.709e-01 2.322e-03 6.340e-04 5.758e-03 -1.000 1.307e-02 4.812 5.584 5.476 4.855 4.480 4.167 3.773 3.458 3.421
0.013 -0.05655 8.00000 1.0471271276 2.4822722586    1.047 -0.001  3.7764  4.516    0  0.000  0.538     0.00     0.00     0.00     0.00     0.00 -1 -6.31e-14      0.00 7.160e-01 2.709e-01 2.322e-03 6.339e-04 5.758e-03 -1.000 1.307e-02 4.773 5.520 5.425 4.813 4.442 4.132 3.743 3.433 3.396
0.013 -0.05655 8.00000 1.0966484547 2.4911146919    1.096  0.097  3.7875  4.483    0  0.000  0.538     0.00     0.00     0.00     0.00     0.00 -1  -7.4e-14      0.00 7.163e-01 2.706e-01 2.319e-03 6.334e-04 5.753e-03 -1.000 1.312e-02 4.528 5.151 5.119 4.554 4.210 3.917 3.555 3.267 3.235
0.013 -0.05655 8.00000 1.1066684723 2.4927935018    1.106  0.119  3.7901  4.475    0  0.000  0.538     0.00     0.00     0.00     0.00     0.00 -1 -7.69e-14      0.00 7.164e-01 2.705e-01 2.318e-03 6.331e-04 5.750e-03 -1.000 1.310e-02 4.472 5.068 5.048 4.495 4.156 3.868 3.512 3.229 3.199
0.013 -0.05655 8.00000 1.1461695433 2.4990841818    1.145  0.192  3.7981  4.450    0  0.000  0.537     0.00     0.00     0.00     0.00     0.00 -1 -8.59e-14      0.00 7.166e-01 2.703e-01 2.317e-03 6.328e-04 5.748e-03 -1.000 1.301e-02 4.291 4.815 4.827 4.307 3.986 3.710 3.373 3.106 3.079
0.013 -0.05655 8.00000 1.1956908703 2.5062993490    1.195  0.281  3.8079  4.418    0  0.000  0.538     0.00     0.00     0.00     0.00     0.00 -1 -9.73e-14      0.00 7.166e-01 2.703e-01 2.318e-03 6.330e-04 5.750e-03 -1.000 1.307e-02 4.067 4.515 4.556 4.077 3.777 3.516 3.202 2.953 2.930
0.013 -0.05655 8.00000 1.2452119589 2.5128585200    1.245  0.366  3.8175  4.389    0  0.000  0.538     0.00     0.00     0.00     0.00     0.00 -1 -1.08e-13      0.00 7.167e-01 2.703e-01 2.318e-03 6.329e-04 5.749e-03 -1.000 1.307e-02 3.855 4.246 4.301 3.858 3.577 3.332 3.040 2.811 2.790
0.013 -0.05655 8.00000 1.2947330475 2.5188440396    1.295  0.446  3.8266  4.363    1  0.000  0.538     0.00     0.00     0.00     0.00     0.00 -1 -1.18e-13      0.00 7.167e-01 2.702e-01 2.318e-03 6.328e-04 5.748e-03 -1.000 1.306e-02 3.655 4.004 4.063 3.651 3.388 3.157 2.887 2.676 2.657
0.013 -0.05655 8.00000 1.3442542553 2.5243252649    1.344  0.522  3.8363  4.342    0  0.000  0.538     0.00     0.00     0.00     0.00     0.00 -1 -1.24e-13      0.00 7.167e-01 2.702e-01 2.318e-03 6.329e-04 5.749e-03 -1.000 1.307e-02 3.464 3.778 3.835 3.455 3.210 2.996 2.747 2.555 2.538
0.013 -0.05655 8.00000 1.3937754631 2.5293609890    1.394  0.594  3.8465  4.326    1  0.000  0.537     0.00     0.00     0.00     0.00     0.00 -1 -1.26e-13      0.00 7.168e-01 2.702e-01 2.317e-03 6.328e-04 5.748e-03 -1.000 1.299e-02 3.284 3.568 3.619 3.268 3.044 2.847 2.621 2.449 2.434
0.013 -0.05655 8.00000 1.4432967901 2.5340014006    1.443  0.662  3.8580  4.320    1  0.000  0.538     0.00     0.00     0.00     0.00     0.00 -1 -1.22e-13      0.00 7.168e-01 2.701e-01 2.317e-03 6.327e-04 5.747e-03 -1.000 1.308e-02 3.116 3.372 3.412 3.095 2.892 2.716 2.515 2.365 2.351
0.013 -0.05655 8.00000 1.4928178787 2.5382895241    1.493  0.727  3.8712  4.322    1  0.000  0.538     0.00     0.00     0.00     0.00     0.00 -1 -1.12e-13      0.00 7.169e-01 2.701e-01 2.316e-03 6.326e-04 5.746e-03 -1.000 1.305e-02 2.952 3.185 3.209 2.926 2.750 2.597 2.425 2.298 2.286
0.013 -0.05655 8.00000 1.5423390865 2.5422625332    1.542  0.789  3.8848  4.328    1  0.000  0.538     0.00     0.00     0.00     0.00     0.00 -1 -9.56e-14      0.00 7.169e-01 2.700e-01 2.316e-03 6.324e-04 5.745e-03 -1.000 1.309e-02 2.797 3.011 3.018 2.769 2.619 2.491 2.347 2.244 2.233
0.013 -0.05655 8.00000 1.5427443981 2.5422938425    1.543  0.790  3.8850  4.328    1  0.000  0.538     0.00     0.00     0.00     0.00     0.00 -1 -9.54e-14      0.00 7.169e-01 2.700e-01 2.316e-03 6.324e-04 5.745e-03 -1.000 1.309e-02 2.795 3.010 3.016 2.767 2.618 2.490 2.346 2.244 2.232
0.013 -0.05655 8.00000 1.5918604136 2.5459526227    1.591  0.851  3.8982  4.334    1  0.000  0.538     0.00     0.00     0.00     0.00     0.00 -1 -7.35e-14      0.00 7.170e-01 2.699e-01 2.316e-03 6.324e-04 5.744e-03 -1.000 1.308e-02 2.644 2.844 2.833 2.617 2.494 2.390 2.272 2.191 2.181
0.013 -0.05655 8.00000 1.6413816214 2.5493878142    1.641  0.908  3.9107  4.340    1  0.000  0.538     0.00     0.00     0.00     0.00     0.00 -1 -4.32e-14      0.00 7.170e-01 2.699e-01 2.315e-03 6.323e-04 5.743e-03 -1.000 1.305e-02 2.500 2.689 2.663 2.480 2.381 2.298 2.204 2.142 2.132
0.013 -0.05655 8.00000 1.6518115997 2.5500811890    1.651  0.920  3.9132  4.341    1  0.000  0.538     0.00     0.00     0.00     0.00     0.00 -1 -5.44e-17      0.00 7.171e-01 2.699e-01 2.315e-03 6.322e-04 5.743e-03 -1.000 1.305e-02 2.470 2.658 2.629 2.452 2.359 2.280 2.190 2.131 2.122
0.013 -0.05655 8.00000 1.6909027100 2.5525926335    1.690  0.964  3.9226  4.344    1  0.000  0.537     0.00     0.00     0.00     0.00     0.00 -1 -1.05e-27      0.00 7.171e-01 2.699e-01 2.315e-03 6.322e-04 5.743e-03 -1.000 1.303e-02 2.361 2.541 2.504 2.353 2.276 2.213 2.138 2.092 2.083
0.013 -0.05655 8.00000 1.7404239178 2.5555886324    1.739  1.017  3.9337  4.348    1  0.000  0.537     0.00     0.00     0.00     0.00     0.00 -1    -1e-30      0.00 7.171e-01 2.698e-01 2.314e-03 6.321e-04 5.742e-03 -1.000 1.310e-02 2.227 2.400 2.359 2.237 2.180 2.133 2.076 2.042 2.034
0.013 -0.05655 8.00000 1.7654670477 2.5570303462    1.764  1.043  3.9390  4.349    1  0.000  0.537     0.00     0.00     0.00     0.00     0.00 -1    -1e-30      0.00 7.172e-01 2.698e-01 2.314e-03 6.321e-04 5.742e-03 -1.000 1.306e-02 2.162 2.330 2.291 2.183 2.134 2.093 2.045 2.017 2.009
0.013 -0.05655 8.00000 1.7899448872 2.5583947754    1.789  1.069  3.9441  4.350    1  0.000  0.538     0.00     0.00     0.00     0.00     0.00 -1    -1e-30      0.00 7.172e-01 2.698e-01 2.315e-03 6.320e-04 5.741e-03 -1.000 1.303e-02 2.098 2.263 2.228 2.132 2.090 2.056 2.015 1.991 1.984
0.013 -0.05655 8.00000 1.8394663334 2.5610278983    1.838  1.118  3.9539  4.352    1  0.000  0.537     0.00     0.00     0.00     0.00     0.00 -1    -1e-30      0.00 7.172e-01 2.697e-01 2.314e-03 6.320e-04 5.740e-03 -1.000 1.303e-02 1.975 2.134 2.111 2.036 2.006 1.984 1.957 1.941 1.935
0.013 -0.05655 8.00000 1.8889875412 2.5635028726    1.888  1.166  3.9630  4.352    1  0.000  0.537     0.00     0.00     0.00     0.00     0.00 -1    -1e-30      0.00 7.173e-01 2.697e-01 2.314e-03 6.319e-04 5.740e-03 -1.000 1.302e-02 1.856 2.010 2.003 1.946 1.927 1.913 1.899 1.889 1.886
0.013 -0.05655 8.00000 1.9385845661 2.5658364534    1.938  1.212  3.9716  4.352    1  0.000  0.538     0.00     0.00     0.00     0.00     0.00 -1    -1e-30      0.00 7.173e-01 2.697e-01 2.314e-03 6.319e-04 5.739e-03 -1.000 1.303e-02 1.740 1.893 1.903 1.862 1.850 1.845 1.841 1.837 1.835
0.013 -0.05655 8.00000 1.9881817102 2.5680366548    1.988  1.257  3.9797  4.350    1  0.000  0.537     0.00     0.00     0.00     0.00     0.00 -1    -1e-30      0.00 7.173e-01 2.697e-01 2.313e-03 6.318e-04 5.739e-03 -1.000 1.306e-02 1.628 1.781 1.809 1.782 1.777 1.779 1.785 1.785 1.785
0.013 -0.05655 8.00000 2.0377788544 2.5701141445    2.037  1.301  3.9875  4.348    1  0.000  0.537     0.00     0.00     0.00     0.00     0.00 -1    -1e-30      0.00 7.173e-01 2.696e-01 2.313e-03 6.317e-04 5.739e-03 -1.000 1.309e-02 1.518 1.674 1.721 1.707 1.707 1.714 1.730 1.734 1.736
0.013 -0.05655 8.00000 2.0873758793 2.5720785052    2.086  1.343  3.9948  4.346    1  0.000  0.537     0.00     0.00     0.00     0.00     0.00 -1    -1e-30      0.00 7.174e-01 2.696e-01 2.313e-03 6.317e-04 5.738e-03 -1.000 1.302e-02 1.412 1.570 1.636 1.633 1.638 1.651 1.675 1.682 1.686
0.013 -0.05655 8.00000 2.1369731426 2.5739383840    2.136  1.385  4.0018  4.342    1  0.000  0.537     0.00     0.00     0.00     0.00     0.00 -1    -1e-30      0.00 7.174e-01 2.696e-01 2.313e-03 6.317e-04 5.738e-03 -1.000 1.302e-02 1.308 1.469 1.555 1.562 1.571 1.588 1.620 1.630 1.636
0.013 -0.05655 8.00000 2.1865701675 2.5757015577    2.185  1.425  4.0086  4.339    1  0.000  0.538     0.00     0.00     0.00     0.00     0.00 -1    -1e-30      0.00 7.174e-01 2.696e-01 2.313e-03 6.316e-04 5.738e-03 -1.000 1.306e-02 1.207 1.371 1.476 1.493 1.505 1.526 1.565 1.578 1.586
0.013 -0.05655 8.00000 2.2361671925 2.5773750888    2.235  1.465  4.0151  4.335    1  0.000  0.537     0.00     0.00     0.00     0.00     0.00 -1    -1e-30      0.00 7.174e-01 2.695e-01 2.313e-03 6.316e-04 5.737e-03 -1.000 1.304e-02 1.108 1.276 1.401 1.425 1.441 1.465 1.512 1.527 1.537
0.013 -0.05655 8.00000 2.2807068825 2.5788068546    2.279  1.500  4.0208  4.331    1  0.000  0.537     0.00     0.00     0.00     0.00     0.00 -1    -1e-30      0.00 7.174e-01 2.696e-01 2.313e-03 6.316e-04 5.737e-03 -1.000 1.303e-02 1.020 1.193 1.334 1.366 1.384 1.411 1.464 1.481 1.492
0.013 -0.05655 8.00000 2.2857642174 2.5789653752    2.284  1.504  4.0214  4.331    1  0.000  0.537     0.00     0.00     0.00     0.00     0.00 -1    -1e-30      0.00 7.174e-01 2.696e-01 2.313e-03 6.316e-04 5.737e-03 -1.000 1.303e-02 1.011 1.183 1.327 1.359 1.378 1.405 1.458 1.476 1.487
0.013 -0.05655 8.00000 2.3849587440 2.5819189694    2.384  1.579  4.0334  4.322    1  0.000  0.538     0.00     0.00     0.00     0.00     0.00 -1    -1e-30      0.00 7.174e-01 2.695e-01 2.313e-03 6.315e-04 5.737e-03 -1.000 1.303e-02 0.823 1.006 1.187 1.232 1.255 1.288 1.354 1.375 1.390
0.013 -0.05655 8.00000 2.4223303795 2.5829598562    2.421  1.606  4.0378  4.319    1  0.000  0.538     0.00     0.00     0.00     0.00     0.00 -1    -1e-30      0.00 7.171e-01 2.698e-01 2.315e-03 6.322e-04 5.742e-03 -1.000 1.304e-02 0.754 0.941 1.136 1.185 1.209 1.244 1.315 1.338 1.354
0.013 -0.05655 8.00000 2.5833468437 2.5870512684    2.583  1.721  4.0556  4.304    1  0.000  0.538     0.00     0.00     0.00     0.00     0.00 -1    -1e-30      0.00 7.154e-01 2.715e-01 2.327e-03 6.354e-04 5.771e-03 -1.000 1.312e-02 0.468 0.674 0.926 0.991 1.021 1.063 1.152 1.180 1.201
0.013 -0.05655 8.00000 2.5842919350 2.5870735579    2.584  1.722  4.0557  4.304    1  0.000  0.538     0.00     0.00     0.00     0.00     0.00 -1    -1e-30      0.00 7.154e-01 2.715e-01 2.327e-03 6.354e-04 5.771e-03 -1.000 1.312e-02 0.466 0.673 0.925 0.990 1.019 1.062 1.151 1.179 1.200
0.013 -0.05655 8.00000 2.7817354202 2.5913510008    2.781  1.854  4.0756  4.282    1  0.000  0.538     0.00     0.00     0.00     0.00     0.00 -1    -1e-30      0.00 7.152e-01 2.717e-01 2.328e-03 6.357e-04 5.773e-03 -1.000 1.312e-02 0.134 0.368 0.683 0.763 0.797 0.847 0.955 0.989 1.015
0.013 -0.05655 8.00000 2.8959929943 2.5935222249    2.896  1.927  4.0862  4.269    1  0.000  0.538     0.00     0.00     0.00     0.00     0.00 -1    -1e-30      0.00 7.152e-01 2.717e-01 2.328e-03 6.357e-04 5.773e-03 -1.000 1.312e-02 -0.048 0.203 0.551 0.638 0.674 0.727 0.846 0.882 0.910
0.013 -0.05655 8.00000 2.9801237583 2.5949991492    2.980  1.980  4.0936  4.259    1  0.000  0.538     0.00     0.00     0.00     0.00     0.00 -1    -1e-30      0.00 7.152e-01 2.717e-01 2.328e-03 6.357e-04 5.773e-03 -1.000 1.312e-02 -0.179 0.085 0.456 0.547 0.585 0.641 0.766 0.804 0.834
0.013 -0.05655 8.00000 3.0430142879 2.5960420702    3.042  2.018  4.0990  4.251    1  0.000  0.538     0.00     0.00     0.00     0.00     0.00 -1    -1e-30      0.00 7.152e-01 2.717e-01 2.328e-03 6.357e-04 5.773e-03 -1.000 1.312e-02 -0.275 -0.001 0.386 0.480 0.519 0.577 0.707 0.746 0.777
0.013 -0.05655 8.00000 3.1785123348 2.5981286232    3.177  2.100  4.1099  4.232    1  0.000  0.538     0.00     0.00     0.00     0.00     0.00 -1    -1e-30      0.00 7.152e-01 2.717e-01 2.328e-03 6.357e-04 5.773e-03 -1.000 1.312e-02 -0.479 -0.183 0.236 0.337 0.378 0.439 0.578 0.620 0.654
0.013 -0.05655 8.00000 3.3460929394 2.6004423404    3.344  2.197  4.1224  4.207    1  0.000  0.538     0.00     0.00     0.00     0.00     0.00 -1    -1e-30      0.00 7.152e-01 2.717e-01 2.328e-03 6.357e-04 5.773e-03 -1.000 1.312e-02 -0.723 -0.397 0.056 0.164 0.208 0.273 0.422 0.466 0.502
0.013 -0.05655 8.00000 3.3769006729 2.6008390528    3.375  2.215  4.1246  4.202    1  0.000  0.538     0.00     0.00     0.00     0.00     0.00 -1    -1e-30      0.00 7.152e-01 2.717e-01 2.328e-03 6.357e-04 5.773e-03 -1.000 1.312e-02 -0.767 -0.435 0.023 0.132 0.176 0.242 0.393 0.438 0.474
0.013 -0.05655 8.00000 3.4530360699 2.6017846262    3.451  2.258  4.1298  4.189    1  0.000  0.538     0.00     0.00     0.00     0.00     0.00 -1    -1e-30      0.00 7.152e-01 2.717e-01 2.328e-03 6.357e-04 5.773e-03 -1.000 1.312e-02 -0.875 -0.530 -0.058 0.054 0.100 0.167 0.322 0.368 0.406
0.013 -0.05655 8.00000 3.5752890110 2.6032065132    3.573  2.326  4.1377  4.168    1  0.000  0.538     0.00     0.00     0.00     0.00     0.00 -1    -1e-30      0.00 7.152e-01 2.717e-01 2.328e-03 6.357e-04 5.773e-03 -1.000 1.312e-02 -1.045 -0.680 -0.187 -0.071 -0.023 0.046 0.208 0.256 0.294
0.013 -0.05655 8.00000 3.6275455952 2.6037807761    3.625  2.354  4.1409  4.159    1  0.000  0.538     0.00     0.00     0.00     0.00     0.00 -1    -1e-30      0.00 7.152e-01 2.717e-01 2.328e-03 6.357e-04 5.773e-03 -1.000 1.312e-02 -1.116 -0.744 -0.242 -0.124 -0.076 -0.005 0.159 0.207 0.247
0.013 -0.05655 8.00000 3.7736773491 2.6052900204    3.771  2.434  4.1492  4.129    1  0.000  0.538     0.00     0.00     0.00     0.00     0.00 -1    -1e-30      0.00 7.152e-01 2.717e-01 2.328e-03 6.357e-04 5.773e-03 -1.000 1.312e-02 -1.315 -0.921 -0.398 -0.275 -0.225 -0.152 0.018 0.069 0.109
0.013 -0.05655 8.00000 3.8191325665 2.6057324828    3.817  2.458  4.1516  4.120    1  0.000  0.538     0.00     0.00     0.00     0.00     0.00 -1    -1e-30      0.00 7.152e-01 2.717e-01 2.328e-03 6.357e-04 5.773e-03 -1.000 1.312e-02 -1.375 -0.975 -0.446 -0.321 -0.271 -0.198 -0.025 0.026 0.067
0.013 -0.05655 8.00000 3.9431972504 2.6068806508    3.942  2.525  4.1574  4.090    1  0.000  0.538     0.00     0.00     0.00     0.00     0.00 -1    -1e-30      0.00 7.152e-01 2.717e-01 2.328e-03 6.357e-04 5.773e-03 -1.000 1.312e-02 -1.543 -1.126 -0.584 -0.455 -0.404 -0.328 -0.152 -0.100 -0.057
0.013 -0.05655 8.00000 3.9720659256 2.6071360166    3.972  2.541  4.1586  4.083    1  0.000  0.538     0.00     0.00     0.00     0.00     0.00 -1    -1e-30      0.00 7.152e-01 2.717e-01 2.328e-03 6.357e-04 5.773e-03 -1.000 1.312e-02 -1.582 -1.161 -0.616 -0.487 -0.435 -0.360 -0.182 -0.130 -0.087
0.013 -0.05655 8.00000 4.0559740067 2.6078545726    4.055  2.585  4.1619  4.060    1  0.000  0.538     0.00     0.00     0.00     0.00     0.00 -1    -1e-30      0.00 7.152e-01 2.717e-01 2.328e-03 6.357e-04 5.773e-03 -1.000 1.312e-02 -1.693 -1.264 -0.711 -0.579 -0.527 -0.450 -0.270 -0.218 -0.174
0.013 -0.05655 8.00000 4.1585817337 2.6086881024    4.156  2.640  4.1653  4.030    1  0.000  0.538     0.00     0.00     0.00     0.00     0.00 -1    -1e-30      0.00 7.152e-01 2.717e-01 2.328e-03 6.357e-04 5.773e-03 -1.000 1.312e-02 -1.829 -1.391 -0.829 -0.695 -0.642 -0.565 -0.382 -0.329 -0.285
0.013 -0.05655 8.00000 4.1704540253 2.6087815067    4.168  2.646  4.1657  4.027    1  0.000  0.538     0.00     0.00     0.00     0.00     0.00 -1    -1e-30      0.00 7.152e-01 2.717e-01 2.328e-03 6.357e-04 5.773e-03 -1.000 1.312e-02 -1.845 -1.406 -0.843 -0.709 -0.656 -0.578 -0.396 -0.342 -0.298
0.013 -0.05655 8.00000 4.2585439682 2.6094558800    4.256  2.693  4.1678  3.998    1  0.000  0.538     0.00     0.00     0.00     0.00     0.00 -1    -1e-30      0.00 7.152e-01 2.717e-01 2.328e-03 6.357e-04 5.773e-03 -1.000 1.312e-02 -1.962 -1.518 -0.949 -0.813 -0.760 -0.682 -0.497 -0.443 -0.399
0.013 -0.05655 8.00000 4.3345985413 2.6100128316    4.331  2.734  4.1689  3.969    1  0.000  0.538     0.00     0.00     0.00     0.00     0.00 -1    -1e-30      0.00 7.152e-01 2.717e-01 2.328e-03 6.357e-04 5.773e-03 -1.000 1.312e-02 -2.064 -1.619 -1.047 -0.910 -0.856 -0.778 -0.592 -0.538 -0.493
0.013 -0.05655 8.00000 4.3688430786 2.6102563374    4.366  2.752  4.1692  3.954    1  0.000  0.538     0.00     0.00     0.00     0.00     0.00 -1    -1e-30      0.00 7.152e-01 2.717e-01 2.328e-03 6.357e-04 5.773e-03 -1.000 1.312e-02 -2.111 -1.666 -1.092 -0.955 -0.901 -0.823 -0.637 -0.583 -0.538
0.013 -0.05655 8.00000 4.4050364494 2.6105089740    4.402  2.772  4.1694  3.939    1  0.000  0.538     0.00     0.00     0.00     0.00     0.00 -1    -1e-30      0.00 7.152e-01 2.717e-01 2.328e-03 6.357e-04 5.773e-03 -1.000 1.312e-02 -2.160 -1.715 -1.140 -1.002 -0.949 -0.870 -0.685 -0.630 -0.586
0.013 -0.05655 8.00000 4.4984235764 2.6111392938    4.495  2.822  4.1693  3.897    1  0.000  0.538     0.00     0.00     0.00     0.00     0.00 -1    -1e-30      0.00 7.152e-01 2.717e-01 2.328e-03 6.357e-04 5.773e-03 -1.000 1.312e-02 -2.286 -1.845 -1.268 -1.130 -1.076 -0.998 -0.812 -0.758 -0.713
0.013 -0.05655 8.00000 4.5672311783 2.6115847948    4.564  2.860  4.1680  3.861    1  0.000  0.538     0.00     0.00     0.00     0.00     0.00 -1    -1e-30      0.00 7.152e-01 2.717e-01 2.328e-03 6.357e-04 5.773e-03 -1.000 1.312e-02 -2.381 -1.946 -1.370 -1.232 -1.179 -1.101 -0.916 -0.863 -0.818
0.013 -0.05655 8.00000 4.5884823799 2.6117192858    4.585  2.872  4.1676  3.850    1  0.000  0.538     0.00     0.00     0.00     0.00     0.00 -1    -1e-30      0.00 7.152e-01 2.717e-01 2.328e-03 6.357e-04 5.773e-03 -1.000 1.312e-02 -2.410 -1.977 -1.402 -1.264 -1.211 -1.133 -0.949 -0.895 -0.850
0.013 -0.05655 8.00000 4.6582536697 2.6121509374    4.655  2.911  4.1647  3.806    1  0.000  0.538     0.00     0.00     0.00     0.00     0.00 -1    -1e-30      0.00 7.152e-01 2.717e-01 2.328e-03 6.357e-04 5.773e-03 -1.000 1.312e-02 -2.507 -2.086 -1.515 -1.378 -1.326 -1.249 -1.066 -1.014 -0.969
0.013 -0.05655 8.00000 4.7397170067 2.6126364760    4.737  2.956  4.1600  3.749    1  0.000  0.538     0.00     0.00     0.00     0.00     0.00 -1    -1e-30      0.00 7.152e-01 2.717e-01 2.328e-03 6.357e-04 5.773e-03 -1.000 1.312e-02 -2.621 -2.219 -1.655 -1.519 -1.469 -1.394 -1.214 -1.163 -1.119
0.013 -0.05655 8.00000 4.7656197548 2.6127868676    4.763  2.971  4.1577  3.728    1  0.000  0.538     0.00     0.00     0.00     0.00     0.00 -1    -1e-30      0.00 7.152e-01 2.717e-01 2.328e-03 6.357e-04 5.773e-03 -1.000 1.312e-02 -2.658 -2.265 -1.705 -1.570 -1.520 -1.446 -1.268 -1.217 -1.174
0.013 -0.05655 8.00000 4.8059215546 2.6130171573    4.803  2.994  4.1542  3.694    1  0.000  0.538     0.00     0.00     0.00     0.00     0.00 -1    -1e-30      0.00 7.152e-01 2.717e-01 2.328e-03 6.357e-04 5.773e-03 -1.000 1.312e-02 -2.715 -2.337 -1.783 -1.649 -1.600 -1.527 -1.352 -1.301 -1.259
0.013 -0.05655 8.00000 4.8678727150 2.6133626175    4.866  3.030  4.1467  3.633    1  0.000  0.538     0.00     0.00     0.00     0.00     0.00 -1    -1e-30      0.00 7.152e-01 2.717e-01 2.328e-03 6.357e-04 5.773e-03 -1.000 1.312e-02 -2.806 -2.455 -1.914 -1.783 -1.736 -1.666 -1.496 -1.448 -1.406
0.013 -0.05655 8.00000 4.9221777916 2.6136572297    4.920  3.063  4.1391  3.575    1  0.000  0.538     0.00     0.00     0.00     0.00     0.00 -1    -1e-30      0.00 7.152e-01 2.717e-01 2.328e-03 6.357e-04 5.773e-03 -1.000 1.312e-02 -2.887 -2.562 -2.037 -1.908 -1.864 -1.797 -1.632 -1.585 -1.545
0.013 -0.05655 8.00000 4.9640078545 2.6138791162    4.962  3.089  4.1317  3.523    1  0.000  0.538     0.00     0.00     0.00     0.00     0.00 -1    -1e-30      0.00 7.152e-01 2.717e-01 2.328e-03 6.357e-04 5.773e-03 -1.000 1.312e-02 -2.954 -2.653 -2.143 -2.016 -1.974 -1.910 -1.750 -1.706 -1.666
0.013 -0.05655 8.00000 4.9655108452 2.6138870088    4.964  3.090  4.1315  3.521    1  0.000  0.538     0.00     0.00     0.00     0.00     0.00 -1    -1e-30      0.00 7.152e-01 2.717e-01 2.328e-03 6.357e-04 5.773e-03 -1.000 1.312e-02 -2.956 -2.656 -2.146 -2.020 -1.978 -1.914 -1.755 -1.710 -1.671
0.013 -0.05655 8.00000 5.0171895027 2.6141550825    5.016  3.127  4.1250  3.463    1  0.000  0.538     0.00     0.00     0.00     0.00     0.00 -1    -1e-30      0.00 7.152e-01 2.717e-01 2.328e-03 6.357e-04 5.773e-03 -1.000 1.312e-02 -3.048 -2.771 -2.273 -2.149 -2.109 -2.047 -1.893 -1.850 -1.812
0.013 -0.05655 8.00000 5.0190777779 2.6141647575    5.018  3.129  4.1249  3.461    1  0.000  0.538     0.00     0.00     0.00     0.00     0.00 -1    -1e-30      0.00 7.152e-01 2.717e-01 2.328e-03 6.357e-04 5.773e-03 -1.000 1.312e-02 -3.052 -2.775 -2.277 -2.154 -2.114 -2.052 -1.897 -1.855 -1.816
0.013 -0.05655 8.00000 5.0420713425 2.6142819010    5.041  3.158  4.1364  3.480    1  0.000  0.538     0.00     0.00     0.00     0.00     0.00 -1    -1e-30      0.00 7.152e-01 2.717e-01 2.328e-03 6.357e-04 5.773e-03 -1.000 1.312e-02 -3.125 -2.814 -2.290 -2.161 -2.118 -2.052 -1.889 -1.843 -1.803
0.013 -0.05655 8.00000 5.0473022461 2.6143083792    5.046  3.173  4.1473  3.509    1  0.000  0.538     0.00     0.00     0.00     0.00     0.00 -1    -1e-30      0.00 7.152e-01 2.717e-01 2.328e-03 6.357e-04 5.773e-03 -1.000 1.312e-02 -3.163 -2.818 -2.270 -2.136 -2.090 -2.021 -1.850 -1.801 -1.759
0.013 -0.05655 8.00000 5.0495944023 2.6143199619    5.048  3.188  4.1582  3.538    1  0.000  0.538     0.00     0.00     0.00     0.00     0.00 -1    -1e-30      0.00 7.152e-01 2.717e-01 2.328e-03 6.357e-04 5.773e-03 -1.000 1.312e-02 -3.200 -2.819 -2.249 -2.110 -2.061 -1.988 -1.809 -1.758 -1.714
0.013 -0.05655 8.00000 5.0507731438 2.6143259137    5.049  3.205  4.1691  3.565    1  0.000  0.538     0.00     0.00     0.00     0.00     0.00 -1    -1e-30      0.00 7.152e-01 2.717e-01 2.328e-03 6.357e-04 5.773e-03 -1.000 1.312e-02 -3.243 -2.825 -2.233 -2.090 -2.038 -1.961 -1.774 -1.721 -1.675
0.013 -0.05655 8.00000 5.0514273643 2.6143292156    5.050  3.223  4.1787  3.585    1  0.000  0.538     0.00     0.00     0.00     0.00     0.00 -1    -1e-30      0.00 7.152e-01 2.717e-01 2.328e-03 6.357e-04 5.773e-03 -1.000 1.312e-02 -3.288 -2.837 -2.226 -2.078 -2.024 -1.944 -1.750 -1.695 -1.648
0.013 -0.05655 8.00000 5.0517883301 2.6143310370    5.050  3.233  4.1842  3.597    1  0.000  0.538     0.00     0.00     0.00     0.00     0.00 -1    -1e-30      0.00 7.152e-01 2.717e-01 2.328e-03 6.357e-04 5.773e-03 -1.000 1.312e-02 -3.313 -2.843 -2.221 -2.071 -2.015 -1.934 -1.736 -1.680 -1.631
0.013 -0.05655 8.00000 5.0519671440 2.6143319392    5.051  3.216  4.1797  3.596    2  0.000  0.538     0.00     0.00     0.00     0.00     0.00 -1    -1e-30      0.00 7.152e-01 2.717e-01 2.328e-03 6.357e-04 5.773e-03 -1.000 1.312e-02 -3.270 -2.816 -2.203 -2.055 -2.000 -1.920 -1.725 -1.670 -1.622
0.013 -0.05655 8.00000 5.0521817207 2.6143330217    5.051  3.187  4.1686  3.580    2  0.000  0.538     0.00     0.00     0.00     0.00     0.00 -1    -1e-30      0.00 7.152e-01 2.717e-01 2.328e-03 6.357e-04 5.773e-03 -1.000 1.312e-02 -3.199 -2.782 -2.191 -2.048 -1.996 -1.919 -1.733 -1.680 -1.634
0.013 -0.05655 8.00000 5.0523700714 2.6143339718    5.051  3.174  4.1564  3.545    2  0.000  0.538     0.00     0.00     0.00     0.00     0.00 -1    -1e-30      0.00 7.152e-01 2.717e-01 2.328e-03 6.357e-04 5.773e-03 -1.000 1.312e-02 -3.165 -2.790 -2.223 -2.086 -2.037 -1.965 -1.787 -1.737 -1.693
0.013 -0.05655 8.00000 5.0525550842 2.6143349050    5.051  3.177  4.1447  3.495    2  0.000  0.538     0.00     0.00     0.00     0.00     0.00 -1    -1e-30      0.00 7.152e-01 2.717e-01 2.328e-03 6.357e-04 5.773e-03 -1.000 1.312e-02 -3.172 -2.837 -2.294 -2.161 -2.116 -2.047 -1.878 -1.830 -1.789
0.013 -0.05655 8.00000 5.0527558327 2.6143359175    5.051  3.189  4.1330  3.436    2  0.000  0.538     0.00     0.00     0.00     0.00     0.00 -1    -1e-30      0.00 7.152e-01 2.717e-01 2.328e-03 6.357e-04 5.773e-03 -1.000 1.312e-02 -3.202 -2.905 -2.386 -2.258 -2.216 -2.152 -1.991 -1.947 -1.907
0.013 -0.05655 8.00000 5.0529708862 2.6143370020    5.052  3.202  4.1212  3.376    2  0.000  0.538     0.00     0.00     0.00     0.00     0.00 -1    -1e-30      0.00 7.152e-01 2.717e-01 2.328e-03 6.357e-04 5.773e-03 -1.000 1.312e-02 -3.235 -2.975 -2.480 -2.358 -2.319 -2.259 -2.107 -2.066 -2.028
0.013 -0.05655 8.00000 5.0531954765 2.6143381345    5.052  3.212  4.1094  3.319    2  0.000  0.538     0.00     0.00     0.00     0.00     0.00 -1    -1e-30      0.00 7.152e-01 2.717e-01 2.328e-03 6.357e-04 5.773e-03 -1.000 1.312e-02 -3.260 -3.037 -2.567 -2.450 -2.415 -2.359 -2.216 -2.178 -2.142
0.013 -0.05655 8.00000 5.0534257889 2.6143392957    5.052  3.219  4.0975  3.264    2  0.000  0.538     0.00     0.00     0.00     0.00     0.00 -1    -1e-30      0.00 7.152e-01 2.717e-01 2.328e-03 6.357e-04 5.773e-03 -1.000 1.312e-02 -3.278 -3.087 -2.645 -2.533 -2.501 -2.450 -2.317 -2.281 -2.247
0.013 -0.05655 8.00000 5.0536589622 2.6143404713    5.052  3.224  4.0856  3.212    2  0.000  0.538     0.00     0.00     0.00     0.00     0.00 -1    -1e-30      0.00 7.152e-01 2.717e-01 2.328e-03 6.357e-04 5.773e-03 -1.000 1.312e-02 -3.289 -3.129 -2.716 -2.609 -2.581 -2.534 -2.411 -2.378 -2.347
0.013 -0.05655 8.00000 5.0538930893 2.6143416515    5.052  3.227  4.0737  3.162    2  0.000  0.538     0.00     0.00     0.00     0.00     0.00 -1    -1e-30      0.00 7.152e-01 2.717e-01 2.328e-03 6.357e-04 5.773e-03 -1.000 1.312e-02 -3.297 -3.163 -2.781 -2.680 -2.655 -2.612 -2.500 -2.471 -2.441
0.013 -0.05655 8.00000 5.0541243553 2.6143428172    5.053  3.228  4.0618  3.113    2  0.000  0.538     0.00     0.00     0.00     0.00     0.00 -1    -1e-30      0.00 7.152e-01 2.717e-01 2.328e-03 6.357e-04 5.773e-03 -1.000 1.312e-02 -3.300 -3.191 -2.842 -2.747 -2.724 -2.686 -2.585 -2.559 -2.532
0.013 -0.05655 8.00000 5.0543522835 2.6143439659    5.053  3.228  4.0498  3.064    2  0.000  0.538     0.00     0.00     0.00     0.00     0.00 -1    -1e-30      0.00 7.152e-01 2.717e-01 2.328e-03 6.357e-04 5.773e-03 -1.000 1.312e-02 -3.301 -3.213 -2.899 -2.809 -2.789 -2.756 -2.666 -2.644 -2.619
0.013 -0.05655 8.00000 5.0545740128 2.6143450833    5.053  3.228  4.0378  3.017    2  0.000  0.538     0.00     0.00     0.00     0.00     0.00 -1    -1e-30      0.00 7.152e-01 2.717e-01 2.328e-03 6.357e-04 5.773e-03 -1.000 1.312e-02 -3.299 -3.229 -2.951 -2.867 -2.850 -2.822 -2.745 -2.727 -2.704
0.013 -0.05655 8.00000 5.0547881126 2.6143461621    5.053  3.226  4.0258  2.971    2  0.000  0.538     0.00     0.00     0.00     0.00     0.00 -1    -1e-30      0.00 7.152e-01 2.717e-01 2.328e-03 6.357e-04 5.773e-03 -1.000 1.312e-02 -3.296 -3.241 -3.000 -2.922 -2.908 -2.885 -2.821 -2.807 -2.786
0.013 -0.05655 8.00000 5.0549941063 2.6143472000    5.054  3.224  4.0138  2.925    2  0.000  0.538     0.00     0.00     0.00     0.00     0.00 -1    -1e-30      0.00 7.152e-01 2.717e-01 2.328e-03 6.357e-04 5.773e-03 -1.000 1.312e-02 -3.290 -3.248 -3.044 -2.973 -2.963 -2.946 -2.895 -2.885 -2.867
0.013 -0.05655 8.00000 5.0551915169 2.6143481945    5.054  3.221  4.0017  2.880    2  0.000  0.538     0.00     0.00     0.00     0.00     0.00 -1    -1e-30      0.00 7.152e-01 2.717e-01 2.328e-03 6.357e-04 5.773e-03 -1.000 1.312e-02 -3.282 -3.250 -3.085 -3.022 -3.015 -3.004 -2.967 -2.961 -2.947
0.013 -0.05655 8.00000 5.0553793907 2.6143491409    5.054  3.217  3.9897  2.835    2  0.000  0.538     0.00     0.00     0.00     0.00     0.00 -1    -1e-30      0.00 7.152e-01 2.717e-01 2.328e-03 6.357e-04 5.773e-03 -1.000 1.312e-02 -3.274 -3.247 -3.122 -3.067 -3.064 -3.059 -3.037 -3.036 -3.025
0.013 -0.05655 8.00000 5.0555586815 2.6143500441    5.054  3.213  3.9777  2.791    2  0.000  0.538     0.00     0.00     0.00     0.00     0.00 -1    -1e-30      0.00 7.152e-01 2.717e-01 2.328e-03 6.357e-04 5.773e-03 -1.000 1.312e-02 -3.263 -3.239 -3.153 -3.109 -3.111 -3.112 -3.106 -3.110 -3.103
0.013 -0.05655 8.00000 5.0557289124 2.6143509014    5.054  3.209  3.9656  2.747    2  0.000  0.538     0.00     0.00     0.00     0.00     0.00 -1    -1e-30      0.00 7.152e-01 2.717e-01 2.328e-03 6.357e-04 5.773e-03 -1.000 1.312e-02 -3.252 -3.225 -3.180 -3.147 -3.155 -3.163 -3.174 -3.183 -3.180
0.013 -0.05655 8.00000 5.0558905602 2.6143517156    5.055  3.204  3.9535  2.704    2  0.000  0.538     0.00     0.00     0.00     0.00     0.00 -1    -1e-30      0.00 7.152e-01 2.717e-01 2.328e-03 6.357e-04 5.773e-03 -1.000 1.312e-02 -3.239 -3.205 -3.201 -3.181 -3.195 -3.212 -3.240 -3.255 -3.256
0.013 -0.05655 8.00000 5.0560441017 2.6143524888    5.055  3.198  3.9415  2.661    2  0.000  0.538     0.00     0.00     0.00     0.00     0.00 -1    -1e-30      0.00 7.152e-01 2.717e-01 2.328e-03 6.357e-04 5.773e-03 -1.000 1.312e-02 -3.226 -3.178 -3.214 -3.210 -3.233 -3.259 -3.304 -3.327 -3.331
0.013 -0.05655 8.00000 5.0561890602 2.6143532187    5.055  3.192  3.9294  2.619    2  0.000  0.538     0.00     0.00     0.00     0.00     0.00 -1    -1e-30      0.00 7.152e-01 2.717e-01 2.328e-03 6.357e-04 5.773e-03 -1.000 1.312e-02 -3.211 -3.140 -3.217 -3.232 -3.266 -3.302 -3.367 -3.398 -3.405
0.013 -0.05655 8.00000 5.0563263893 2.6143539102    5.055  3.186  3.9173  2.577    2  0.000  0.538     0.00     0.00     0.00     0.00     0.00 -1    -1e-30      0.00 7.152e-01 2.717e-01 2.328e-03 6.357e-04 5.773e-03 -1.000 1.312e-02 -3.196 -3.092 -3.205 -3.245 -3.293 -3.342 -3.428 -3.468 -3.479
0.013 -0.05655 8.00000 5.0564560890 2.6143545633    5.055  3.180  3.9051  2.534    2  0.000  0.538     0.00     0.00     0.00     0.00     0.00 -1    -1e-30      0.00 7.152e-01 2.717e-01 2.328e-03 6.357e-04 5.773e-03 -1.000 1.312e-02 -3.180 -3.038 -3.183 -3.251 -3.315 -3.379 -3.486 -3.539 -3.553
0.013 -0.05655 8.00000 5.0565786362 2.6143551802    5.055  3.173  3.8930  2.493    2  0.000  0.538     0.00     0.00     0.00     0.00     0.00 -1    -1e-30      0.00 7.152e-01 2.717e-01 2.328e-03 6.357e-04 5.773e-03 -1.000 1.312e-02 -3.163 -2.979 -3.151 -3.249 -3.332 -3.413 -3.543 -3.610 -3.627
0.013 -0.05655 8.00000 5.0566935539 2.6143557588    5.055  3.166  3.8809  2.451    2  0.000  0.538     0.00     0.00     0.00     0.00     0.00 -1    -1e-30      0.00 7.152e-01 2.717e-01 2.328e-03 6.357e-04 5.773e-03 -1.000 1.312e-02 -3.145 -2.919 -3.106 -3.240 -3.344 -3.445 -3.598 -3.681 -3.700
0.013 -0.05655 8.00000 5.0568032265 2.6143563109    5.055  3.159  3.8688  2.410    2  0.000  0.538     0.00     0.00     0.00     0.00     0.00 -1    -1e-30      0.00 7.152e-01 2.717e-01 2.328e-03 6.357e-04 5.773e-03 -1.000 1.312e-02 -3.127 -2.855 -3.048 -3.225 -3.354 -3.475 -3.653 -3.753 -3.775
0.013 -0.05655 8.00000 5.0569062233 2.6143568294    5.056  3.152  3.8566  2.369    2  0.000  0.538     0.00     0.00     0.00     0.00     0.00 -1    -1e-30      0.00 7.152e-01 2.717e-01 2.328e-03 6.357e-04 5.773e-03 -1.000 1.312e-02 -3.109 -2.788 -2.981 -3.206 -3.362 -3.505 -3.707 -3.826 -3.850
0.013 -0.05655 8.00000 5.0570034981 2.6143573190    5.056  3.144  3.8445  2.328    2  0.000  0.538     0.00     0.00     0.00     0.00     0.00 -1    -1e-30      0.00 7.152e-01 2.717e-01 2.328e-03 6.357e-04 5.773e-03 -1.000 1.312e-02 -3.090 -2.717 -2.907 -3.182 -3.365 -3.530 -3.758 -3.898 -3.925
0.013 -0.05655 8.00000 5.0570960045 2.6143577846    5.056  3.136  3.8323  2.287    2  0.000  0.538     0.00     0.00     0.00     0.00     0.00 -1    -1e-30      0.00 7.152e-01 2.717e-01 2.328e-03 6.357e-04 5.773e-03 -1.000 1.312e-02 -3.070 -2.641 -2.830 -3.154 -3.364 -3.553 -3.807 -3.970 -3.999
0.013 -0.05655 8.00000 5.0571832657 2.6143582238    5.056  3.128  3.8202  2.246    2  0.000  0.538     0.00     0.00     0.00     0.00     0.00 -1    -1e-30      0.00 7.152e-01 2.717e-01 2.328e-03 6.357e-04 5.773e-03 -1.000 1.312e-02 -3.051 -2.557 -2.748 -3.121 -3.359 -3.571 -3.853 -4.041 -4.072
0.013 -0.05655 8.00000 5.0572662354 2.6143586414    5.056  3.120  3.8081  2.206    2  0.000  0.538     0.00     0.00     0.00     0.00     0.00 -1    -1e-30      0.00 7.152e-01 2.717e-01 2.328e-03 6.357e-04 5.773e-03 -1.000 1.312e-02 -3.031 -2.459 -2.660 -3.087 -3.353 -3.588 -3.899 -4.111 -4.145
0.013 -0.05655 8.00000 5.0573444366 2.6143590350    5.056  3.112  3.7959  2.166    2  0.000  0.538     0.00     0.00     0.00     0.00     0.00 -1    -1e-30      0.00 7.152e-01 2.717e-01 2.328e-03 6.357e-04 5.773e-03 -1.000 1.312e-02 -3.010 -2.352 -2.566 -3.048 -3.343 -3.601 -3.942 -4.179 -4.217
0.013 -0.05655 8.00000 5.0574193001 2.6143594118    5.056  3.104  3.7838  2.125    2  0.000  0.538     0.00     0.00     0.00     0.00     0.00 -1    -1e-30      0.00 7.152e-01 2.717e-01 2.328e-03 6.357e-04 5.773e-03 -1.000 1.312e-02 -2.989 -2.231 -2.465 -3.006 -3.331 -3.612 -3.983 -4.247 -4.289
0.013 -0.05655 8.00000 5.0574903488 2.6143597693    5.056  3.095  3.7717  2.086    2  0.000  0.538     0.00     0.00     0.00     0.00     0.00 -1    -1e-30      0.00 7.152e-01 2.717e-01 2.328e-03 6.357e-04 5.773e-03 -1.000 1.312e-02 -2.968 -2.088 -2.354 -2.959 -3.315 -3.621 -4.024 -4.317 -4.363
0.013 -0.05655 8.00000 5.0575580597 2.6143601101    5.056  3.087  3.7598  2.046    2  0.000  0.538     0.00     0.00     0.00     0.00     0.00 -1    -1e-30      0.00 7.152e-01 2.717e-01 2.328e-03 6.357e-04 5.773e-03 -1.000 1.312e-02 -2.946 -1.932 -2.241 -2.909 -3.295 -3.625 -4.060 -4.384 -4.434
0.013 -0.05655 8.00000 5.0576229095 2.6143604364    5.056  3.078  3.7482  2.009    2  0.000  0.538     0.00     0.00     0.00     0.00     0.00 -1    -1e-30      0.00 7.152e-01 2.717e-01 2.328e-03 6.357e-04 5.773e-03 -1.000 1.312e-02 -2.924 -1.765 -2.130 -2.857 -3.270 -3.620 -4.089 -4.443 -4.496
0.013 -0.05655 8.00000 5.0576868057 2.6143607579    5.056  3.068  3.7371  1.974    2  0.000  0.538     0.00     0.00     0.00     0.00     0.00 -1    -1e-30      0.00 7.152e-01 2.717e-01 2.328e-03 6.357e-04 5.773e-03 -1.000 1.312e-02 -2.900 -1.588 -2.019 -2.800 -3.240 -3.611 -4.113 -4.496 -4.551
0.013 -0.05655 8.00000 5.0577549934 2.6143611011    5.056  3.057  3.7262  1.942    2  0.000  0.538     0.00     0.00     0.00     0.00     0.00 -1    -1e-30      0.00 7.152e-01 2.717e-01 2.328e-03 6.357e-04 5.773e-03 -1.000 1.312e-02 -2.873 -1.395 -1.897 -2.736 -3.204 -3.595 -4.131 -4.543 -4.601
0.013 -0.05655 8.00000 5.0578303337 2.6143614802    5.056  3.044  3.7161  1.914    2  0.000  0.538     0.00     0.00     0.00     0.00     0.00 -1    -1e-30      0.00 7.152e-01 2.717e-01 2.328e-03 6.357e-04 5.773e-03 -1.000 1.312e-02 -2.840 -1.195 -1.774 -2.666 -3.159 -3.569 -4.138 -4.579 -4.638
0.013 -0.05655 8.00000 5.0579237938 2.6143619504    5.057  3.027  3.7065  1.893    2  0.000  0.538     0.00     0.00     0.00     0.00     0.00 -1    -1e-30      0.00 7.152e-01 2.717e-01 2.328e-03 6.357e-04 5.773e-03 -1.000 1.312e-02 -2.796 -0.983 -1.643 -2.584 -3.102 -3.528 -4.130 -4.598 -4.660
0.013 -0.05655 8.00000 5.0580310822 2.6143624902    5.057  3.005  3.6981  1.881    2  0.000  0.538     0.00     0.00     0.00     0.00     0.00 -1    -1e-30      0.00 7.152e-01 2.717e-01 2.328e-03 6.357e-04 5.773e-03 -1.000 1.312e-02 -2.744 -0.773 -1.511 -2.494 -3.033 -3.475 -4.107 -4.600 -4.665
0.013 -0.05655 8.00000 5.0581521988 2.6143630996    5.057  2.982  3.6896  1.870    2  0.000  0.538     0.00     0.00     0.00     0.00     0.00 -1    -1e-30      0.00 7.152e-01 2.717e-01 2.328e-03 6.357e-04 5.773e-03 -1.000 1.312e-02 -2.685 -0.547 -1.370 -2.395 -2.957 -3.415 -4.078 -4.595 -4.665
0.013 -0.05655 8.00000 5.0582890511 2.6143637880    5.057  2.963  3.6808  1.855    2  0.000  0.538     0.00     0.00     0.00     0.00     0.00 -1    -1e-30      0.00 7.152e-01 2.717e-01 2.328e-03 6.357e-04 5.773e-03 -1.000 1.312e-02 -2.637 -0.343 -1.233 -2.304 -2.889 -3.361 -4.056 -4.593 -4.670
0.013 -0.05655 8.00000 5.0583820343 2.6143642558    5.057  2.958  3.6751  1.837    2  0.000  0.538     0.00     0.00     0.00     0.00     0.00 -1    -1e-30      0.00 7.152e-01 2.717e-01 2.328e-03 6.357e-04 5.773e-03 -1.000 1.312e-02 -2.624 -0.232 -1.159 -2.261 -2.861 -3.343 -4.059 -4.609 -4.692
0.013 -0.05655 8.00000 5.0584788322 2.6143647427    5.057  2.968  3.6692  1.802    3  0.000  0.538     5.46     4.96     3.69     2.66     2.18  4    -1e-30      0.00 7.152e-01 2.717e-01 2.328e-03 6.357e-04 5.773e-03 -1.000 1.312e-02 -2.651 -0.132 -1.118 -2.254 -2.870 -3.364 -4.103 -4.668 -4.756
0.013 -0.05655 8.00000 5.0586147308 2.6143654263    5.057  3.003  3.6606  1.733    3  0.000  0.538     6.33     5.62     4.16     3.00     2.46  4    -1e-30      0.00 7.152e-01 2.717e-01 2.327e-03 6.358e-04 5.773e-03 -1.000 1.312e-02 -2.738 -0.032 -1.102 -2.288 -2.929 -3.440 -4.214 -4.799 -4.896
0.013 -0.05655 8.00000 5.0587248802 2.6143659803    5.057  3.046  3.6538  1.663    3  0.000  0.536     7.35     6.38     4.69     3.40     2.79  4    -1e-30      0.00 7.152e-01 2.717e-01 2.321e-03 6.371e-04 5.773e-03 -1.000 1.312e-02 -2.845 0.007 -1.123 -2.350 -3.010 -3.536 -4.337 -4.937 -5.043
0.013 -0.05655 8.00000 5.0588150024 2.6143664336    5.057  3.084  3.6488  1.605    3  0.000  0.530     8.31     7.08     5.18     3.76     3.08  4    -1e-30      0.00 7.151e-01 2.718e-01 2.294e-03 6.491e-04 5.773e-03 -1.000 1.312e-02 -2.940 0.016 -1.155 -2.412 -3.085 -3.622 -4.444 -5.054 -5.167
0.013 -0.05655 8.00000 5.0589041710 2.6143668820    5.058  3.119  3.6447  1.554    3  0.000  0.515     9.27     7.77     5.66     4.11     3.37  4    -1e-30      0.00 7.151e-01 2.718e-01 2.228e-03 6.995e-04 5.773e-03 -1.000 1.312e-02 -3.027 0.016 -1.188 -2.471 -3.154 -3.700 -4.539 -5.158 -5.277
0.013 -0.05655 8.00000 5.0589962006 2.6143673449    5.058  3.149  3.6413  1.510    3  0.000  0.492    10.19     8.42     6.11     4.44     3.65  4    -1e-30      0.00 7.151e-01 2.718e-01 2.130e-03 8.013e-04 5.773e-03 -1.000 1.313e-02 -3.103 0.012 -1.220 -2.523 -3.215 -3.769 -4.623 -5.249 -5.373
0.013 -0.05655 8.00000 5.0590224266 2.6143674767    5.058  3.156  3.6406  1.501    3  0.000  0.486    10.39     8.56     6.21     4.51     3.71  4    -1e-30      0.00 7.151e-01 2.718e-01 2.106e-03 8.301e-04 5.773e-03 -1.000 1.314e-02 -3.119 0.011 -1.227 -2.534 -3.228 -3.783 -4.641 -5.267 -5.393
0.013 -0.05655 8.00000 5.0591535568 2.6143681362    5.058  3.184  3.6375  1.460    3  0.000  0.462    11.33     9.21     6.66     4.85     3.98  4    -1e-30      0.00 7.150e-01 2.718e-01 2.002e-03 9.559e-04 5.773e-03 -1.000 1.316e-02 -3.190 0.034 -1.252 -2.579 -3.284 -3.848 -4.719 -5.355 -5.484
0.013 -0.05655 8.00000 5.0592503548 2.6143686229    5.058  3.198  3.6360  1.440    3  0.000  0.451    11.82     9.55     6.90     5.02     4.12  4    -1e-30      0.00 7.150e-01 2.719e-01 1.952e-03 1.018e-03 5.773e-03 -1.000 1.315e-02 -3.225 0.045 -1.264 -2.601 -3.311 -3.880 -4.758 -5.398 -5.528
0.013 -0.05655 8.00000 5.0595951080 2.6143703564    5.058  3.237  3.6318  1.384    3  0.000  0.421    13.32    10.57     7.59     5.54     4.55  4    -1e-30      0.00 7.149e-01 2.719e-01 1.825e-03 1.175e-03 5.773e-03 -1.000 1.321e-02 -3.323 0.077 -1.299 -2.662 -3.388 -3.970 -4.866 -5.518 -5.654
0.013 -0.05655 8.00000 5.0600433350 2.6143726096    5.059  3.280  3.6274  1.323    3  0.000  0.399    15.17    11.79     8.43     6.16     5.06  4    -1e-30      0.00 7.148e-01 2.720e-01 1.726e-03 1.301e-03 5.768e-03 -1.000 1.322e-02 -3.431 0.108 -1.338 -2.729 -3.471 -4.068 -4.984 -5.649 -5.790
0.013 -0.05655 8.00000 5.0605258942 2.6143750350    5.059  3.324  3.6231  1.262    3  0.000  0.389    17.28    13.17     9.37     6.86     5.64  4    -1e-30      0.00 7.130e-01 2.738e-01 1.653e-03 1.485e-03 5.660e-03 -1.000 1.321e-02 -3.541 0.134 -1.381 -2.798 -3.558 -4.169 -5.104 -5.782 -5.928
0.013 -0.05655 8.00000 5.0610084534 2.6143774599    5.060  3.368  3.6192  1.203    3  0.000  0.387    19.61    14.66    10.38     7.61     6.26  4    -1e-30      0.00 7.084e-01 2.784e-01 1.594e-03 1.706e-03 5.489e-03 -1.000 1.322e-02 -3.650 0.155 -1.425 -2.868 -3.643 -4.269 -5.222 -5.911 -6.063
0.013 -0.05655 8.00000 5.0614910126 2.6143798842    5.060  3.411  3.6155  1.145    3  0.000  0.386    22.18    16.28    11.47     8.42     6.92  4    -1e-30      0.00 7.020e-01 2.848e-01 1.547e-03 1.899e-03 5.335e-03 -1.000 1.319e-02 -3.758 0.170 -1.471 -2.937 -3.727 -4.367 -5.338 -6.037 -6.194
0.013 -0.05655 8.00000 5.0620074272 2.6143824780    5.061  3.456  3.6117  1.085    3  0.000  0.386    25.24    18.16    12.74     9.36     7.70  4    -1e-30      0.00 6.952e-01 2.917e-01 1.510e-03 2.054e-03 5.211e-03 -1.000 1.318e-02 -3.871 0.186 -1.518 -3.009 -3.815 -4.471 -5.460 -6.170 -6.332
0.013 -0.05655 8.00000 5.0625452995 2.6143851789    5.061  3.494  3.6085  1.034    3  0.000  0.386    28.12    19.90    13.90    10.23     8.42  4    -1e-30      0.00 6.900e-01 2.969e-01 1.487e-03 2.154e-03 5.131e-03 -1.000 1.317e-02 -3.966 0.199 -1.557 -3.068 -3.888 -4.557 -5.561 -6.280 -6.448
0.013 -0.05655 8.00000 5.0639090538 2.6143920240    5.063  3.522  3.6063  0.997    3  0.000  0.386    30.40    21.26    14.81    10.91     8.98  4    -1e-30      0.00 6.872e-01 2.997e-01 1.475e-03 2.202e-03 5.092e-03 -1.000 1.312e-02 -4.035 0.205 -1.585 -3.110 -3.940 -4.620 -5.635 -6.361 -6.531
0.013 -0.05655 8.00000 5.0697646141 2.6144213670    5.068  3.500  3.6086  1.030    4  0.000  0.386     0.00     0.00     0.00     0.00     0.00 -1    -1e-30      0.00 6.872e-01 2.997e-01 1.475e-03 2.201e-03 5.092e-03 -1.000 1.312e-02 -3.980 0.185 -1.571 -3.083 -3.902 -4.571 -5.575 -6.294 -6.461
0.013 -0.05655 8.00000 5.0774431229 2.6144597270    5.076  3.458  3.6128  1.088    4  0.000  0.386     0.00     0.00     0.00     0.00     0.00 -1    -1e-30      0.00 6.872e-01 2.996e-01 1.475e-03 2.201e-03 5.092e-03 -1.000 1.312e-02 -3.876 0.153 -1.539 -3.025 -3.827 -4.479 -5.463 -6.169 -6.331
0.013 -0.05655 8.00000 5.0823965073 2.6144844022    5.081  3.421  3.6163  1.140    4  0.000  0.386     0.00     0.00     0.00     0.00     0.00 -1    -1e-30      0.00 6.872e-01 2.996e-01 1.475e-03 2.201e-03 5.092e-03 -1.000 1.312e-02 -3.783 0.128 -1.507 -2.971 -3.758 -4.395 -5.362 -6.059 -6.215
0.013 -0.05655 8.00000 5.0869832039 2.6145072015    5.086  3.381  3.6201  1.195    4  0.000  0.386     0.00     0.00     0.00     0.00     0.00 -1    -1e-30      0.00 6.873e-01 2.996e-01 1.475e-03 2.201e-03 5.093e-03 -1.000 1.312e-02 -3.684 0.103 -1.472 -2.911 -3.683 -4.305 -5.254 -5.939 -6.090
0.013 -0.05655 8.00000 5.0911741257 2.6145279922    5.090  3.342  3.6239  1.250    4  0.000  0.386     0.00     0.00     0.00     0.00     0.00 -1    -1e-30      0.00 6.873e-01 2.996e-01 1.475e-03 2.201e-03 5.093e-03 -1.000 1.312e-02 -3.585 0.078 -1.434 -2.850 -3.606 -4.215 -5.147 -5.822 -5.968
0.013 -0.05655 8.00000 5.0954670906 2.6145492484    5.094  3.302  3.6278  1.306    4  0.000  0.386     0.00     0.00     0.00     0.00     0.00 -1    -1e-30      0.00 6.873e-01 2.996e-01 1.475e-03 2.200e-03 5.093e-03 -1.000 1.312e-02 -3.486 0.051 -1.397 -2.788 -3.529 -4.124 -5.039 -5.701 -5.842
0.013 -0.05655 8.00000 5.0996623039 2.6145699808    5.099  3.266  3.6316  1.358    4  0.000  0.386     0.00     0.00     0.00     0.00     0.00 -1    -1e-30      0.00 6.873e-01 2.996e-01 1.476e-03 2.200e-03 5.093e-03 -1.000 1.312e-02 -3.395 0.024 -1.365 -2.732 -3.459 -4.042 -4.940 -5.592 -5.728
0.013 -0.05655 8.00000 5.1051516533 2.6145970495    5.104  3.226  3.6360  1.417    4  0.000  0.386     0.00     0.00     0.00     0.00     0.00 -1    -1e-30      0.00 6.873e-01 2.996e-01 1.476e-03 2.200e-03 5.093e-03 -1.000 1.312e-02 -3.294 -0.012 -1.330 -2.670 -3.380 -3.950 -4.827 -5.466 -5.597
0.013 -0.05655 8.00000 5.1126170158 2.6146337550    5.112  3.185  3.6414  1.479    4  0.000  0.386     0.00     0.00     0.00     0.00     0.00 -1    -1e-30      0.00 6.873e-01 2.995e-01 1.476e-03 2.200e-03 5.093e-03 -1.000 1.312e-02 -3.193 -0.071 -1.307 -2.614 -3.305 -3.859 -4.713 -5.336 -5.461
0.013 -0.05655 8.00000 5.1226062775 2.6146826776    5.122  3.155  3.6474  1.533    4  0.000  0.386     0.00     0.00     0.00     0.00     0.00 -1    -1e-30      0.00 6.874e-01 2.995e-01 1.476e-03 2.199e-03 5.093e-03 -1.000 1.312e-02 -3.119 -0.142 -1.312 -2.585 -3.259 -3.797 -4.625 -5.233 -5.351
0.013 -0.05655 8.00000 5.1297621727 2.6147175890    5.129  3.148  3.6514  1.558    4  0.000  0.386     0.00     0.00     0.00     0.00     0.00 -1    -1e-30      0.00 6.874e-01 2.995e-01 1.476e-03 2.199e-03 5.093e-03 -1.000 1.312e-02 -3.099 -0.211 -1.342 -2.594 -3.257 -3.785 -4.597 -5.194 -5.307
0.013 -0.05655 8.00000 5.1389260292 2.6147621333    5.138  3.170  3.6589  1.566    4  0.000  0.386     0.00     0.00     0.00     0.00     0.00 -1    -1e-30      0.00 6.874e-01 2.995e-01 1.476e-03 2.199e-03 5.094e-03 -1.000 1.312e-02 -3.156 -0.440 -1.490 -2.705 -3.345 -3.855 -4.635 -5.210 -5.315
0.013 -0.05655 8.00000 5.1434268951 2.6147839447    5.142  3.191  3.6645  1.568    5  0.000  0.386     0.00     0.00     0.00     0.00     0.00 -1    -1e-30      0.00 6.874e-01 2.994e-01 1.476e-03 2.198e-03 5.094e-03 -1.000 1.312e-02 -3.207 -0.590 -1.603 -2.791 -3.417 -3.916 -4.674 -5.235 -5.334
0.013 -0.05655 8.00000 5.1455526352 2.6147942308    5.145  3.208  3.6691  1.570    5  0.000  0.386     0.00     0.00     0.00     0.00     0.00 -1    -1e-30      0.00 6.874e-01 2.994e-01 1.476e-03 2.198e-03 5.094e-03 -1.000 1.312e-02 -3.250 -0.695 -1.694 -2.858 -3.475 -3.966 -4.706 -5.259 -5.351
0.013 -0.05655 8.00000 5.1471819878 2.6148021084    5.146  3.223  3.6738  1.573    5  0.000  0.386     0.00     0.00     0.00     0.00     0.00 -1    -1e-30      0.00 6.875e-01 2.994e-01 1.476e-03 2.198e-03 5.094e-03 -1.000 1.312e-02 -3.288 -0.796 -1.779 -2.920 -3.527 -4.011 -4.733 -5.277 -5.363
0.013 -0.05655 8.00000 5.1485824585 2.6148088748    5.148  3.238  3.6797  1.582    5  0.000  0.386     0.00     0.00     0.00     0.00     0.00 -1    -1e-30      0.00 6.875e-01 2.994e-01 1.476e-03 2.198e-03 5.094e-03 -1.000 1.312e-02 -3.326 -0.918 -1.876 -2.987 -3.581 -4.057 -4.755 -5.288 -5.367
0.013 -0.05655 8.00000 5.1496248245 2.6148139083    5.149  3.250  3.6856  1.594    5  0.000  0.386     0.00     0.00     0.00     0.00     0.00 -1    -1e-30      0.00 6.875e-01 2.994e-01 1.476e-03 2.198e-03 5.094e-03 -1.000 1.312e-02 -3.355 -1.030 -1.962 -3.043 -3.624 -4.091 -4.768 -5.290 -5.362
0.013 -0.05655 8.00000 5.1505188942 2.6148182238    5.150  3.260  3.6914  1.607    5  0.000  0.386     0.00     0.00     0.00     0.00     0.00 -1    -1e-30      0.00 6.875e-01 2.994e-01 1.476e-03 2.198e-03 5.094e-03 -1.000 1.312e-02 -3.380 -1.180 -2.048 -3.098 -3.663 -4.119 -4.774 -5.279 -5.348
0.013 -0.05655 8.00000 5.1513547897 2.6148222569    5.150  3.269  3.6972  1.621    5  0.000  0.386     0.00     0.00     0.00     0.00     0.00 -1    -1e-30      0.00 6.875e-01 2.994e-01 1.476e-03 2.198e-03 5.094e-03 -1.000 1.312e-02 -3.403 -1.323 -2.130 -3.149 -3.698 -4.144 -4.777 -5.266 -5.332
0.013 -0.05655 8.00000 5.1521730423 2.6148262035    5.151  3.278  3.7036  1.638    5  0.000  0.386     0.00     0.00     0.00     0.00     0.00 -1    -1e-30      0.00 6.875e-01 2.994e-01 1.476e-03 2.198e-03 5.094e-03 -1.000 1.312e-02 -3.425 -1.471 -2.215 -3.200 -3.732 -4.166 -4.776 -5.246 -5.310
0.013 -0.05655 8.00000 5.1530370712 2.6148303693    5.152  3.286  3.7116  1.662    5  0.000  0.386     0.00     0.00     0.00     0.00     0.00 -1    -1e-30      0.00 6.875e-01 2.994e-01 1.476e-03 2.198e-03 5.094e-03 -1.000 1.312e-02 -3.446 -1.644 -2.313 -3.255 -3.767 -4.186 -4.768 -5.215 -5.277
0.013 -0.05655 8.00000 5.1539654732 2.6148348436    5.153  3.295  3.7214  1.693    5  0.000  0.386     0.00     0.00     0.00     0.00     0.00 -1    -1e-30      0.00 6.875e-01 2.994e-01 1.476e-03 2.198e-03 5.094e-03 -1.000 1.312e-02 -3.467 -1.838 -2.427 -3.315 -3.801 -4.201 -4.751 -5.171 -5.231
0.013 -0.05655 8.00000 5.1549749374 2.6148397065    5.154  3.303  3.7332  1.732    5  0.000  0.386     0.00     0.00     0.00     0.00     0.00 -1    -1e-30      0.00 6.875e-01 2.994e-01 1.476e-03 2.198e-03 5.094e-03 -1.000 1.312e-02 -3.487 -2.051 -2.555 -3.377 -3.832 -4.211 -4.723 -5.110 -5.168
0.013 -0.05655 8.00000 5.1560912132 2.6148450815    5.155  3.311  3.7466  1.778    5  0.000  0.386     0.00     0.00     0.00     0.00     0.00 -1    -1e-30      0.00 6.875e-01 2.994e-01 1.476e-03 2.198e-03 5.094e-03 -1.000 1.312e-02 -3.507 -2.268 -2.690 -3.439 -3.860 -4.213 -4.685 -5.037 -5.092
0.013 -0.05655 8.00000 5.1573719978 2.6148512452    5.156  3.318  3.7605  1.826    5  0.000  0.386     0.00     0.00     0.00     0.00     0.00 -1    -1e-30      0.00 6.875e-01 2.994e-01 1.476e-03 2.198e-03 5.094e-03 -1.000 1.312e-02 -3.526 -2.476 -2.821 -3.496 -3.881 -4.209 -4.642 -4.958 -5.009
0.013 -0.05655 8.00000 5.1592278481 2.6148601702    5.158  3.327  3.7762  1.880    5  0.000  0.386     0.00     0.00     0.00     0.00     0.00 -1    -1e-30      0.00 6.875e-01 2.994e-01 1.477e-03 2.198e-03 5.094e-03 -1.000 1.312e-02 -3.547 -2.686 -2.971 -3.555 -3.898 -4.193 -4.582 -4.860 -4.906
0.013 -0.05655 8.00000 5.1614727974 2.6148709565    5.161  3.334  3.7890  1.924    5  0.000  0.386     0.00     0.00     0.00     0.00     0.00 -1    -1e-30      0.00 6.875e-01 2.994e-01 1.477e-03 2.198e-03 5.094e-03 -1.000 1.312e-02 -3.566 -2.835 -3.085 -3.599 -3.908 -4.177 -4.534 -4.782 -4.823
0.013 -0.05655 8.00000 5.1623964310 2.6148753912    5.161  3.336  3.7914  1.932    5  0.000  0.386     0.00     0.00     0.00     0.00     0.00 -1    -1e-30      0.00 6.875e-01 2.994e-01 1.477e-03 2.198e-03 5.094e-03 -1.000 1.312e-02 -3.570 -2.860 -3.106 -3.607 -3.911 -4.175 -4.525 -4.768 -4.809
0.013 -0.05655 8.00000 5.1661925316 2.6148935983    5.165  3.343  3.8011  1.964    5  0.000  0.386     0.00     0.00     0.00     0.00     0.00 -1    -1e-30      0.00 6.875e-01 2.994e-01 1.477e-03 2.198e-03 5.094e-03 -1.000 1.312e-02 -3.588 -2.954 -3.187 -3.641 -3.921 -4.166 -4.493 -4.715 -4.752
0.013 -0.05655 8.00000 5.1797804832 2.6149585185    5.179  3.351  3.7902  1.914    6  0.000  0.386     0.00     0.00     0.00     0.00     0.00 -1    -1e-30      0.00 6.875e-01 2.993e-01 1.477e-03 2.198e-03 5.094e-03 -1.000 1.312e-02 -3.608 -2.887 -3.136 -3.643 -3.949 -4.216 -4.569 -4.815 -4.856
0.013 -0.05655 8.00000 5.2021794319 2.6150646848    5.201  3.371  3.7836  1.870    6  0.000  0.386     0.00     0.00     0.00     0.00     0.00 -1    -1e-30      0.00 6.876e-01 2.993e-01 1.477e-03 2.198e-03 5.094e-03 -1.000 1.313e-02 -3.657 -2.871 -3.139 -3.681 -4.004 -4.283 -4.653 -4.912 -4.956
0.013 -0.05655 8.00000 5.2180366516 2.6151392112    5.217  3.382  3.7746  1.823    6  0.000  0.386     0.00     0.00     0.00     0.00     0.00 -1    -1e-30      0.00 6.876e-01 2.993e-01 1.477e-03 2.197e-03 5.094e-03 -1.000 1.313e-02 -3.686 -2.798 -3.097 -3.691 -4.039 -4.337 -4.731 -5.011 -5.058
0.013 -0.05655 8.00000 5.2274022102 2.6151829837    5.227  3.387  3.7623  1.771    6  0.000  0.386     0.00     0.00     0.00     0.00     0.00 -1    -1e-30      0.00 6.876e-01 2.992e-01 1.477e-03 2.197e-03 5.094e-03 -1.000 1.313e-02 -3.696 -2.655 -3.004 -3.672 -4.053 -4.377 -4.805 -5.116 -5.167
0.013 -0.05655 8.00000 5.2339582443 2.6152135180    5.233  3.388  3.7505  1.723    6  0.000  0.386     0.00     0.00     0.00     0.00     0.00 -1    -1e-30      0.00 6.876e-01 2.992e-01 1.477e-03 2.197e-03 5.094e-03 -1.000 1.313e-02 -3.700 -2.502 -2.913 -3.645 -4.057 -4.402 -4.862 -5.202 -5.256
0.013 -0.05655 8.00000 5.2388567924 2.6152362753    5.238  3.387  3.7383  1.675    6  0.000  0.386     0.00     0.00     0.00     0.00     0.00 -1    -1e-30      0.00 6.877e-01 2.992e-01 1.477e-03 2.197e-03 5.094e-03 -1.000 1.313e-02 -3.698 -2.318 -2.807 -3.607 -4.050 -4.419 -4.915 -5.286 -5.344
0.013 -0.05655 8.00000 5.2437014580 2.6152587342    5.243  3.385  3.7241  1.621    6  0.000  0.386     0.00     0.00     0.00     0.00     0.00 -1    -1e-30      0.00 6.877e-01 2.992e-01 1.477e-03 2.197e-03 5.094e-03 -1.000 1.313e-02 -3.692 -2.084 -2.671 -3.551 -4.032 -4.427 -4.968 -5.378 -5.437
0.013 -0.05655 8.00000 5.2476515770 2.6152770108    5.247  3.381  3.7107  1.572    6  0.000  0.386     0.00     0.00     0.00     0.00     0.00 -1    -1e-30      0.00 6.877e-01 2.992e-01 1.477e-03 2.197e-03 5.094e-03 -1.000 1.313e-02 -3.681 -1.835 -2.531 -3.487 -4.004 -4.425 -5.009 -5.457 -5.519
0.013 -0.05655 8.00000 5.2509126663 2.6152920756    5.250  3.375  3.6997  1.534    6  0.000  0.386     0.00     0.00     0.00     0.00     0.00 -1    -1e-30      0.00 6.877e-01 2.992e-01 1.477e-03 2.197e-03 5.094e-03 -1.000 1.313e-02 -3.668 -1.607 -2.409 -3.426 -3.971 -4.412 -5.036 -5.515 -5.580
0.013 -0.05655 8.00000 5.2533488274 2.6153033155    5.253  3.370  3.6920  1.509    6  0.000  0.386     0.00     0.00     0.00     0.00     0.00 -1    -1e-30      0.00 6.877e-01 2.992e-01 1.477e-03 2.197e-03 5.094e-03 -1.000 1.313e-02 -3.654 -1.431 -2.316 -3.375 -3.941 -4.396 -5.049 -5.550 -5.618
0.013 -0.05655 8.00000 5.2553563118 2.6153125686    5.255  3.363  3.6853  1.489    6  0.000  0.386     0.00     0.00     0.00     0.00     0.00 -1    -1e-30      0.00 6.877e-01 2.992e-01 1.477e-03 2.197e-03 5.094e-03 -1.000 1.313e-02 -3.637 -1.269 -2.228 -3.324 -3.908 -4.376 -5.054 -5.573 -5.646
0.013 -0.05655 8.00000 5.2572441101 2.6153212627    5.257  3.355  3.6791  1.472    6  0.000  0.386     0.00     0.00     0.00     0.00     0.00 -1    -1e-30      0.00 6.877e-01 2.992e-01 1.477e-03 2.197e-03 5.094e-03 -1.000 1.313e-02 -3.618 -1.160 -2.148 -3.277 -3.875 -4.352 -5.053 -5.584 -5.664
0.013 -0.05655 8.00000 5.2591047287 2.6153298245    5.259  3.346  3.6729  1.456    6  0.000  0.386     0.00     0.00     0.00     0.00     0.00 -1    -1e-30      0.00 6.877e-01 2.992e-01 1.477e-03 2.197e-03 5.094e-03 -1.000 1.313e-02 -3.596 -1.046 -2.063 -3.224 -3.835 -4.321 -5.046 -5.589 -5.676
0.013 -0.05655 8.00000 5.2609972954 2.6153385262    5.260  3.337  3.6670  1.442    6  0.000  0.386     0.00     0.00     0.00     0.00     0.00 -1    -1e-30      0.00 6.877e-01 2.992e-01 1.477e-03 2.197e-03 5.094e-03 -1.000 1.313e-02 -3.571 -0.938 -1.978 -3.169 -3.793 -4.287 -5.036 -5.589 -5.685
0.013 -0.05655 8.00000 5.2636609077 2.6153507608    5.263  3.323  3.6598  1.427    6  0.000  0.386     0.00     0.00     0.00     0.00     0.00 -1    -1e-30      0.00 6.877e-01 2.992e-01 1.477e-03 2.197e-03 5.094e-03 -1.000 1.313e-02 -3.537 -0.806 -1.868 -3.095 -3.733 -4.240 -5.018 -5.583 -5.691
0.013 -0.05655 8.00000 5.2663965225 2.6153633114    5.266  3.313  3.6537  1.413    6  0.000  0.386     0.00     0.00     0.00     0.00     0.00 -1    -1e-30      0.00 6.877e-01 2.992e-01 1.477e-03 2.197e-03 5.094e-03 -1.000 1.313e-02 -3.513 -0.650 -1.771 -3.029 -3.684 -4.204 -5.008 -5.589 -5.704
0.013 -0.05655 8.00000 5.2683124542 2.6153720925    5.268  3.306  3.6496  1.404    6  0.000  0.386     0.00     0.00     0.00     0.00     0.00 -1    -1e-30      0.00 6.877e-01 2.992e-01 1.477e-03 2.197e-03 5.094e-03 -1.000 1.313e-02 -3.496 -0.532 -1.703 -2.982 -3.649 -4.180 -5.001 -5.594 -5.713
0.013 -0.05655 8.00000 5.2719449997 2.6153887209    5.271  3.307  3.6425  1.375    6  0.000  0.386     0.00     0.00     0.00     0.00     0.00 -1    -1e-30      0.00 6.877e-01 2.991e-01 1.477e-03 2.197e-03 5.094e-03 -1.000 1.313e-02 -3.497 -0.349 -1.611 -2.927 -3.617 -4.167 -5.018 -5.634 -5.759
0.013 -0.05655 8.00000 5.2758598328 2.6154066121    5.275  3.338  3.6330  1.307    6  0.000  0.386     0.00     0.00     0.00     0.00     0.00 -1    -1e-30      0.00 6.877e-01 2.991e-01 1.477e-03 2.197e-03 5.094e-03 -1.000 1.313e-02 -3.574 -0.162 -1.554 -2.923 -3.646 -4.225 -5.117 -5.762 -5.898
0.013 -0.05655 8.00000 5.2767362595 2.6154106133    5.276  3.367  3.6282  1.259    6  0.000  0.386     0.00     0.00     0.00     0.00     0.00 -1    -1e-30      0.00 6.877e-01 2.991e-01 1.477e-03 2.197e-03 5.094e-03 -1.000 1.313e-02 -3.647 -0.095 -1.557 -2.952 -3.693 -4.287 -5.201 -5.860 -6.001
0.013 -0.05655 8.00000 5.2768015862 2.6154109115    5.276  3.373  3.6274  1.249    6  0.000  0.386     0.00     0.00     0.00     0.00     0.00 -1    -1e-30      0.00 6.877e-01 2.991e-01 1.477e-03 2.197e-03 5.094e-03 -1.000 1.313e-02 -3.662 -0.085 -1.560 -2.960 -3.704 -4.301 -5.218 -5.880 -6.023
0.013 -0.05655 8.00000 5.2769284248 2.6154114904    5.276  3.395  3.6249  1.217    7  0.000  0.386    19.09    14.45    10.25     7.50     6.16  4    -1e-30      0.00 6.877e-01 2.991e-01 1.477e-03 2.197e-03 5.094e-03 -1.000 1.313e-02 -3.717 -0.061 -1.575 -2.991 -3.745 -4.350 -5.279 -5.948 -6.094
0.013 -0.05655 8.00000 5.2773723602 2.6154135163    5.277  3.413  3.6233  1.193    7  0.000  0.386    20.12    15.10    10.69     7.83     6.44  4    -1e-30      0.00 6.877e-01 2.991e-01 1.477e-03 2.197e-03 5.094e-03 -1.000 1.313e-02 -3.763 -0.053 -1.594 -3.021 -3.781 -4.392 -5.328 -6.002 -6.150
0.013 -0.05655 8.00000 5.2782397270 2.6154174736    5.278  3.428  3.6211  1.169    7  0.000  0.386    21.16    15.76    11.14     8.16     6.71  4 -1.45e-30      0.00 6.877e-01 2.991e-01 1.477e-03 2.197e-03 5.094e-03 -1.000 1.313e-02 -3.800 -0.022 -1.597 -3.037 -3.806 -4.424 -5.370 -6.050 -6.201
0.013 -0.05655 8.00000 5.2786021233 2.6154191265    5.278  3.462  3.6175  1.121    7  0.000  0.386    23.47    17.20    12.10     8.88     7.30  4 -2.02e-30      0.00 6.877e-01 2.991e-01 1.477e-03 2.197e-03 5.094e-03 -1.000 1.313e-02 -3.885 0.008 -1.623 -3.085 -3.868 -4.500 -5.462 -6.153 -6.309
0.013 -0.05655 8.00000 5.2789669037 2.6154207900    5.279  3.500  3.6138  1.068    7  0.000  0.386    26.30    18.93    13.26     9.74     8.02  4 -2.03e-30      0.00 6.877e-01 2.991e-01 1.477e-03 2.197e-03 5.094e-03 -1.000 1.313e-02 -3.980 0.037 -1.654 -3.139 -3.938 -4.585 -5.565 -6.267 -6.428
0.013 -0.05655 8.00000 5.2794175148 2.6154228446    5.279  3.538  3.6100  1.014    7  0.000  0.386    29.49    20.84    14.54    10.69     8.80  4 -2.04e-30      0.00 6.877e-01 2.991e-01 1.477e-03 2.197e-03 5.094e-03 -1.000 1.313e-02 -4.076 0.066 -1.686 -3.195 -4.010 -4.672 -5.669 -6.382 -6.548
0.013 -0.05655 8.00000 5.2799649239 2.6154253400    5.280  3.577  3.6063  0.961    7  0.000  0.386    33.09    22.97    15.96    11.75     9.68  4 -1.13e-27      0.00 6.877e-01 2.991e-01 1.477e-03 2.197e-03 5.094e-03 -1.000 1.314e-02 -4.173 0.096 -1.714 -3.246 -4.078 -4.758 -5.774 -6.498 -6.669
0.013 -0.05655 8.00000 5.2806105614 2.6154282825    5.280  3.616  3.6025  0.907    7  0.000  0.386    37.14    25.32    17.51    12.91    10.64  4 -1.14e-20      0.00 6.877e-01 2.991e-01 1.477e-03 2.198e-03 5.094e-03 -1.000 1.317e-02 -4.270 0.128 -1.740 -3.296 -4.145 -4.845 -5.879 -6.614 -6.791
0.013 -0.05655 8.00000 5.2813529968 2.6154316650    5.281  3.655  3.5988  0.853    7  0.000  0.386    41.68    27.90    19.21    14.19    11.69  4 -4.64e-14      0.00 6.877e-01 2.991e-01 1.475e-03 2.199e-03 5.094e-03 -1.000 1.320e-02 -4.367 0.156 -1.767 -3.346 -4.212 -4.932 -5.985 -6.730 -6.913
0.013 -0.05655 8.00000 5.2821917534 2.6154354851    5.281  3.695  3.5951  0.798    7  0.000  0.384    46.89    30.81    21.12    15.62    12.87  4 -5.61e-09      0.00 6.877e-01 2.990e-01 1.470e-03 2.204e-03 5.094e-03 -1.000 1.322e-02 -4.467 0.181 -1.793 -3.393 -4.277 -5.020 -6.093 -6.848 -7.037
0.013 -0.05655 8.00000 5.2830848694 2.6154395512    5.282  3.736  3.5912  0.741    7  0.000  0.382    53.01    34.16    23.31    17.27    14.23  4 -6.95e-09      0.00 6.877e-01 2.990e-01 1.462e-03 2.213e-03 5.094e-03 -1.000 1.323e-02 -4.571 0.205 -1.820 -3.443 -4.346 -5.113 -6.206 -6.971 -7.167
0.013 -0.05655 8.00000 5.2839365005 2.6154434270    5.283  3.780  3.5871  0.682    7  0.000  0.380    60.20    38.03    25.83    19.16    15.80  4 -9.34e-09      0.00 6.877e-01 2.990e-01 1.455e-03 2.223e-03 5.094e-03 -1.000 1.323e-02 -4.679 0.226 -1.843 -3.486 -4.410 -5.208 -6.323 -7.099 -7.301
0.013 -0.05655 8.00000 5.2846808434 2.6154468133    5.283  3.822  3.5830  0.623    7  0.000  0.379    68.34    42.32    28.60    21.25    17.53  4 -1.37e-08      0.00 6.877e-01 2.990e-01 1.448e-03 2.231e-03 5.094e-03 -1.000 1.323e-02 -4.786 0.245 -1.863 -3.525 -4.470 -5.301 -6.439 -7.226 -7.435
0.013 -0.05655 8.00000 5.2853345871 2.6154497866    5.283  3.865  3.5789  0.564    7  0.000  0.377    77.51    47.05    31.65    23.56    19.43  4  -2.1e-08      0.00 6.877e-01 2.990e-01 1.443e-03 2.237e-03 5.093e-03 -1.000 1.322e-02 -4.891 0.263 -1.879 -3.558 -4.526 -5.392 -6.554 -7.352 -7.567
0.013 -0.05655 8.00000 5.2859268188 2.6154524794    5.283  3.906  3.5748  0.506    7  0.000  0.376    87.85    52.29    35.01    26.09    21.53  4 -3.21e-08      0.00 6.877e-01 2.990e-01 1.439e-03 2.244e-03 5.091e-03 -1.000 1.324e-02 -4.996 0.275 -1.886 -3.577 -4.569 -5.480 -6.669 -7.477 -7.699
0.013 -0.05655 8.00000 5.2864770889 2.6154549807    5.283  3.948  3.5705  0.447    7  0.000  0.376    99.65    58.15    38.74    28.93    23.87  3 -4.95e-08      0.00 6.877e-01 2.991e-01 1.435e-03 2.252e-03 5.087e-03 -1.000 1.324e-02 -5.100 0.293 -1.887 -3.592 -4.610 -5.569 -6.784 -7.602 -7.831
0.013 -0.05655 8.00000 5.2869901657 2.6154573125    5.282  3.990  3.5663  0.388    7  0.000  0.375   113.04    64.66    42.88    32.06    26.47  3 -7.62e-08      0.00 6.875e-01 2.992e-01 1.432e-03 2.262e-03 5.080e-03 -1.000 1.325e-02 -5.204 0.303 -1.874 -3.585 -4.635 -5.653 -6.901 -7.728 -7.964
0.013 -0.05655 8.00000 5.2874498367 2.6154594011    5.280  4.028  3.5622  0.333    7  0.000  0.375   127.15    71.40    47.13    35.30    29.14  3 -1.13e-07      0.00 6.872e-01 2.996e-01 1.428e-03 2.277e-03 5.068e-03 -1.000 1.324e-02 -5.301 0.311 -1.859 -3.575 -4.655 -5.730 -7.008 -7.844 -8.087
0.013 -0.05655 8.00000 5.2879276276 2.6154615715    5.278  4.068  3.5580  0.277    7  0.000  0.375   143.51    79.07    51.96    38.97    32.18  3  -1.7e-07      0.00 6.830e-01 3.038e-01 1.418e-03 2.321e-03 5.032e-03 -1.000 1.323e-02 -5.399 0.320 -1.831 -3.547 -4.664 -5.804 -7.119 -7.964 -8.214
0.013 -0.05655 8.00000 5.2883276939 2.6154633886    5.275  4.109  3.5528  0.214    7  0.000  0.376   164.08    88.51    57.87    43.47    35.91  3 -2.61e-07      0.00 6.601e-01 3.267e-01 1.372e-03 2.526e-03 4.865e-03 -1.000 1.322e-02 -5.503 0.341 -1.773 -3.480 -4.646 -5.875 -7.239 -8.094 -8.353
0.013 -0.05655 8.00000 5.2885818481 2.6154645428    5.272  4.149  3.5475  0.153    7  0.000  0.376   186.96    98.81    64.28    48.37    39.97  3 -3.94e-07      0.00 6.393e-01 3.475e-01 1.331e-03 2.706e-03 4.718e-03 -1.000 1.321e-02 -5.602 0.368 -1.688 -3.381 -4.606 -5.930 -7.352 -8.219 -8.487
0.013 -0.05655 8.00000 5.2887845039 2.6154654630    5.267  4.189  3.5423  0.092    7  0.000  0.376   213.21   110.39    71.45    53.86    44.52  3    -6e-07      0.00 6.285e-01 3.583e-01 1.311e-03 2.798e-03 4.642e-03 -1.000 1.321e-02 -5.702 0.396 -1.589 -3.262 -4.555 -5.980 -7.467 -8.344 -8.622
0.013 -0.05655 8.00000 5.2889661789 2.6154662879    5.262  4.228  3.5372  0.031    7  0.000  0.376   242.75   123.15    79.32    59.89    49.51  3 -9.05e-07      0.01 6.239e-01 3.629e-01 1.302e-03 2.838e-03 4.609e-03 -1.000 1.322e-02 -5.801 0.434 -1.471 -3.121 -4.491 -6.014 -7.580 -8.467 -8.756
0.013 -0.05655 8.00000 5.2891368866 2.6154670629    5.254  4.268  3.5321 -0.029    7  0.000  0.376   276.12   137.30    88.00    66.55    55.03  2 -1.38e-06      0.02 6.212e-01 3.656e-01 1.297e-03 2.862e-03 4.590e-03 -1.000 1.319e-02 -5.900 0.495 -1.318 -2.947 -4.407 -6.033 -7.689 -8.587 -8.891
0.013 -0.05655 8.00000 5.2892975807 2.6154677924    5.242  4.305  3.5272 -0.087    7  0.000  0.376   312.24   152.33    97.17    73.60    60.88  2 -2.04e-06      0.04 6.194e-01 3.674e-01 1.293e-03 2.877e-03 4.577e-03 -1.000 1.320e-02 -5.993 0.608 -1.110 -2.724 -4.292 -6.017 -7.786 -8.696 -9.020
0.013 -0.05655 8.00000 5.2894744873 2.6154685954    5.222  4.344  3.5217 -0.150    7  0.000  0.376   356.59   170.46   108.18    82.09    67.92  2 -3.09e-06      0.07 6.180e-01 3.688e-01 1.291e-03 2.889e-03 4.568e-03 -1.000 1.317e-02 -6.090 0.795 -0.814 -2.418 -4.128 -5.960 -7.882 -8.808 -9.158
0.013 -0.05655 8.00000 5.2896509171 2.6154693963    5.192  4.380  3.5164 -0.209    7  0.000  0.376   391.53   189.41   119.63    90.94    75.25  2 -4.59e-06      0.12 6.173e-01 3.694e-01 1.289e-03 2.895e-03 4.563e-03 -1.000 1.321e-02 -6.179 1.096 -0.420 -2.018 -3.901 -5.837 -7.952 -8.901 -9.285
0.013 -0.05655 8.00000 5.2899212837 2.6154706233    5.124  4.386  3.5145 -0.228    7  0.000  0.376   401.74   195.62   123.33    93.84    77.66  2 -5.11e-06      0.14 6.170e-01 3.698e-01 1.289e-03 2.897e-03 4.561e-03 -1.000 1.321e-02 -6.195 1.231 -0.248 -1.840 -3.792 -5.767 -7.960 -8.918 -9.315
0.013 -0.05655 8.00000 5.2899780273 2.6154708809    5.110  4.361  3.5177 -0.191    7  0.000  0.376   380.33   182.82   115.60    87.88    72.71  2 -3.94e-06      0.09 6.170e-01 3.698e-01 1.289e-03 2.898e-03 4.561e-03 -1.000 1.321e-02 -6.131 0.972 -0.544 -2.131 -3.957 -5.864 -7.918 -8.858 -9.226
0.013 -0.05655 8.00000 5.2899937630 2.6154709523    5.107  4.334  3.5211 -0.151    7  0.000  0.376   354.42   170.05   107.88    81.92    67.77  2    -3e-06      0.07 6.170e-01 3.698e-01 1.289e-03 2.898e-03 4.561e-03 -1.000 1.322e-02 -6.065 0.817 -0.771 -2.368 -4.086 -5.927 -7.860 -8.786 -9.136
0.013 -0.05655 8.00000 5.2900047302 2.6154710020    5.106  4.313  3.5239 -0.119    7  0.000  0.376   330.84   160.43   102.04    77.43    64.04  2 -2.41e-06      0.04 6.170e-01 3.698e-01 1.289e-03 2.898e-03 4.561e-03 -1.000 1.322e-02 -6.012 0.702 -0.932 -2.529 -4.172 -5.958 -7.811 -8.728 -9.062
0.013 -0.05655 8.00000 5.2900209427 2.6154710756    5.104  4.293  3.5264 -0.090    7  0.000  0.376   310.60   152.09    96.97    73.52    60.80  2 -1.97e-06      0.03 6.170e-01 3.698e-01 1.289e-03 2.898e-03 4.561e-03 -1.000 1.322e-02 -5.963 0.642 -1.049 -2.654 -4.236 -5.974 -7.761 -8.671 -8.995
0.013 -0.05655 8.00000 5.2900338173 2.6154711340    5.103  4.284  3.5276 -0.075    7  0.000  0.376   301.22   148.20    94.60    71.70    59.29  2 -1.78e-06      0.03 6.170e-01 3.698e-01 1.289e-03 2.898e-03 4.561e-03 -1.000 1.322e-02 -5.939 0.613 -1.104 -2.714 -4.267 -5.981 -7.736 -8.643 -8.962
0.013 -0.05655 8.00000 5.2900538445 2.6154712249    5.101  4.276  3.5285 -0.065    7  0.000  0.376   294.35   145.34    92.85    70.36    58.18  2 -1.66e-06      0.03 6.170e-01 3.698e-01 1.289e-03 2.898e-03 4.561e-03 -1.000 1.322e-02 -5.921 0.593 -1.143 -2.755 -4.287 -5.985 -7.717 -8.622 -8.937
0.013 -0.05655 8.00000 5.2901191711 2.6154715214    5.094  4.328  3.5218 -0.143    7  0.000  0.376   348.06   167.51   106.34    80.74    66.79  2 -2.85e-06      0.06 6.170e-01 3.698e-01 1.289e-03 2.898e-03 4.561e-03 -1.000 1.322e-02 -6.049 0.789 -0.807 -2.403 -4.104 -5.932 -7.845 -8.769 -9.114
0.013 -0.05655 8.00000 5.2901477814 2.6154716512    5.090  4.335  3.5208 -0.155    7  0.000  0.376   356.46   170.94   108.41    82.35    68.12  2 -3.07e-06      0.07 6.170e-01 3.698e-01 1.289e-03 2.898e-03 4.561e-03 -1.000 1.322e-02 -6.067 0.835 -0.746 -2.342 -4.070 -5.918 -7.861 -8.788 -9.139
0.013 -0.05655 8.00000 5.2901668549 2.6154717378    5.088  4.327  3.5217 -0.144    7  0.000  0.376   348.09   167.55   106.36    80.76    66.81  2 -2.83e-06      0.06 6.170e-01 3.698e-01 1.289e-03 2.898e-03 4.561e-03 -1.000 1.322e-02 -6.048 0.788 -0.807 -2.402 -4.103 -5.931 -7.845 -8.769 -9.114
0.013 -0.05655 8.00000 5.2901730537 2.6154717659    5.087  4.325  3.5220 -0.141    7  0.000  0.376   345.88   166.65   105.81    80.34    66.46  2 -2.77e-06      0.06 6.170e-01 3.698e-01 1.289e-03 2.898e-03 4.561e-03 -1.000 1.322e-02 -6.043 0.776 -0.822 -2.416 -4.110 -5.933 -7.840 -8.763 -9.107
0.013 -0.05655 8.00000 5.2901835442 2.6154718135    5.085  4.342  3.5197 -0.167    7  0.906  0.376   365.83   174.77   110.72    84.13    69.60  2 -3.32e-06      0.08 6.170e-01 3.698e-01 1.289e-03 2.898e-03 4.561e-03 -1.000 1.322e-02 -6.085 0.884 -0.677 -2.271 -4.031 -5.900 -7.878 -8.809 -9.166
0.013 -0.05655 8.00000 5.2902035713 2.6154719044    5.082  4.366  3.5165 -0.204    7  0.906  0.376   386.99   186.82   118.00    89.75    74.26  2 -4.25e-06      0.11 6.170e-01 3.698e-01 1.289e-03 2.898e-03 4.561e-03 -1.000 1.322e-02 -6.145 1.054 -0.439 -2.023 -3.892 -5.823 -7.927 -8.872 -9.249
0.013 -0.05655 8.00000 5.2902255058 2.6154720039    5.081  4.366  3.5165 -0.204    8  0.906  0.398   386.99   186.82   118.00    89.76    74.26  2 -4.28e-06      0.11 6.170e-01 3.699e-01 1.368e-03 2.899e-03 4.573e-03 -1.000 1.317e-02 -6.145 1.050 -0.441 -2.025 -3.893 -5.824 -7.928 -8.872 -9.249
0.013 -0.05655 8.00000 5.2902264595 2.6154720082    5.081  4.500  3.4990 -0.408    8  0.906  0.399   521.38   270.23   167.88   128.39   106.32  0 -1.73e-05      0.45 6.170e-01 3.699e-01 1.368e-03 2.899e-03 4.573e-03 -1.000 1.317e-02 -6.481 2.879 1.425 -0.289 -2.889 -5.159 -8.082 -9.153 -9.700
0.013 -0.05655 8.00000 5.2902259827 2.6154720061    5.081  4.539  3.4939 -0.468    8  0.906  0.399   568.68   300.92   186.04   142.50   118.04  0 -2.59e-05      0.72 6.170e-01 3.699e-01 1.368e-03 2.899e-03 4.573e-03 -1.000 1.317e-02 -6.578 4.275 2.470 0.548 -2.363 -4.742 -7.999 -9.162 -9.815
0.013 -0.05655 8.00000 5.2902264595 2.6154720082    5.081  4.491  3.5002 -0.394    8  0.906  0.399   510.64   263.36   163.80   125.22   103.69  0 -1.57e-05      0.41 6.170e-01 3.699e-01 1.368e-03 2.899e-03 4.573e-03 -1.000 1.317e-02 -6.457 2.700 1.270 -0.419 -2.967 -5.218 -8.079 -9.138 -9.670
0.013 -0.05655 8.00000 5.2902283669 2.6154720169    5.080  4.419  3.5096 -0.285    8  0.906  0.399   435.15   216.03   135.56   103.33    85.53  0 -7.41e-06      0.23 6.170e-01 3.699e-01 1.368e-03 2.899e-03 4.573e-03 -1.000 1.317e-02 -6.277 1.719 0.273 -1.341 -3.501 -5.583 -7.998 -8.989 -9.433
0.013 -0.05655 8.00000 5.2902312279 2.6154720299    5.080  4.298  3.5254 -0.101    8  0.906  0.399   317.24   154.92    98.68    74.85    61.90  2 -2.11e-06      0.04 6.170e-01 3.699e-01 1.368e-03 2.900e-03 4.573e-03 -1.000 1.317e-02 -5.975 0.668 -0.998 -2.599 -4.205 -5.961 -7.774 -8.686 -9.014
0.013 -0.05655 8.00000 5.2902355194 2.6154720493    5.079  4.335  3.5206 -0.157    8  0.906  0.399   357.45   171.40   108.68    82.56    68.30  2 -3.09e-06      0.07 6.170e-01 3.699e-01 1.368e-03 2.900e-03 4.573e-03 -1.000 1.317e-02 -6.067 0.839 -0.736 -2.330 -4.062 -5.914 -7.861 -8.789 -9.141
0.013 -0.05655 8.00000 5.2902417183 2.6154720775    5.077  4.361  3.5171 -0.197    8  0.906  0.399   382.74   184.29   116.47    88.58    73.28  2 -4.06e-06      0.10 6.170e-01 3.699e-01 1.368e-03 2.900e-03 4.572e-03 -1.000 1.317e-02 -6.132 0.997 -0.502 -2.085 -3.928 -5.845 -7.919 -8.860 -9.231
0.013 -0.05655 8.00000 5.2902498245 2.6154721143    5.075  4.377  3.5150 -0.222    8  0.906  0.399   396.81   192.72   121.55    92.50    76.54  2 -4.81e-06      0.13 6.170e-01 3.699e-01 1.368e-03 2.901e-03 4.572e-03 -1.000 1.317e-02 -6.172 1.174 -0.300 -1.887 -3.814 -5.777 -7.944 -8.898 -9.288
0.013 -0.05655 8.00000 5.2902603149 2.6154721619    5.072  4.388  3.5134 -0.239    8  0.906  0.399   407.02   198.88   125.26    95.37    78.92  2 -5.41e-06      0.15 6.170e-01 3.699e-01 1.367e-03 2.901e-03 4.572e-03 -1.000 1.317e-02 -6.200 1.297 -0.157 -1.746 -3.733 -5.728 -7.962 -8.924 -9.327
0.013 -0.05655 8.00000 5.2902736664 2.6154722224    5.068  4.398  3.5120 -0.255    8  0.906  0.399   416.66   204.73   128.78    98.09    81.18  0 -6.02e-06      0.17 6.170e-01 3.699e-01 1.367e-03 2.902e-03 4.572e-03 -1.000 1.317e-02 -6.225 1.409 -0.025 -1.614 -3.658 -5.684 -7.978 -8.948 -9.363
0.013 -0.05655 8.00000 5.2902898788 2.6154722960    5.064  4.409  3.5104 -0.273    8  0.906  0.399   427.68   211.47   132.82   101.22    83.78  0 -6.79e-06      0.20 6.170e-01 3.699e-01 1.367e-03 2.903e-03 4.571e-03 -1.000 1.317e-02 -6.253 1.548 0.133 -1.460 -3.569 -5.630 -7.994 -8.974 -9.403
0.013 -0.05655 8.00000 5.2902898788 2.6154722960    5.064  4.603  3.4851 -0.569    8  0.906  0.399   658.08   360.67   221.15   169.87   140.77  0 -5.09e-05      1.49 6.170e-01 3.699e-01 1.367e-03 2.903e-03 4.571e-03 -1.000 1.317e-02 -6.738 8.178 5.107 2.546 -1.044 -3.670 -7.628 -9.041 -9.956
0.013 -0.05655 8.00000 5.2902903557 2.6154722982    5.063  4.583  3.4877 -0.537    8  0.906  0.399   628.76   340.87   209.54   160.82   133.25  0 -4.11e-05      1.20 6.170e-01 3.699e-01 1.367e-03 2.903e-03 4.571e-03 -1.000 1.317e-02 -6.687 6.693 4.142 1.836 -1.518 -4.059 -7.781 -9.101 -9.921
0.013 -0.05655 8.00000 5.2902913094 2.6154723025    5.063  4.534  3.4941 -0.464    8  0.906  0.399   564.61   298.33   184.49   141.32   117.06  0 -2.49e-05      0.70 6.170e-01 3.699e-01 1.366e-03 2.904e-03 4.571e-03 -1.000 1.317e-02 -6.566 4.144 2.385 0.485 -2.401 -4.771 -8.005 -9.160 -9.802
0.013 -0.05655 8.00000 5.2902932167 2.6154723112    5.062  4.462  3.5035 -0.354    8  0.906  0.398   481.06   244.64   152.65   116.59    96.52  0 -1.18e-05      0.32 6.170e-01 3.699e-01 1.366e-03 2.905e-03 4.571e-03 -1.000 1.317e-02 -6.385 2.188 0.813 -0.817 -3.200 -5.382 -8.066 -9.090 -9.578
0.013 -0.05655 8.00000 5.2902960777 2.6154723241    5.061  4.341  3.5193 -0.170    8  0.907  0.398   366.99   175.34   111.06    84.40    69.82  2 -3.35e-06      0.08 6.170e-01 3.699e-01 1.365e-03 2.906e-03 4.571e-03 -1.000 1.317e-02 -6.083 0.894 -0.651 -2.240 -4.010 -5.886 -7.876 -8.808 -9.166
0.013 -0.05655 8.00000 5.2903008461 2.6154723458    5.060  4.377  3.5146 -0.224    8  0.907  0.398   398.07   193.49   122.01    92.87    76.84  2 -4.85e-06      0.13 6.170e-01 3.699e-01 1.364e-03 2.907e-03 4.571e-03 -1.000 1.317e-02 -6.172 1.192 -0.270 -1.853 -3.793 -5.762 -7.944 -8.898 -9.290
0.013 -0.05655 8.00000 5.2903070450 2.6154723739    5.057  4.402  3.5112 -0.263    8  0.907  0.397   421.16   207.50   130.43    99.38    82.24  0 -6.31e-06      0.18 6.170e-01 3.699e-01 1.362e-03 2.910e-03 4.570e-03 -1.000 1.317e-02 -6.234 1.462 0.044 -1.543 -3.616 -5.657 -7.984 -8.957 -9.377
0.013 -0.05655 8.00000 5.2903161049 2.6154724150    5.054  4.416  3.5092 -0.286    8  0.907  0.397   435.40   216.23   135.67   103.44    85.61  0 -7.36e-06      0.23 6.170e-01 3.699e-01 1.360e-03 2.913e-03 4.570e-03 -1.000 1.317e-02 -6.271 1.722 0.294 -1.314 -3.480 -5.567 -7.993 -8.985 -9.428
0.013 -0.05655 8.00000 5.2903275490 2.6154724669    5.050  4.426  3.5079 -0.301    8  0.907  0.396   445.06   222.20   139.24   106.20    87.90  0 -8.14e-06      0.19 6.170e-01 3.699e-01 1.357e-03 2.918e-03 4.569e-03 -1.000 1.318e-02 -6.294 1.547 0.231 -1.331 -3.502 -5.594 -8.045 -9.026 -9.458
0.013 -0.05655 8.00000 5.2903418541 2.6154725319    5.044  4.434  3.5067 -0.314    8  0.907  0.395   453.64   227.53   142.42   108.67    89.95  0 -8.88e-06      0.22 6.170e-01 3.699e-01 1.354e-03 2.923e-03 4.569e-03 -1.000 1.318e-02 -6.314 1.702 0.378 -1.197 -3.422 -5.537 -8.049 -9.040 -9.486
0.013 -0.05655 8.00000 5.2903594971 2.6154726119    5.038  4.442  3.5053 -0.329    8  0.907  0.394   463.22   233.51   145.99   111.45    92.25  0 -9.76e-06      0.25 6.170e-01 3.699e-01 1.350e-03 2.930e-03 4.568e-03 -1.000 1.318e-02 -6.336 1.874 0.543 -1.048 -3.333 -5.474 -8.053 -9.056 -9.516
0.013 -0.05655 8.00000 5.2903594971 2.6154726119    5.038  4.636  3.4797 -0.625    8  0.907  0.394   713.58   398.92   243.47   187.33   155.27  0 -7.31e-05      2.21 6.170e-01 3.699e-01 1.349e-03 2.930e-03 4.568e-03 -1.000 1.318e-02 -6.820 11.816 7.425 4.244 0.118 -2.705 -7.202 -8.835 -9.964
0.013 -0.05655 8.00000 5.2903599739 2.6154726141    5.037  4.616  3.4824 -0.594    8  0.907  0.394   681.87   377.07   230.72   177.37   147.00  0 -5.91e-05      1.71 6.170e-01 3.699e-01 1.349e-03 2.930e-03 4.568e-03 -1.000 1.318e-02 -6.769 9.303 5.854 3.096 -0.670 -3.362 -7.509 -8.991 -9.978
0.013 -0.05655 8.00000 5.2903609276 2.6154726184    5.037  4.567  3.4888 -0.520    8  0.907  0.394   612.33   330.01   203.14   155.86   129.13  0 -3.58e-05      1.02 6.170e-01 3.699e-01 1.348e-03 2.931e-03 4.568e-03 -1.000 1.318e-02 -6.648 5.799 3.575 1.421 -1.789 -4.279 -7.869 -9.133 -9.894
0.013 -0.05655 8.00000 5.2903628349 2.6154726271    5.036  4.495  3.4982 -0.410    8  0.907  0.393   521.65   270.56   168.04   128.56   106.45  0  -1.7e-05      0.45 6.170e-01 3.699e-01 1.347e-03 2.933e-03 4.568e-03 -1.000 1.318e-02 -6.468 2.888 1.462 -0.244 -2.855 -5.128 -8.073 -9.145 -9.691
0.013 -0.05655 8.00000 5.2903661728 2.6154726422    5.034  4.375  3.5142 -0.226    8  0.907  0.392   398.59   193.84   122.21    93.04    76.98  2 -4.84e-06      0.13 6.170e-01 3.699e-01 1.344e-03 2.937e-03 4.567e-03 -1.000 1.318e-02 -6.166 1.205 -0.242 -1.820 -3.769 -5.745 -7.940 -8.894 -9.287
0.013 -0.05655 8.00000 5.2903709412 2.6154726638    5.032  4.410  3.5095 -0.280    8  0.907  0.391   431.48   213.86   134.23   102.34    84.70  0    -7e-06      0.21 6.170e-01 3.699e-01 1.340e-03 2.942e-03 4.567e-03 -1.000 1.318e-02 -6.255 1.636 0.232 -1.361 -3.506 -5.583 -7.989 -8.974 -9.410
0.013 -0.05655 8.00000 5.2903776169 2.6154726941    5.028  4.435  3.5061 -0.319    8  0.908  0.390   456.60   229.41   143.54   109.55    90.68  0  -9.1e-06      0.23 6.170e-01 3.699e-01 1.335e-03 2.949e-03 4.567e-03 -1.000 1.318e-02 -6.317 1.760 0.441 -1.137 -3.384 -5.509 -8.047 -9.042 -9.493
0.013 -0.05655 8.00000 5.2903871536 2.6154727374    5.023  4.450  3.5040 -0.342    8  0.908  0.388   472.20   239.17   149.36   114.07    94.43  0 -1.06e-05      0.29 6.169e-01 3.699e-01 1.327e-03 2.959e-03 4.566e-03 -1.000 1.318e-02 -6.354 2.041 0.702 -0.903 -3.245 -5.410 -8.054 -9.068 -9.542
0.013 -0.05655 8.00000 5.2903990746 2.6154727915    5.017  4.459  3.5026 -0.358    8  0.908  0.385   482.91   245.93   153.39   117.20    97.02  0 -1.18e-05      0.32 6.169e-01 3.699e-01 1.318e-03 2.972e-03 4.566e-03 -1.000 1.319e-02 -6.377 2.233 0.882 -0.742 -3.148 -5.341 -8.057 -9.084 -9.575
0.013 -0.05655 8.00000 5.2904138565 2.6154728586    5.009  4.467  3.5014 -0.372    8  0.908  0.381   492.54   252.05   157.02   120.03    99.37  0 -1.29e-05      0.35 6.169e-01 3.699e-01 1.305e-03 2.988e-03 4.565e-03 -1.000 1.319e-02 -6.398 2.406 1.045 -0.597 -3.061 -5.278 -8.059 -9.097 -9.603
0.013 -0.05655 8.00000 5.2904324532 2.6154729429    4.999  4.476  3.5000 -0.387    8  0.908  0.377   503.32   258.94   161.11   123.21   102.01  0 -1.42e-05      0.39 6.169e-01 3.699e-01 1.291e-03 3.007e-03 4.564e-03 -1.000 1.319e-02 -6.420 2.599 1.225 -0.435 -2.964 -5.208 -8.060 -9.111 -9.633
0.013 -0.05655 8.00000 5.2904324532 2.6154729429    4.999  4.669  3.4741 -0.684    8  0.908  0.377   776.21   443.15   269.14   207.46   171.99  0 -0.000107      3.16 6.169e-01 3.699e-01 1.290e-03 3.008e-03 4.564e-03 -1.000 1.319e-02 -6.904 16.582 10.387 6.382 1.596 -1.479 -6.611 -8.526 -9.921
0.013 -0.05655 8.00000 5.2904329300 2.6154729451    4.998  4.649  3.4768 -0.653    8  0.908  0.377   741.79   418.91   255.06   196.45   162.84  0 -8.63e-05      2.65 6.169e-01 3.699e-01 1.289e-03 3.009e-03 4.564e-03 -1.000 1.319e-02 -6.853 14.035 8.812 5.249 0.815 -2.126 -6.923 -8.687 -9.939
0.013 -0.05655 8.00000 5.2904338837 2.6154729494    4.998  4.601  3.4832 -0.579    8  0.908  0.376   666.08   366.55   224.53   172.59   143.02  0 -5.23e-05      1.56 6.169e-01 3.699e-01 1.288e-03 3.011e-03 4.564e-03 -1.000 1.319e-02 -6.732 8.556 5.384 2.756 -0.891 -3.540 -7.579 -9.014 -9.952
0.013 -0.05655 8.00000 5.2904357910 2.6154729581    4.996  4.529  3.4928 -0.469    8  0.908  0.375   567.23   300.34   185.62   142.27   117.83  0 -2.48e-05      0.71 6.169e-01 3.699e-01 1.285e-03 3.015e-03 4.564e-03 -1.000 1.319e-02 -6.553 4.232 2.490 0.588 -2.325 -4.706 -7.986 -9.147 -9.795
0.013 -0.05655 8.00000 5.2904396057 2.6154729754    4.994  4.408  3.5089 -0.284    8  0.908  0.374   433.16   214.96   134.87   102.86    85.13  0 -7.07e-06      0.22 6.169e-01 3.699e-01 1.279e-03 3.022e-03 4.564e-03 -1.000 1.320e-02 -6.251 1.693 0.295 -1.299 -3.464 -5.550 -7.981 -8.969 -9.409
0.013 -0.05655 8.00000 5.2904448509 2.6154729992    4.990  4.443  3.5042 -0.338    8  0.908  0.371   468.37   236.85   147.95   113.01    93.54  0 -1.02e-05      0.27 6.169e-01 3.699e-01 1.271e-03 3.032e-03 4.563e-03 -1.000 1.320e-02 -6.337 1.989 0.666 -0.929 -3.256 -5.415 -8.045 -9.055 -9.524
0.013 -0.05655 8.00000 5.2904520035 2.6154730316    4.984  4.467  3.5008 -0.376    8  0.908  0.368   495.18   253.80   158.05   120.84   100.04  0 -1.31e-05      0.36 6.169e-01 3.699e-01 1.259e-03 3.046e-03 4.563e-03 -1.000 1.320e-02 -6.398 2.466 1.108 -0.536 -3.022 -5.248 -8.054 -9.096 -9.606
0.013 -0.05655 8.00000 5.2904620171 2.6154730771    4.977  4.481  3.4988 -0.399    8  0.909  0.363   511.44   264.20   164.22   125.64   104.03  0 -1.52e-05      0.42 6.169e-01 3.699e-01 1.243e-03 3.065e-03 4.563e-03 -1.000 1.320e-02 -6.433 2.750 1.363 -0.317 -2.890 -5.150 -8.058 -9.118 -9.652
0.013 -0.05655 8.00000 5.2904753685 2.6154731377    4.968  4.490  3.4975 -0.413    8  0.909  0.357   522.20   271.15   168.33   128.85   106.69  0 -1.68e-05      0.45 6.169e-01 3.699e-01 1.223e-03 3.090e-03 4.562e-03 -1.000 1.321e-02 -6.454 2.932 1.523 -0.182 -2.808 -5.086 -8.058 -9.131 -9.681
0.013 -0.05655 8.00000 5.2904915810 2.6154732112    4.956  4.496  3.4963 -0.426    8  0.909  0.350   531.52   277.21   171.92   131.65   109.01  0 -1.82e-05      0.49 6.169e-01 3.699e-01 1.197e-03 3.122e-03 4.562e-03 -1.000 1.321e-02 -6.471 3.130 1.687 -0.046 -2.723 -5.019 -8.052 -9.139 -9.703
0.013 -0.05655 8.00000 5.2905116081 2.6154733021    4.942  4.504  3.4951 -0.440    8  0.909  0.341   541.77   283.92   175.88   134.74   111.57  0 -1.98e-05      0.56 6.169e-01 3.699e-01 1.166e-03 3.161e-03 4.561e-03 -1.000 1.322e-02 -6.489 3.480 1.950 0.167 -2.587 -4.910 -8.025 -9.135 -9.725
0.013 -0.05655 8.00000 5.2905116081 2.6154733021    4.941  4.697  3.4689 -0.738    8  0.909  0.341   836.05   486.58   294.20   227.19   188.37  0 -0.000148      4.61 6.169e-01 3.699e-01 1.165e-03 3.161e-03 4.561e-03 -1.000 1.322e-02 -6.973 23.682 14.713 9.347 3.742 0.341 -5.653 -7.975 -9.717
0.013 -0.05655 8.00000 5.2905120850 2.6154733042    4.941  4.677  3.4716 -0.707    8  0.909  0.340   799.11   460.03   278.85   215.16   178.37  0  -0.00012      3.74 6.169e-01 3.699e-01 1.164e-03 3.162e-03 4.561e-03 -1.000 1.322e-02 -6.922 19.455 12.150 7.596 2.478 -0.730 -6.217 -8.297 -9.832
0.013 -0.05655 8.00000 5.2905130386 2.6154733086    4.940  4.629  3.4781 -0.633    8  0.909  0.340   717.56   402.48   245.44   189.00   156.64  0  -7.3e-05      2.30 6.169e-01 3.699e-01 1.162e-03 3.165e-03 4.561e-03 -1.000 1.322e-02 -6.802 12.287 7.745 4.481 0.295 -2.555 -7.126 -8.785 -9.939
0.013 -0.05655 8.00000 5.2905154228 2.6154733194    4.938  4.557  3.4878 -0.522    8  0.909  0.338   610.91   329.60   202.81   155.72   128.99  0 -3.46e-05      1.02 6.169e-01 3.699e-01 1.157e-03 3.171e-03 4.561e-03 -1.000 1.322e-02 -6.622 5.834 3.629 1.469 -1.744 -4.235 -7.846 -9.110 -9.873
0.013 -0.05655 8.00000 5.2905192375 2.6154733367    4.935  4.436  3.5040 -0.337    8  0.909  0.336   466.33   235.70   147.23   112.49    93.11  0 -9.86e-06      0.27 6.169e-01 3.699e-01 1.149e-03 3.181e-03 4.561e-03 -1.000 1.322e-02 -6.321 1.986 0.677 -0.913 -3.239 -5.399 -8.031 -9.040 -9.509
0.013 -0.05655 8.00000 5.2905244827 2.6154733605    4.929  4.470  3.4994 -0.390    8  0.909  0.332   503.45   259.24   161.24   123.37   102.14  0 -1.41e-05      0.39 6.169e-01 3.699e-01 1.136e-03 3.196e-03 4.561e-03 -1.000 1.323e-02 -6.405 2.644 1.282 -0.378 -2.921 -5.170 -8.044 -9.097 -9.621
0.013 -0.05655 8.00000 5.2905325890 2.6154733973    4.922  4.494  3.4960 -0.427    8  0.910  0.327   531.56   277.36   171.98   131.73   109.07  0 -1.81e-05      0.49 6.169e-01 3.699e-01 1.119e-03 3.217e-03 4.560e-03 -1.000 1.323e-02 -6.464 3.165 1.723 -0.012 -2.698 -4.997 -8.042 -9.130 -9.697
0.013 -0.05655 8.00000 5.2905430794 2.6154734449    4.912  4.506  3.4941 -0.449    8  0.910  0.320   548.09   288.16   178.36   136.70   113.20  0 -2.08e-05      0.60 6.169e-01 3.699e-01 1.095e-03 3.245e-03 4.560e-03 -1.000 1.323e-02 -6.496 3.711 2.130 0.315 -2.489 -4.831 -8.003 -9.128 -9.735
0.013 -0.05655 8.00000 5.2905564308 2.6154735054    4.900  4.514  3.4929 -0.462    8  0.910  0.311   558.48   295.01   182.40   139.86   115.82  0 -2.26e-05      0.67 6.169e-01 3.699e-01 1.065e-03 3.281e-03 4.559e-03 -1.000 1.324e-02 -6.514 4.053 2.386 0.522 -2.356 -4.724 -7.977 -9.125 -9.758
0.013 -0.05655 8.00000 5.2905740738 2.6154735855    4.884  4.519  3.4918 -0.473    8  0.910  0.300   567.02   300.70   185.75   142.48   117.99  0 -2.42e-05      0.72 6.168e-01 3.699e-01 1.027e-03 3.327e-03 4.559e-03 -1.000 1.325e-02 -6.528 4.336 2.600 0.694 -2.243 -4.634 -7.954 -9.121 -9.775
0.013 -0.05655 8.00000 5.2905950546 2.6154736807    4.864  4.525  3.4907 -0.485    8  0.910  0.287   576.18   306.85   189.35   145.31   120.34  0  -2.6e-05      0.78 6.168e-01 3.699e-01 9.794e-04 3.384e-03 4.558e-03 -1.000 1.325e-02 -6.542 4.640 2.828 0.879 -2.123 -4.537 -7.929 -9.116 -9.793
0.013 -0.05655 8.00000 5.2905950546 2.6154736807    4.864  4.718  3.4643 -0.784    8  0.910  0.286   858.39    -1.00    -1.00    -1.00    -1.00  0 -0.000195      5.98 6.168e-01 3.699e-01 9.787e-04 3.385e-03 4.558e-03 -1.000 1.325e-02 -7.025 30.302 18.710 12.026 5.708 2.013 -4.749 -7.447 -9.504
0.013 -0.05655 8.00000 5.2905955315 2.6154736829    4.863  4.698  3.4670 -0.753    8  0.910  0.286   850.37   497.93   300.64   232.38   192.66  0 -0.000158      5.01 6.168e-01 3.699e-01 9.777e-04 3.386e-03 4.558e-03 -1.000 1.325e-02 -6.974 25.632 15.907 10.163 4.341 0.849 -5.377 -7.809 -9.645
0.013 -0.05655 8.00000 5.2905964851 2.6154736872    4.862  4.650  3.4736 -0.679    8  0.910  0.285   763.65   435.60   264.59   204.11   169.17  0  -9.6e-05      3.03 6.168e-01 3.699e-01 9.749e-04 3.389e-03 4.558e-03 -1.000 1.326e-02 -6.854 16.020 10.072 6.162 1.462 -1.584 -6.653 -8.532 -9.893
0.013 -0.05655 8.00000 5.2905988693 2.6154736980    4.859  4.578  3.4833 -0.568    8  0.910  0.284   650.03   356.53   218.52   168.08   139.24  0 -4.55e-05      1.44 6.168e-01 3.699e-01 9.692e-04 3.396e-03 4.558e-03 -1.000 1.326e-02 -6.675 7.995 5.054 2.525 -1.028 -3.644 -7.607 -9.005 -9.905
0.013 -0.05655 8.00000 5.2906031609 2.6154737175    4.855  4.457  3.4997 -0.382    8  0.911  0.281   496.02   254.72   158.50   121.31   100.41  0  -1.3e-05      0.37 6.168e-01 3.699e-01 9.597e-04 3.407e-03 4.557e-03 -1.000 1.326e-02 -6.373 2.566 1.228 -0.415 -2.934 -5.175 -8.024 -9.071 -9.587
0.013 -0.05655 8.00000 5.2906088829 2.6154737434    4.848  4.490  3.4951 -0.434    8  0.911  0.277   534.50   279.55   173.22   132.77   109.92  0 -1.83e-05      0.52 6.168e-01 3.699e-01 9.454e-04 3.425e-03 4.557e-03 -1.000 1.326e-02 -6.455 3.341 1.871 0.116 -2.609 -4.922 -8.013 -9.113 -9.691
0.013 -0.05655 8.00000 5.2906174660 2.6154737824    4.839  4.513  3.4919 -0.470    8  0.911  0.271   563.38   298.50   184.41   141.49   117.16  0 -2.34e-05      0.71 6.168e-01 3.699e-01 9.250e-04 3.449e-03 4.557e-03 -1.000 1.326e-02 -6.511 4.273 2.563 0.670 -2.254 -4.640 -7.949 -9.110 -9.759
0.013 -0.05655 8.00000 5.2906284332 2.6154738321    4.826  4.524  3.4901 -0.490    8  0.911  0.263   579.61   309.31   190.77   146.46   121.28  0 -2.67e-05      0.81 6.168e-01 3.699e-01 8.975e-04 3.482e-03 4.556e-03 -1.000 1.327e-02 -6.541 4.787 2.944 0.976 -2.056 -4.482 -7.910 -9.107 -9.794
0.013 -0.05655 8.00000 5.2906432152 2.6154738992    4.810  4.530  3.4890 -0.502    8  0.911  0.252   588.94   315.59   194.45   149.35   123.68  0 -2.87e-05      0.87 6.168e-01 3.699e-01 8.618e-04 3.525e-03 4.555e-03 -1.000 1.328e-02 -6.556 5.094 3.160 1.135 -1.951 -4.397 -7.886 -9.102 -9.811
0.013 -0.05655 8.00000 5.2906618118 2.6154739836    4.790  4.534  3.4882 -0.511    8  0.911  0.239   595.79   320.28   197.19   151.51   125.47  0 -3.03e-05      0.91 6.168e-01 3.699e-01 8.165e-04 3.578e-03 4.554e-03 -1.000 1.328e-02 -6.565 5.331 3.326 1.256 -1.870 -4.330 -7.865 -9.096 -9.823
0.013 -0.05655 8.00000 5.2906842232 2.6154740852    4.765  4.538  3.4875 -0.520    8  0.912  0.223   602.59   324.98   199.93   153.68   127.26  0  -3.2e-05      0.99 6.168e-01 3.700e-01 7.603e-04 3.645e-03 4.553e-03 -1.000 1.329e-02 -6.574 5.751 3.601 1.461 -1.731 -4.216 -7.817 -9.074 -9.828
0.013 -0.05655 8.00000 5.2906842232 2.6154740852    4.764  4.731  3.4608 -0.820    8  0.912  0.223   849.55    -1.00    -1.00    -1.00    -1.00  0 -0.000239      7.47 6.167e-01 3.700e-01 7.631e-04 3.645e-03 4.553e-03 -1.000 1.330e-02 -7.056 37.317 22.868 14.670 7.720 3.757 -3.772 -6.859 -9.224
0.013 -0.05655 8.00000 5.2906847000 2.6154740874    4.764  4.711  3.4635 -0.789    8  0.912  0.223   849.50    -1.00    -1.00    -1.00    -1.00  0 -0.000194      6.18 6.167e-01 3.700e-01 7.621e-04 3.647e-03 4.553e-03 -1.000 1.330e-02 -7.007 31.282 19.305 12.410 6.007 2.275 -4.595 -7.346 -9.445
0.013 -0.05655 8.00000 5.2906861305 2.6154740939    4.762  4.663  3.4701 -0.715    8  0.912  0.222   799.54   462.33   279.95   216.31   179.28  0 -0.000118      3.94 6.167e-01 3.700e-01 7.593e-04 3.650e-03 4.553e-03 -1.000 1.330e-02 -6.887 20.470 12.798 8.051 2.824 -0.430 -6.045 -8.180 -9.763
0.013 -0.05655 8.00000 5.2906885147 2.6154741047    4.759  4.591  3.4800 -0.603    8  0.912  0.221   680.37   378.11   231.03   177.99   147.45  0  -5.6e-05      1.81 6.167e-01 3.700e-01 7.538e-04 3.656e-03 4.553e-03 -1.000 1.330e-02 -6.707 9.894 6.291 3.437 -0.404 -3.126 -7.382 -8.896 -9.912
0.013 -0.05655 8.00000 5.2906923294 2.6154741220    4.754  4.470  3.4966 -0.417    8  0.912  0.218   518.94   269.79   167.37   128.31   106.20  0  -1.6e-05      0.46 6.167e-01 3.700e-01 7.445e-04 3.668e-03 4.552e-03 -1.000 1.330e-02 -6.406 3.032 1.635 -0.072 -2.718 -5.003 -8.007 -9.084 -9.637
0.013 -0.05655 8.00000 5.2906985283 2.6154741501    4.746  4.502  3.4921 -0.468    8  0.912  0.214   558.28   295.56   182.59   140.18   116.05  0 -2.24e-05      0.70 6.167e-01 3.700e-01 7.304e-04 3.684e-03 4.552e-03 -1.000 1.330e-02 -6.486 4.241 2.543 0.658 -2.253 -4.635 -7.930 -9.088 -9.732
0.013 -0.05655 8.00000 5.2907071114 2.6154741891    4.735  4.524  3.4889 -0.503    8  0.912  0.208   587.72   315.18   194.14   149.20   123.54  0 -2.85e-05      0.88 6.167e-01 3.700e-01 7.104e-04 3.708e-03 4.551e-03 -1.000 1.330e-02 -6.541 5.163 3.213 1.178 -1.916 -4.366 -7.864 -9.083 -9.797
0.013 -0.05655 8.00000 5.2907185555 2.6154742410    4.720  4.535  3.4871 -0.523    8  0.912  0.200   603.79   326.05   200.51   154.19   127.68  0 -3.22e-05      1.02 6.167e-01 3.700e-01 6.836e-04 3.740e-03 4.550e-03 -1.000 1.331e-02 -6.568 5.904 3.707 1.542 -1.673 -4.166 -7.792 -9.058 -9.821
0.013 -0.05655 8.00000 5.2907338142 2.6154743102    4.701  4.540  3.4861 -0.533    8  0.912  0.190   612.57   332.09   204.04   156.97   129.98  0 -3.44e-05      1.12 6.167e-01 3.700e-01 6.488e-04 3.781e-03 4.549e-03 -1.000 1.331e-02 -6.580 6.411 4.040 1.790 -1.506 -4.028 -7.736 -9.033 -9.829
0.013 -0.05655 8.00000 5.2907524109 2.6154743946    4.676  4.543  3.4854 -0.541    8  0.913  0.177   618.78   336.45   206.58   158.98   131.64  0  -3.6e-05      1.19 6.167e-01 3.700e-01 6.049e-04 3.833e-03 4.548e-03 -1.000 1.332e-02 -6.587 6.785 4.288 1.974 -1.380 -3.923 -7.692 -9.012 -9.832
0.013 -0.05655 8.00000 5.2907757759 2.6154745006    4.647  4.545  3.4845 -0.550    8  0.913  0.162   625.03   340.88   209.15   161.02   133.34  0 -3.76e-05      1.26 6.167e-01 3.700e-01 5.507e-04 3.896e-03 4.546e-03 -1.000 1.333e-02 -6.592 7.166 4.542 2.163 -1.250 -3.816 -7.647 -8.990 -9.834
0.013 -0.05655 8.00000 5.2907757759 2.6154745006    4.646  4.738  3.4577 -0.850    8  0.913  0.163   838.86    -1.00    -1.00    -1.00    -1.00  0 -0.000281      8.93 6.166e-01 3.700e-01 5.547e-04 3.898e-03 4.546e-03 -1.000 1.333e-02 -7.074 43.273 26.559 17.041 9.560 5.374 -2.845 -6.297 -8.938
0.013 -0.05655 8.00000 5.2907762527 2.6154745028    4.645  4.718  3.4605 -0.819    8  0.913  0.162   838.80    -1.00    -1.00    -1.00    -1.00  0 -0.000229      7.41 6.166e-01 3.700e-01 5.539e-04 3.899e-03 4.546e-03 -1.000 1.333e-02 -7.025 37.102 22.757 14.609 7.683 3.728 -3.777 -6.851 -9.205
0.013 -0.05655 8.00000 5.2907776833 2.6154745092    4.643  4.670  3.4671 -0.745    8  0.913  0.162   829.29   485.42   293.12   226.86   188.01  0 -0.000139      4.77 6.166e-01 3.700e-01 5.516e-04 3.902e-03 4.546e-03 -1.000 1.334e-02 -6.905 24.549 15.283 9.752 4.062 0.622 -5.477 -7.844 -9.624
0.013 -0.05655 8.00000 5.2907800674 2.6154745201    4.640  4.598  3.4770 -0.634    8  0.913  0.160   706.07   397.05   241.93   186.70   154.65  0 -6.61e-05      2.30 6.166e-01 3.700e-01 5.471e-04 3.907e-03 4.546e-03 -1.000 1.334e-02 -6.726 12.391 7.857 4.581 0.392 -2.460 -7.051 -8.711 -9.866
0.013 -0.05655 8.00000 5.2907843590 2.6154745395    4.633  4.478  3.4936 -0.448    8  0.913  0.158   539.07   283.40   175.32   134.63   111.43  0 -1.89e-05      0.59 6.166e-01 3.700e-01 5.396e-04 3.916e-03 4.545e-03 -1.000 1.334e-02 -6.425 3.740 2.191 0.388 -2.416 -4.757 -7.940 -9.063 -9.667
0.013 -0.05655 8.00000 5.2907905579 2.6154745676    4.624  4.509  3.4891 -0.497    8  0.913  0.155   578.91   309.86   190.91   146.81   121.53  0 -2.63e-05      0.84 6.166e-01 3.700e-01 5.281e-04 3.930e-03 4.544e-03 -1.000 1.334e-02 -6.502 5.010 3.122 1.121 -1.943 -4.380 -7.851 -9.059 -9.759
0.013 -0.05655 8.00000 5.2907996178 2.6154746088    4.611  4.530  3.4859 -0.533    8  0.913  0.150   608.68   329.99   202.73   156.05   129.20  0 -3.32e-05      1.10 6.166e-01 3.701e-01 5.118e-04 3.950e-03 4.544e-03 -1.000 1.334e-02 -6.556 6.349 4.015 1.778 -1.505 -4.022 -7.724 -9.016 -9.806
0.013 -0.05655 8.00000 5.2908120155 2.6154746650    4.594  4.540  3.4842 -0.551    8  0.914  0.144   624.45   340.83   209.06   161.03   133.33  0 -3.73e-05      1.27 6.166e-01 3.701e-01 4.899e-04 3.976e-03 4.542e-03 -1.000 1.334e-02 -6.581 7.212 4.582 2.196 -1.223 -3.790 -7.632 -8.978 -9.823
0.013 -0.05655 8.00000 5.2908277512 2.6154747364    4.572  4.544  3.4833 -0.561    8  0.914  0.135   632.50   346.50   212.36   163.64   135.49  0 -3.95e-05      1.36 6.166e-01 3.701e-01 4.614e-04 4.010e-03 4.541e-03 -1.000 1.335e-02 -6.590 7.667 4.882 2.419 -1.071 -3.665 -7.581 -8.954 -9.828
0.013 -0.05655 8.00000 5.2908477783 2.6154748272    4.544  4.545  3.4826 -0.568    8  0.914  0.125   637.66   350.24   214.52   165.36   136.91  0 -4.09e-05      1.42 6.166e-01 3.701e-01 4.253e-04 4.053e-03 4.539e-03 -1.000 1.335e-02 -6.594 7.978 5.089 2.573 -0.965 -3.577 -7.543 -8.936 -9.829
0.013 -0.05655 8.00000 5.2908720970 2.6154749376    4.509  4.546  3.4819 -0.574    8  0.914  0.112   642.46   353.80   216.56   167.01   138.27  0 -4.23e-05      1.47 6.166e-01 3.701e-01 3.807e-04 4.106e-03 4.536e-03 -1.000 1.336e-02 -6.595 8.278 5.292 2.724 -0.860 -3.489 -7.505 -8.916 -9.828
0.013 -0.05655 8.00000 5.2908720970 2.6154749376    4.508  4.738  3.4552 -0.874    8  0.914  0.114   826.30    -1.00    -1.00    -1.00    -1.00  0 -0.000315     10.18 6.165e-01 3.701e-01 3.870e-04 4.107e-03 4.536e-03 -1.000 1.337e-02 -7.076 47.677 29.442 18.934 11.052 6.697 -2.073 -5.822 -8.684
0.013 -0.05655 8.00000 5.2908725739 2.6154749397    4.507  4.719  3.4579 -0.844    8  0.914  0.114   826.23    -1.00    -1.00    -1.00    -1.00  0 -0.000257      8.50 6.165e-01 3.701e-01 3.865e-04 4.108e-03 4.536e-03 -1.000 1.337e-02 -7.027 41.651 25.554 16.410 9.076 4.952 -3.075 -6.423 -8.984
0.013 -0.05655 8.00000 5.2908740044 2.6154749462    4.505  4.671  3.4644 -0.770    8  0.914  0.113   826.05    -1.00    -1.00    -1.00    -1.00  0 -0.000157      5.41 6.165e-01 3.701e-01 3.849e-04 4.110e-03 4.536e-03 -1.000 1.337e-02 -6.909 27.707 17.210 11.065 5.025 1.439 -5.029 -7.575 -9.507
0.013 -0.05655 8.00000 5.2908763885 2.6154749570    4.501  4.600  3.4742 -0.660    8  0.914  0.112   726.07   412.54   250.77   193.84   160.54  0 -7.46e-05      2.67 6.165e-01 3.701e-01 3.818e-04 4.114e-03 4.536e-03 -1.000 1.337e-02 -6.730 14.317 9.072 5.465 1.015 -1.939 -6.789 -8.561 -9.822
0.013 -0.05655 8.00000 5.2908806801 2.6154749765    4.495  4.480  3.4908 -0.474    8  0.915  0.111   555.40   294.83   181.94   139.95   115.81  0 -2.14e-05      0.71 6.165e-01 3.701e-01 3.766e-04 4.120e-03 4.535e-03 -1.000 1.337e-02 -6.429 4.377 2.696 0.810 -2.131 -4.524 -7.867 -9.032 -9.682
0.013 -0.05655 8.00000 5.2908873558 2.6154750068    4.484  4.510  3.4864 -0.523    8  0.915  0.108   595.39   321.76   197.77   152.33   126.09  0 -2.96e-05      0.99 6.165e-01 3.701e-01 3.687e-04 4.130e-03 4.534e-03 -1.000 1.337e-02 -6.505 5.797 3.680 1.540 -1.650 -4.135 -7.756 -9.012 -9.764
0.013 -0.05655 8.00000 5.2908968925 2.6154750500    4.470  4.531  3.4832 -0.557    8  0.915  0.105   625.44   342.36   209.83   161.79   133.93  0 -3.72e-05      1.31 6.165e-01 3.701e-01 3.575e-04 4.144e-03 4.533e-03 -1.000 1.337e-02 -6.557 7.434 4.750 2.329 -1.120 -3.700 -7.585 -8.942 -9.800
0.013 -0.05655 8.00000 5.2909092903 2.6154751063    4.450  4.540  3.4815 -0.575    8  0.915  0.101   641.14   353.33   216.22   166.82   138.11  0 -4.16e-05      1.47 6.165e-01 3.701e-01 3.424e-04 4.163e-03 4.532e-03 -1.000 1.337e-02 -6.580 8.275 5.303 2.736 -0.845 -3.473 -7.494 -8.904 -9.815
0.013 -0.05655 8.00000 5.2909255028 2.6154751798    4.425  4.543  3.4806 -0.585    8  0.915  0.095   648.99   358.97   219.49   169.42   140.25  0 -4.39e-05      1.55 6.165e-01 3.701e-01 3.226e-04 4.187e-03 4.530e-03 -1.000 1.338e-02 -6.588 8.707 5.590 2.948 -0.700 -3.353 -7.445 -8.881 -9.819
0.013 -0.05655 8.00000 5.2909460068 2.6154752728    4.394  4.544  3.4798 -0.592    8  0.915  0.088   653.86   362.61   221.58   171.11   141.65  0 -4.53e-05      1.61 6.165e-01 3.701e-01 2.975e-04 4.218e-03 4.527e-03 -1.000 1.338e-02 -6.589 8.990 5.780 3.090 -0.601 -3.270 -7.410 -8.863 -9.819
0.013 -0.05655 8.00000 5.2909712791 2.6154753875    4.355  4.543  3.4790 -0.598    8  0.916  0.078   658.39   366.10   223.57   172.72   142.98  0 -4.65e-05      1.66 6.165e-01 3.701e-01 2.662e-04 4.256e-03 4.524e-03 -1.000 1.338e-02 -6.588 9.261 5.963 3.225 -0.507 -3.192 -7.375 -8.844 -9.816
0.013 -0.05655 8.00000 5.2909712791 2.6154753875    4.354  4.736  3.4519 -0.899    8  0.916  0.081   812.02    -1.00    -1.00    -1.00    -1.00  0 -0.000346     11.44 6.164e-01 3.702e-01 2.757e-04 4.256e-03 4.524e-03 -1.000 1.339e-02 -7.069 51.106 31.957 20.687 12.455 7.952 -1.329 -5.360 -8.424
0.013 -0.05655 8.00000 5.2909717560 2.6154753896    4.354  4.716  3.4546 -0.869    8  0.916  0.081   811.95    -1.00    -1.00    -1.00    -1.00  0 -0.000283      9.56 6.164e-01 3.702e-01 2.753e-04 4.257e-03 4.524e-03 -1.000 1.339e-02 -7.021 45.738 28.161 18.099 10.404 6.126 -2.395 -6.005 -8.759
0.013 -0.05655 8.00000 5.2909731865 2.6154753961    4.351  4.669  3.4612 -0.795    8  0.916  0.081   811.74    -1.00    -1.00    -1.00    -1.00  0 -0.000173      6.12 6.164e-01 3.702e-01 2.744e-04 4.258e-03 4.524e-03 -1.000 1.339e-02 -6.903 31.161 19.297 12.427 6.057 2.326 -4.535 -7.273 -9.360
0.013 -0.05655 8.00000 5.2909755707 2.6154754069    4.347  4.598  3.4712 -0.685    8  0.916  0.080   744.94   427.80   259.42   200.89   166.35  0 -8.25e-05      3.00 6.164e-01 3.702e-01 2.726e-04 4.260e-03 4.523e-03 -1.000 1.339e-02 -6.724 16.023 10.160 6.253 1.577 -1.467 -6.552 -8.423 -9.776
0.013 -0.05655 8.00000 5.2909803391 2.6154754286    4.339  4.478  3.4880 -0.499    8  0.916  0.079   570.09   305.48   188.06   144.92   119.91  0 -2.38e-05      0.81 6.164e-01 3.702e-01 2.695e-04 4.265e-03 4.523e-03 -1.000 1.340e-02 -6.425 4.950 3.138 1.156 -1.887 -4.318 -7.797 -8.997 -9.687
0.013 -0.05655 8.00000 5.2909870148 2.6154754589    4.328  4.507  3.4836 -0.547    8  0.916  0.078   610.37   332.99   204.19   157.57   130.39  0 -3.26e-05      1.17 6.164e-01 3.702e-01 2.647e-04 4.271e-03 4.522e-03 -1.000 1.340e-02 -6.498 6.771 4.352 2.047 -1.292 -3.832 -7.626 -8.940 -9.753
0.013 -0.05655 8.00000 5.2909965515 2.6154755021    4.312  4.527  3.4804 -0.581    8  0.916  0.076   640.78   354.16   216.56   167.28   138.45  0 -4.08e-05      1.48 6.164e-01 3.702e-01 2.580e-04 4.280e-03 4.521e-03 -1.000 1.340e-02 -6.549 8.400 5.417 2.830 -0.765 -3.400 -7.455 -8.871 -9.787
0.013 -0.05655 8.00000 5.2910094261 2.6154755605    4.291  4.536  3.4787 -0.599    8  0.916  0.073   656.42   365.27   223.02   172.38   142.68  0 -4.55e-05      1.64 6.164e-01 3.702e-01 2.489e-04 4.292e-03 4.519e-03 -1.000 1.340e-02 -6.571 9.226 5.954 3.222 -0.501 -3.184 -7.366 -8.832 -9.801
0.013 -0.05655 8.00000 5.2910256386 2.6154756341    4.263  4.539  3.4777 -0.608    8  0.917  0.070   663.99   370.84   226.23   174.94   144.80  0 -4.79e-05      1.72 6.164e-01 3.702e-01 2.368e-04 4.308e-03 4.517e-03 -1.000 1.340e-02 -6.578 9.640 6.224 3.420 -0.366 -3.073 -7.318 -8.809 -9.803
0.013 -0.05655 8.00000 5.2910466194 2.6154757292    4.229  4.539  3.4770 -0.615    8  0.917  0.065   668.37   374.25   228.18   176.53   146.10  0 -4.92e-05      1.80 6.164e-01 3.702e-01 2.214e-04 4.327e-03 4.514e-03 -1.000 1.340e-02 -6.577 10.056 6.490 3.615 -0.228 -2.958 -7.261 -8.776 -9.794
0.013 -0.05655 8.00000 5.2910723686 2.6154758460    4.187  4.538  3.4763 -0.621    8  0.917  0.060   672.17   377.35   229.93   177.97   147.29  0 -5.03e-05      1.88 6.164e-01 3.702e-01 2.019e-04 4.352e-03 4.511e-03 -1.000 1.340e-02 -6.574 10.450 6.743 3.801 -0.096 -2.846 -7.205 -8.743 -9.782
0.013 -0.05655 8.00000 5.2910723686 2.6154758460    4.186  4.730  3.4490 -0.922    8  0.917  0.064   796.13    -1.00    -1.00    -1.00    -1.00  0 -0.000374     12.84 6.163e-01 3.703e-01 2.151e-04 4.352e-03 4.510e-03 -1.000 1.342e-02 -7.054 54.125 34.115 22.251 13.707 9.078 -0.643 -4.918 -8.158
0.013 -0.05655 8.00000 5.2910728455 2.6154758482    4.185  4.710  3.4517 -0.892    8  0.917  0.064   796.05    -1.00    -1.00    -1.00    -1.00  0 -0.000306     10.61 6.163e-01 3.703e-01 2.149e-04 4.352e-03 4.510e-03 -1.000 1.342e-02 -7.006 48.908 30.385 19.618 11.616 7.207 -1.755 -5.607 -8.535
0.013 -0.05655 8.00000 5.2910742760 2.6154758547    4.183  4.664  3.4583 -0.819    8  0.917  0.063   795.82    -1.00    -1.00    -1.00    -1.00  0 -0.000188      6.85 6.163e-01 3.703e-01 2.144e-04 4.353e-03 4.510e-03 -1.000 1.342e-02 -6.889 34.632 21.374 13.768 7.081 3.220 -4.029 -6.962 -9.198
0.013 -0.05655 8.00000 5.2910771370 2.6154758677    4.178  4.592  3.4684 -0.708    8  0.917  0.063   761.10   441.73   267.24   207.34   171.66  0 -8.97e-05      3.37 6.163e-01 3.703e-01 2.134e-04 4.354e-03 4.510e-03 -1.000 1.342e-02 -6.711 17.920 11.353 7.096 2.190 -0.948 -6.278 -8.257 -9.706
0.013 -0.05655 8.00000 5.2910814285 2.6154758871    4.170  4.473  3.4852 -0.522    8  0.917  0.063   583.34   315.50   193.78   149.61   123.76  0  -2.6e-05      0.90 6.163e-01 3.703e-01 2.116e-04 4.357e-03 4.509e-03 -1.000 1.342e-02 -6.412 5.481 3.544 1.465 -1.664 -4.128 -7.726 -8.958 -9.684
0.013 -0.05655 8.00000 5.2910881042 2.6154759174    4.158  4.502  3.4808 -0.569    8  0.918  0.062   623.64   343.44   210.12   162.45   134.41  0 -3.54e-05      1.33 6.163e-01 3.703e-01 2.089e-04 4.361e-03 4.508e-03 -1.000 1.342e-02 -6.484 7.657 4.970 2.514 -0.959 -3.550 -7.502 -8.869 -9.736
0.013 -0.05655 8.00000 5.2910976410 2.6154759607    4.141  4.522  3.4776 -0.604    8  0.918  0.061   654.33   365.15   222.76   172.41   142.66  0 -4.42e-05      1.65 6.163e-01 3.703e-01 2.051e-04 4.367e-03 4.507e-03 -1.000 1.342e-02 -6.534 9.283 6.021 3.280 -0.445 -3.131 -7.331 -8.798 -9.768
0.013 -0.05655 8.00000 5.2911105156 2.6154760191    4.118  4.530  3.4759 -0.622    8  0.918  0.059   669.99   376.49   229.34   177.61   146.98  0 -4.92e-05      1.86 6.163e-01 3.703e-01 1.998e-04 4.374e-03 4.506e-03 -1.000 1.342e-02 -6.555 10.359 6.701 3.775 -0.107 -2.852 -7.203 -8.735 -9.767
0.013 -0.05655 8.00000 5.2911272049 2.6154760948    4.088  4.532  3.4750 -0.631    8  0.918  0.057   677.50   382.16   232.60   180.23   149.13  0 -5.17e-05      1.99 6.163e-01 3.703e-01 1.928e-04 4.384e-03 4.504e-03 -1.000 1.342e-02 -6.561 11.042 7.131 4.088 0.112 -2.670 -7.114 -8.686 -9.756
0.013 -0.05655 8.00000 5.2911481857 2.6154761899    4.051  4.532  3.4742 -0.637    8  0.918  0.054   681.81   385.65   234.58   181.84   150.47  0 -5.31e-05      2.07 6.163e-01 3.703e-01 1.836e-04 4.396e-03 4.501e-03 -1.000 1.342e-02 -6.559 11.465 7.402 4.285 0.252 -2.552 -7.055 -8.651 -9.745
0.013 -0.05655 8.00000 5.2911739349 2.6154763067    4.006  4.530  3.4735 -0.643    8  0.919  0.051   685.51   388.82   236.36   183.32   151.68  0 -5.42e-05      2.15 6.163e-01 3.703e-01 1.719e-04 4.412e-03 4.498e-03 -1.000 1.342e-02 -6.555 11.854 7.652 4.469 0.383 -2.441 -6.999 -8.617 -9.732
0.013 -0.05655 8.00000 5.2911739349 2.6154763067    4.006  4.722  3.4460 -0.945    8  0.919  0.056   778.74    -1.00    -1.00    -1.00    -1.00  0 -0.000402     14.29 6.162e-01 3.704e-01 1.890e-04 4.412e-03 4.497e-03 -1.000 1.344e-02 -7.034 57.062 36.200 23.788 14.935 10.180 0.037 -4.473 -7.883
0.013 -0.05655 8.00000 5.2911744118 2.6154763089    4.005  4.703  3.4487 -0.915    8  0.919  0.056   778.65    -1.00    -1.00    -1.00    -1.00  0  -0.00033     11.68 6.162e-01 3.704e-01 1.889e-04 4.412e-03 4.497e-03 -1.000 1.344e-02 -6.987 51.803 32.509 21.110 12.811 8.277 -1.113 -5.204 -8.302
0.013 -0.05655 8.00000 5.2911758423 2.6154763154    4.002  4.656  3.4553 -0.842    8  0.919  0.056   778.39    -1.00    -1.00    -1.00    -1.00  0 -0.000203      7.56 6.162e-01 3.704e-01 1.886e-04 4.412e-03 4.497e-03 -1.000 1.344e-02 -6.870 37.991 23.381 15.069 8.076 4.088 -3.533 -6.656 -9.035
0.013 -0.05655 8.00000 5.2911787033 2.6154763284    3.997  4.585  3.4654 -0.732    8  0.919  0.056   776.67   455.96   275.18   213.95   177.09  0 -9.72e-05      3.86 6.162e-01 3.704e-01 1.880e-04 4.413e-03 4.497e-03 -1.000 1.344e-02 -6.693 20.337 12.852 8.129 2.954 -0.297 -5.922 -8.036 -9.600
0.013 -0.05655 8.00000 5.2911829948 2.6154763478    3.988  4.466  3.4823 -0.546    8  0.919  0.055   596.46   325.82   199.62   154.45   127.73  0 -2.82e-05      1.06 6.162e-01 3.704e-01 1.869e-04 4.415e-03 4.496e-03 -1.000 1.344e-02 -6.395 6.334 4.147 1.924 -1.335 -3.848 -7.605 -8.887 -9.666
0.013 -0.05655 8.00000 5.2911896706 2.6154763781    3.974  4.494  3.4779 -0.593    8  0.919  0.055   636.84   354.30   216.24   167.54   138.58  0 -3.83e-05      1.49 6.162e-01 3.704e-01 1.853e-04 4.418e-03 4.496e-03 -1.000 1.344e-02 -6.465 8.550 5.586 2.976 -0.629 -3.271 -7.373 -8.793 -9.713
0.013 -0.05655 8.00000 5.2911996841 2.6154764235    3.954  4.514  3.4747 -0.628    8  0.919  0.054   667.93   376.71   229.26   177.82   147.10  0 -4.78e-05      1.86 6.162e-01 3.704e-01 1.830e-04 4.421e-03 4.495e-03 -1.000 1.344e-02 -6.514 10.433 6.783 3.844 -0.041 -2.790 -7.163 -8.697 -9.731
0.013 -0.05655 8.00000 5.2912125587 2.6154764819    3.929  4.522  3.4730 -0.646    8  0.919  0.053   683.86   388.52   236.08   183.24   151.59  0 -5.33e-05      2.14 6.162e-01 3.704e-01 1.798e-04 4.426e-03 4.493e-03 -1.000 1.344e-02 -6.534 11.831 7.655 4.475 0.397 -2.426 -6.987 -8.603 -9.715
0.013 -0.05655 8.00000 5.2912292480 2.6154765576    3.895  4.524  3.4719 -0.655    8  0.920  0.052   691.65   394.60   239.56   186.04   153.90  0  -5.6e-05      2.28 6.162e-01 3.704e-01 1.753e-04 4.433e-03 4.492e-03 -1.000 1.344e-02 -6.539 12.543 8.104 4.800 0.625 -2.236 -6.893 -8.551 -9.702
0.013 -0.05655 8.00000 5.2912502289 2.6154766528    3.854  4.523  3.4711 -0.662    8  0.920  0.050   696.32   398.53   241.79   187.87   155.40  0 -5.76e-05      2.37 6.162e-01 3.704e-01 1.695e-04 4.441e-03 4.490e-03 -1.000 1.344e-02 -6.537 13.008 8.401 5.017 0.779 -2.107 -6.828 -8.512 -9.689
0.013 -0.05655 8.00000 5.2912764549 2.6154767717    3.803  4.521  3.4703 -0.669    8  0.920  0.048   700.43   402.23   243.86   189.60   156.82  0  -5.9e-05      2.45 6.161e-01 3.704e-01 1.617e-04 4.451e-03 4.487e-03 -1.000 1.344e-02 -6.532 13.448 8.684 5.223 0.927 -1.981 -6.764 -8.474 -9.674
0.013 -0.05655 8.00000 5.2912764549 2.6154767717    3.802  4.712  3.4426 -0.972    8  0.920  0.054   758.61    -1.00    -1.00    -1.00    -1.00  0 -0.000437     15.95 6.161e-01 3.705e-01 1.831e-04 4.451e-03 4.487e-03 -1.000 1.346e-02 -7.010 60.428 38.587 25.549 16.340 11.442 0.816 -3.963 -7.567
0.013 -0.05655 8.00000 5.2912769318 2.6154767739    3.801  4.693  3.4453 -0.942    8  0.920  0.054   758.50    -1.00    -1.00    -1.00    -1.00  0 -0.000359     13.35 6.161e-01 3.705e-01 1.830e-04 4.451e-03 4.487e-03 -1.000 1.346e-02 -6.963 55.218 34.935 22.896 14.237 9.558 -0.324 -4.688 -7.984
0.013 -0.05655 8.00000 5.2912783623 2.6154767804    3.798  4.647  3.4519 -0.870    8  0.920  0.054   758.20    -1.00    -1.00    -1.00    -1.00  0 -0.000222      8.51 6.161e-01 3.705e-01 1.828e-04 4.451e-03 4.486e-03 -1.000 1.346e-02 -6.847 41.924 25.836 16.665 9.322 5.185 -2.896 -6.261 -8.819
0.013 -0.05655 8.00000 5.2912812233 2.6154767934    3.792  4.576  3.4620 -0.759    8  0.920  0.054   757.61    -1.00    -1.00    -1.00    -1.00  0 -0.000106      4.40 6.160e-01 3.705e-01 1.824e-04 4.452e-03 4.486e-03 -1.000 1.346e-02 -6.670 23.097 14.560 9.299 3.823 0.442 -5.514 -7.783 -9.478
0.013 -0.05655 8.00000 5.2912855148 2.6154768128    3.783  4.457  3.4789 -0.574    8  0.920  0.054   611.31   337.95   206.47   160.15   132.40  0 -3.11e-05      1.25 6.160e-01 3.705e-01 1.818e-04 4.453e-03 4.486e-03 -1.000 1.346e-02 -6.374 7.373 4.871 2.471 -0.944 -3.516 -7.455 -8.799 -9.641
0.013 -0.05655 8.00000 5.2912926674 2.6154768453    3.768  4.485  3.4746 -0.620    8  0.921  0.054   651.71   367.08   223.41   173.53   143.49  0 -4.19e-05      1.67 6.160e-01 3.705e-01 1.808e-04 4.455e-03 4.485e-03 -1.000 1.346e-02 -6.442 9.550 6.271 3.486 -0.263 -2.964 -7.228 -8.705 -9.685
0.013 -0.05655 8.00000 5.2913022041 2.6154768885    3.747  4.504  3.4714 -0.655    8  0.921  0.053   683.11   390.24   236.83   184.15   152.29  0 -5.22e-05      2.17 6.160e-01 3.705e-01 1.793e-04 4.457e-03 4.485e-03 -1.000 1.347e-02 -6.490 12.084 7.853 4.629 0.524 -2.313 -6.920 -8.548 -9.671
0.013 -0.05655 8.00000 5.2913150787 2.6154769469    3.719  4.512  3.4696 -0.673    8  0.921  0.053   699.19   402.50   243.89   189.78   156.95  0 -5.82e-05      2.45 6.160e-01 3.705e-01 1.772e-04 4.461e-03 4.484e-03 -1.000 1.347e-02 -6.509 13.490 8.728 5.260 0.962 -1.949 -6.742 -8.453 -9.653
0.013 -0.05655 8.00000 5.2913322449 2.6154770248    3.683  4.513  3.4685 -0.683    8  0.921  0.052   707.13   408.94   247.56   192.75   159.40  0 -6.12e-05      2.59 6.160e-01 3.705e-01 1.742e-04 4.465e-03 4.483e-03 -1.000 1.347e-02 -6.513 14.219 9.184 5.589 1.194 -1.757 -6.645 -8.398 -9.638
0.013 -0.05655 8.00000 5.2913532257 2.6154771199    3.638  4.512  3.4676 -0.691    8  0.921  0.051   711.98   413.27   250.00   194.76   161.05  0  -6.3e-05      2.69 6.160e-01 3.705e-01 1.702e-04 4.470e-03 4.481e-03 -1.000 1.347e-02 -6.510 14.711 9.496 5.815 1.355 -1.622 -6.576 -8.356 -9.623
0.013 -0.05655 8.00000 5.2913794518 2.6154772389    3.584  4.509  3.4666 -0.698    8  0.922  0.049   716.37   417.47   252.34   196.72   162.66  0 -6.46e-05      2.78 6.160e-01 3.705e-01 1.647e-04 4.477e-03 4.479e-03 -1.000 1.346e-02 -6.503 15.188 9.801 6.037 1.514 -1.488 -6.506 -8.313 -9.606
0.013 -0.05655 8.00000 5.2913794518 2.6154772389    3.583  4.700  3.4388 -1.001    8  0.922  0.057   736.29    -1.00    -1.00    -1.00    -1.00  0 -0.000477     17.74 6.159e-01 3.706e-01 1.904e-04 4.476e-03 4.479e-03 -1.000 1.349e-02 -6.981 64.043 41.152 27.446 17.852 12.799 1.656 -3.412 -7.224
0.013 -0.05655 8.00000 5.2913799286 2.6154772411    3.582  4.682  3.4415 -0.972    8  0.922  0.057   736.17    -1.00    -1.00    -1.00    -1.00  0 -0.000393     15.16 6.159e-01 3.706e-01 1.904e-04 4.476e-03 4.479e-03 -1.000 1.349e-02 -6.935 58.886 37.538 24.818 15.771 10.936 0.528 -4.130 -7.637
0.013 -0.05655 8.00000 5.2913813591 2.6154772475    3.578  4.636  3.4481 -0.899    8  0.922  0.057   735.84    -1.00    -1.00    -1.00    -1.00  0 -0.000243      9.63 6.159e-01 3.706e-01 1.902e-04 4.477e-03 4.479e-03 -1.000 1.349e-02 -6.819 46.150 28.557 18.451 10.729 6.431 -2.164 -5.806 -8.562
0.013 -0.05655 8.00000 5.2913842201 2.6154772605    3.572  4.565  3.4582 -0.789    8  0.922  0.057   735.17    -1.00    -1.00    -1.00    -1.00  0 -0.000117      4.99 6.159e-01 3.706e-01 1.899e-04 4.477e-03 4.479e-03 -1.000 1.349e-02 -6.643 26.059 16.390 10.562 4.755 1.239 -5.073 -7.511 -9.344
0.013 -0.05655 8.00000 5.2913885117 2.6154772800    3.561  4.447  3.4752 -0.605    8  0.922  0.056   627.38   351.74   214.22   166.63   137.71  0 -3.44e-05      1.45 6.159e-01 3.706e-01 1.894e-04 4.478e-03 4.479e-03 -1.000 1.349e-02 -6.347 8.496 5.644 3.048 -0.530 -3.168 -7.292 -8.701 -9.610
0.013 -0.05655 8.00000 5.2913951874 2.6154773103    3.545  4.474  3.4709 -0.650    8  0.922  0.056   667.74   381.64   231.55   180.35   149.08  0 -4.61e-05      1.97 6.159e-01 3.706e-01 1.887e-04 4.478e-03 4.479e-03 -1.000 1.349e-02 -6.414 11.125 7.307 4.249 0.287 -2.499 -6.996 -8.563 -9.629
0.013 -0.05655 8.00000 5.2914052010 2.6154773557    3.522  4.492  3.4676 -0.685    8  0.922  0.056   699.46   405.74   245.47   191.41   158.23  0 -5.74e-05      2.52 6.159e-01 3.706e-01 1.876e-04 4.480e-03 4.478e-03 -1.000 1.349e-02 -6.461 13.903 9.025 5.485 1.141 -1.793 -6.650 -8.381 -9.601
0.013 -0.05655 8.00000 5.2914180756 2.6154774141    3.491  4.500  3.4657 -0.704    8  0.922  0.055   715.75   418.63   252.86   197.33   163.13  0  -6.4e-05      2.80 6.159e-01 3.706e-01 1.863e-04 4.481e-03 4.478e-03 -1.000 1.349e-02 -6.479 15.332 9.910 6.120 1.583 -1.428 -6.468 -8.283 -9.581
0.013 -0.05655 8.00000 5.2914347649 2.6154774898    3.452  4.501  3.4646 -0.714    8  0.923  0.055   722.71    -1.00    -1.00    -1.00    -1.00  0 -6.74e-05      2.95 6.159e-01 3.706e-01 1.847e-04 4.483e-03 4.477e-03 -1.000 1.349e-02 -6.482 16.099 10.390 6.465 1.826 -1.226 -6.366 -8.225 -9.564
0.013 -0.05655 8.00000 5.2914557457 2.6154775849    3.404  4.499  3.4636 -0.723    8  0.923  0.054   717.59    -1.00    -1.00    -1.00    -1.00  0 -6.95e-05      3.05 6.159e-01 3.706e-01 1.827e-04 4.486e-03 4.476e-03 -1.000 1.349e-02 -6.478 16.643 10.734 6.713 2.005 -1.077 -6.288 -8.178 -9.547
0.013 -0.05655 8.00000 5.2914819717 2.6154777039    3.345  4.496  3.4625 -0.732    8  0.923  0.054   711.33    -1.00    -1.00    -1.00    -1.00  0 -7.15e-05      3.15 6.159e-01 3.706e-01 1.805e-04 4.489e-03 4.476e-03 -1.000 1.349e-02 -6.470 17.186 11.081 6.964 2.186 -0.926 -6.208 -8.129 -9.526
0.013 -0.05655 8.00000 5.2914819717 2.6154777039    3.344  4.687  3.4346 -1.034    8  0.923  0.061   711.25    -1.00    -1.00    -1.00    -1.00  0 -0.000526     19.79 6.158e-01 3.706e-01 2.045e-04 4.489e-03 4.475e-03 -1.000 1.352e-02 -6.947 68.087 44.067 29.610 19.572 14.342 2.614 -2.783 -6.830
0.013 -0.05655 8.00000 5.2914824486 2.6154777060    3.343  4.668  3.4373 -1.005    8  0.923  0.061   711.11    -1.00    -1.00    -1.00    -1.00  0 -0.000435     17.22 6.158e-01 3.706e-01 2.044e-04 4.489e-03 4.475e-03 -1.000 1.352e-02 -6.901 63.057 40.497 27.009 17.516 12.501 1.497 -3.494 -7.241
0.013 -0.05655 8.00000 5.2914838791 2.6154777125    3.339  4.622  3.4439 -0.933    8  0.923  0.061   710.71    -1.00    -1.00    -1.00    -1.00  0  -0.00027     11.10 6.158e-01 3.706e-01 2.042e-04 4.489e-03 4.475e-03 -1.000 1.352e-02 -6.786 50.397 31.586 20.564 12.412 7.934 -1.260 -5.237 -8.232
0.013 -0.05655 8.00000 5.2914867401 2.6154777255    3.332  4.552  3.4539 -0.824    8  0.923  0.061   709.92    -1.00    -1.00    -1.00    -1.00  0 -0.000131      5.67 6.158e-01 3.706e-01 2.037e-04 4.489e-03 4.475e-03 -1.000 1.352e-02 -6.610 29.450 18.476 12.007 5.816 2.147 -4.565 -7.199 -9.188
0.013 -0.05655 8.00000 5.2914910316 2.6154777449    3.319  4.434  3.4708 -0.640    8  0.924  0.060   645.60   368.38   223.53   174.44   144.10  0 -3.86e-05      1.68 6.158e-01 3.706e-01 2.030e-04 4.489e-03 4.475e-03 -1.000 1.351e-02 -6.316 9.785 6.529 3.706 -0.057 -2.771 -7.105 -8.588 -9.573
0.013 -0.05655 8.00000 5.2914977074 2.6154777752    3.301  4.460  3.4665 -0.686    8  0.924  0.060   686.14   399.51   241.51   188.73   155.94  0 -5.17e-05      2.37 6.158e-01 3.706e-01 2.020e-04 4.489e-03 4.475e-03 -1.000 1.351e-02 -6.381 13.266 8.684 5.256 1.011 -1.891 -6.679 -8.367 -9.547
0.013 -0.05655 8.00000 5.2915077209 2.6154778206    3.274  4.479  3.4631 -0.721    8  0.924  0.060   703.75    -1.00    -1.00    -1.00    -1.00  0 -6.45e-05      2.93 6.158e-01 3.706e-01 2.010e-04 4.490e-03 4.475e-03 -1.000 1.351e-02 -6.427 16.109 10.436 6.509 1.880 -1.174 -6.324 -8.180 -9.516
0.013 -0.05655 8.00000 5.2915205956 2.6154778790    3.239  4.486  3.4611 -0.741    8  0.924  0.060   699.96    -1.00    -1.00    -1.00    -1.00  0 -7.22e-05      3.26 6.158e-01 3.706e-01 2.002e-04 4.490e-03 4.475e-03 -1.000 1.351e-02 -6.445 17.765 11.457 7.231 2.389 -0.751 -6.109 -8.061 -9.486
0.013 -0.05655 8.00000 5.2915372849 2.6154779547    3.195  4.487  3.4598 -0.754    8  0.924  0.060   695.09    -1.00    -1.00    -1.00    -1.00  0 -7.66e-05      3.56 6.158e-01 3.706e-01 2.003e-04 4.491e-03 4.475e-03 -1.000 1.351e-02 -6.448 19.214 12.344 7.840 2.832 -0.374 -5.905 -7.940 -9.434
0.013 -0.05655 8.00000 5.2915582657 2.6154780499    3.139  4.485  3.4585 -0.764    8  0.925  0.060   689.00    -1.00    -1.00    -1.00    -1.00  0 -7.98e-05      3.78 6.158e-01 3.706e-01 2.020e-04 4.491e-03 4.475e-03 -1.000 1.352e-02 -6.443 20.345 13.039 8.323 3.184 -0.074 -5.740 -7.840 -9.387
0.013 -0.05655 8.00000 5.2915844917 2.6154781688    3.072  4.482  3.4571 -0.776    8  0.925  0.062   681.59    -1.00    -1.00    -1.00    -1.00  0 -8.31e-05      4.02 6.158e-01 3.707e-01 2.066e-04 4.492e-03 4.474e-03 -1.000 1.352e-02 -6.435 21.524 13.764 8.828 3.553 0.241 -5.565 -7.733 -9.335
0.013 -0.05655 8.00000 5.2915844917 2.6154781688    3.072  4.672  3.4294 -1.078    8  0.925  0.062   681.56    -1.00    -1.00    -1.00    -1.00  0 -0.000609     24.25 6.158e-01 3.707e-01 2.090e-04 4.492e-03 4.474e-03 -1.000 1.352e-02 -6.911 64.265 48.582 32.930 22.204 16.697 4.047 -1.812 -6.184
0.013 -0.05655 8.00000 5.2915849686 2.6154781710    3.070  4.654  3.4320 -1.049    8  0.925  0.062   681.37    -1.00    -1.00    -1.00    -1.00  0 -0.000505     20.28 6.158e-01 3.707e-01 2.091e-04 4.492e-03 4.474e-03 -1.000 1.352e-02 -6.865 67.752 44.643 30.075 19.952 14.686 2.847 -2.606 -6.684
0.013 -0.05655 8.00000 5.2915863991 2.6154781775    3.065  4.608  3.4385 -0.978    8  0.925  0.062   680.81    -1.00    -1.00    -1.00    -1.00  0 -0.000315     13.78 6.158e-01 3.707e-01 2.095e-04 4.492e-03 4.474e-03 -1.000 1.352e-02 -6.751 56.255 35.775 23.616 14.844 10.115 0.078 -4.371 -7.708
0.013 -0.05655 8.00000 5.2915892601 2.6154781904    3.055  4.539  3.4484 -0.870    8  0.925  0.063   679.73    -1.00    -1.00    -1.00    -1.00  0 -0.000153      7.08 6.158e-01 3.707e-01 2.102e-04 4.492e-03 4.474e-03 -1.000 1.352e-02 -6.576 36.141 22.467 14.601 7.796 3.873 -3.576 -6.590 -8.864
0.013 -0.05655 8.00000 5.2915935516 2.6154782099    3.039  4.421  3.4651 -0.688    8  0.925  0.063   670.69   392.85   237.22   185.89   153.49  0 -4.58e-05      2.22 6.158e-01 3.707e-01 2.114e-04 4.492e-03 4.474e-03 -1.000 1.353e-02 -6.283 12.622 8.351 5.037 0.894 -1.974 -6.695 -8.339 -9.478
0.013 -0.05655 8.00000 5.2916002274 2.6154782402    3.015  4.447  3.4607 -0.735    8  0.925  0.064   675.16    -1.00    -1.00    -1.00    -1.00  0 -6.16e-05      2.97 6.158e-01 3.707e-01 2.132e-04 4.492e-03 4.474e-03 -1.000 1.353e-02 -6.347 16.408 10.681 6.702 2.048 -1.023 -6.224 -8.092 -9.439
0.013 -0.05655 8.00000 5.2916102409 2.6154782856    2.980  4.465  3.4570 -0.773    8  0.925  0.064   671.29    -1.00    -1.00    -1.00    -1.00  0 -7.78e-05      3.84 6.158e-01 3.707e-01 2.158e-04 4.492e-03 4.474e-03 -1.000 1.353e-02 -6.394 20.668 13.269 8.501 3.327 0.054 -5.656 -7.773 -9.332
0.013 -0.05655 8.00000 5.2916231155 2.6154783440    2.935  4.473  3.4547 -0.797    8  0.925  0.065   666.13    -1.00    -1.00    -1.00    -1.00  0 -8.86e-05      4.43 6.158e-01 3.707e-01 2.194e-04 4.492e-03 4.474e-03 -1.000 1.353e-02 -6.412 23.588 15.037 9.713 4.203 0.797 -5.253 -7.540 -9.237
0.013 -0.05655 8.00000 5.2916398048 2.6154784196    2.877  4.474  3.4528 -0.814    8  0.926  0.067   659.50    -1.00    -1.00    -1.00    -1.00  0 -9.63e-05      4.84 6.158e-01 3.707e-01 2.242e-04 4.491e-03 4.474e-03 -1.000 1.354e-02 -6.415 25.615 16.268 10.559 4.818 1.321 -4.965 -7.370 -9.163
0.013 -0.05655 8.00000 5.2916607857 2.6154785148    2.806  4.473  3.4510 -0.831    8  0.926  0.069   651.24    -1.00    -1.00    -1.00    -1.00  0 -0.000103      5.22 6.157e-01 3.707e-01 2.304e-04 4.491e-03 4.474e-03 -1.000 1.355e-02 -6.411 27.489 17.409 11.343 5.390 1.809 -4.695 -7.208 -9.088
0.013 -0.05655 8.00000 5.2916870117 2.6154786337    2.720  4.470  3.4489 -0.850    8  0.926  0.071   641.23    -1.00    -1.00    -1.00    -1.00  0 -0.000112      5.64 6.157e-01 3.707e-01 2.382e-04 4.491e-03 4.474e-03 -1.000 1.355e-02 -6.404 29.583 18.684 12.223 6.032 2.356 -4.389 -7.024 -9.001
0.013 -0.05655 8.00000 5.2916870117 2.6154786337    2.720  4.660  3.4213 -1.150    8  0.926  0.071   641.20    -1.00    -1.00    -1.00    -1.00  0 -0.000817     32.39 6.157e-01 3.707e-01 2.383e-04 4.491e-03 4.474e-03 -1.000 1.355e-02 -6.880 57.340 56.817 38.962 26.954 20.952 6.617 -0.086 -5.048
0.013 -0.05655 8.00000 5.2916874886 2.6154786359    2.717  4.642  3.4238 -1.123    8  0.926  0.071   640.85    -1.00    -1.00    -1.00    -1.00  0 -0.000679     28.48 6.157e-01 3.707e-01 2.385e-04 4.491e-03 4.474e-03 -1.000 1.355e-02 -6.835 60.736 52.923 36.144 24.741 18.972 5.441 -0.859 -5.535
0.013 -0.05655 8.00000 5.2916889191 2.6154786424    2.709  4.597  3.4301 -1.053    8  0.926  0.071   639.88    -1.00    -1.00    -1.00    -1.00  0 -0.000427     19.10 6.157e-01 3.707e-01 2.389e-04 4.491e-03 4.474e-03 -1.000 1.355e-02 -6.722 66.944 43.320 29.175 19.259 14.074 2.520 -2.781 -6.736
0.013 -0.05655 8.00000 5.2916917801 2.6154786554    2.693  4.527  3.4398 -0.948    8  0.926  0.071   637.95    -1.00    -1.00    -1.00    -1.00  0 -0.000211     10.25 6.157e-01 3.707e-01 2.398e-04 4.491e-03 4.474e-03 -1.000 1.356e-02 -6.548 48.308 30.181 19.685 11.755 7.363 -1.529 -5.330 -8.180
0.013 -0.05655 8.00000 5.2916960716 2.6154786748    2.666  4.410  3.4559 -0.771    8  0.927  0.072   634.72    -1.00    -1.00    -1.00    -1.00  0 -6.44e-05      3.37 6.157e-01 3.707e-01 2.414e-04 4.491e-03 4.474e-03 -1.000 1.356e-02 -6.256 18.538 12.059 7.718 2.796 -0.382 -5.855 -7.844 -9.292
0.013 -0.05655 8.00000 5.2917027473 2.6154787051    2.625  4.436  3.4511 -0.822    8  0.927  0.073   629.86    -1.00    -1.00    -1.00    -1.00  0 -8.85e-05      4.76 6.157e-01 3.708e-01 2.437e-04 4.491e-03 4.474e-03 -1.000 1.356e-02 -6.319 25.335 16.156 10.516 4.814 1.329 -4.931 -7.316 -9.088
0.013 -0.05655 8.00000 5.2917122841 2.6154787483    2.569  4.454  3.4468 -0.867    8  0.927  0.074   623.05    -1.00    -1.00    -1.00    -1.00  0 -0.000116      6.10 6.157e-01 3.708e-01 2.469e-04 4.491e-03 4.474e-03 -1.000 1.356e-02 -6.366 31.788 20.014 13.109 6.709 2.946 -4.040 -6.799 -8.869
0.013 -0.05655 8.00000 5.2917251587 2.6154788067    2.495  4.462  3.4437 -0.900    8  0.927  0.075   614.03    -1.00    -1.00    -1.00    -1.00  0 -0.000139      7.36 6.157e-01 3.708e-01 2.513e-04 4.491e-03 4.474e-03 -1.000 1.357e-02 -6.385 37.658 23.470 15.337 8.398 4.414 -3.205 -6.299 -8.623
0.013 -0.05655 8.00000 5.2917418480 2.6154788824    2.403  4.464  3.4409 -0.929    8  0.927  0.077   602.52    -1.00    -1.00    -1.00    -1.00  0  -0.00016      8.61 6.156e-01 3.708e-01 2.570e-04 4.491e-03 4.474e-03 -1.000 1.357e-02 -6.389 42.795 26.631 17.391 9.984 5.807 -2.394 -5.806 -8.366
0.013 -0.05655 8.00000 5.2917628288 2.6154789775    2.292  4.463  3.4380 -0.960    8  0.928  0.079   588.33    -1.00    -1.00    -1.00    -1.00  0 -0.000187     10.13 6.156e-01 3.708e-01 2.642e-04 4.491e-03 4.474e-03 -1.000 1.358e-02 -6.387 48.158 30.133 19.715 11.808 7.423 -1.436 -5.217 -8.046
0.013 -0.05655 8.00000 5.2917885780 2.6154790943    2.162  4.460  3.4349 -0.996    8  0.928  0.081   571.36    -1.00    -1.00    -1.00    -1.00  0 -0.000222     12.37 6.156e-01 3.708e-01 2.730e-04 4.490e-03 4.474e-03 -1.000 1.359e-02 -6.381 53.731 34.148 22.573 14.080 9.457 -0.202 -4.439 -7.600
0.013 -0.05655 8.00000 5.2918581963 2.6154794100    0.928 -9.999  4.4917  2.921    9  0.929  0.000     0.00     0.00     0.00     0.00     0.00 -1    -1e-30      0.00 6.155e-01 3.709e-01 3.097e-04 4.490e-03 4.474e-03 -1.000 1.363e-02 29.767 31.222 32.339 32.600 32.694 32.863 33.189 33.271 33.311
#isochrone terminated
