# File generated by CMD 3.9 (http://stev.oapd.inaf.it/cmd) on Tue May 12 07:10:36 UTC 2026
# isochrones based on PARSEC release v1.2S +  COLIBRI S_37 + S_35 + PR16
# Basic references: Bressan et al. (2012), MNRAS, 427, 127 + Chen et al. (2014, 2015), MNRAS, 444, 2525 + MNRAS, 452, 1068 + Tang et al. (2014), MNRAS, 445, 4287 + Marigo et al. (2017), ApJ, 835, 77 + Pastorelli al. (2019), MNRAS, 485, 5666 + Pastorelli al. (2020), MNRAS, in press
# Thermal pulse cycles included 
# On RGB, assumed Reimers mass loss with efficiency eta=0.2
# LPV periods and growth rates added cf. Trabucchi et al. (2019)
# but fundamental-mode LPV periods + transition are from Trabucchi et al. (2021)
# Photometric system: <i>UBVRIJHK</i> (cf. Maiz-Apellaniz 2006 + Bessell 1990)
# Using YBC version of bolometric corrections as in Chen et al. (2019)
# O-rich circumstellar dpmod60alox40 dust from Groenewegen (2006)
# C-rich circumstellar AMCSIC15 dust from Groenewegen (2006)
# IMF: Kroupa (2001, 2002) + Kroupa et al. (2013) canonical two-part-power law IMF corrected for unresolved binaries 
# Kind of output: isochrone tables
# Zini     MH   logAge Mini        int_IMF         Mass   logL    logTe  logg  label   McoreTP C_O  period0  period1  period2  period3  period4  pmode  Mloss  tau1m   X   Y   Xc  Xn  Xo  Cexcess  Z 	 mbolmag  Umag    Bmag    Vmag    Rmag    Imag    Jmag    Hmag    Kmag
0.013 -0.05655 8.69897 0.0900000036 1.0816895926    0.090 -3.261  3.3807  5.128    0  0.000  0.545     0.00     0.00     0.00     0.00     0.00 -1 -6.33e-17      0.00 7.152e-01 2.717e-01 2.359e-03 6.364e-04 5.772e-03 -1.000 1.312e-02 12.922 22.121 19.525 17.694 15.546 13.301 10.834 10.223 9.932
0.013 -0.05655 8.69897 0.0917794183 1.0985197630    0.092 -3.240  3.3841  5.129    0  0.000  0.545     0.00     0.00     0.00     0.00     0.00 -1 -6.55e-17      0.00 7.152e-01 2.717e-01 2.359e-03 6.364e-04 5.772e-03 -1.000 1.312e-02 12.870 22.073 19.475 17.643 15.495 13.249 10.783 10.171 9.881
0.013 -0.05655 8.69897 0.0953763127 1.1312796431    0.095 -3.197  3.3913  5.131    0  0.000  0.545     0.00     0.00     0.00     0.00     0.00 -1 -7.08e-17      0.00 7.152e-01 2.717e-01 2.359e-03 6.364e-04 5.772e-03 -1.000 1.312e-02 12.761 21.967 19.368 17.535 15.386 13.140 10.674 10.063 9.772
0.013 -0.05655 8.69897 0.1000000015 1.1711064122    0.100 -3.138  3.4006  5.130    0  0.000  0.545     0.00     0.00     0.00     0.00     0.00 -1 -7.92e-17      0.00 7.151e-01 2.717e-01 2.359e-03 6.364e-04 5.772e-03 -1.000 1.312e-02 12.615 21.820 19.221 17.389 15.240 12.994 10.528 9.917 9.626
0.013 -0.05655 8.69897 0.1066340804 1.2242486706    0.107 -3.067  3.4109  5.128    0  0.000  0.545     0.00     0.00     0.00     0.00     0.00 -1 -9.08e-17      0.00 7.151e-01 2.718e-01 2.359e-03 6.364e-04 5.772e-03 -1.000 1.312e-02 12.437 21.638 19.041 17.210 15.062 12.816 10.350 9.738 9.447
0.013 -0.05655 8.69897 0.1200000048 1.3193154741    0.120 -2.915  3.4318  5.111    0  0.000  0.545     0.00     0.00     0.00     0.00     0.00 -1 -1.24e-16      0.00 7.151e-01 2.718e-01 2.359e-03 6.364e-04 5.772e-03 -1.000 1.312e-02 12.058 20.418 18.090 16.314 14.353 12.237 10.007 9.392 9.096
0.013 -0.05655 8.69897 0.1400000006 1.4384526719    0.140 -2.747  3.4496  5.081    0  0.000  0.545     0.00     0.00     0.00     0.00     0.00 -1 -1.75e-16      0.00 7.151e-01 2.718e-01 2.359e-03 6.364e-04 5.772e-03 -1.000 1.312e-02 11.638 19.120 17.044 15.343 13.580 11.611 9.629 9.011 8.716
0.013 -0.05655 8.69897 0.1498530656 1.4892907386    0.150 -2.683  3.4562  5.074    0  0.000  0.545     0.00     0.00     0.00     0.00     0.00 -1 -1.97e-16      0.00 7.151e-01 2.718e-01 2.359e-03 6.364e-04 5.772e-03 -1.000 1.312e-02 11.479 18.652 16.663 14.980 13.289 11.383 9.486 8.867 8.573
0.013 -0.05655 8.69897 0.1599999964 1.5372931554    0.160 -2.620  3.4626  5.065    0  0.000  0.545     0.00     0.00     0.00     0.00     0.00 -1 -2.23e-16      0.00 7.150e-01 2.718e-01 2.359e-03 6.364e-04 5.772e-03 -1.000 1.312e-02 11.320 18.203 16.295 14.630 13.007 11.161 9.344 8.723 8.432
0.013 -0.05655 8.69897 0.1718481779 1.5885681011    0.172 -2.557  3.4685  5.056    0  0.000  0.545     0.00     0.00     0.00     0.00     0.00 -1 -2.51e-16      0.00 7.150e-01 2.718e-01 2.359e-03 6.364e-04 5.772e-03 -1.000 1.312e-02 11.161 17.797 15.955 14.309 12.744 10.950 9.199 8.578 8.289
0.013 -0.05655 8.69897 0.2000000030 1.6938790862    0.200 -2.417  3.4813  5.033    0  0.000  0.545     0.00     0.00     0.00     0.00     0.00 -1 -3.28e-16      0.00 7.150e-01 2.719e-01 2.359e-03 6.364e-04 5.772e-03 -1.000 1.312e-02 10.813 16.947 15.236 13.625 12.177 10.499 8.882 8.260 7.977
0.013 -0.05655 8.69897 0.2030535042 1.7041364966    0.203 -2.404  3.4823  5.031    0  0.000  0.545     0.00     0.00     0.00     0.00     0.00 -1 -3.36e-16      0.00 7.150e-01 2.719e-01 2.359e-03 6.364e-04 5.772e-03 -1.000 1.312e-02 10.781 16.875 15.174 13.564 12.125 10.459 8.853 8.230 7.948
0.013 -0.05655 8.69897 0.2500000000 1.8403257998    0.250 -2.219  3.4973  4.996    0  0.000  0.545     0.00     0.00     0.00     0.00     0.00 -1 -4.85e-16      0.00 7.150e-01 2.719e-01 2.359e-03 6.364e-04 5.772e-03 -1.000 1.312e-02 10.317 15.897 14.324 12.747 11.425 9.899 8.426 7.802 7.529
0.013 -0.05655 8.69897 0.3000000119 1.9529139769    0.300 -2.065  3.5079  4.964    0  0.000  0.545     0.00     0.00     0.00     0.00     0.00 -1 -6.53e-16      0.00 7.149e-01 2.720e-01 2.359e-03 6.364e-04 5.772e-03 -1.000 1.312e-02 9.933 15.199 13.700 12.155 10.903 9.461 8.068 7.441 7.177
0.013 -0.05655 8.69897 0.3028048575 1.9584971692    0.303 -2.056  3.5085  4.961    0  0.000  0.545     0.00     0.00     0.00     0.00     0.00 -1 -6.67e-16      0.00 7.149e-01 2.720e-01 2.359e-03 6.364e-04 5.772e-03 -1.000 1.312e-02 9.910 15.158 13.663 12.121 10.872 9.434 8.045 7.418 7.155
0.013 -0.05655 8.69897 0.3500000238 2.0434175133    0.350 -1.918  3.5184  4.925    0  0.000  0.545     0.00     0.00     0.00     0.00     0.00 -1  -8.9e-16      0.00 7.152e-01 2.717e-01 2.359e-03 6.364e-04 5.772e-03 -1.000 1.312e-02 9.564 14.554 13.115 11.601 10.409 9.046 7.723 7.093 6.838
0.013 -0.05655 8.69897 0.4000000358 2.1185024810    0.400 -1.767  3.5296  4.877    0  0.000  0.545     0.00     0.00     0.00     0.00     0.00 -1 -1.24e-15      0.00 7.152e-01 2.717e-01 2.359e-03 6.364e-04 5.772e-03 -1.000 1.312e-02 9.186 13.929 12.535 11.049 9.912 8.629 7.374 6.737 6.490
0.013 -0.05655 8.69897 0.4353399277 2.1645736651    0.435 -1.656  3.5381  4.837    0  0.000  0.545     0.00     0.00     0.00     0.00     0.00 -1 -1.61e-15      0.00 7.152e-01 2.717e-01 2.359e-03 6.364e-04 5.772e-03 -1.000 1.312e-02 8.909 13.491 12.119 10.655 9.554 8.327 7.118 6.476 6.235
0.013 -0.05655 8.69897 0.4500000179 2.1822809362    0.450 -1.612  3.5415  4.821    0  0.000  0.545     0.00     0.00     0.00     0.00     0.00 -1 -1.78e-15      0.00 7.152e-01 2.717e-01 2.359e-03 6.364e-04 5.772e-03 -1.000 1.312e-02 8.801 13.325 11.960 10.503 9.415 8.210 7.018 6.374 6.136
0.013 -0.05655 8.69897 0.4576913416 2.1912737518    0.457 -1.587  3.5439  4.813    0  0.000  0.545     0.00     0.00     0.00     0.00     0.00 -1 -1.89e-15      0.00 7.152e-01 2.717e-01 2.359e-03 6.364e-04 5.772e-03 -1.000 1.312e-02 8.737 13.223 11.861 10.409 9.329 8.140 6.960 6.314 6.078
0.013 -0.05655 8.69897 0.5000000000 2.2374541529    0.500 -1.454  3.5567  4.769    0  0.000  0.545     0.00     0.00     0.00     0.00     0.00 -1 -2.58e-15      0.00 7.152e-01 2.717e-01 2.359e-03 6.364e-04 5.772e-03 -1.000 1.312e-02 8.404 12.705 11.351 9.920 8.883 7.778 6.661 6.007 5.780
0.013 -0.05655 8.69897 0.5500000119 2.2836582633    0.550 -1.290  3.5770  4.728    0  0.000  0.545     0.00     0.00     0.00     0.00     0.00 -1 -3.76e-15      0.00 7.163e-01 2.707e-01 2.350e-03 6.341e-04 5.750e-03 -1.000 1.309e-02 7.996 12.044 10.685 9.280 8.299 7.334 6.308 5.641 5.433
0.013 -0.05655 8.69897 0.6000000238 2.3211213258    0.600 -1.129  3.6007  4.699    0  0.000  0.545     0.00     0.00     0.00     0.00     0.00 -1  -5.4e-15      0.00 7.165e-01 2.705e-01 2.349e-03 6.337e-04 5.747e-03 -1.000 1.301e-02 7.592 11.382 10.009 8.650 7.725 6.904 5.964 5.279 5.107
0.013 -0.05655 8.69897 0.6499999762 2.3520353107    0.650 -0.968  3.6271  4.680    0  0.000  0.545     0.00     0.00     0.00     0.00     0.00 -1 -7.66e-15      0.00 7.167e-01 2.703e-01 2.347e-03 6.333e-04 5.744e-03 -1.000 1.306e-02 7.191 10.695 9.302 8.031 7.172 6.484 5.623 4.939 4.809
0.013 -0.05655 8.69897 0.7000000477 2.3779267258    0.700 -0.815  3.6536  4.664    0  0.000  0.545     0.00     0.00     0.00     0.00     0.00 -1 -1.07e-14      0.00 7.168e-01 2.701e-01 2.345e-03 6.328e-04 5.740e-03 -1.000 1.312e-02 6.807 9.846 8.564 7.419 6.648 6.086 5.309 4.665 4.568
0.013 -0.05655 8.69897 0.7027963996 2.3792501681    0.703 -0.806  3.6550  4.663    0  0.000  0.544     0.00     0.00     0.00     0.00     0.00 -1 -1.09e-14      0.00 7.169e-01 2.700e-01 2.343e-03 6.327e-04 5.739e-03 -1.000 1.312e-02 6.786 9.793 8.524 7.386 6.621 6.064 5.291 4.652 4.556
0.013 -0.05655 8.69897 0.7500000000 2.3998889087    0.750 -0.670  3.6810  4.659    0  0.000  0.538     0.00     0.00     0.00     0.00     0.00 -1 -1.45e-14      0.00 7.170e-01 2.699e-01 2.314e-03 6.318e-04 5.739e-03 -1.000 1.305e-02 6.446 8.853 7.854 6.847 6.187 5.709 5.031 4.474 4.394
0.013 -0.05655 8.69897 0.7995212078 2.4185568769    0.799 -0.541  3.7011  4.638    1  0.000  0.538     0.00     0.00     0.00     0.00     0.00 -1 -1.94e-14      0.00 7.173e-01 2.697e-01 2.312e-03 6.313e-04 5.734e-03 -1.000 1.305e-02 6.122 8.116 7.322 6.404 5.820 5.385 4.774 4.277 4.207
0.013 -0.05655 8.69897 0.8490424156 2.4347429970    0.849 -0.418  3.7197  4.616    1  0.000  0.538     0.00     0.00     0.00     0.00     0.00 -1 -2.56e-14      0.00 7.176e-01 2.694e-01 2.310e-03 6.307e-04 5.729e-03 -1.000 1.297e-02 5.815 7.457 6.852 6.009 5.485 5.085 4.535 4.090 4.028
0.013 -0.05655 8.69897 0.8985635638 2.4488947628    0.898 -0.302  3.7367  4.592    1  0.000  0.538     0.00     0.00     0.00     0.00     0.00 -1 -3.34e-14      0.00 7.180e-01 2.690e-01 2.307e-03 6.300e-04 5.723e-03 -1.000 1.303e-02 5.524 6.879 6.434 5.656 5.180 4.807 4.309 3.910 3.854
0.013 -0.05655 8.69897 0.9480847716 2.4613600277    0.948 -0.190  3.7518  4.564    1  0.000  0.537     0.00     0.00     0.00     0.00     0.00 -1 -4.34e-14      0.00 7.185e-01 2.685e-01 2.303e-03 6.290e-04 5.713e-03 -1.000 1.298e-02 5.246 6.341 6.049 5.334 4.901 4.552 4.098 3.734 3.686
0.013 -0.05655 8.69897 0.9976059794 2.4724129260    0.998 -0.082  3.7656  4.534    1  0.000  0.537     0.00     0.00     0.00     0.00     0.00 -1 -5.62e-14      0.00 7.193e-01 2.678e-01 2.298e-03 6.276e-04 5.701e-03 -1.000 1.294e-02 4.976 5.867 5.694 5.034 4.637 4.309 3.892 3.558 3.516
0.013 -0.05655 8.69897 1.0471271276 2.4822722586    1.047  0.021  3.7779  4.501    1  0.000  0.537     0.00     0.00     0.00     0.00     0.00 -1 -6.73e-14      0.00 7.203e-01 2.668e-01 2.290e-03 6.254e-04 5.682e-03 -1.000 1.287e-02 4.718 5.446 5.361 4.756 4.389 4.081 3.696 3.389 3.353
0.013 -0.05655 8.69897 1.0570905209 2.4841279672    1.056  0.041  3.7802  4.494    1  0.000  0.537     0.00     0.00     0.00     0.00     0.00 -1 -6.96e-14      0.00 7.206e-01 2.665e-01 2.288e-03 6.248e-04 5.676e-03 -1.000 1.286e-02 4.668 5.367 5.297 4.702 4.341 4.036 3.657 3.355 3.320
0.013 -0.05655 8.69897 1.0966484547 2.4911146919    1.096  0.120  3.7890  4.466    1  0.000  0.537     0.00     0.00     0.00     0.00     0.00 -1 -7.95e-14      0.00 7.220e-01 2.652e-01 2.278e-03 6.222e-04 5.653e-03 -1.000 1.282e-02 4.471 5.078 5.053 4.495 4.154 3.864 3.506 3.221 3.190
0.013 -0.05655 8.69897 1.1461695433 2.4990841818    1.145  0.215  3.7993  4.432    1  0.000  0.537     0.00     0.00     0.00     0.00     0.00 -1 -9.24e-14      0.00 7.237e-01 2.635e-01 2.267e-03 6.193e-04 5.627e-03 -1.000 1.278e-02 4.233 4.747 4.763 4.248 3.930 3.656 3.322 3.058 3.031
0.013 -0.05655 8.69897 1.1956908703 2.5062993490    1.195  0.306  3.8091  4.398    1  0.000  0.537     0.00     0.00     0.00     0.00     0.00 -1 -1.06e-13      0.00 7.235e-01 2.637e-01 2.272e-03 6.206e-04 5.639e-03 -1.000 1.280e-02 4.005 4.445 4.488 4.014 3.716 3.457 3.146 2.900 2.877
0.013 -0.05655 8.69897 1.2452119589 2.5128585200    1.245  0.392  3.8184  4.366    1  0.000  0.537     0.00     0.00     0.00     0.00     0.00 -1 -1.18e-13      0.00 7.237e-01 2.635e-01 2.271e-03 6.204e-04 5.637e-03 -1.000 1.282e-02 3.790 4.177 4.231 3.792 3.513 3.269 2.979 2.752 2.731
0.013 -0.05655 8.69897 1.2947330475 2.5188440396    1.295  0.474  3.8276  4.338    1  0.000  0.537     0.00     0.00     0.00     0.00     0.00 -1 -1.29e-13      0.00 7.238e-01 2.634e-01 2.270e-03 6.202e-04 5.635e-03 -1.000 1.280e-02 3.585 3.931 3.988 3.580 3.319 3.090 2.822 2.613 2.594
0.013 -0.05655 8.69897 1.3442542553 2.5243252649    1.344  0.552  3.8371  4.314    1  0.000  0.537     0.00     0.00     0.00     0.00     0.00 -1 -1.36e-13      0.00 7.235e-01 2.637e-01 2.272e-03 6.208e-04 5.641e-03 -1.000 1.282e-02 3.389 3.702 3.756 3.378 3.136 2.923 2.676 2.486 2.469
0.013 -0.05655 8.69897 1.3937754631 2.5293609890    1.394  0.627  3.8472  4.296    1  0.000  0.537     0.00     0.00     0.00     0.00     0.00 -1  -1.4e-13      0.00 7.238e-01 2.634e-01 2.270e-03 6.203e-04 5.636e-03 -1.000 1.281e-02 3.203 3.487 3.533 3.186 2.963 2.768 2.544 2.374 2.358
0.013 -0.05655 8.69897 1.4355770350 2.5333022123    1.436  0.687  3.8569  4.288    1  0.000  0.537     0.00     0.00     0.00     0.00     0.00 -1 -1.38e-13      0.00 7.239e-01 2.633e-01 2.269e-03 6.199e-04 5.633e-03 -1.000 1.280e-02 3.052 3.313 3.350 3.030 2.827 2.649 2.446 2.294 2.280
0.013 -0.05655 8.69897 1.4432967901 2.5340014006    1.443  0.698  3.8586  4.286    1  0.000  0.537     0.00     0.00     0.00     0.00     0.00 -1 -1.37e-13      0.00 7.239e-01 2.633e-01 2.269e-03 6.199e-04 5.633e-03 -1.000 1.280e-02 3.025 3.282 3.317 3.002 2.802 2.627 2.428 2.280 2.265
0.013 -0.05655 8.69897 1.4812117815 2.5373140873    1.481  0.751  3.8686  4.284    1  0.000  0.537     0.00     0.00     0.00     0.00     0.00 -1  -1.3e-13      0.00 7.241e-01 2.631e-01 2.268e-03 6.196e-04 5.630e-03 -1.000 1.283e-02 2.892 3.132 3.154 2.866 2.685 2.528 2.351 2.221 2.207
0.013 -0.05655 8.69897 1.4928178787 2.5382895241    1.493  0.767  3.8716  4.283    1  0.000  0.537     0.00     0.00     0.00     0.00     0.00 -1 -1.28e-13      0.00 7.241e-01 2.630e-01 2.267e-03 6.195e-04 5.629e-03 -1.000 1.283e-02 2.853 3.087 3.106 2.825 2.650 2.499 2.327 2.203 2.189
0.013 -0.05655 8.69897 1.5423390865 2.5422625332    1.542  0.833  3.8846  4.283    1  0.000  0.537     0.00     0.00     0.00     0.00     0.00 -1 -1.11e-13      0.00 7.244e-01 2.628e-01 2.266e-03 6.191e-04 5.626e-03 -1.000 1.283e-02 2.687 2.904 2.904 2.657 2.508 2.380 2.235 2.133 2.121
0.013 -0.05655 8.69897 1.5521670580 2.5430164233    1.552  0.846  3.8870  4.283    1  0.000  0.537     0.00     0.00     0.00     0.00     0.00 -1 -1.06e-13      0.00 7.244e-01 2.627e-01 2.266e-03 6.190e-04 5.625e-03 -1.000 1.283e-02 2.655 2.869 2.866 2.624 2.481 2.357 2.217 2.120 2.108
0.013 -0.05655 8.69897 1.5918604136 2.5459526227    1.591  0.897  3.8965  4.281    1  0.000  0.537     0.00     0.00     0.00     0.00     0.00 -1 -8.67e-14      0.00 7.246e-01 2.626e-01 2.264e-03 6.187e-04 5.623e-03 -1.000 1.280e-02 2.528 2.732 2.715 2.498 2.374 2.268 2.146 2.064 2.053
0.013 -0.05655 8.69897 1.6413816214 2.5493878142    1.641  0.958  3.9071  4.276    1  0.000  0.537     0.00     0.00     0.00     0.00     0.00 -1 -5.21e-14      0.00 7.247e-01 2.624e-01 2.263e-03 6.185e-04 5.620e-03 -1.000 1.282e-02 2.376 2.570 2.539 2.351 2.247 2.160 2.058 1.992 1.982
0.013 -0.05655 8.69897 1.6512318850 2.5500429145    1.651  0.969  3.9090  4.274    1  0.000  0.537     0.00     0.00     0.00     0.00     0.00 -1 -9.22e-17      0.00 7.248e-01 2.624e-01 2.263e-03 6.184e-04 5.620e-03 -1.000 1.281e-02 2.347 2.539 2.506 2.323 2.223 2.139 2.041 1.977 1.967
0.013 -0.05655 8.69897 1.6909027100 2.5525926335    1.690  1.016  3.9164  4.268    1  0.000  0.537     0.00     0.00     0.00     0.00     0.00 -1  -1.1e-27      0.00 7.249e-01 2.624e-01 2.263e-03 6.183e-04 5.619e-03 -1.000 1.272e-02 2.230 2.416 2.374 2.213 2.127 2.055 1.970 1.916 1.907
0.013 -0.05655 8.69897 1.7287752628 2.5549016376    1.728  1.059  3.9230  4.260    1  0.000  0.537     0.00     0.00     0.00     0.00     0.00 -1  -5.1e-30      0.00 7.249e-01 2.623e-01 2.262e-03 6.182e-04 5.618e-03 -1.000 1.279e-02 2.122 2.302 2.255 2.112 2.038 1.977 1.903 1.858 1.848
0.013 -0.05655 8.69897 1.7404239178 2.5555886324    1.739  1.073  3.9249  4.257    1  0.000  0.537     0.00     0.00     0.00     0.00     0.00 -1    -1e-30      0.00 7.249e-01 2.622e-01 2.262e-03 6.181e-04 5.617e-03 -1.000 1.281e-02 2.089 2.267 2.219 2.081 2.011 1.953 1.882 1.839 1.830
0.013 -0.05655 8.69897 1.7899448872 2.5583947754    1.789  1.128  3.9326  4.245    1  0.000  0.537     0.00     0.00     0.00     0.00     0.00 -1    -1e-30      0.00 7.250e-01 2.622e-01 2.262e-03 6.180e-04 5.616e-03 -1.000 1.281e-02 1.951 2.122 2.071 1.956 1.899 1.852 1.793 1.759 1.750
0.013 -0.05655 8.69897 1.8094666004 2.5594525676    1.808  1.149  3.9355  4.240    1  0.000  0.537     0.00     0.00     0.00     0.00     0.00 -1    -1e-30      0.00 7.250e-01 2.622e-01 2.262e-03 6.180e-04 5.616e-03 -1.000 1.281e-02 1.897 2.065 2.016 1.908 1.856 1.813 1.759 1.727 1.719
0.013 -0.05655 8.69897 1.8394663334 2.5610278983    1.838  1.182  3.9398  4.232    1  0.000  0.537     0.00     0.00     0.00     0.00     0.00 -1    -1e-30      0.00 7.251e-01 2.621e-01 2.261e-03 6.179e-04 5.615e-03 -1.000 1.277e-02 1.815 1.979 1.931 1.835 1.790 1.752 1.705 1.678 1.670
0.013 -0.05655 8.69897 1.8700072765 2.5625720862    1.869  1.215  3.9440  4.222    1  0.000  0.537     0.00     0.00     0.00     0.00     0.00 -1    -1e-30      0.00 7.251e-01 2.621e-01 2.261e-03 6.179e-04 5.615e-03 -1.000 1.277e-02 1.732 1.893 1.850 1.763 1.724 1.691 1.650 1.626 1.619
0.013 -0.05655 8.69897 1.8889875412 2.5635028726    1.888  1.235  3.9464  4.216    1  0.000  0.537     0.00     0.00     0.00     0.00     0.00 -1    -1e-30      0.00 7.251e-01 2.621e-01 2.261e-03 6.179e-04 5.615e-03 -1.000 1.277e-02 1.681 1.839 1.799 1.719 1.682 1.653 1.615 1.593 1.587
0.013 -0.05655 8.69897 1.9259095192 2.5652532217    1.925  1.275  3.9512  4.204    1  0.000  0.537     0.00     0.00     0.00     0.00     0.00 -1    -1e-30      0.00 7.251e-01 2.621e-01 2.261e-03 6.179e-04 5.615e-03 -1.000 1.276e-02 1.583 1.736 1.703 1.633 1.603 1.579 1.548 1.531 1.525
0.013 -0.05655 8.69897 1.9385845661 2.5658364534    1.938  1.288  3.9527  4.200    1  0.000  0.537     0.00     0.00     0.00     0.00     0.00 -1    -1e-30      0.00 7.251e-01 2.621e-01 2.261e-03 6.179e-04 5.615e-03 -1.000 1.276e-02 1.549 1.701 1.670 1.605 1.576 1.554 1.525 1.509 1.503
0.013 -0.05655 8.69897 1.9663009644 2.5670817250    1.966  1.317  3.9560  4.190    1  0.000  0.537     0.00     0.00     0.00     0.00     0.00 -1    -1e-30      0.00 7.251e-01 2.621e-01 2.262e-03 6.179e-04 5.615e-03 -1.000 1.278e-02 1.476 1.626 1.601 1.542 1.517 1.499 1.474 1.460 1.455
0.013 -0.05655 8.69897 1.9881817102 2.5680366548    1.988  1.340  3.9584  4.182    1  0.000  0.537     0.00     0.00     0.00     0.00     0.00 -1    -1e-30      0.00 7.251e-01 2.621e-01 2.262e-03 6.179e-04 5.616e-03 -1.000 1.279e-02 1.419 1.567 1.546 1.493 1.471 1.454 1.433 1.421 1.416
0.013 -0.05655 8.69897 2.0228369236 2.5695005923    2.022  1.376  3.9622  4.168    1  0.000  0.537     0.00     0.00     0.00     0.00     0.00 -1    -1e-30      0.00 7.251e-01 2.621e-01 2.262e-03 6.179e-04 5.615e-03 -1.000 1.279e-02 1.329 1.474 1.460 1.416 1.397 1.385 1.369 1.359 1.356
0.013 -0.05655 8.69897 2.0377788544 2.5701141445    2.037  1.392  3.9638  4.162    1  0.000  0.537     0.00     0.00     0.00     0.00     0.00 -1    -1e-30      0.00 7.251e-01 2.621e-01 2.262e-03 6.179e-04 5.615e-03 -1.000 1.280e-02 1.290 1.434 1.424 1.383 1.366 1.355 1.340 1.332 1.329
0.013 -0.05655 8.69897 2.0843775272 2.5719628010    2.083  1.440  3.9681  4.141    1  0.000  0.537     0.00     0.00     0.00     0.00     0.00 -1    -1e-30      0.00 7.251e-01 2.622e-01 2.262e-03 6.180e-04 5.616e-03 -1.000 1.278e-02 1.170 1.311 1.310 1.278 1.266 1.259 1.250 1.244 1.242
0.013 -0.05655 8.69897 2.0873758793 2.5720785052    2.086  1.443  3.9684  4.140    1  0.000  0.537     0.00     0.00     0.00     0.00     0.00 -1    -1e-30      0.00 7.250e-01 2.622e-01 2.262e-03 6.180e-04 5.616e-03 -1.000 1.278e-02 1.162 1.303 1.303 1.271 1.259 1.253 1.244 1.238 1.236
0.013 -0.05655 8.69897 2.1345796585 2.5738509094    2.133  1.492  3.9722  4.116    1  0.000  0.537     0.00     0.00     0.00     0.00     0.00 -1    -1e-30      0.00 7.250e-01 2.622e-01 2.262e-03 6.181e-04 5.617e-03 -1.000 1.276e-02 1.041 1.180 1.188 1.165 1.156 1.153 1.149 1.146 1.144
0.013 -0.05655 8.69897 2.1369731426 2.5739383840    2.136  1.494  3.9723  4.115    1  0.000  0.537     0.00     0.00     0.00     0.00     0.00 -1    -1e-30      0.00 7.250e-01 2.622e-01 2.262e-03 6.181e-04 5.617e-03 -1.000 1.276e-02 1.035 1.174 1.182 1.160 1.151 1.148 1.144 1.141 1.140
0.013 -0.05655 8.69897 2.1865701675 2.5757015577    2.185  1.545  3.9756  4.087    1  0.000  0.537     0.00     0.00     0.00     0.00     0.00 -1    -1e-30      0.00 7.250e-01 2.623e-01 2.262e-03 6.182e-04 5.618e-03 -1.000 1.274e-02 0.908 1.045 1.062 1.047 1.041 1.041 1.041 1.039 1.039
0.013 -0.05655 8.69897 2.2140166759 2.5766383274    2.212  1.573  3.9773  4.071    1  0.000  0.537     0.00     0.00     0.00     0.00     0.00 -1    -1e-30      0.00 7.249e-01 2.623e-01 2.263e-03 6.183e-04 5.618e-03 -1.000 1.275e-02 0.838 0.974 0.995 0.984 0.979 0.980 0.982 0.981 0.982
0.013 -0.05655 8.69897 2.2361671925 2.5773750888    2.235  1.595  3.9784  4.058    1  0.000  0.537     0.00     0.00     0.00     0.00     0.00 -1    -1e-30      0.00 7.249e-01 2.623e-01 2.263e-03 6.183e-04 5.619e-03 -1.000 1.275e-02 0.782 0.917 0.941 0.932 0.928 0.931 0.934 0.934 0.934
0.013 -0.05655 8.69897 2.2442305088 2.5776391388    2.243  1.603  3.9788  4.053    1  0.000  0.537     0.00     0.00     0.00     0.00     0.00 -1    -1e-30      0.00 7.249e-01 2.623e-01 2.263e-03 6.183e-04 5.619e-03 -1.000 1.276e-02 0.761 0.896 0.921 0.913 0.910 0.913 0.916 0.916 0.917
0.013 -0.05655 8.69897 2.2857642174 2.5789653752    2.284  1.646  3.9802  4.024    1  0.000  0.537     0.00     0.00     0.00     0.00     0.00 -1    -1e-30      0.00 7.248e-01 2.624e-01 2.264e-03 6.185e-04 5.620e-03 -1.000 1.283e-02 0.656 0.788 0.817 0.813 0.811 0.815 0.820 0.821 0.822
0.013 -0.05655 8.69897 2.2910335064 2.5791296835    2.290  1.651  3.9803  4.020    1  0.000  0.537     0.00     0.00     0.00     0.00     0.00 -1    -1e-30      0.00 7.248e-01 2.624e-01 2.264e-03 6.185e-04 5.620e-03 -1.000 1.283e-02 0.642 0.774 0.803 0.801 0.798 0.802 0.808 0.809 0.810
0.013 -0.05655 8.69897 2.3422462940 2.5806824303    2.341  1.703  3.9805  3.978    1  0.000  0.537     0.00     0.00     0.00     0.00     0.00 -1    -1e-30      0.00 7.247e-01 2.625e-01 2.264e-03 6.186e-04 5.622e-03 -1.000 1.279e-02 0.512 0.641 0.671 0.671 0.670 0.674 0.679 0.680 0.681
0.013 -0.05655 8.69897 2.3849587440 2.5819189694    2.384  1.746  3.9797  3.940    1  0.000  0.537     0.00     0.00     0.00     0.00     0.00 -1    -1e-30      0.00 7.246e-01 2.626e-01 2.265e-03 6.188e-04 5.624e-03 -1.000 1.276e-02 0.404 0.530 0.559 0.560 0.558 0.561 0.566 0.567 0.568
0.013 -0.05655 8.69897 2.4176590443 2.5828317712    2.416  1.779  3.9786  3.909    1  0.000  0.537     0.00     0.00     0.00     0.00     0.00 -1    -1e-30      0.00 7.234e-01 2.638e-01 2.273e-03 6.212e-04 5.645e-03 -1.000 1.281e-02 0.322 0.446 0.473 0.474 0.471 0.474 0.477 0.477 0.478
0.013 -0.05655 8.69897 2.4567103386 2.5838853258    2.456  1.818  3.9757  3.864    1  0.000  0.537     0.00     0.00     0.00     0.00     0.00 -1    -1e-30      0.00 7.217e-01 2.654e-01 2.285e-03 6.241e-04 5.671e-03 -1.000 1.291e-02 0.224 0.344 0.365 0.364 0.359 0.360 0.359 0.358 0.358
0.013 -0.05655 8.69897 2.4976243973 2.5849485931    2.497  1.859  3.9710  3.812    1  0.000  0.537     0.00     0.00     0.00     0.00     0.00 -1    -1e-30      0.00 7.200e-01 2.671e-01 2.297e-03 6.274e-04 5.699e-03 -1.000 1.296e-02 0.121 0.239 0.247 0.242 0.234 0.232 0.225 0.221 0.220
0.013 -0.05655 8.69897 2.5350611210 2.5858869919    2.534  1.897  3.9649  3.757    1  0.000  0.537     0.00     0.00     0.00     0.00     0.00 -1    -1e-30      0.00 7.183e-01 2.687e-01 2.308e-03 6.304e-04 5.727e-03 -1.000 1.301e-02 0.028 0.144 0.138 0.125 0.113 0.106 0.092 0.084 0.082
0.013 -0.05655 8.69897 2.5642230511 2.5865961806    2.563  1.926  3.9583  3.706    1  0.000  0.537     0.00     0.00     0.00     0.00     0.00 -1    -1e-30      0.00 7.169e-01 2.700e-01 2.317e-03 6.329e-04 5.748e-03 -1.000 1.306e-02 -0.044 0.073 0.049 0.028 0.011 -0.002 -0.025 -0.036 -0.040
0.013 -0.05655 8.69897 2.5833468437 2.5870512684    2.583  1.944  3.9529  3.669    1  0.000  0.538     0.00     0.00     0.00     0.00     0.00 -1    -1e-30      0.00 7.160e-01 2.709e-01 2.323e-03 6.345e-04 5.763e-03 -1.000 1.309e-02 -0.091 0.029 -0.009 -0.038 -0.059 -0.076 -0.107 -0.122 -0.127
0.013 -0.05655 8.69897 2.5969533920 2.5873703738    2.596  1.958  3.9487  3.641    1  0.000  0.538     0.00     0.00     0.00     0.00     0.00 -1    -1e-30      0.00 7.160e-01 2.709e-01 2.324e-03 6.346e-04 5.764e-03 -1.000 1.310e-02 -0.124 -0.002 -0.051 -0.086 -0.111 -0.131 -0.168 -0.185 -0.192
0.013 -0.05655 8.69897 2.6194431782 2.5878894628    2.619  1.979  3.9407  3.592    1  0.000  0.538     0.00     0.00     0.00     0.00     0.00 -1    -1e-30      0.00 7.159e-01 2.710e-01 2.324e-03 6.347e-04 5.765e-03 -1.000 1.310e-02 -0.179 -0.048 -0.117 -0.165 -0.198 -0.226 -0.275 -0.298 -0.305
0.013 -0.05655 8.69897 2.6394920349 2.5883436463    2.639  1.999  3.9324  3.542    1  0.000  0.538     0.00     0.00     0.00     0.00     0.00 -1    -1e-30      0.00 7.158e-01 2.711e-01 2.325e-03 6.348e-04 5.766e-03 -1.000 1.310e-02 -0.228 -0.086 -0.175 -0.237 -0.279 -0.317 -0.378 -0.408 -0.417
0.013 -0.05655 8.69897 2.6596419811 2.5887921947    2.659  2.023  3.9251  3.492    1  0.000  0.538     0.00     0.00     0.00     0.00     0.00 -1    -1e-30      0.00 7.157e-01 2.712e-01 2.325e-03 6.350e-04 5.767e-03 -1.000 1.311e-02 -0.287 -0.132 -0.235 -0.312 -0.363 -0.409 -0.483 -0.519 -0.530
0.013 -0.05655 8.69897 2.6693658829 2.5890058701    2.669  2.036  3.9228  3.472    1  0.000  0.538     0.00     0.00     0.00     0.00     0.00 -1    -1e-30      0.00 7.157e-01 2.712e-01 2.325e-03 6.350e-04 5.767e-03 -1.000 1.311e-02 -0.320 -0.162 -0.268 -0.349 -0.404 -0.452 -0.530 -0.568 -0.580
0.013 -0.05655 8.69897 2.6757738590 2.5891457047    2.675  2.051  3.9265  3.472    1  0.000  0.538     0.00     0.00     0.00     0.00     0.00 -1    -1e-30      0.00 7.157e-01 2.712e-01 2.325e-03 6.351e-04 5.768e-03 -1.000 1.311e-02 -0.358 -0.208 -0.309 -0.380 -0.429 -0.474 -0.545 -0.580 -0.590
0.013 -0.05655 8.69897 2.6809830666 2.5892588135    2.680  2.073  3.9368  3.492    1  0.000  0.538     0.00     0.00     0.00     0.00     0.00 -1    -1e-30      0.00 7.156e-01 2.713e-01 2.326e-03 6.351e-04 5.768e-03 -1.000 1.311e-02 -0.413 -0.282 -0.362 -0.411 -0.447 -0.479 -0.534 -0.559 -0.568
0.013 -0.05655 8.69897 2.6828675270 2.5892996068    2.682  2.092  3.9477  3.518    1  0.000  0.538     0.00     0.00     0.00     0.00     0.00 -1    -1e-30      0.00 7.156e-01 2.713e-01 2.326e-03 6.351e-04 5.768e-03 -1.000 1.311e-02 -0.459 -0.344 -0.396 -0.424 -0.449 -0.470 -0.508 -0.526 -0.532
0.013 -0.05655 8.69897 2.6837651730 2.5893190152    2.683  2.109  3.9580  3.541    1  0.000  0.538     0.00     0.00     0.00     0.00     0.00 -1    -1e-30      0.00 7.156e-01 2.713e-01 2.326e-03 6.351e-04 5.768e-03 -1.000 1.311e-02 -0.503 -0.398 -0.421 -0.432 -0.447 -0.459 -0.484 -0.495 -0.498
0.013 -0.05655 8.69897 2.6842741966 2.5893300144    2.684  2.128  3.9680  3.563    1  0.000  0.538     0.00     0.00     0.00     0.00     0.00 -1    -1e-30      0.00 7.156e-01 2.713e-01 2.326e-03 6.351e-04 5.768e-03 -1.000 1.311e-02 -0.549 -0.450 -0.444 -0.440 -0.448 -0.452 -0.463 -0.468 -0.469
0.013 -0.05655 8.69897 2.6846039295 2.5893371369    2.684  2.150  3.9786  3.583    1  0.000  0.538     0.00     0.00     0.00     0.00     0.00 -1    -1e-30      0.00 7.156e-01 2.713e-01 2.326e-03 6.351e-04 5.768e-03 -1.000 1.311e-02 -0.606 -0.509 -0.472 -0.452 -0.454 -0.451 -0.448 -0.448 -0.446
0.013 -0.05655 8.69897 2.6848180294 2.5893417605    2.684  2.172  3.9878  3.598    1  0.000  0.538     0.00     0.00     0.00     0.00     0.00 -1    -1e-30      0.00 7.156e-01 2.713e-01 2.326e-03 6.351e-04 5.768e-03 -1.000 1.311e-02 -0.660 -0.563 -0.497 -0.467 -0.463 -0.454 -0.440 -0.436 -0.431
0.013 -0.05655 8.69897 2.6849064827 2.5893436704    2.684  2.176  3.9904  3.605    1  0.000  0.538     0.00     0.00     0.00     0.00     0.00 -1    -1e-30      0.00 7.156e-01 2.713e-01 2.326e-03 6.351e-04 5.768e-03 -1.000 1.311e-02 -0.670 -0.573 -0.498 -0.465 -0.460 -0.449 -0.432 -0.427 -0.421
0.013 -0.05655 8.69897 2.6850099564 2.5893459045    2.685  2.145  3.9832  3.607    2  0.000  0.538     0.00     0.00     0.00     0.00     0.00 -1    -1e-30      0.00 7.156e-01 2.713e-01 2.326e-03 6.351e-04 5.768e-03 -1.000 1.311e-02 -0.592 -0.494 -0.442 -0.419 -0.417 -0.411 -0.403 -0.401 -0.397
0.013 -0.05655 8.69897 2.6850838661 2.5893475002    2.685  2.121  3.9746  3.597    2  0.000  0.538     0.00     0.00     0.00     0.00     0.00 -1    -1e-30      0.00 7.156e-01 2.713e-01 2.326e-03 6.351e-04 5.768e-03 -1.000 1.311e-02 -0.531 -0.433 -0.407 -0.395 -0.398 -0.398 -0.400 -0.403 -0.402
0.013 -0.05655 8.69897 2.6851732731 2.5893494303    2.685  2.106  3.9630  3.565    2  0.000  0.538     0.00     0.00     0.00     0.00     0.00 -1    -1e-30      0.00 7.156e-01 2.713e-01 2.326e-03 6.351e-04 5.768e-03 -1.000 1.311e-02 -0.496 -0.393 -0.402 -0.406 -0.418 -0.426 -0.443 -0.452 -0.454
0.013 -0.05655 8.69897 2.6852712631 2.5893515455    2.685  2.108  3.9515  3.517    2  0.000  0.538     0.00     0.00     0.00     0.00     0.00 -1    -1e-30      0.00 7.156e-01 2.713e-01 2.326e-03 6.351e-04 5.768e-03 -1.000 1.311e-02 -0.501 -0.391 -0.432 -0.453 -0.474 -0.491 -0.525 -0.540 -0.545
0.013 -0.05655 8.69897 2.6853864193 2.5893540311    2.685  2.119  3.9399  3.460    2  0.000  0.538     0.00     0.00     0.00     0.00     0.00 -1    -1e-30      0.00 7.156e-01 2.713e-01 2.326e-03 6.351e-04 5.768e-03 -1.000 1.311e-02 -0.526 -0.404 -0.476 -0.516 -0.548 -0.576 -0.626 -0.649 -0.657
0.013 -0.05655 8.69897 2.6855165958 2.5893568406    2.685  2.128  3.9282  3.404    2  0.000  0.538     0.00     0.00     0.00     0.00     0.00 -1    -1e-30      0.00 7.156e-01 2.713e-01 2.326e-03 6.351e-04 5.768e-03 -1.000 1.311e-02 -0.550 -0.409 -0.506 -0.570 -0.615 -0.656 -0.725 -0.758 -0.768
0.013 -0.05655 8.69897 2.6856579781 2.5893598915    2.685  2.134  3.9165  3.351    2  0.000  0.538     0.00     0.00     0.00     0.00     0.00 -1    -1e-30      0.00 7.156e-01 2.713e-01 2.326e-03 6.351e-04 5.768e-03 -1.000 1.311e-02 -0.564 -0.399 -0.516 -0.606 -0.668 -0.724 -0.812 -0.857 -0.869
0.013 -0.05655 8.69897 2.6858096123 2.5893631633    2.685  2.136  3.9048  3.302    2  0.000  0.538     0.00     0.00     0.00     0.00     0.00 -1    -1e-30      0.00 7.156e-01 2.713e-01 2.326e-03 6.351e-04 5.768e-03 -1.000 1.311e-02 -0.570 -0.380 -0.509 -0.628 -0.709 -0.782 -0.891 -0.949 -0.963
0.013 -0.05655 8.69897 2.6859691143 2.5893666043    2.685  2.136  3.8930  3.255    2  0.000  0.538     0.00     0.00     0.00     0.00     0.00 -1    -1e-30      0.00 7.156e-01 2.713e-01 2.326e-03 6.351e-04 5.768e-03 -1.000 1.311e-02 -0.570 -0.353 -0.487 -0.640 -0.742 -0.833 -0.963 -1.036 -1.052
0.013 -0.05655 8.69897 2.6861336231 2.5893701529    2.686  2.134  3.8812  3.209    2  0.000  0.538     0.00     0.00     0.00     0.00     0.00 -1    -1e-30      0.00 7.156e-01 2.713e-01 2.326e-03 6.351e-04 5.768e-03 -1.000 1.311e-02 -0.566 -0.320 -0.450 -0.641 -0.766 -0.877 -1.030 -1.119 -1.137
0.013 -0.05655 8.69897 2.6863002777 2.5893737473    2.686  2.131  3.8694  3.166    2  0.000  0.538     0.00     0.00     0.00     0.00     0.00 -1    -1e-30      0.00 7.156e-01 2.713e-01 2.326e-03 6.351e-04 5.768e-03 -1.000 1.311e-02 -0.558 -0.280 -0.403 -0.634 -0.783 -0.915 -1.091 -1.199 -1.219
0.013 -0.05655 8.69897 2.6864662170 2.5893773257    2.686  2.127  3.8576  3.123    2  0.000  0.538     0.00     0.00     0.00     0.00     0.00 -1    -1e-30      0.00 7.156e-01 2.713e-01 2.326e-03 6.351e-04 5.768e-03 -1.000 1.311e-02 -0.546 -0.235 -0.350 -0.620 -0.794 -0.947 -1.148 -1.276 -1.298
0.013 -0.05655 8.69897 2.6866292953 2.5893808420    2.686  2.121  3.8457  3.081    2  0.000  0.538     0.00     0.00     0.00     0.00     0.00 -1    -1e-30      0.00 7.156e-01 2.713e-01 2.326e-03 6.351e-04 5.768e-03 -1.000 1.311e-02 -0.532 -0.182 -0.291 -0.599 -0.798 -0.973 -1.200 -1.350 -1.374
0.013 -0.05655 8.69897 2.6867876053 2.5893842549    2.686  2.114  3.8339  3.041    2  0.000  0.538     0.00     0.00     0.00     0.00     0.00 -1    -1e-30      0.00 7.156e-01 2.713e-01 2.326e-03 6.351e-04 5.768e-03 -1.000 1.311e-02 -0.516 -0.122 -0.227 -0.573 -0.797 -0.995 -1.248 -1.421 -1.446
0.013 -0.05655 8.69897 2.6869399548 2.5893875389    2.686  2.107  3.8222  3.001    2  0.000  0.538     0.00     0.00     0.00     0.00     0.00 -1    -1e-30      0.00 7.156e-01 2.713e-01 2.326e-03 6.351e-04 5.768e-03 -1.000 1.311e-02 -0.497 -0.052 -0.155 -0.543 -0.792 -1.011 -1.291 -1.488 -1.515
0.013 -0.05655 8.69897 2.6870863438 2.5893906941    2.687  2.099  3.8108  2.964    2  0.000  0.538     0.00     0.00     0.00     0.00     0.00 -1    -1e-30      0.00 7.156e-01 2.713e-01 2.326e-03 6.351e-04 5.768e-03 -1.000 1.311e-02 -0.477 0.027 -0.079 -0.510 -0.783 -1.023 -1.330 -1.550 -1.580
0.013 -0.05655 8.69897 2.6872262955 2.5893937101    2.687  2.090  3.7998  2.929    2  0.000  0.538     0.00     0.00     0.00     0.00     0.00 -1    -1e-30      0.00 7.156e-01 2.713e-01 2.326e-03 6.351e-04 5.768e-03 -1.000 1.311e-02 -0.454 0.123 0.002 -0.474 -0.772 -1.032 -1.364 -1.607 -1.641
0.013 -0.05655 8.69897 2.6873641014 2.5893966795    2.687  2.079  3.7895  2.898    2  0.000  0.538     0.00     0.00     0.00     0.00     0.00 -1    -1e-30      0.00 7.156e-01 2.713e-01 2.326e-03 6.351e-04 5.768e-03 -1.000 1.311e-02 -0.429 0.228 0.089 -0.434 -0.755 -1.033 -1.392 -1.657 -1.694
0.013 -0.05655 8.69897 2.6875102520 2.5893998284    2.687  2.067  3.7794  2.870    2  0.000  0.538     0.00     0.00     0.00     0.00     0.00 -1    -1e-30      0.00 7.156e-01 2.713e-01 2.326e-03 6.351e-04 5.768e-03 -1.000 1.311e-02 -0.398 0.344 0.182 -0.387 -0.730 -1.027 -1.411 -1.699 -1.739
0.013 -0.05655 8.69897 2.6876738071 2.5894033517    2.687  2.051  3.7695  2.846    2  0.000  0.538     0.00     0.00     0.00     0.00     0.00 -1    -1e-30      0.00 7.156e-01 2.713e-01 2.326e-03 6.351e-04 5.768e-03 -1.000 1.311e-02 -0.358 0.483 0.290 -0.326 -0.694 -1.009 -1.420 -1.733 -1.776
0.013 -0.05655 8.69897 2.6878857613 2.5894079170    2.687  2.027  3.7586  2.827    2  0.000  0.538     0.00     0.00     0.00     0.00     0.00 -1    -1e-30      0.00 7.156e-01 2.713e-01 2.326e-03 6.351e-04 5.768e-03 -1.000 1.311e-02 -0.297 0.656 0.425 -0.241 -0.633 -0.968 -1.410 -1.749 -1.796
0.013 -0.05655 8.69897 2.6880671978 2.5894118243    2.688  2.002  3.7505  2.820    2  0.000  0.538     0.00     0.00     0.00     0.00     0.00 -1    -1e-30      0.00 7.156e-01 2.713e-01 2.326e-03 6.352e-04 5.769e-03 -1.000 1.311e-02 -0.234 0.808 0.543 -0.157 -0.567 -0.917 -1.382 -1.742 -1.792
0.013 -0.05655 8.69897 2.6882531643 2.5894158285    2.688  1.972  3.7428  2.818    2  0.000  0.538     0.00     0.00     0.00     0.00     0.00 -1    -1e-30      0.00 7.155e-01 2.714e-01 2.326e-03 6.353e-04 5.770e-03 -1.000 1.311e-02 -0.161 0.973 0.669 -0.061 -0.489 -0.853 -1.341 -1.723 -1.774
0.013 -0.05655 8.69897 2.6884231567 2.5894194882    2.688  1.944  3.7362  2.821    2  0.000  0.538     0.00     0.00     0.00     0.00     0.00 -1    -1e-30      0.00 7.154e-01 2.715e-01 2.327e-03 6.354e-04 5.771e-03 -1.000 1.311e-02 -0.089 1.128 0.787 0.029 -0.413 -0.788 -1.296 -1.696 -1.749
0.013 -0.05655 8.69897 2.6886479855 2.5894243277    2.688  1.909  3.7280  2.823    2  0.000  0.538     0.00     0.00     0.00     0.00     0.00 -1    -1e-30      0.00 7.153e-01 2.715e-01 2.327e-03 6.355e-04 5.772e-03 -1.000 1.312e-02 -0.002 1.331 0.937 0.143 -0.319 -0.708 -1.241 -1.664 -1.719
0.013 -0.05655 8.69897 2.6888587475 2.5894288635    2.688  1.885  3.7205  2.817    2  0.000  0.538     0.00     0.00     0.00     0.00     0.00 -1    -1e-30      0.00 7.153e-01 2.716e-01 2.327e-03 6.356e-04 5.772e-03 -1.000 1.312e-02 0.059 1.505 1.055 0.229 -0.251 -0.653 -1.210 -1.654 -1.711
0.013 -0.05655 8.69897 2.6890215874 2.5894323674    2.689  1.875  3.7148  2.804    2  0.000  0.538     0.00     0.00     0.00     0.00     0.00 -1    -1e-30      0.00 7.153e-01 2.716e-01 2.327e-03 6.356e-04 5.772e-03 -1.000 1.312e-02 0.082 1.621 1.124 0.274 -0.220 -0.632 -1.208 -1.667 -1.726
0.013 -0.05655 8.69897 2.6892085075 2.5894363889    2.689  1.885  3.7089  2.770    3  0.000  0.538     0.00     0.00     0.00     0.00     0.00 -1    -1e-30      0.00 7.153e-01 2.716e-01 2.327e-03 6.356e-04 5.773e-03 -1.000 1.312e-02 0.057 1.693 1.147 0.271 -0.237 -0.660 -1.255 -1.730 -1.792
0.013 -0.05655 8.69897 2.6894612312 2.5894418250    2.689  1.918  3.7018  2.709    3  0.000  0.537     0.00     0.00     0.00     0.00     0.00 -1    -1e-30      0.00 7.151e-01 2.717e-01 2.326e-03 6.359e-04 5.773e-03 -1.000 1.312e-02 -0.025 1.735 1.126 0.218 -0.308 -0.743 -1.363 -1.858 -1.923
0.013 -0.05655 8.69897 2.6896975040 2.5894469063    2.689  1.958  3.6964  2.647    3  0.000  0.533     0.00     0.00     0.00     0.00     0.00 -1    -1e-30      0.00 7.149e-01 2.720e-01 2.310e-03 6.415e-04 5.773e-03 -1.000 1.312e-02 -0.125 1.733 1.074 0.142 -0.398 -0.843 -1.482 -1.993 -2.060
0.013 -0.05655 8.69897 2.6899292469 2.5894518891    2.689  1.996  3.6921  2.592    3  0.000  0.516     0.00     0.00     0.00     0.00     0.00 -1    -1e-30      0.00 7.147e-01 2.722e-01 2.233e-03 6.946e-04 5.773e-03 -1.000 1.312e-02 -0.220 1.717 1.018 0.068 -0.483 -0.936 -1.591 -2.114 -2.183
0.013 -0.05655 8.69897 2.6902761459 2.5894593461    2.690  2.047  3.6869  2.520    3  0.000  0.465     0.00     0.00     0.00     0.00     0.00 -1    -1e-30      0.00 7.143e-01 2.726e-01 2.013e-03 9.425e-04 5.773e-03 -1.000 1.316e-02 -0.347 1.688 0.939 -0.034 -0.599 -1.062 -1.735 -2.274 -2.346
0.013 -0.05655 8.69897 2.6905653477 2.5894655611    2.690  2.087  3.6832  2.465    3  0.000  0.430     0.00     0.00     0.00     0.00     0.00 -1    -1e-30      0.00 7.139e-01 2.729e-01 1.862e-03 1.129e-03 5.773e-03 -1.000 1.319e-02 -0.448 1.669 0.877 -0.116 -0.692 -1.162 -1.849 -2.398 -2.472
0.013 -0.05655 8.69897 2.6908540726 2.5894717644    2.690  2.128  3.6797  2.411    3  0.000  0.406     0.00     0.00     0.00     0.00     0.00 -1    -1e-30      0.00 7.135e-01 2.733e-01 1.759e-03 1.255e-03 5.773e-03 -1.000 1.321e-02 -0.550 1.652 0.815 -0.199 -0.785 -1.262 -1.962 -2.521 -2.597
0.013 -0.05655 8.69897 2.6910271645 2.5894754825    2.691  2.152  3.6776  2.378    3  0.000  0.395     0.00     0.00     0.00     0.00     0.00 -1    -1e-30      0.00 7.132e-01 2.736e-01 1.709e-03 1.316e-03 5.773e-03 -1.000 1.321e-02 -0.611 1.644 0.779 -0.247 -0.841 -1.322 -2.030 -2.595 -2.672
0.013 -0.05655 8.69897 2.6911978722 2.5894791489    2.691  2.177  3.6755  2.345    3  0.000  0.386     0.00     0.00     0.00     0.00     0.00 -1    -1e-30      0.00 7.130e-01 2.738e-01 1.673e-03 1.363e-03 5.771e-03 -1.000 1.322e-02 -0.672 1.634 0.741 -0.297 -0.897 -1.383 -2.098 -2.669 -2.747
0.013 -0.05655 8.69897 2.6913688183 2.5894828199    2.691  2.202  3.6735  2.313    3  0.000  0.379     0.00     0.00     0.00     0.00     0.00 -1    -1e-30      0.00 7.126e-01 2.742e-01 1.641e-03 1.408e-03 5.764e-03 -1.000 1.321e-02 -0.734 1.623 0.703 -0.347 -0.954 -1.444 -2.166 -2.743 -2.823
0.013 -0.05655 8.69897 2.6914775372 2.5894851543    2.691  2.217  3.6722  2.292    3  0.000  0.376     0.00     0.00     0.00     0.00     0.00 -1    -1e-30      0.00 7.121e-01 2.747e-01 1.623e-03 1.445e-03 5.747e-03 -1.000 1.321e-02 -0.773 1.617 0.679 -0.379 -0.990 -1.483 -2.210 -2.790 -2.871
0.013 -0.05655 8.69897 2.6918039322 2.5894921614    2.691  2.265  3.6685  2.229    3  0.000  0.372     0.00     0.00     0.00     0.00     0.00 -1    -1e-30      0.00 7.091e-01 2.777e-01 1.576e-03 1.590e-03 5.644e-03 -1.000 1.322e-02 -0.892 1.596 0.606 -0.475 -1.098 -1.599 -2.340 -2.931 -3.014
0.013 -0.05655 8.69897 2.6920759678 2.5894979999    2.692  2.304  3.6655  2.178    3  0.000  0.371     0.00     0.00     0.00     0.00     0.00 -1    -1e-30      0.00 7.054e-01 2.814e-01 1.545e-03 1.713e-03 5.548e-03 -1.000 1.321e-02 -0.991 1.578 0.545 -0.555 -1.188 -1.695 -2.449 -3.048 -3.133
0.013 -0.05655 8.69897 2.6924018860 2.5895049931    2.692  2.352  3.6619  2.115    3  0.000  0.370     0.00     0.00     0.00     0.00     0.00 -1    -1e-30      0.00 7.003e-01 2.865e-01 1.513e-03 1.842e-03 5.445e-03 -1.000 1.321e-02 -1.110 1.557 0.471 -0.651 -1.297 -1.812 -2.580 -3.190 -3.276
0.013 -0.05655 8.69897 2.6927278042 2.5895119844    2.692  2.401  3.6583  2.052    3  0.000  0.370     0.00     0.00     0.00     0.00     0.00 -1    -1e-30      0.00 6.954e-01 2.914e-01 1.490e-03 1.943e-03 5.363e-03 -1.000 1.318e-02 -1.233 1.536 0.396 -0.749 -1.408 -1.931 -2.713 -3.334 -3.422
0.013 -0.05655 8.69897 2.6930534840 2.5895189686    2.693  2.451  3.6547  1.988    3  0.000  0.370     0.00     0.00     0.00     0.00     0.00 -1    -1e-30      0.00 6.910e-01 2.958e-01 1.471e-03 2.022e-03 5.300e-03 -1.000 1.322e-02 -1.357 1.513 0.321 -0.848 -1.520 -2.052 -2.848 -3.479 -3.570
0.013 -0.05655 8.69897 2.6933248043 2.5895247856    2.693  2.493  3.6513  1.932    3  0.000  0.370     0.00     0.00     0.00     0.00     0.00 -1    -1e-30      0.00 6.881e-01 2.987e-01 1.460e-03 2.070e-03 5.261e-03 -1.000 1.315e-02 -1.463 1.483 0.263 -0.933 -1.614 -2.153 -2.962 -3.598 -3.694
0.013 -0.05655 8.69897 2.6935958862 2.5895305961    2.693  2.537  3.6480  1.876    3  0.000  0.370     5.17     3.69     2.75     2.02     1.65  4    -1e-30      0.00 6.857e-01 3.011e-01 1.451e-03 2.107e-03 5.231e-03 -1.000 1.320e-02 -1.571 1.450 0.203 -1.018 -1.709 -2.255 -3.078 -3.719 -3.820
0.013 -0.05655 8.69897 2.6938350201 2.5895357208    2.693  2.576  3.6450  1.825    3  0.000  0.370     5.71     4.05     3.00     2.21     1.80  4    -1e-30      0.00 6.840e-01 3.028e-01 1.445e-03 2.132e-03 5.211e-03 -1.000 1.321e-02 -1.669 1.419 0.149 -1.094 -1.793 -2.347 -3.182 -3.829 -3.934
0.013 -0.05655 8.69897 2.6940813065 2.5895409976    2.694  2.616  3.6418  1.772    3  0.000  0.369     6.34     4.46     3.29     2.42     1.98  4    -1e-30      0.00 6.825e-01 3.044e-01 1.440e-03 2.154e-03 5.193e-03 -1.000 1.315e-02 -1.770 1.388 0.094 -1.173 -1.880 -2.441 -3.290 -3.942 -4.052
0.013 -0.05655 8.69897 2.6943628788 2.5895470290    2.694  2.661  3.6382  1.712    3  0.000  0.369     7.13     4.97     3.64     2.69     2.19  4    -1e-30      0.00 6.810e-01 3.058e-01 1.435e-03 2.174e-03 5.177e-03 -1.000 1.321e-02 -1.883 1.350 0.031 -1.261 -1.977 -2.546 -3.411 -4.069 -4.185
0.013 -0.05655 8.69897 2.6945686340 2.5895514355    2.694  2.684  3.6363  1.682    3  0.000  0.369     7.57     5.25     3.84     2.84     2.31  4    -1e-30      0.00 6.804e-01 3.064e-01 1.433e-03 2.183e-03 5.170e-03 -1.000 1.322e-02 -1.940 1.332 0.001 -1.304 -2.025 -2.599 -3.472 -4.133 -4.252
0.013 -0.05655 8.69897 2.6946053505 2.5895522218    2.694  2.681  3.6366  1.686    3  0.000  0.369     7.51     5.21     3.81     2.82     2.30  4    -1e-30      0.00 6.804e-01 3.064e-01 1.433e-03 2.183e-03 5.170e-03 -1.000 1.322e-02 -1.933 1.334 0.004 -1.298 -2.019 -2.592 -3.464 -4.124 -4.243
0.013 -0.05655 8.69897 2.6948318481 2.5895570714    2.694  2.660  3.6384  1.714    4  0.000  0.369     0.00     0.00     0.00     0.00     0.00 -1    -1e-30      0.00 6.804e-01 3.064e-01 1.433e-03 2.183e-03 5.170e-03 -1.000 1.321e-02 -1.881 1.348 0.031 -1.260 -1.976 -2.545 -3.409 -4.066 -4.182
0.013 -0.05655 8.69897 2.6951067448 2.5895629562    2.695  2.635  3.6405  1.748    4  0.000  0.369     0.00     0.00     0.00     0.00     0.00 -1    -1e-30      0.00 6.804e-01 3.064e-01 1.433e-03 2.183e-03 5.170e-03 -1.000 1.321e-02 -1.816 1.367 0.065 -1.211 -1.922 -2.485 -3.340 -3.993 -4.106
0.013 -0.05655 8.69897 2.6954405308 2.5895700997    2.695  2.607  3.6428  1.784    4  0.000  0.369     0.00     0.00     0.00     0.00     0.00 -1    -1e-30      0.00 6.804e-01 3.064e-01 1.433e-03 2.183e-03 5.170e-03 -1.000 1.321e-02 -1.749 1.388 0.102 -1.159 -1.863 -2.422 -3.267 -3.917 -4.026
0.013 -0.05655 8.69897 2.6959195137 2.5895803470    2.695  2.573  3.6456  1.830    4  0.000  0.369     0.00     0.00     0.00     0.00     0.00 -1    -1e-30      0.00 6.804e-01 3.064e-01 1.433e-03 2.183e-03 5.170e-03 -1.000 1.321e-02 -1.662 1.411 0.147 -1.093 -1.790 -2.341 -3.174 -3.819 -3.924
0.013 -0.05655 8.69897 2.6964774132 2.5895922775    2.696  2.535  3.6488  1.880    4  0.000  0.369     0.00     0.00     0.00     0.00     0.00 -1    -1e-30      0.00 6.804e-01 3.064e-01 1.433e-03 2.183e-03 5.169e-03 -1.000 1.321e-02 -1.568 1.436 0.196 -1.020 -1.709 -2.253 -3.073 -3.713 -3.813
0.013 -0.05655 8.69897 2.6970088482 2.5896036367    2.697  2.497  3.6519  1.932    4  0.000  0.369     0.00     0.00     0.00     0.00     0.00 -1    -1e-30      0.00 6.804e-01 3.064e-01 1.433e-03 2.183e-03 5.169e-03 -1.000 1.321e-02 -1.472 1.461 0.247 -0.945 -1.624 -2.162 -2.969 -3.603 -3.699
0.013 -0.05655 8.69897 2.6974842548 2.5896137940    2.697  2.458  3.6551  1.983    4  0.000  0.369     0.00     0.00     0.00     0.00     0.00 -1    -1e-30      0.00 6.804e-01 3.064e-01 1.433e-03 2.183e-03 5.169e-03 -1.000 1.321e-02 -1.375 1.484 0.298 -0.870 -1.539 -2.070 -2.865 -3.493 -3.585
0.013 -0.05655 8.69897 2.6979389191 2.5896235042    2.698  2.419  3.6582  2.035    4  0.000  0.369     0.00     0.00     0.00     0.00     0.00 -1    -1e-30      0.00 6.804e-01 3.064e-01 1.433e-03 2.184e-03 5.169e-03 -1.000 1.321e-02 -1.277 1.498 0.353 -0.794 -1.452 -1.976 -2.758 -3.379 -3.468
0.013 -0.05655 8.69897 2.6983883381 2.5896330988    2.698  2.380  3.6614  2.087    4  0.000  0.369     0.00     0.00     0.00     0.00     0.00 -1    -1e-30      0.00 6.804e-01 3.064e-01 1.433e-03 2.184e-03 5.169e-03 -1.000 1.321e-02 -1.179 1.506 0.410 -0.717 -1.364 -1.881 -2.650 -3.261 -3.348
0.013 -0.05655 8.69897 2.6988496780 2.5896429440    2.698  2.339  3.6647  2.140    4  0.000  0.369     0.00     0.00     0.00     0.00     0.00 -1    -1e-30      0.00 6.804e-01 3.064e-01 1.433e-03 2.184e-03 5.169e-03 -1.000 1.321e-02 -1.078 1.519 0.470 -0.638 -1.274 -1.783 -2.539 -3.141 -3.226
0.013 -0.05655 8.69897 2.6993308067 2.5896532074    2.699  2.298  3.6679  2.194    4  0.000  0.369     0.00     0.00     0.00     0.00     0.00 -1    -1e-30      0.00 6.804e-01 3.064e-01 1.433e-03 2.184e-03 5.169e-03 -1.000 1.321e-02 -0.976 1.534 0.531 -0.556 -1.181 -1.683 -2.427 -3.019 -3.102
0.013 -0.05655 8.69897 2.6998496056 2.5896642697    2.699  2.257  3.6713  2.249    4  0.000  0.370     0.00     0.00     0.00     0.00     0.00 -1    -1e-30      0.00 6.804e-01 3.064e-01 1.433e-03 2.184e-03 5.169e-03 -1.000 1.321e-02 -0.873 1.549 0.593 -0.474 -1.087 -1.582 -2.313 -2.896 -2.976
0.013 -0.05655 8.69897 2.7004201412 2.5896764294    2.700  2.216  3.6745  2.304    4  0.000  0.370     0.00     0.00     0.00     0.00     0.00 -1    -1e-30      0.00 6.804e-01 3.064e-01 1.433e-03 2.184e-03 5.169e-03 -1.000 1.321e-02 -0.770 1.567 0.657 -0.390 -0.993 -1.481 -2.200 -2.773 -2.852
0.013 -0.05655 8.69897 2.7010703087 2.5896902792    2.701  2.175  3.6779  2.358    4  0.000  0.370     0.00     0.00     0.00     0.00     0.00 -1    -1e-30      0.00 6.804e-01 3.064e-01 1.433e-03 2.184e-03 5.169e-03 -1.000 1.321e-02 -0.667 1.584 0.720 -0.307 -0.899 -1.380 -2.086 -2.649 -2.727
0.013 -0.05655 8.69897 2.7018337250 2.5897065316    2.701  2.134  3.6813  2.413    4  0.000  0.370     0.00     0.00     0.00     0.00     0.00 -1    -1e-30      0.00 6.804e-01 3.064e-01 1.433e-03 2.184e-03 5.169e-03 -1.000 1.321e-02 -0.565 1.602 0.783 -0.223 -0.805 -1.278 -1.972 -2.526 -2.601
0.013 -0.05655 8.69897 2.7029249668 2.5897297448    2.703  2.088  3.6853  2.475    4  0.000  0.370     0.00     0.00     0.00     0.00     0.00 -1    -1e-30      0.00 6.804e-01 3.064e-01 1.433e-03 2.184e-03 5.169e-03 -1.000 1.321e-02 -0.450 1.623 0.855 -0.129 -0.698 -1.164 -1.843 -2.386 -2.460
0.013 -0.05655 8.69897 2.7043993473 2.5897610739    2.704  2.043  3.6895  2.537    4  0.000  0.370     0.00     0.00     0.00     0.00     0.00 -1    -1e-30      0.00 6.804e-01 3.064e-01 1.433e-03 2.184e-03 5.168e-03 -1.000 1.321e-02 -0.337 1.646 0.925 -0.038 -0.595 -1.053 -1.716 -2.247 -2.318
0.013 -0.05655 8.69897 2.7067272663 2.5898104601    2.706  2.000  3.6944  2.600    4  0.000  0.370     0.00     0.00     0.00     0.00     0.00 -1    -1e-30      0.00 6.804e-01 3.064e-01 1.433e-03 2.185e-03 5.168e-03 -1.000 1.321e-02 -0.230 1.663 0.987 0.046 -0.499 -0.947 -1.593 -2.109 -2.178
0.013 -0.05655 8.69897 2.7107999325 2.5898966259    2.710  1.969  3.7000  2.654    4  0.000  0.370     0.00     0.00     0.00     0.00     0.00 -1    -1e-30      0.00 6.804e-01 3.064e-01 1.433e-03 2.185e-03 5.167e-03 -1.000 1.321e-02 -0.152 1.636 1.014 0.098 -0.432 -0.870 -1.496 -1.996 -2.061
0.013 -0.05655 8.69897 2.7123787403 2.5899299489    2.712  1.963  3.7018  2.668    4  0.000  0.370     0.00     0.00     0.00     0.00     0.00 -1    -1e-30      0.00 6.804e-01 3.064e-01 1.433e-03 2.186e-03 5.167e-03 -1.000 1.321e-02 -0.137 1.622 1.014 0.106 -0.419 -0.854 -1.474 -1.969 -2.034
0.013 -0.05655 8.69897 2.7379162312 2.5904628211    2.738  2.001  3.7016  2.633    5  0.000  0.370     0.00     0.00     0.00     0.00     0.00 -1    -1e-30      0.00 6.803e-01 3.065e-01 1.433e-03 2.190e-03 5.163e-03 -1.000 1.321e-02 -0.232 1.528 0.920 0.011 -0.515 -0.950 -1.570 -2.066 -2.131
0.013 -0.05655 8.69897 2.7704899311 2.5911261445    2.770  2.052  3.7015  2.586    5  0.000  0.370     0.00     0.00     0.00     0.00     0.00 -1    -1e-30      0.00 6.803e-01 3.065e-01 1.433e-03 2.194e-03 5.159e-03 -1.000 1.321e-02 -0.360 1.402 0.794 -0.117 -0.642 -1.078 -1.699 -2.194 -2.259
0.013 -0.05655 8.69897 2.7817354202 2.5913510008    2.781  2.070  3.7013  2.569    5  0.000  0.370     0.00     0.00     0.00     0.00     0.00 -1    -1e-30      0.00 6.803e-01 3.065e-01 1.433e-03 2.196e-03 5.157e-03 -1.000 1.321e-02 -0.406 1.357 0.749 -0.162 -0.688 -1.124 -1.745 -2.240 -2.306
0.013 -0.05655 8.69897 2.7882535458 2.5914803779    2.788  2.081  3.7013  2.559    5  0.000  0.370     0.00     0.00     0.00     0.00     0.00 -1    -1e-30      0.00 6.803e-01 3.065e-01 1.433e-03 2.197e-03 5.156e-03 -1.000 1.321e-02 -0.433 1.331 0.722 -0.190 -0.715 -1.151 -1.773 -2.268 -2.334
0.013 -0.05655 8.69897 2.8204352856 2.5921090804    2.820  2.136  3.7001  2.504    5  0.000  0.370     0.00     0.00     0.00     0.00     0.00 -1    -1e-30      0.00 6.803e-01 3.064e-01 1.432e-03 2.201e-03 5.151e-03 -1.000 1.321e-02 -0.570 1.213 0.596 -0.322 -0.850 -1.288 -1.914 -2.413 -2.479
0.013 -0.05655 8.69897 2.8305203915 2.5923027229    2.830  2.153  3.6994  2.487    5  0.000  0.371     0.00     0.00     0.00     0.00     0.00 -1    -1e-30      0.00 6.804e-01 3.064e-01 1.432e-03 2.202e-03 5.150e-03 -1.000 1.321e-02 -0.612 1.187 0.561 -0.361 -0.891 -1.330 -1.958 -2.459 -2.525
0.013 -0.05655 8.69897 2.8540508747 2.5927484143    2.854  2.189  3.6956  2.439    6  0.000  0.371     0.00     0.00     0.00     0.00     0.00 -1    -1e-30      0.00 6.804e-01 3.064e-01 1.432e-03 2.205e-03 5.147e-03 -1.000 1.321e-02 -0.702 1.177 0.508 -0.434 -0.974 -1.420 -2.062 -2.573 -2.641
0.013 -0.05655 8.69897 2.8740482330 2.5931205950    2.874  2.238  3.6869  2.358    6  0.000  0.371     0.00     0.00     0.00     0.00     0.00 -1    -1e-30      0.00 6.804e-01 3.064e-01 1.432e-03 2.208e-03 5.144e-03 -1.000 1.321e-02 -0.825 1.242 0.473 -0.514 -1.079 -1.542 -2.216 -2.751 -2.823
0.013 -0.05655 8.69897 2.8763813972 2.5931636312    2.876  2.275  3.6814  2.300    6  0.000  0.371     0.00     0.00     0.00     0.00     0.00 -1    -1e-30      0.00 6.804e-01 3.064e-01 1.432e-03 2.208e-03 5.144e-03 -1.000 1.321e-02 -0.916 1.275 0.440 -0.577 -1.159 -1.632 -2.326 -2.877 -2.952
0.013 -0.05655 8.69897 2.8770918846 2.5931767204    2.877  2.314  3.6767  2.242    6  0.000  0.371     0.00     0.00     0.00     0.00     0.00 -1    -1e-30      0.00 6.804e-01 3.064e-01 1.432e-03 2.208e-03 5.144e-03 -1.000 1.321e-02 -1.014 1.290 0.395 -0.649 -1.245 -1.728 -2.438 -3.003 -3.081
0.013 -0.05655 8.69897 2.8773233891 2.5931809838    2.877  2.348  3.6731  2.194    6  0.000  0.371     0.00     0.00     0.00     0.00     0.00 -1    -1e-30      0.00 6.804e-01 3.064e-01 1.432e-03 2.208e-03 5.144e-03 -1.000 1.321e-02 -1.099 1.295 0.352 -0.713 -1.320 -1.811 -2.535 -3.110 -3.190
0.013 -0.05655 8.69897 2.8774418831 2.5931831657    2.877  2.381  3.6698  2.147    6  0.000  0.371     0.00     0.00     0.00     0.00     0.00 -1    -1e-30      0.00 6.804e-01 3.064e-01 1.432e-03 2.208e-03 5.144e-03 -1.000 1.321e-02 -1.184 1.295 0.306 -0.778 -1.396 -1.893 -2.630 -3.215 -3.297
0.013 -0.05655 8.69897 2.8774473667 2.5931832667    2.877  2.383  3.6696  2.144    6  0.000  0.371     0.00     0.00     0.00     0.00     0.00 -1    -1e-30      0.00 6.804e-01 3.064e-01 1.432e-03 2.208e-03 5.144e-03 -1.000 1.321e-02 -1.189 1.295 0.304 -0.781 -1.400 -1.898 -2.636 -3.221 -3.303
0.013 -0.05655 8.69897 2.8775095940 2.5931844124    2.877  2.417  3.6666  2.098    7  0.000  0.371     0.00     0.00     0.00     0.00     0.00 -1    -1e-30      0.00 6.804e-01 3.064e-01 1.432e-03 2.208e-03 5.143e-03 -1.000 1.321e-02 -1.273 1.291 0.257 -0.846 -1.475 -1.980 -2.729 -3.324 -3.407
0.013 -0.05655 8.69897 2.8775756359 2.5931856283    2.877  2.453  3.6634  2.049    7  0.000  0.371     0.00     0.00     0.00     0.00     0.00 -1    -1e-30      0.00 6.804e-01 3.064e-01 1.432e-03 2.208e-03 5.143e-03 -1.000 1.321e-02 -1.363 1.286 0.206 -0.916 -1.556 -2.068 -2.830 -3.434 -3.519
0.013 -0.05655 8.69897 2.8777990341 2.5931897409    2.878  2.476  3.6614  2.019    7  0.000  0.371     0.00     0.00     0.00     0.00     0.00 -1    -1e-30      0.00 6.804e-01 3.064e-01 1.432e-03 2.208e-03 5.143e-03 -1.000 1.321e-02 -1.420 1.282 0.174 -0.960 -1.607 -2.122 -2.892 -3.502 -3.588
0.013 -0.05655 8.69897 2.8781814575 2.5931967792    2.878  2.453  3.6635  2.050    7  0.000  0.371     0.00     0.00     0.00     0.00     0.00 -1    -1e-30      0.00 6.804e-01 3.064e-01 1.432e-03 2.208e-03 5.143e-03 -1.000 1.321e-02 -1.362 1.284 0.206 -0.915 -1.555 -2.066 -2.828 -3.431 -3.516
0.013 -0.05655 8.69897 2.8801090717 2.5932322232    2.880  2.464  3.6623  2.034    7  0.000  0.371     0.00     0.00     0.00     0.00     0.00 -1 -4.59e-30      0.00 6.804e-01 3.063e-01 1.432e-03 2.209e-03 5.143e-03 -1.000 1.321e-02 -1.391 1.287 0.192 -0.937 -1.580 -2.094 -2.860 -3.467 -3.553
0.013 -0.05655 8.69897 2.8809428215 2.5932475370    2.881  2.507  3.6586  1.977    7  0.000  0.371     4.17     3.13     2.35     1.72     1.40  4 -8.33e-30      0.00 6.804e-01 3.063e-01 1.432e-03 2.209e-03 5.143e-03 -1.000 1.322e-02 -1.497 1.276 0.135 -1.018 -1.674 -2.196 -2.977 -3.593 -3.683
0.013 -0.05655 8.69897 2.8817749023 2.5932628099    2.881  2.550  3.6549  1.919    7  0.000  0.371     4.68     3.48     2.60     1.90     1.55  4 -3.17e-29      0.00 6.804e-01 3.063e-01 1.432e-03 2.209e-03 5.143e-03 -1.000 1.322e-02 -1.606 1.255 0.080 -1.102 -1.770 -2.300 -3.096 -3.719 -3.812
0.013 -0.05655 8.69897 2.8825404644 2.5932768528    2.882  2.593  3.6511  1.861    7  0.000  0.371     5.25     3.86     2.87     2.10     1.72  4  -1.3e-27      0.00 6.804e-01 3.062e-01 1.432e-03 2.209e-03 5.143e-03 -1.000 1.331e-02 -1.712 1.233 0.026 -1.184 -1.863 -2.401 -3.212 -3.841 -3.940
0.013 -0.05655 8.69897 2.8832430840 2.5932897337    2.883  2.635  3.6462  1.799    7  0.000  0.371     5.93     4.32     3.19     2.34     1.91  4 -6.52e-20      0.00 6.804e-01 3.062e-01 1.432e-03 2.209e-03 5.143e-03 -1.000 1.333e-02 -1.818 1.237 -0.013 -1.255 -1.948 -2.498 -3.329 -3.969 -4.074
0.013 -0.05655 8.69897 2.8838651180 2.5933011312    2.883  2.677  3.6418  1.740    7  0.000  0.371     6.67     4.81     3.54     2.60     2.12  4 -5.39e-16      0.00 6.804e-01 3.062e-01 1.432e-03 2.209e-03 5.143e-03 -1.000 1.336e-02 -1.923 1.229 -0.057 -1.328 -2.034 -2.594 -3.443 -4.092 -4.204
0.013 -0.05655 8.69897 2.8842899799 2.5933089127    2.884  2.709  3.6372  1.690    7  0.000  0.371     7.36     5.26     3.85     2.84     2.32  4 -3.83e-11      0.00 6.804e-01 3.062e-01 1.432e-03 2.209e-03 5.143e-03 -1.000 1.337e-02 -2.001 1.252 -0.073 -1.372 -2.090 -2.662 -3.531 -4.190 -4.308
0.013 -0.05655 8.69897 2.8848059177 2.5933183587    2.884  2.750  3.6337  1.634    7  0.000  0.371     8.22     5.82     4.24     3.13     2.56  4 -4.96e-10      0.00 6.804e-01 3.062e-01 1.432e-03 2.209e-03 5.142e-03 -1.000 1.337e-02 -2.105 1.222 -0.127 -1.449 -2.177 -2.757 -3.642 -4.307 -4.431
0.013 -0.05655 8.69897 2.8852653503 2.5933267669    2.885  2.792  3.6303  1.579    7  0.000  0.371     9.16     6.43     4.66     3.45     2.82  4    -6e-10      0.00 6.804e-01 3.062e-01 1.432e-03 2.210e-03 5.142e-03 -1.000 1.337e-02 -2.209 1.187 -0.184 -1.528 -2.263 -2.852 -3.752 -4.423 -4.553
0.013 -0.05655 8.69897 2.8856778145 2.5933343129    2.885  2.833  3.6269  1.525    7  0.000  0.371    10.21     7.09     5.13     3.79     3.10  4 -7.35e-10      0.00 6.804e-01 3.062e-01 1.430e-03 2.211e-03 5.142e-03 -1.000 1.337e-02 -2.313 1.148 -0.241 -1.605 -2.348 -2.947 -3.861 -4.538 -4.675
0.013 -0.05655 8.69897 2.8860476017 2.5933410760    2.885  2.874  3.6236  1.470    7  0.000  0.370    11.38     7.83     5.63     4.17     3.41  4 -8.86e-10      0.00 6.804e-01 3.062e-01 1.429e-03 2.212e-03 5.142e-03 -1.000 1.337e-02 -2.416 1.135 -0.293 -1.678 -2.432 -3.041 -3.971 -4.656 -4.798
0.013 -0.05655 8.69897 2.8863823414 2.5933471964    2.885  2.915  3.6202  1.416    7  0.000  0.370    12.67     8.64     6.19     4.59     3.75  4 -1.07e-09      0.00 6.804e-01 3.062e-01 1.427e-03 2.215e-03 5.142e-03 -1.000 1.337e-02 -2.518 1.143 -0.341 -1.748 -2.515 -3.136 -4.081 -4.775 -4.922
0.013 -0.05655 8.69897 2.8866884708 2.5933527923    2.885  2.956  3.6168  1.362    7  0.000  0.369    14.11     9.53     6.79     5.05     4.13  4 -1.31e-09      0.00 6.804e-01 3.062e-01 1.424e-03 2.217e-03 5.142e-03 -1.000 1.337e-02 -2.619 1.152 -0.385 -1.813 -2.594 -3.229 -4.190 -4.895 -5.046
0.013 -0.05655 8.69897 2.8869698048 2.5933579337    2.885  2.996  3.6134  1.307    7  0.000  0.368    15.71    10.51     7.46     5.55     4.54  4 -1.57e-09      0.00 6.804e-01 3.062e-01 1.422e-03 2.221e-03 5.142e-03 -1.000 1.337e-02 -2.721 1.163 -0.429 -1.878 -2.673 -3.322 -4.300 -5.014 -5.170
0.013 -0.05655 8.69897 2.8872289658 2.5933626689    2.885  3.037  3.6099  1.253    7  0.000  0.368    17.50    11.60     8.20     6.11     5.00  4 -1.89e-09      0.00 6.804e-01 3.062e-01 1.420e-03 2.223e-03 5.142e-03 -1.000 1.333e-02 -2.822 1.177 -0.471 -1.942 -2.751 -3.415 -4.409 -5.133 -5.294
0.013 -0.05655 8.69897 2.8874692917 2.5933670591    2.885  3.077  3.6064  1.198    7  0.000  0.367    19.50    12.80     9.01     6.72     5.50  4 -2.29e-09      0.00 6.804e-01 3.062e-01 1.418e-03 2.225e-03 5.142e-03 -1.000 1.333e-02 -2.924 1.188 -0.510 -2.002 -2.826 -3.507 -4.518 -5.252 -5.418
0.013 -0.05655 8.69897 2.8876919746 2.5933711262    2.885  3.118  3.6029  1.144    7  0.000  0.367    21.73    14.13     9.90     7.40     6.06  4 -2.75e-09      0.00 6.805e-01 3.062e-01 1.416e-03 2.228e-03 5.142e-03 -1.000 1.333e-02 -3.025 1.202 -0.548 -2.061 -2.901 -3.599 -4.627 -5.371 -5.542
0.013 -0.05655 8.69897 2.8878984451 2.5933748966    2.885  3.159  3.5993  1.089    7  0.000  0.367    24.22    15.60    10.88     8.15     6.67  4  -3.3e-09      0.00 6.804e-01 3.062e-01 1.415e-03 2.230e-03 5.141e-03 -1.000 1.332e-02 -3.126 1.217 -0.585 -2.118 -2.974 -3.690 -4.735 -5.490 -5.667
0.013 -0.05655 8.69897 2.8880915642 2.5933784226    2.885  3.199  3.5957  1.034    7  0.000  0.366    27.01    17.23    11.97     8.97     7.35  4 -3.97e-09      0.00 6.804e-01 3.062e-01 1.414e-03 2.231e-03 5.141e-03 -1.000 1.332e-02 -3.228 1.227 -0.618 -2.170 -3.042 -3.781 -4.845 -5.609 -5.792
0.013 -0.05655 8.69897 2.8882737160 2.5933817479    2.885  3.240  3.5920  0.978    7  0.000  0.366    30.15    19.05    13.17     9.89     8.10  4 -4.77e-09      0.00 6.804e-01 3.062e-01 1.413e-03 2.233e-03 5.140e-03 -1.000 1.333e-02 -3.329 1.244 -0.648 -2.220 -3.109 -3.871 -4.954 -5.730 -5.917
0.013 -0.05655 8.69897 2.8884472847 2.5933849160    2.885  3.281  3.5881  0.922    7  0.000  0.366    33.70    21.09    14.51    10.91     8.94  4 -5.75e-09      0.00 6.804e-01 3.062e-01 1.412e-03 2.234e-03 5.140e-03 -1.000 1.336e-02 -3.431 1.264 -0.672 -2.264 -3.172 -3.961 -5.065 -5.851 -6.045
0.013 -0.05655 8.69897 2.8886144161 2.5933879662    2.884  3.322  3.5842  0.865    7  0.000  0.366    37.73    23.38    16.01    12.06     9.88  4 -6.91e-09      0.00 6.804e-01 3.063e-01 1.411e-03 2.236e-03 5.139e-03 -1.000 1.335e-02 -3.534 1.281 -0.693 -2.301 -3.229 -4.051 -5.178 -5.973 -6.173
0.013 -0.05655 8.69897 2.8887784481 2.5933909595    2.884  3.364  3.5801  0.807    7  0.000  0.366    42.35    25.97    17.70    13.35    10.95  4 -8.32e-09      0.00 6.804e-01 3.063e-01 1.410e-03 2.238e-03 5.138e-03 -1.000 1.332e-02 -3.639 1.301 -0.712 -2.338 -3.287 -4.143 -5.292 -6.098 -6.305
0.013 -0.05655 8.69897 2.8889439106 2.5933939784    2.883  3.406  3.5759  0.747    7  0.000  0.365    47.66    28.93    19.62    14.83    12.16  4    -1e-08      0.00 6.804e-01 3.063e-01 1.409e-03 2.239e-03 5.137e-03 -1.000 1.332e-02 -3.746 1.312 -0.721 -2.358 -3.332 -4.234 -5.410 -6.226 -6.440
0.013 -0.05655 8.69897 2.8891167641 2.5933971318    2.883  3.450  3.5715  0.685    7  0.000  0.365    53.86    32.35    21.83    16.52    13.55  3 -1.22e-08      0.00 6.804e-01 3.063e-01 1.409e-03 2.241e-03 5.136e-03 -1.000 1.332e-02 -3.856 1.326 -0.726 -2.376 -3.375 -4.326 -5.530 -6.358 -6.579
0.013 -0.05655 8.69897 2.8893744946 2.5934018328    2.881  3.501  3.5661  0.613    7  0.000  0.365    62.17    36.87    24.74    18.76    15.39  3 -1.52e-08      0.00 6.803e-01 3.063e-01 1.409e-03 2.241e-03 5.136e-03 -1.000 1.337e-02 -3.982 1.339 -0.716 -2.370 -3.407 -4.428 -5.672 -6.512 -6.741
0.013 -0.05655 8.69897 2.8894617558 2.5934034243    2.880  3.524  3.5638  0.581    7  0.000  0.365    66.26    39.07    26.14    19.84    16.28  3 -1.69e-08      0.00 6.803e-01 3.063e-01 1.409e-03 2.242e-03 5.136e-03 -1.000 1.337e-02 -4.039 1.343 -0.711 -2.366 -3.419 -4.473 -5.735 -6.580 -6.813
0.013 -0.05655 8.69897 2.8895223141 2.5934045286    2.880  3.546  3.5614  0.549    7  0.000  0.365    70.60    41.40    27.63    20.99    17.23  3 -1.86e-08      0.00 6.803e-01 3.063e-01 1.409e-03 2.242e-03 5.136e-03 -1.000 1.337e-02 -4.095 1.348 -0.705 -2.361 -3.431 -4.518 -5.798 -6.648 -6.885
0.013 -0.05655 8.69897 2.8895781040 2.5934055460    2.879  3.568  3.5590  0.517    7  0.000  0.365    75.17    43.84    29.18    22.19    18.21  3 -2.03e-08      0.00 6.803e-01 3.063e-01 1.409e-03 2.242e-03 5.136e-03 -1.000 1.337e-02 -4.150 1.352 -0.693 -2.348 -3.437 -4.560 -5.859 -6.715 -6.956
0.013 -0.05655 8.69897 2.8896372318 2.5934066242    2.879  3.592  3.5564  0.482    7  0.000  0.365    80.53    46.68    30.99    23.58    19.36  3 -2.28e-08      0.00 6.803e-01 3.063e-01 1.409e-03 2.242e-03 5.136e-03 -1.000 1.338e-02 -4.211 1.356 -0.672 -2.323 -3.436 -4.603 -5.928 -6.789 -7.034
0.013 -0.05655 8.69897 2.8897030354 2.5934078240    2.878  3.622  3.5531  0.440    7  0.000  0.365    87.56    50.39    33.33    25.39    20.85  3 -2.59e-08      0.00 6.803e-01 3.063e-01 1.409e-03 2.242e-03 5.136e-03 -1.000 1.338e-02 -4.284 1.362 -0.643 -2.289 -3.434 -4.655 -6.011 -6.878 -7.128
0.013 -0.05655 8.69897 2.8897931576 2.5934094672    2.877  3.654  3.5495  0.393    7  0.000  0.365    96.06    54.83    36.13    27.56    22.64  3 -2.99e-08      0.00 6.803e-01 3.063e-01 1.409e-03 2.242e-03 5.135e-03 -1.000 1.338e-02 -4.365 1.369 -0.609 -2.248 -3.428 -4.711 -6.103 -6.976 -7.233
0.013 -0.05655 8.69897 2.8898322582 2.5934101801    2.876  3.669  3.5477  0.370    7  0.000  0.365   100.51    57.14    37.59    28.69    23.57  3 -3.24e-08      0.00 6.803e-01 3.063e-01 1.409e-03 2.242e-03 5.135e-03 -1.000 1.338e-02 -4.404 1.372 -0.582 -2.215 -3.417 -4.733 -6.148 -7.024 -7.284
0.013 -0.05655 8.69897 2.8898439407 2.5934103931    2.876  3.686  3.5458  0.346    7  0.000  0.365   105.50    59.73    39.21    29.94    24.60  3 -3.52e-08      0.00 6.803e-01 3.063e-01 1.409e-03 2.242e-03 5.135e-03 -1.000 1.338e-02 -4.445 1.375 -0.553 -2.178 -3.405 -4.757 -6.196 -7.076 -7.338
0.013 -0.05655 8.69897 2.8898584843 2.5934106582    2.876  3.689  3.5454  0.341    7  0.000  0.365   106.46    60.23    39.52    30.19    24.80  3 -3.64e-08      0.00 6.803e-01 3.063e-01 1.409e-03 2.242e-03 5.135e-03 -1.000 1.338e-02 -4.453 1.376 -0.546 -2.171 -3.402 -4.762 -6.205 -7.085 -7.349
0.013 -0.05655 8.69897 2.8898589611 2.5934106669    2.876  3.660  3.5489  0.385    7  0.000  0.365    97.69    55.68    36.67    27.97    22.98  3 -3.21e-08      0.00 6.803e-01 3.063e-01 1.409e-03 2.242e-03 5.135e-03 -1.000 1.338e-02 -4.379 1.371 -0.598 -2.235 -3.423 -4.719 -6.120 -6.994 -7.251
0.013 -0.05655 8.69897 2.8898591995 2.5934106713    2.876  3.632  3.5519  0.425    7  0.000  0.365    90.29    51.81    34.23    26.09    21.43  3 -2.85e-08      0.00 6.803e-01 3.063e-01 1.409e-03 2.242e-03 5.135e-03 -1.000 1.338e-02 -4.310 1.366 -0.631 -2.275 -3.431 -4.673 -6.041 -6.910 -7.162
0.013 -0.05655 8.69897 2.8898594379 2.5934106756    2.876  3.660  3.5488  0.384    7  0.000  0.365    97.81    55.74    36.71    28.00    23.00  3 -3.21e-08      0.00 6.803e-01 3.063e-01 1.409e-03 2.242e-03 5.135e-03 -1.000 1.338e-02 -4.380 1.371 -0.597 -2.234 -3.423 -4.719 -6.121 -6.995 -7.253
0.013 -0.05655 8.69897 2.8898596764 2.5934106800    2.876  3.675  3.5471  0.363    7  0.000  0.365   102.08    57.96    38.10    29.08    23.89  3 -3.43e-08      0.00 6.803e-01 3.063e-01 1.409e-03 2.242e-03 5.135e-03 -1.000 1.338e-02 -4.417 1.373 -0.572 -2.203 -3.413 -4.741 -6.163 -7.040 -7.301
0.013 -0.05655 8.69897 2.8898603916 2.5934106930    2.876  3.669  3.5478  0.371    7  0.000  0.365   100.33    57.05    37.53    28.64    23.53  3 -3.33e-08      0.00 6.803e-01 3.063e-01 1.409e-03 2.242e-03 5.135e-03 -1.000 1.338e-02 -4.402 1.373 -0.582 -2.215 -3.416 -4.732 -6.146 -7.022 -7.281
0.013 -0.05655 8.69897 2.8898606300 2.5934106973    2.876  3.655  3.5493  0.391    7  0.000  0.365    96.46    55.04    36.26    27.66    22.72  3 -3.15e-08      0.00 6.803e-01 3.063e-01 1.409e-03 2.242e-03 5.135e-03 -1.000 1.338e-02 -4.368 1.371 -0.604 -2.243 -3.425 -4.712 -6.107 -6.980 -7.237
0.013 -0.05655 8.69897 2.8898611069 2.5934107060    2.876  3.640  3.5510  0.413    7  0.000  0.365    92.41    52.92    34.93    26.63    21.87  3 -2.96e-08      0.00 6.803e-01 3.063e-01 1.409e-03 2.242e-03 5.135e-03 -1.000 1.338e-02 -4.330 1.367 -0.623 -2.266 -3.430 -4.688 -6.064 -6.935 -7.188
0.013 -0.05655 8.69897 2.8898649216 2.5934107756    2.876  3.642  3.5508  0.410    7  0.000  0.365    92.92    53.19    35.10    26.76    21.98  3 -2.99e-08      0.00 6.803e-01 3.063e-01 1.409e-03 2.242e-03 5.135e-03 -1.000 1.338e-02 -4.335 1.368 -0.621 -2.264 -3.430 -4.691 -6.069 -6.940 -7.195
0.013 -0.05655 8.69897 2.8898680210 2.5934108321    2.876  3.658  3.5490  0.387    7  0.000  0.365    97.23    55.44    36.52    27.86    22.88  3 -3.22e-08      0.00 6.803e-01 3.063e-01 1.409e-03 2.242e-03 5.135e-03 -1.000 1.338e-02 -4.375 1.371 -0.600 -2.238 -3.424 -4.716 -6.115 -6.989 -7.246
0.013 -0.05655 8.69897 2.8898711205 2.5934108886    2.876  3.672  3.5474  0.367    7  0.000  0.365   101.24    57.53    37.83    28.87    23.72  3 -3.42e-08      0.00 6.803e-01 3.063e-01 1.409e-03 2.242e-03 5.135e-03 -1.000 1.338e-02 -4.409 1.373 -0.576 -2.208 -3.414 -4.736 -6.155 -7.032 -7.292
0.013 -0.05655 8.69897 2.8898749352 2.5934109581    2.876  3.685  3.5459  0.347    7  0.000  0.365   105.26    59.60    39.13    29.88    24.55  3 -3.63e-08      0.00 6.803e-01 3.063e-01 1.409e-03 2.242e-03 5.135e-03 -1.000 1.338e-02 -4.443 1.375 -0.553 -2.179 -3.404 -4.756 -6.194 -7.073 -7.336
0.013 -0.05655 8.69897 2.8898799419 2.5934110494    2.876  3.699  3.5443  0.327    7  0.000  0.365   109.46    61.77    40.49    30.94    25.42  2 -3.85e-08      0.00 6.803e-01 3.063e-01 1.409e-03 2.242e-03 5.135e-03 -1.000 1.338e-02 -4.477 1.378 -0.528 -2.148 -3.393 -4.775 -6.232 -7.114 -7.380
0.013 -0.05655 8.69897 2.8898863792 2.5934111668    2.875  3.712  3.5427  0.307    7  0.000  0.365   113.93    64.07    41.93    32.05    26.34  2 -4.16e-08      0.00 6.803e-01 3.063e-01 1.409e-03 2.242e-03 5.135e-03 -1.000 1.338e-02 -4.511 1.382 -0.502 -2.116 -3.382 -4.794 -6.271 -7.156 -7.425
0.013 -0.05655 8.69897 2.8898947239 2.5934113189    2.875  3.726  3.5411  0.287    7  0.000  0.365   118.47    66.40    43.38    33.18    27.27  2 -4.75e-08      0.00 6.803e-01 3.063e-01 1.409e-03 2.242e-03 5.135e-03 -1.000 1.338e-02 -4.544 1.385 -0.476 -2.083 -3.369 -4.812 -6.309 -7.197 -7.469
0.013 -0.05655 8.69897 2.8899080753 2.5934115623    2.875  3.739  3.5394  0.268    7  0.000  0.365   123.17    68.79    44.87    34.34    28.23  2  -5.4e-08      0.00 6.803e-01 3.063e-01 1.409e-03 2.242e-03 5.135e-03 -1.000 1.338e-02 -4.577 1.389 -0.446 -2.045 -3.354 -4.828 -6.347 -7.238 -7.512
0.013 -0.05655 8.69897 2.8899352551 2.5934120578    2.874  3.779  3.5345  0.208    7  0.000  0.365   138.67    76.66    49.76    38.14    31.36  2 -8.14e-08      0.00 6.803e-01 3.063e-01 1.409e-03 2.242e-03 5.135e-03 -1.000 1.338e-02 -4.677 1.398 -0.343 -1.915 -3.298 -4.864 -6.465 -7.362 -7.644
0.013 -0.05655 8.69897 2.8899357319 2.5934120665    2.874  3.767  3.5360  0.225    7  0.000  0.365   133.92    74.26    48.27    36.98    30.40  2  -7.2e-08      0.00 6.803e-01 3.063e-01 1.409e-03 2.242e-03 5.135e-03 -1.000 1.338e-02 -4.648 1.394 -0.375 -1.956 -3.317 -4.854 -6.430 -7.325 -7.606
0.013 -0.05655 8.69897 2.8899359703 2.5934120708    2.874  3.775  3.5350  0.213    7  0.000  0.365   137.27    75.95    49.32    37.80    31.08  2 -7.85e-08      0.00 6.803e-01 3.063e-01 1.409e-03 2.242e-03 5.135e-03 -1.000 1.338e-02 -4.669 1.396 -0.354 -1.928 -3.305 -4.861 -6.455 -7.351 -7.633
0.013 -0.05655 8.69897 2.8899362087 2.5934120752    2.874  3.815  3.5298  0.153    7  0.000  0.365   154.66    84.69    54.73    42.01    34.55  2 -1.18e-07      0.00 6.803e-01 3.063e-01 1.408e-03 2.242e-03 5.135e-03 -1.000 1.338e-02 -4.767 1.411 -0.235 -1.779 -3.237 -4.891 -6.571 -7.475 -7.766
0.013 -0.05655 8.69897 2.8899364471 2.5934120795    2.874  3.806  3.5310  0.167    7  0.000  0.365   150.39    82.55    53.41    40.98    33.70  2 -1.08e-07      0.00 6.803e-01 3.063e-01 1.408e-03 2.242e-03 5.135e-03 -1.000 1.338e-02 -4.744 1.406 -0.266 -1.818 -3.255 -4.886 -6.544 -7.446 -7.735
0.013 -0.05655 8.69897 2.8899366856 2.5934120839    2.874  3.780  3.5344  0.207    7  0.000  0.365   138.96    76.80    49.85    38.21    31.41  2 -8.17e-08      0.00 6.803e-01 3.063e-01 1.408e-03 2.242e-03 5.135e-03 -1.000 1.338e-02 -4.679 1.397 -0.342 -1.913 -3.298 -4.865 -6.467 -7.364 -7.647
0.013 -0.05655 8.69897 2.8899371624 2.5934120926    2.874  3.772  3.5354  0.218    7  0.000  0.365   135.85    75.23    48.88    37.46    30.79  2 -7.58e-08      0.00 6.803e-01 3.063e-01 1.408e-03 2.242e-03 5.135e-03 -1.000 1.338e-02 -4.660 1.395 -0.364 -1.941 -3.311 -4.859 -6.445 -7.340 -7.622
0.013 -0.05655 8.69897 2.8899376392 2.5934121013    2.874  3.767  3.5359  0.225    7  0.000  0.365   134.08    74.34    48.32    37.02    30.43  2 -7.23e-08      0.00 6.803e-01 3.063e-01 1.408e-03 2.242e-03 5.135e-03 -1.000 1.338e-02 -4.649 1.394 -0.374 -1.954 -3.316 -4.854 -6.431 -7.327 -7.607
0.013 -0.05655 8.69897 2.8899381161 2.5934121100    2.874  3.756  3.5374  0.243    7  0.000  0.365   129.41    71.97    46.85    35.88    29.49  2 -6.39e-08      0.00 6.803e-01 3.063e-01 1.408e-03 2.242e-03 5.135e-03 -1.000 1.338e-02 -4.619 1.392 -0.406 -1.995 -3.333 -4.844 -6.396 -7.290 -7.567
0.013 -0.05655 8.69897 2.8899393082 2.5934121317    2.874  3.742  3.5391  0.263    7  0.000  0.365   124.27    69.35    45.22    34.61    28.45  2 -5.85e-08      0.00 6.803e-01 3.063e-01 1.408e-03 2.242e-03 5.135e-03 -1.000 1.338e-02 -4.584 1.390 -0.439 -2.037 -3.350 -4.831 -6.356 -7.247 -7.522
0.013 -0.05655 8.69897 2.8899405003 2.5934121534    2.874  3.730  3.5405  0.281    7  0.000  0.365   119.99    67.17    43.86    33.56    27.58  2 -5.61e-08      0.00 6.803e-01 3.063e-01 1.408e-03 2.242e-03 5.135e-03 -1.000 1.338e-02 -4.554 1.388 -0.464 -2.069 -3.362 -4.817 -6.321 -7.210 -7.482
0.013 -0.05655 8.69897 2.8899416924 2.5934121752    2.874  3.718  3.5418  0.298    7  0.000  0.365   115.98    65.12    42.58    32.56    26.76  2  -5.4e-08      0.00 6.803e-01 3.063e-01 1.408e-03 2.242e-03 5.135e-03 -1.000 1.338e-02 -4.524 1.387 -0.485 -2.094 -3.371 -4.800 -6.287 -7.174 -7.444
0.013 -0.05655 8.69897 2.8899431229 2.5934122012    2.874  3.707  3.5431  0.314    7  0.000  0.365   112.29    63.23    41.40    31.64    26.00  2 -5.21e-08      0.00 6.803e-01 3.063e-01 1.408e-03 2.242e-03 5.135e-03 -1.000 1.338e-02 -4.496 1.385 -0.504 -2.118 -3.379 -4.783 -6.255 -7.140 -7.407
0.013 -0.05655 8.69897 2.8899450302 2.5934122360    2.873  3.695  3.5443  0.330    7  0.000  0.365   108.79    61.42    40.27    30.77    25.28  2 -5.01e-08      0.00 6.803e-01 3.063e-01 1.408e-03 2.242e-03 5.135e-03 -1.000 1.338e-02 -4.468 1.384 -0.521 -2.140 -3.385 -4.767 -6.224 -7.106 -7.371
0.013 -0.05655 8.69897 2.8899519444 2.5934123620    2.873  3.694  3.5446  0.333    7  0.000  0.365   108.14    61.09    40.06    30.61    25.15  2 -4.88e-08      0.00 6.803e-01 3.063e-01 1.408e-03 2.242e-03 5.135e-03 -1.000 1.338e-02 -4.464 1.382 -0.528 -2.148 -3.389 -4.765 -6.218 -7.100 -7.365
0.013 -0.05655 8.69897 2.8899552822 2.5934124229    2.873  3.702  3.5438  0.322    7  0.000  0.365   110.60    62.35    40.85    31.22    25.65  2 -4.87e-08      0.00 6.803e-01 3.063e-01 1.408e-03 2.242e-03 5.135e-03 -1.000 1.338e-02 -4.484 1.383 -0.516 -2.134 -3.386 -4.777 -6.241 -7.124 -7.390
0.013 -0.05655 8.69897 2.8899588585 2.5934124881    2.873  3.708  3.5431  0.313    7  0.000  0.365   112.65    63.41    41.51    31.73    26.08  2 -4.78e-08      0.00 6.803e-01 3.063e-01 1.408e-03 2.242e-03 5.135e-03 -1.000 1.338e-02 -4.500 1.383 -0.506 -2.121 -3.382 -4.787 -6.259 -7.144 -7.411
0.013 -0.05655 8.69897 2.8899631500 2.5934125663    2.873  3.713  3.5426  0.306    7  0.000  0.365   114.25    64.23    42.03    32.13    26.40  2 -4.62e-08      0.00 6.803e-01 3.063e-01 1.408e-03 2.242e-03 5.135e-03 -1.000 1.338e-02 -4.513 1.383 -0.500 -2.112 -3.380 -4.795 -6.273 -7.159 -7.427
0.013 -0.05655 8.69897 2.8899688721 2.5934126706    2.873  3.715  3.5423  0.302    7  0.000  0.365   114.99    64.61    42.26    32.32    26.55  2 -4.32e-08      0.00 6.803e-01 3.063e-01 1.408e-03 2.242e-03 5.135e-03 -1.000 1.338e-02 -4.518 1.382 -0.497 -2.109 -3.379 -4.798 -6.280 -7.166 -7.435
0.013 -0.05655 8.69897 2.8899753094 2.5934127880    2.873  3.738  3.5397  0.269    7  0.000  0.365   122.77    68.59    44.75    34.24    28.14  2 -5.13e-08      0.00 6.803e-01 3.063e-01 1.408e-03 2.242e-03 5.135e-03 -1.000 1.338e-02 -4.575 1.387 -0.454 -2.055 -3.360 -4.829 -6.344 -7.235 -7.508
0.013 -0.05655 8.69897 2.8899827003 2.5934129227    2.873  3.775  3.5352  0.214    7  0.000  0.365   136.94    75.78    49.22    37.72    31.01  2 -7.41e-08      0.00 6.803e-01 3.063e-01 1.408e-03 2.242e-03 5.135e-03 -1.000 1.338e-02 -4.667 1.394 -0.360 -1.936 -3.310 -4.863 -6.453 -7.349 -7.631
0.013 -0.05655 8.69897 2.8899924755 2.5934131009    2.872  3.814  3.5303  0.155    7  0.000  0.365   153.76    84.24    54.45    41.80    34.37  2 -1.08e-07      0.00 6.803e-01 3.063e-01 1.408e-03 2.242e-03 5.135e-03 -1.000 1.338e-02 -4.765 1.404 -0.255 -1.803 -3.252 -4.897 -6.567 -7.469 -7.760
0.013 -0.05655 8.69897 2.8900082111 2.5934133878    2.871  3.847  3.5261  0.105    7  0.635  0.365   169.80    92.22    59.37    45.63    37.53  2 -1.51e-07      0.00 6.803e-01 3.063e-01 1.408e-03 2.242e-03 5.135e-03 -1.000 1.338e-02 -4.848 1.414 -0.133 -1.651 -3.182 -4.898 -6.664 -7.571 -7.871
0.013 -0.05655 8.69897 2.8900225163 2.5934136485    2.870  3.863  3.5241  0.081    7  0.635  0.365   178.19    96.38    61.92    47.62    39.17  2 -1.78e-07      0.00 6.803e-01 3.063e-01 1.408e-03 2.242e-03 5.135e-03 -1.000 1.338e-02 -4.888 1.420 -0.071 -1.575 -3.147 -4.898 -6.711 -7.621 -7.924
0.013 -0.05655 8.69897 2.8900244236 2.5934136833    2.870  3.863  3.5241  0.081    8  0.635  0.386   178.19    96.38    61.92    47.62    39.17  2 -1.77e-07      0.00 6.803e-01 3.064e-01 1.493e-03 2.243e-03 5.152e-03 -1.000 1.322e-02 -4.888 1.420 -0.071 -1.575 -3.147 -4.898 -6.711 -7.621 -7.924
0.013 -0.05655 8.69897 2.8900256157 2.5934137050    2.870  3.830  3.5297  0.137    8  0.635  0.386   159.54    87.12    56.23    43.18    35.51  2 -1.24e-07      0.00 6.803e-01 3.064e-01 1.493e-03 2.243e-03 5.152e-03 -1.000 1.322e-02 -4.804 1.389 -0.260 -1.807 -3.269 -4.925 -6.609 -7.512 -7.804
0.013 -0.05655 8.69897 2.8900253773 2.5934137007    2.870  3.831  3.5295  0.134    8  0.635  0.386   160.27    87.48    56.45    43.36    35.65  2 -1.26e-07      0.00 6.803e-01 3.064e-01 1.493e-03 2.243e-03 5.152e-03 -1.000 1.322e-02 -4.808 1.389 -0.255 -1.800 -3.266 -4.925 -6.613 -7.516 -7.809
0.013 -0.05655 8.69897 2.8900272846 2.5934137354    2.870  3.690  3.5464  0.344    8  0.636  0.386   105.87    59.91    39.32    30.04    24.68  3 -3.47e-08      0.00 6.803e-01 3.064e-01 1.493e-03 2.243e-03 5.152e-03 -1.000 1.322e-02 -4.454 1.361 -0.579 -2.209 -3.429 -4.771 -6.203 -7.081 -7.343
0.013 -0.05655 8.69897 2.8900303841 2.5934137919    2.869  3.577  3.5597  0.509    8  0.636  0.386    76.31    44.43    29.55    22.47    18.45  3 -2.16e-08      0.00 6.803e-01 3.064e-01 1.493e-03 2.243e-03 5.152e-03 -1.000 1.322e-02 -4.174 1.325 -0.734 -2.395 -3.478 -4.588 -5.881 -6.734 -6.974
0.013 -0.05655 8.69897 2.8900346756 2.5934138702    2.869  3.609  3.5559  0.462    8  0.636  0.386    83.77    48.38    32.06    24.41    20.04  3 -2.47e-08      0.00 6.803e-01 3.064e-01 1.493e-03 2.243e-03 5.152e-03 -1.000 1.322e-02 -4.253 1.337 -0.694 -2.348 -3.467 -4.642 -5.972 -6.833 -7.079
0.013 -0.05655 8.69897 2.8900403976 2.5934139745    2.868  3.693  3.5458  0.338    8  0.636  0.386   107.09    60.54    39.72    30.34    24.93  2 -3.53e-08      0.00 6.803e-01 3.064e-01 1.493e-03 2.243e-03 5.152e-03 -1.000 1.322e-02 -4.462 1.365 -0.566 -2.193 -3.421 -4.774 -6.213 -7.092 -7.355
0.013 -0.05655 8.69897 2.8900477886 2.5934141092    2.868  3.779  3.5354  0.210    8  0.636  0.386   137.86    76.24    49.50    37.95    31.19  2 -7.37e-08      0.00 6.803e-01 3.064e-01 1.493e-03 2.243e-03 5.152e-03 -1.000 1.322e-02 -4.677 1.385 -0.378 -1.957 -3.327 -4.876 -6.462 -7.357 -7.639
0.013 -0.05655 8.69897 2.8900568485 2.5934142743    2.867  3.840  3.5279  0.119    8  0.636  0.386   165.16    89.92    57.95    44.53    36.62  2 -1.39e-07      0.00 6.803e-01 3.064e-01 1.493e-03 2.243e-03 5.152e-03 -1.000 1.322e-02 -4.830 1.398 -0.203 -1.737 -3.232 -4.917 -6.640 -7.545 -7.841
0.013 -0.05655 8.69897 2.8900678158 2.5934144743    2.866  3.873  3.5238  0.069    8  0.637  0.386   182.24    98.38    63.14    48.58    39.96  2 -1.96e-07      0.00 6.803e-01 3.064e-01 1.493e-03 2.243e-03 5.152e-03 -1.000 1.322e-02 -4.913 1.409 -0.078 -1.582 -3.161 -4.917 -6.736 -7.647 -7.951
0.013 -0.05655 8.69897 2.8900806904 2.5934147089    2.865  3.889  3.5218  0.046    8  0.637  0.386   191.00   102.69    65.78    50.65    41.66  2 -2.31e-07      0.00 6.803e-01 3.064e-01 1.493e-03 2.243e-03 5.152e-03 -1.000 1.322e-02 -4.952 1.416 -0.013 -1.503 -3.123 -4.915 -6.781 -7.694 -8.003
0.013 -0.05655 8.69897 2.8900957108 2.5934149827    2.863  3.898  3.5205  0.031    8  0.638  0.386   196.58   105.42    67.45    51.96    42.74  2 -2.54e-07      0.00 6.803e-01 3.064e-01 1.493e-03 2.243e-03 5.152e-03 -1.000 1.322e-02 -4.975 1.423 0.031 -1.450 -3.096 -4.911 -6.808 -7.723 -8.034
0.013 -0.05655 8.69897 2.8900959492 2.5934149871    2.864  3.989  3.5096 -0.103    8  0.638  0.386   256.37   134.36    85.03    65.73    54.11  2  -6.5e-07      0.01 6.803e-01 3.064e-01 1.493e-03 2.243e-03 5.152e-03 -1.000 1.322e-02 -5.202 1.460 0.441 -0.922 -2.840 -4.827 -7.069 -7.995 -8.332
0.013 -0.05655 8.69897 2.8900969028 2.5934150045    2.863  3.869  3.5240  0.074    8  0.638  0.386   180.46    97.50    62.60    48.16    39.62  2 -1.88e-07      0.00 6.803e-01 3.064e-01 1.493e-03 2.243e-03 5.152e-03 -1.000 1.322e-02 -4.902 1.414 -0.076 -1.581 -3.156 -4.909 -6.724 -7.634 -7.938
0.013 -0.05655 8.69897 2.8900990486 2.5934150436    2.863  3.727  3.5409  0.283    8  0.638  0.386   119.39    66.85    43.66    33.40    27.45  2 -4.37e-08      0.00 6.803e-01 3.064e-01 1.493e-03 2.243e-03 5.152e-03 -1.000 1.322e-02 -4.549 1.387 -0.473 -2.079 -3.368 -4.815 -6.315 -7.203 -7.474
0.013 -0.05655 8.69897 2.8901026249 2.5934151088    2.863  3.615  3.5544  0.450    8  0.638  0.386    85.85    49.46    32.74    24.94    20.48  3 -2.54e-08      0.00 6.803e-01 3.064e-01 1.493e-03 2.243e-03 5.152e-03 -1.000 1.322e-02 -4.267 1.355 -0.662 -2.312 -3.445 -4.646 -5.990 -6.854 -7.103
0.013 -0.05655 8.69897 2.8901076317 2.5934152000    2.862  3.646  3.5507  0.404    8  0.638  0.386    93.98    53.72    35.43    27.02    22.19  3  -2.9e-08      0.00 6.803e-01 3.064e-01 1.493e-03 2.243e-03 5.152e-03 -1.000 1.322e-02 -4.344 1.366 -0.625 -2.268 -3.436 -4.699 -6.079 -6.950 -7.205
0.013 -0.05655 8.69897 2.8901143074 2.5934153217    2.861  3.727  3.5409  0.283    8  0.638  0.386   119.41    66.86    43.66    33.41    27.45  2 -4.38e-08      0.00 6.803e-01 3.064e-01 1.493e-03 2.243e-03 5.152e-03 -1.000 1.322e-02 -4.549 1.387 -0.474 -2.081 -3.369 -4.816 -6.315 -7.203 -7.474
0.013 -0.05655 8.69897 2.8901231289 2.5934154825    2.861  3.811  3.5309  0.159    8  0.639  0.386   152.44    83.57    54.03    41.48    34.10  2 -1.04e-07      0.00 6.803e-01 3.064e-01 1.493e-03 2.243e-03 5.152e-03 -1.000 1.322e-02 -4.757 1.401 -0.273 -1.825 -3.265 -4.897 -6.557 -7.459 -7.748
0.013 -0.05655 8.69897 2.8901338577 2.5934156780    2.859  3.870  3.5239  0.072    8  0.639  0.386   180.99    97.76    62.76    48.29    39.72  2 -1.91e-07      0.00 6.803e-01 3.064e-01 1.493e-03 2.243e-03 5.152e-03 -1.000 1.322e-02 -4.904 1.414 -0.075 -1.580 -3.156 -4.910 -6.727 -7.637 -7.941
0.013 -0.05655 8.69897 2.8901467323 2.5934159127    2.858  3.900  3.5203  0.027    8  0.640  0.386   197.93   106.09    67.86    52.28    43.01  2 -2.62e-07      0.00 6.803e-01 3.064e-01 1.493e-03 2.243e-03 5.152e-03 -1.000 1.322e-02 -4.980 1.423 0.035 -1.445 -3.095 -4.913 -6.815 -7.729 -8.041
0.013 -0.05655 8.69897 2.8901617527 2.5934161865    2.856  3.913  3.5188  0.008    8  0.640  0.386   205.53   109.80    70.12    54.05    44.47  2    -3e-07      0.00 6.803e-01 3.064e-01 1.493e-03 2.243e-03 5.152e-03 -1.000 1.322e-02 -5.012 1.427 0.088 -1.378 -3.063 -4.905 -6.852 -7.767 -8.083
0.013 -0.05655 8.69897 2.8901793957 2.5934165081    2.854  3.919  3.5181 -0.001    8  0.641  0.386   209.39   111.68    71.27    54.95    45.21  2  -3.2e-07      0.00 6.803e-01 3.064e-01 1.493e-03 2.243e-03 5.152e-03 -1.000 1.322e-02 -5.028 1.428 0.113 -1.345 -3.047 -4.901 -6.870 -7.786 -8.103
0.013 -0.05655 8.69897 2.8901796341 2.5934165124    2.854  4.014  3.5068 -0.141    8  0.641  0.386   276.01   143.76    90.70    70.19    57.79  2  -8.5e-07      0.01 6.803e-01 3.064e-01 1.493e-03 2.243e-03 5.152e-03 -1.000 1.322e-02 -5.264 1.478 0.555 -0.781 -2.772 -4.794 -7.139 -8.068 -8.413
0.013 -0.05655 8.69897 2.8901808262 2.5934165341    2.854  3.894  3.5211  0.036    8  0.641  0.386   194.61   104.46    66.86    51.50    42.37  2 -2.48e-07      0.00 6.803e-01 3.064e-01 1.493e-03 2.243e-03 5.152e-03 -1.000 1.322e-02 -4.966 1.420 0.010 -1.477 -3.111 -4.915 -6.798 -7.711 -8.022
0.013 -0.05655 8.69897 2.8901832104 2.5934165776    2.854  3.754  3.5379  0.243    8  0.641  0.386   129.17    71.83    46.75    35.81    29.43  2 -5.83e-08      0.00 6.803e-01 3.064e-01 1.493e-03 2.243e-03 5.152e-03 -1.000 1.322e-02 -4.616 1.389 -0.421 -2.013 -3.345 -4.847 -6.392 -7.284 -7.561
0.013 -0.05655 8.69897 2.8901870251 2.5934166471    2.853  3.641  3.5515  0.410    8  0.641  0.386    92.80    53.09    35.03    26.72    21.94  3 -2.88e-08      0.00 6.803e-01 3.064e-01 1.493e-03 2.243e-03 5.152e-03 -1.000 1.322e-02 -4.333 1.360 -0.638 -2.284 -3.444 -4.694 -6.066 -6.935 -7.189
0.013 -0.05655 8.69897 2.8901927471 2.5934167514    2.852  3.672  3.5477  0.364    8  0.642  0.386   101.63    57.69    37.92    28.96    23.79  3 -3.29e-08      0.00 6.803e-01 3.064e-01 1.493e-03 2.243e-03 5.152e-03 -1.000 1.322e-02 -4.411 1.371 -0.586 -2.220 -3.423 -4.740 -6.155 -7.031 -7.291
0.013 -0.05655 8.69897 2.8902003765 2.5934168905    2.851  3.753  3.5380  0.244    8  0.642  0.386   128.83    71.65    46.64    35.73    29.36  2 -5.76e-08      0.00 6.803e-01 3.064e-01 1.493e-03 2.243e-03 5.152e-03 -1.000 1.322e-02 -4.612 1.391 -0.419 -2.012 -3.343 -4.844 -6.388 -7.280 -7.557
0.013 -0.05655 8.69897 2.8902101517 2.5934170686    2.850  3.835  3.5280  0.122    8  0.642  0.386   163.85    89.26    57.54    44.22    36.36  2 -1.34e-07      0.00 6.803e-01 3.064e-01 1.493e-03 2.243e-03 5.152e-03 -1.000 1.322e-02 -4.816 1.408 -0.194 -1.727 -3.221 -4.905 -6.626 -7.531 -7.827
0.013 -0.05655 8.69897 2.8902223110 2.5934172902    2.848  3.892  3.5210  0.037    8  0.643  0.386   193.94   104.13    66.66    51.34    42.24  2 -2.43e-07      0.00 6.803e-01 3.064e-01 1.493e-03 2.243e-03 5.152e-03 -1.000 1.322e-02 -4.959 1.426 0.018 -1.466 -3.102 -4.907 -6.791 -7.705 -8.015
0.013 -0.05655 8.69897 2.8902366161 2.5934175510    2.846  3.921  3.5173 -0.008    8  0.644  0.386   211.78   112.86    71.98    55.51    45.67  2 -3.31e-07      0.00 6.803e-01 3.064e-01 1.493e-03 2.243e-03 5.152e-03 -1.000 1.322e-02 -5.033 1.437 0.150 -1.299 -3.020 -4.885 -6.877 -7.794 -8.113
0.013 -0.05655 8.69897 2.8902537823 2.5934178638    2.844  3.934  3.5158 -0.027    8  0.644  0.386   219.88   116.80    74.38    57.39    47.22  2 -3.77e-07      0.00 6.803e-01 3.064e-01 1.493e-03 2.243e-03 5.152e-03 -1.000 1.322e-02 -5.064 1.443 0.212 -1.219 -2.980 -4.870 -6.913 -7.832 -8.154
0.013 -0.05655 8.69897 2.8902735710 2.5934182245    2.841  3.940  3.5149 -0.036    8  0.645  0.386   224.10   118.85    75.62    58.37    48.03  2 -4.03e-07      0.00 6.803e-01 3.065e-01 1.493e-03 2.243e-03 5.152e-03 -1.000 1.322e-02 -5.079 1.447 0.244 -1.178 -2.959 -4.862 -6.931 -7.850 -8.175
0.013 -0.05655 8.69897 2.8902738094 2.5934182288    2.841  4.038  3.5029 -0.183    8  0.645  0.386   299.64   155.01    97.46    75.52    62.18  2 -1.12e-06      0.02 6.803e-01 3.065e-01 1.493e-03 2.243e-03 5.152e-03 -1.000 1.322e-02 -5.326 1.529 0.732 -0.569 -2.655 -4.727 -7.209 -8.144 -8.500
0.013 -0.05655 8.69897 2.8902750015 2.5934182506    2.841  3.920  3.5173 -0.007    8  0.645  0.386   211.60   112.77    71.92    55.47    45.64  2 -3.29e-07      0.00 6.803e-01 3.065e-01 1.493e-03 2.243e-03 5.152e-03 -1.000 1.322e-02 -5.030 1.439 0.153 -1.295 -3.016 -4.881 -6.875 -7.792 -8.111
0.013 -0.05655 8.69897 2.8902776241 2.5934182983    2.840  3.782  3.5342  0.198    8  0.646  0.387   140.88    77.74    50.42    38.67    31.79  2 -7.87e-08      0.00 6.803e-01 3.065e-01 1.494e-03 2.243e-03 5.152e-03 -1.000 1.322e-02 -4.684 1.402 -0.335 -1.906 -3.295 -4.867 -6.473 -7.371 -7.654
0.013 -0.05655 8.69897 2.8902819157 2.5934183766    2.840  3.668  3.5479  0.367    8  0.646  0.387   101.00    57.35    37.70    28.79    23.65  3 -3.28e-08      0.00 6.803e-01 3.065e-01 1.494e-03 2.243e-03 5.152e-03 -1.000 1.322e-02 -4.401 1.375 -0.584 -2.220 -3.420 -4.733 -6.145 -7.021 -7.280
0.013 -0.05655 8.69897 2.8902881145 2.5934184895    2.839  3.699  3.5441  0.320    8  0.646  0.387   110.63    62.32    40.82    31.21    25.64  2 -3.74e-08      0.00 6.803e-01 3.065e-01 1.495e-03 2.243e-03 5.152e-03 -1.000 1.323e-02 -4.478 1.385 -0.522 -2.142 -3.390 -4.775 -6.234 -7.116 -7.382
0.013 -0.05655 8.69897 2.8902964592 2.5934186416    2.837  3.778  3.5344  0.202    8  0.646  0.387   139.79    77.19    50.08    38.41    31.57  2 -7.63e-08      0.00 6.803e-01 3.065e-01 1.496e-03 2.243e-03 5.152e-03 -1.000 1.323e-02 -4.676 1.405 -0.336 -1.908 -3.294 -4.861 -6.464 -7.361 -7.644
0.013 -0.05655 8.69897 2.8903071880 2.5934188371    2.835  3.858  3.5246  0.083    8  0.647  0.387   176.86    95.72    61.50    47.32    38.91  2 -1.74e-07      0.00 6.803e-01 3.065e-01 1.496e-03 2.243e-03 5.152e-03 -1.000 1.323e-02 -4.875 1.426 -0.080 -1.588 -3.151 -4.894 -6.696 -7.605 -7.908
0.013 -0.05655 8.69897 2.8903203011 2.5934190761    2.833  3.913  3.5177 -0.000    8  0.648  0.387   208.40   111.22    70.97    54.73    45.03  2 -3.09e-07      0.00 6.803e-01 3.065e-01 1.497e-03 2.243e-03 5.152e-03 -1.000 1.323e-02 -5.013 1.446 0.149 -1.303 -3.015 -4.874 -6.856 -7.773 -8.091
0.013 -0.05655 8.69897 2.8903360367 2.5934193629    2.830  3.942  3.5140 -0.044    8  0.648  0.387   227.03   120.28    76.48    59.05    48.59  2 -4.17e-07      0.00 6.803e-01 3.065e-01 1.497e-03 2.243e-03 5.152e-03 -1.000 1.323e-02 -5.084 1.459 0.291 -1.120 -2.923 -4.840 -6.939 -7.859 -8.185
0.013 -0.05655 8.69897 2.8903546333 2.5934197018    2.827  3.953  3.5124 -0.062    8  0.649  0.387   235.55   124.41    78.99    61.02    50.21  2 -4.73e-07      0.00 6.803e-01 3.065e-01 1.496e-03 2.243e-03 5.152e-03 -1.000 1.323e-02 -5.114 1.468 0.356 -1.036 -2.881 -4.823 -6.973 -7.896 -8.226
0.013 -0.05655 8.69897 2.8903760910 2.5934200928    2.823  3.959  3.5115 -0.072    8  0.650  0.387   240.12   126.62    80.32    62.07    51.08  2 -5.05e-07      0.00 6.803e-01 3.065e-01 1.494e-03 2.243e-03 5.152e-03 -1.000 1.323e-02 -5.128 1.473 0.393 -0.989 -2.856 -4.812 -6.991 -7.914 -8.246
0.013 -0.05655 8.69897 2.8903763294 2.5934200972    2.823  4.063  3.4987 -0.228    8  0.650  0.390   326.22   167.61   105.00    81.47    67.09  0 -1.48e-06      0.03 6.802e-01 3.066e-01 1.508e-03 2.242e-03 5.153e-03 -1.000 1.324e-02 -5.388 1.609 0.936 -0.336 -2.523 -4.644 -7.276 -8.219 -8.588
0.013 -0.05655 8.69897 2.8903777599 2.5934201233    2.823  3.946  3.5132 -0.053    8  0.651  0.390   230.90   122.17    77.62    59.95    49.33  2  -4.4e-07      0.00 6.802e-01 3.066e-01 1.508e-03 2.242e-03 5.153e-03 -1.000 1.324e-02 -5.095 1.467 0.329 -1.071 -2.896 -4.826 -6.952 -7.874 -8.202
0.013 -0.05655 8.69897 2.8903803825 2.5934201710    2.822  3.809  3.5300  0.151    8  0.651  0.390   154.33    84.49    54.58    41.93    34.47  2 -1.07e-07      0.00 6.802e-01 3.066e-01 1.509e-03 2.242e-03 5.153e-03 -1.000 1.324e-02 -4.753 1.423 -0.231 -1.777 -3.231 -4.881 -6.556 -7.459 -7.750
0.013 -0.05655 8.69897 2.8903846741 2.5934202493    2.822  3.695  3.5440  0.321    8  0.651  0.391   110.36    62.16    40.72    31.14    25.58  2 -3.74e-08      0.00 6.802e-01 3.066e-01 1.510e-03 2.242e-03 5.153e-03 -1.000 1.324e-02 -4.469 1.395 -0.508 -2.128 -3.377 -4.764 -6.225 -7.107 -7.374
0.013 -0.05655 8.69897 2.8903911114 2.5934203666    2.820  3.726  3.5402  0.275    8  0.651  0.391   120.79    67.52    44.06    33.73    27.72  2 -4.52e-08      0.00 6.802e-01 3.066e-01 1.512e-03 2.242e-03 5.153e-03 -1.000 1.324e-02 -4.544 1.406 -0.444 -2.048 -3.345 -4.805 -6.313 -7.202 -7.475
0.013 -0.05655 8.69897 2.8903996944 2.5934205230    2.818  3.803  3.5306  0.159    8  0.652  0.392   151.86    83.25    53.82    41.33    33.98  2 -1.01e-07      0.00 6.801e-01 3.066e-01 1.514e-03 2.242e-03 5.153e-03 -1.000 1.325e-02 -4.737 1.425 -0.239 -1.789 -3.234 -4.873 -6.538 -7.441 -7.731
0.013 -0.05655 8.69897 2.8904106617 2.5934207228    2.816  3.880  3.5209  0.044    8  0.652  0.392   190.75   102.58    65.69    50.61    41.63  2 -2.24e-07      0.00 6.801e-01 3.066e-01 1.515e-03 2.242e-03 5.153e-03 -1.000 1.325e-02 -4.929 1.450 0.048 -1.434 -3.070 -4.876 -6.761 -7.676 -7.986
0.013 -0.05655 8.69897 2.8904240131 2.5934209661    2.813  3.932  3.5142 -0.036    8  0.653  0.392   223.35   118.52    75.40    58.22    47.90  2 -3.88e-07      0.00 6.801e-01 3.066e-01 1.516e-03 2.242e-03 5.153e-03 -1.000 1.325e-02 -5.061 1.471 0.297 -1.115 -2.911 -4.824 -6.915 -7.836 -8.161
0.013 -0.05655 8.69897 2.8904402256 2.5934212616    2.810  3.959  3.5107 -0.078    8  0.654  0.392   242.30   127.70    80.97    62.59    51.51  2 -5.15e-07      0.00 6.801e-01 3.066e-01 1.516e-03 2.242e-03 5.153e-03 -1.000 1.325e-02 -5.128 1.487 0.437 -0.934 -2.820 -4.789 -6.993 -7.917 -8.251
0.013 -0.05655 8.69897 2.8904592991 2.5934216091    2.805  3.970  3.5092 -0.095    8  0.655  0.392   250.80   131.80    83.45    64.54    53.11  2  -5.8e-07      0.01 6.801e-01 3.066e-01 1.513e-03 2.242e-03 5.153e-03 -1.000 1.325e-02 -5.155 1.496 0.500 -0.855 -2.779 -4.769 -7.025 -7.951 -8.288
0.013 -0.05655 8.69897 2.8904814720 2.5934220132    2.801  3.975  3.5083 -0.105    8  0.656  0.390   255.19   133.92    84.73    65.55    53.95  2 -6.14e-07      0.01 6.802e-01 3.066e-01 1.508e-03 2.242e-03 5.153e-03 -1.000 1.324e-02 -5.168 1.504 0.536 -0.810 -2.754 -4.754 -7.040 -7.967 -8.306
0.013 -0.05655 8.69897 2.8904817104 2.5934220175    2.801  4.084  3.4947 -0.268    8  0.656  0.402   352.25   179.93   112.33    87.28    71.89  0  -1.9e-06      0.04 6.798e-01 3.069e-01 1.555e-03 2.241e-03 5.153e-03 -1.000 1.329e-02 -5.440 1.697 1.123 -0.135 -2.405 -4.559 -7.332 -8.283 -8.665
0.013 -0.05655 8.69897 2.8904829025 2.5934220393    2.801  3.968  3.5092 -0.094    8  0.656  0.403   249.93   131.39    83.20    64.34    52.95  2 -5.71e-07      0.00 6.798e-01 3.069e-01 1.556e-03 2.241e-03 5.153e-03 -1.000 1.329e-02 -5.150 1.499 0.502 -0.852 -2.776 -4.765 -7.020 -7.946 -8.283
0.013 -0.05655 8.69897 2.8904855251 2.5934220870    2.800  3.833  3.5260  0.108    8  0.656  0.403   167.73    91.17    58.69    45.15    37.12  2 -1.41e-07      0.00 6.798e-01 3.069e-01 1.557e-03 2.241e-03 5.153e-03 -1.000 1.329e-02 -4.813 1.447 -0.096 -1.613 -3.145 -4.862 -6.629 -7.537 -7.836
0.013 -0.05655 8.69897 2.8904895782 2.5934221609    2.799  3.719  3.5403  0.279    8  0.656  0.403   119.65    66.91    43.67    33.44    27.48  2 -4.33e-08      0.00 6.798e-01 3.069e-01 1.558e-03 2.241e-03 5.153e-03 -1.000 1.330e-02 -4.527 1.418 -0.432 -2.035 -3.331 -4.789 -6.295 -7.185 -7.457
0.013 -0.05655 8.69897 2.8904957771 2.5934222739    2.797  3.749  3.5365  0.233    8  0.656  0.404   130.96    72.67    47.26    36.23    29.78  2 -5.93e-08      0.00 6.798e-01 3.069e-01 1.560e-03 2.241e-03 5.153e-03 -1.000 1.330e-02 -4.603 1.427 -0.351 -1.933 -3.287 -4.815 -6.384 -7.278 -7.558
0.013 -0.05655 8.69897 2.8905038834 2.5934224216    2.795  3.825  3.5269  0.119    8  0.657  0.404   163.99    89.31    57.54    44.25    36.38  2  -1.3e-07      0.00 6.798e-01 3.069e-01 1.562e-03 2.241e-03 5.153e-03 -1.000 1.330e-02 -4.792 1.448 -0.118 -1.641 -3.155 -4.858 -6.605 -7.512 -7.809
0.013 -0.05655 8.69897 2.8905141354 2.5934226084    2.792  3.899  3.5174  0.007    8  0.657  0.405   204.79   109.48    69.89    53.91    44.35  2 -2.83e-07      0.00 6.798e-01 3.069e-01 1.564e-03 2.241e-03 5.153e-03 -1.000 1.330e-02 -4.978 1.476 0.192 -1.254 -2.970 -4.832 -6.822 -7.739 -8.057
0.013 -0.05655 8.69897 2.8905270100 2.5934228430    2.789  3.950  3.5109 -0.071    8  0.658  0.405   238.70   125.99    79.92    61.78    50.84  2 -4.82e-07      0.00 6.798e-01 3.069e-01 1.564e-03 2.241e-03 5.153e-03 -1.000 1.330e-02 -5.106 1.501 0.448 -0.922 -2.804 -4.770 -6.970 -7.894 -8.228
0.013 -0.05655 8.69897 2.8905422688 2.5934231210    2.785  3.976  3.5074 -0.112    8  0.659  0.404   258.43   135.51    85.68    66.30    54.57  2 -6.34e-07      0.01 6.798e-01 3.069e-01 1.563e-03 2.241e-03 5.153e-03 -1.000 1.330e-02 -5.171 1.519 0.585 -0.750 -2.716 -4.727 -7.045 -7.973 -8.315
0.013 -0.05655 8.69897 2.8905603886 2.5934234512    2.781  3.987  3.5058 -0.130    8  0.659  0.403   267.47   139.86    88.30    68.37    56.27  2 -7.13e-07      0.01 6.798e-01 3.069e-01 1.558e-03 2.241e-03 5.153e-03 -1.000 1.330e-02 -5.197 1.532 0.651 -0.668 -2.672 -4.703 -7.076 -8.006 -8.352
0.013 -0.05655 8.69897 2.8905813694 2.5934238335    2.775  3.992  3.5049 -0.139    8  0.660  0.401   272.39   142.23    89.72    69.50    57.20  2 -7.58e-07      0.01 6.799e-01 3.068e-01 1.549e-03 2.241e-03 5.153e-03 -1.000 1.329e-02 -5.210 1.541 0.691 -0.619 -2.645 -4.686 -7.091 -8.023 -8.370
0.013 -0.05655 8.69897 2.8905816078 2.5934238378    2.775  4.105  3.4906 -0.310    8  0.660  0.425   381.22   193.60   120.45    93.72    77.20  0 -2.45e-06      0.06 6.794e-01 3.073e-01 1.645e-03 2.240e-03 5.154e-03 -1.000 1.339e-02 -5.493 1.819 1.339 0.088 -2.272 -4.461 -7.385 -8.346 -8.744
0.013 -0.05655 8.69897 2.8905827999 2.5934238595    2.775  3.990  3.5051 -0.137    8  0.660  0.426   271.00   141.57    89.32    69.18    56.94  2 -7.44e-07      0.01 6.794e-01 3.073e-01 1.645e-03 2.240e-03 5.154e-03 -1.000 1.339e-02 -5.206 1.539 0.682 -0.630 -2.651 -4.689 -7.086 -8.018 -8.364
0.013 -0.05655 8.69897 2.8905856609 2.5934239116    2.774  3.857  3.5220  0.064    8  0.661  0.426   182.43    98.47    63.15    48.65    40.01  2 -1.87e-07      0.00 6.794e-01 3.073e-01 1.646e-03 2.240e-03 5.154e-03 -1.000 1.339e-02 -4.872 1.475 0.046 -1.441 -3.054 -4.840 -6.702 -7.614 -7.922
0.013 -0.05655 8.69897 2.8905899525 2.5934239898    2.773  3.742  3.5366  0.237    8  0.661  0.426   129.74    72.03    46.85    35.93    29.52  2 -5.69e-08      0.00 6.793e-01 3.073e-01 1.648e-03 2.240e-03 5.154e-03 -1.000 1.339e-02 -4.585 1.440 -0.339 -1.921 -3.272 -4.799 -6.366 -7.260 -7.539
0.013 -0.05655 8.69897 2.8905961514 2.5934241028    2.771  3.772  3.5327  0.192    8  0.661  0.427   141.87    78.18    50.66    38.90    31.97  2 -7.76e-08      0.00 6.793e-01 3.073e-01 1.650e-03 2.240e-03 5.154e-03 -1.000 1.339e-02 -4.660 1.449 -0.254 -1.815 -3.225 -4.823 -6.453 -7.353 -7.639
0.013 -0.05655 8.69897 2.8906047344 2.5934242592    2.768  3.845  3.5233  0.080    8  0.661  0.427   176.79    95.67    61.43    47.31    38.90  2 -1.67e-07      0.00 6.793e-01 3.073e-01 1.652e-03 2.240e-03 5.154e-03 -1.000 1.340e-02 -4.844 1.474 0.009 -1.486 -3.073 -4.837 -6.669 -7.580 -7.885
0.013 -0.05655 8.69897 2.8906157017 2.5934244590    2.765  3.917  3.5140 -0.030    8  0.662  0.428   219.22   116.55    74.18    57.30    47.14  2 -3.54e-07      0.00 6.793e-01 3.073e-01 1.654e-03 2.240e-03 5.154e-03 -1.000 1.340e-02 -5.023 1.503 0.339 -1.067 -2.867 -4.781 -6.878 -7.799 -8.124
0.013 -0.05655 8.69897 2.8906290531 2.5934247023    2.760  3.966  3.5077 -0.104    8  0.662  0.428   253.88   133.37    84.37    65.30    53.73  2 -5.89e-07      0.01 6.793e-01 3.073e-01 1.654e-03 2.240e-03 5.154e-03 -1.000 1.340e-02 -5.145 1.530 0.587 -0.750 -2.707 -4.713 -7.019 -7.947 -8.287
0.013 -0.05655 8.69897 2.8906450272 2.5934249933    2.755  3.990  3.5044 -0.142    8  0.663  0.427   273.53   142.83    90.07    69.79    57.44  2 -7.63e-07      0.01 6.793e-01 3.073e-01 1.652e-03 2.240e-03 5.154e-03 -1.000 1.340e-02 -5.206 1.553 0.721 -0.583 -2.620 -4.667 -7.089 -8.021 -8.369
0.013 -0.05655 8.69897 2.8906641006 2.5934253408    2.750  4.000  3.5030 -0.158    8  0.664  0.426   282.05   146.92    92.53    71.73    59.04  2 -8.48e-07      0.01 6.794e-01 3.072e-01 1.647e-03 2.240e-03 5.154e-03 -1.000 1.339e-02 -5.230 1.565 0.780 -0.510 -2.582 -4.645 -7.116 -8.050 -8.402
0.013 -0.05655 8.69897 2.8906860352 2.5934257405    2.743  4.004  3.5023 -0.166    8  0.665  0.423   286.23   148.95    93.74    72.69    59.83  2 -8.92e-07      0.01 6.794e-01 3.072e-01 1.637e-03 2.240e-03 5.154e-03 -1.000 1.338e-02 -5.240 1.576 0.814 -0.470 -2.559 -4.632 -7.127 -8.062 -8.416
0.013 -0.05655 8.69897 2.8906862736 2.5934257448    2.743  4.121  3.4873 -0.344    8  0.665  0.462   405.87   205.30   127.35    99.22    81.73  0 -3.01e-06      0.08 6.787e-01 3.077e-01 1.785e-03 2.238e-03 5.154e-03 -1.000 1.354e-02 -5.533 1.946 1.495 0.213 -2.191 -4.397 -7.420 -8.391 -8.803
0.013 -0.05655 8.69897 2.8906874657 2.5934257665    2.742  4.007  3.5019 -0.172    8  0.665  0.462   289.18   150.36    94.59    73.35    60.38  2 -9.24e-07      0.01 6.787e-01 3.077e-01 1.785e-03 2.238e-03 5.154e-03 -1.000 1.354e-02 -5.248 1.580 0.833 -0.447 -2.547 -4.625 -7.137 -8.072 -8.427
0.013 -0.05655 8.69897 2.8906900883 2.5934258143    2.741  3.875  3.5188  0.028    8  0.665  0.462   195.32   104.84    67.03    51.71    42.53  2 -2.36e-07      0.00 6.787e-01 3.077e-01 1.786e-03 2.238e-03 5.154e-03 -1.000 1.354e-02 -4.918 1.500 0.169 -1.290 -2.972 -4.812 -6.757 -7.674 -7.989
0.013 -0.05655 8.69897 2.8906943798 2.5934258925    2.740  3.760  3.5336  0.202    8  0.665  0.462   138.58    76.48    49.60    38.09    31.30  2 -7.13e-08      0.00 6.787e-01 3.077e-01 1.788e-03 2.238e-03 5.154e-03 -1.000 1.354e-02 -4.630 1.460 -0.261 -1.827 -3.224 -4.805 -6.420 -7.319 -7.603
0.013 -0.05655 8.69897 2.8907005787 2.5934260054    2.737  3.789  3.5298  0.157    8  0.666  0.463   151.47    82.99    53.62    41.23    33.88  2 -9.71e-08      0.00 6.787e-01 3.077e-01 1.789e-03 2.238e-03 5.154e-03 -1.000 1.354e-02 -4.704 1.470 -0.173 -1.715 -3.173 -4.827 -6.507 -7.411 -7.702
0.013 -0.05655 8.69897 2.8907091618 2.5934261618    2.734  3.861  3.5204  0.047    8  0.666  0.463   188.00   101.23    64.82    49.98    41.10  2 -2.06e-07      0.00 6.787e-01 3.077e-01 1.791e-03 2.238e-03 5.154e-03 -1.000 1.354e-02 -4.884 1.499 0.117 -1.358 -3.004 -4.819 -6.718 -7.633 -7.944
0.013 -0.05655 8.69897 2.8907196522 2.5934263529    2.730  3.931  3.5113 -0.060    8  0.666  0.464   231.80   122.72    77.90    60.24    49.56  2 -4.26e-07      0.00 6.787e-01 3.077e-01 1.792e-03 2.238e-03 5.154e-03 -1.000 1.355e-02 -5.058 1.530 0.465 -0.908 -2.778 -4.736 -6.922 -7.845 -8.177
0.013 -0.05655 8.69897 2.8907330036 2.5934265962    2.725  3.978  3.5051 -0.132    8  0.667  0.464   267.15   139.84    88.24    68.38    56.27  2 -6.98e-07      0.01 6.787e-01 3.077e-01 1.792e-03 2.238e-03 5.154e-03 -1.000 1.355e-02 -5.175 1.562 0.710 -0.599 -2.619 -4.658 -7.056 -7.987 -8.334
0.013 -0.05655 8.69897 2.8907487392 2.5934268828    2.719  4.001  3.5019 -0.169    8  0.668  0.463   287.01   149.39    93.99    72.90    60.00  2 -8.94e-07      0.01 6.787e-01 3.077e-01 1.790e-03 2.238e-03 5.154e-03 -1.000 1.354e-02 -5.233 1.589 0.844 -0.434 -2.533 -4.611 -7.122 -8.057 -8.412
0.013 -0.05655 8.69897 2.8907673359 2.5934272216    2.712  4.010  3.5005 -0.185    8  0.668  0.462   295.54   153.49    96.44    74.85    61.61  2 -9.88e-07      0.01 6.787e-01 3.077e-01 1.784e-03 2.238e-03 5.154e-03 -1.000 1.354e-02 -5.255 1.608 0.907 -0.358 -2.491 -4.587 -7.147 -8.084 -8.442
0.013 -0.05655 8.69897 2.8907890320 2.5934276169    2.704  4.013  3.4998 -0.192    8  0.669  0.459   299.67   155.49    97.64    75.80    62.39  2 -1.03e-06      0.01 6.788e-01 3.077e-01 1.774e-03 2.238e-03 5.154e-03 -1.000 1.353e-02 -5.263 1.619 0.941 -0.320 -2.469 -4.572 -7.157 -8.096 -8.455
0.013 -0.05655 8.69897 2.8907892704 2.5934276212    2.704  4.134  3.4841 -0.376    8  0.669  0.510   429.90   216.76   134.09   104.61    86.17  0 -3.63e-06      0.10 6.780e-01 3.083e-01 1.970e-03 2.235e-03 5.153e-03 -1.000 1.373e-02 -5.565 2.064 1.639 0.322 -2.117 -4.335 -7.450 -8.429 -8.854
0.013 -0.05655 8.69897 2.8907904625 2.5934276429    2.704  4.021  3.4987 -0.205    8  0.669  0.510   307.08   159.03    99.76    77.47    63.77  0 -1.13e-06      0.02 6.780e-01 3.083e-01 1.971e-03 2.235e-03 5.153e-03 -1.000 1.373e-02 -5.284 1.627 0.978 -0.277 -2.446 -4.559 -7.180 -8.120 -8.482
0.013 -0.05655 8.69897 2.8907928467 2.5934276864    2.702  3.891  3.5156 -0.007    8  0.669  0.510   208.20   111.20    70.89    54.76    45.04  2 -2.91e-07      0.00 6.780e-01 3.083e-01 1.971e-03 2.235e-03 5.153e-03 -1.000 1.373e-02 -4.958 1.528 0.308 -1.115 -2.873 -4.762 -6.807 -7.727 -8.048
0.013 -0.05655 8.69897 2.8907971382 2.5934277646    2.701  3.775  3.5307  0.169    8  0.670  0.510   147.51    80.97    52.35    40.26    33.08  2 -8.79e-08      0.00 6.780e-01 3.083e-01 1.972e-03 2.235e-03 5.153e-03 -1.000 1.374e-02 -4.669 1.485 -0.177 -1.725 -3.168 -4.805 -6.469 -7.372 -7.661
0.013 -0.05655 8.69897 2.8908028603 2.5934278688    2.698  3.805  3.5267  0.123    8  0.670  0.510   161.30    87.91    56.63    43.60    35.84  2  -1.2e-07      0.00 6.780e-01 3.083e-01 1.973e-03 2.235e-03 5.153e-03 -1.000 1.374e-02 -4.742 1.496 -0.063 -1.583 -3.100 -4.805 -6.556 -7.463 -7.761
0.013 -0.05655 8.69897 2.8908107281 2.5934280121    2.694  3.876  3.5174  0.014    8  0.670  0.511   199.72   107.02    68.34    52.77    43.39  2 -2.51e-07      0.00 6.780e-01 3.083e-01 1.974e-03 2.235e-03 5.153e-03 -1.000 1.374e-02 -4.920 1.527 0.248 -1.194 -2.910 -4.773 -6.763 -7.682 -7.999
0.013 -0.05655 8.69897 2.8908209801 2.5934281989    2.690  3.944  3.5083 -0.091    8  0.671  0.511   245.35   129.36    81.90    63.42    52.17  2 -5.13e-07      0.00 6.780e-01 3.083e-01 1.974e-03 2.235e-03 5.153e-03 -1.000 1.374e-02 -5.090 1.561 0.600 -0.741 -2.681 -4.679 -6.963 -7.890 -8.228
0.013 -0.05655 8.69897 2.8908333778 2.5934284247    2.684  3.990  3.5021 -0.163    8  0.671  0.510   282.11   147.14    92.61    71.85    59.13  2 -8.33e-07      0.01 6.780e-01 3.083e-01 1.972e-03 2.235e-03 5.153e-03 -1.000 1.374e-02 -5.205 1.600 0.850 -0.428 -2.518 -4.593 -7.094 -8.029 -8.382
0.013 -0.05655 8.69897 2.8908483982 2.5934286984    2.678  4.013  3.4989 -0.200    8  0.672  0.510   303.04   157.19    98.64    76.61    63.06  0 -1.06e-06      0.01 6.780e-01 3.083e-01 1.969e-03 2.235e-03 5.153e-03 -1.000 1.373e-02 -5.262 1.636 0.986 -0.268 -2.433 -4.543 -7.158 -8.098 -8.459
0.013 -0.05655 8.69897 2.8908660412 2.5934290198    2.670  4.022  3.4974 -0.216    8  0.672  0.508   312.57   161.77   101.37    78.78    64.84  0 -1.18e-06      0.02 6.780e-01 3.083e-01 1.963e-03 2.235e-03 5.153e-03 -1.000 1.373e-02 -5.284 1.655 1.045 -0.202 -2.396 -4.518 -7.184 -8.126 -8.491
0.013 -0.05655 8.69897 2.8908865452 2.5934293933    2.661  4.026  3.4965 -0.225    8  0.673  0.505   317.78   164.29   102.87    79.97    65.83  0 -1.25e-06      0.02 6.781e-01 3.082e-01 1.953e-03 2.235e-03 5.153e-03 -1.000 1.372e-02 -5.295 1.667 1.082 -0.160 -2.371 -4.501 -7.196 -8.139 -8.506
0.013 -0.05655 8.69897 2.8908867836 2.5934293976    2.661  4.150  3.4801 -0.414    8  0.673  0.567   452.33   231.36   142.65   111.46    91.82  0 -4.53e-06      0.14 6.771e-01 3.089e-01 2.190e-03 2.232e-03 5.152e-03 -1.000 1.397e-02 -5.604 2.293 1.870 0.494 -1.999 -4.237 -7.473 -8.469 -8.915
0.013 -0.05655 8.69897 2.8908879757 2.5934294193    2.660  4.038  3.4949 -0.244    8  0.673  0.567   329.62   169.94   106.24    82.64    68.02  0 -1.42e-06      0.02 6.771e-01 3.089e-01 2.190e-03 2.232e-03 5.152e-03 -1.000 1.397e-02 -5.325 1.690 1.147 -0.089 -2.333 -4.477 -7.229 -8.175 -8.547
0.013 -0.05655 8.69897 2.8908905983 2.5934294671    2.659  3.909  3.5118 -0.047    8  0.673  0.567   224.12   119.04    75.63    58.52    48.13  2 -3.71e-07      0.00 6.771e-01 3.089e-01 2.191e-03 2.232e-03 5.152e-03 -1.000 1.397e-02 -5.002 1.563 0.481 -0.897 -2.750 -4.698 -6.864 -7.787 -8.117
0.013 -0.05655 8.69897 2.8908946514 2.5934295409    2.656  3.793  3.5271  0.130    8  0.673  0.567   158.47    86.45    55.72    42.91    35.26  2 -1.11e-07      0.00 6.771e-01 3.089e-01 2.191e-03 2.232e-03 5.152e-03 -1.000 1.397e-02 -4.712 1.516 -0.052 -1.574 -3.084 -4.782 -6.524 -7.431 -7.728
0.013 -0.05655 8.69897 2.8909006119 2.5934296495    2.653  3.822  3.5232  0.084    8  0.674  0.567   173.22    93.85    60.26    46.47    38.19  2 -1.51e-07      0.00 6.771e-01 3.089e-01 2.192e-03 2.232e-03 5.152e-03 -1.000 1.397e-02 -4.785 1.530 0.072 -1.421 -3.010 -4.776 -6.610 -7.522 -7.827
0.013 -0.05655 8.69897 2.8909084797 2.5934297928    2.649  3.891  3.5138 -0.023    8  0.674  0.567   213.75   113.96    72.53    56.09    46.13  2 -3.14e-07      0.00 6.771e-01 3.089e-01 2.192e-03 2.232e-03 5.152e-03 -1.000 1.397e-02 -4.959 1.562 0.410 -0.991 -2.794 -4.711 -6.814 -7.736 -8.061
0.013 -0.05655 8.69897 2.8909187317 2.5934299796    2.643  3.958  3.5049 -0.126    8  0.674  0.567   261.32   137.20    86.59    67.16    55.25  2 -6.29e-07      0.01 6.772e-01 3.089e-01 2.192e-03 2.232e-03 5.152e-03 -1.000 1.397e-02 -5.124 1.600 0.759 -0.544 -2.565 -4.604 -7.007 -7.938 -8.284
0.013 -0.05655 8.69897 2.8909313679 2.5934302098    2.636  4.002  3.4988 -0.196    8  0.675  0.567   299.22   155.50    97.59    75.83    62.40  0 -1.01e-06      0.01 6.772e-01 3.089e-01 2.190e-03 2.232e-03 5.152e-03 -1.000 1.397e-02 -5.234 1.650 1.007 -0.243 -2.407 -4.517 -7.132 -8.072 -8.432
0.013 -0.05655 8.69897 2.8909466267 2.5934304877    2.628  4.023  3.4956 -0.231    8  0.676  0.566   320.52   165.74   103.71    80.67    66.40  0 -1.27e-06      0.02 6.772e-01 3.089e-01 2.187e-03 2.232e-03 5.152e-03 -1.000 1.396e-02 -5.289 1.686 1.128 -0.107 -2.332 -4.469 -7.193 -8.137 -8.506
0.013 -0.05655 8.69897 2.8909645081 2.5934308134    2.618  4.032  3.4942 -0.247    8  0.676  0.565   330.01   170.31   106.43    82.83    68.18  0  -1.4e-06      0.02 6.772e-01 3.089e-01 2.181e-03 2.232e-03 5.152e-03 -1.000 1.396e-02 -5.309 1.714 1.192 -0.038 -2.292 -4.441 -7.215 -8.162 -8.535
0.013 -0.05655 8.69897 2.8909852505 2.5934311912    2.607  4.035  3.4933 -0.255    8  0.677  0.562   335.00   172.74   107.87    83.98    69.12  0 -1.48e-06      0.03 6.772e-01 3.088e-01 2.172e-03 2.233e-03 5.152e-03 -1.000 1.395e-02 -5.317 1.735 1.234 0.006 -2.265 -4.421 -7.224 -8.173 -8.548
0.013 -0.05655 8.69897 2.8909854889 2.5934311956    2.607  4.162  3.4763 -0.451    8  0.677  0.632   472.00   245.83   151.09   118.24    97.41  0 -5.53e-06      0.17 6.762e-01 3.095e-01 2.443e-03 2.229e-03 5.151e-03 -1.000 1.423e-02 -5.635 2.482 2.055 0.629 -1.905 -4.163 -7.492 -8.500 -8.964
0.013 -0.05655 8.69897 2.8909866810 2.5934312173    2.606  4.051  3.4911 -0.281    8  0.677  0.632   351.76   180.73   112.63    87.75    72.23  0 -1.75e-06      0.03 6.762e-01 3.095e-01 2.443e-03 2.229e-03 5.151e-03 -1.000 1.423e-02 -5.358 1.773 1.327 0.106 -2.211 -4.385 -7.267 -8.219 -8.603
0.013 -0.05655 8.69897 2.8909890652 2.5934312607    2.604  3.923  3.5082 -0.085    8  0.677  0.633   239.86   126.81    80.29    62.23    51.18  2 -4.64e-07      0.00 6.762e-01 3.095e-01 2.444e-03 2.229e-03 5.151e-03 -1.000 1.423e-02 -5.038 1.603 0.648 -0.690 -2.629 -4.627 -6.912 -7.839 -8.176
0.013 -0.05655 8.69897 2.8909931183 2.5934313346    2.602  3.807  3.5238  0.094    8  0.677  0.633   169.31    91.86    59.02    45.53    37.41  2 -1.39e-07      0.00 6.762e-01 3.095e-01 2.444e-03 2.229e-03 5.151e-03 -1.000 1.423e-02 -4.747 1.552 0.077 -1.420 -2.996 -4.751 -6.571 -7.481 -7.785
0.013 -0.05655 8.69897 2.8909988403 2.5934314388    2.598  3.836  3.5198  0.048    8  0.678  0.633   185.15    99.79    63.87    49.33    40.55  2 -1.89e-07      0.00 6.762e-01 3.095e-01 2.444e-03 2.229e-03 5.151e-03 -1.000 1.423e-02 -4.820 1.568 0.209 -1.258 -2.916 -4.741 -6.657 -7.573 -7.884
0.013 -0.05655 8.69897 2.8910064697 2.5934315777    2.593  3.905  3.5104 -0.059    8  0.678  0.633   228.00   121.00    76.77    59.47    48.90  2 -3.88e-07      0.00 6.762e-01 3.095e-01 2.444e-03 2.229e-03 5.151e-03 -1.000 1.423e-02 -4.992 1.600 0.573 -0.787 -2.675 -4.646 -6.859 -7.783 -8.116
0.013 -0.05655 8.69897 2.8910162449 2.5934317558    2.586  3.970  3.5015 -0.161    8  0.678  0.632   277.87   145.29    91.42    71.02    58.42  2 -7.68e-07      0.01 6.762e-01 3.095e-01 2.443e-03 2.229e-03 5.151e-03 -1.000 1.423e-02 -5.154 1.647 0.924 -0.344 -2.445 -4.526 -7.046 -7.981 -8.335
0.013 -0.05655 8.69897 2.8910286427 2.5934319816    2.578  4.013  3.4954 -0.230    8  0.679  0.632   317.51   164.35   102.83    80.04    65.86  0 -1.22e-06      0.02 6.762e-01 3.095e-01 2.441e-03 2.229e-03 5.151e-03 -1.000 1.423e-02 -5.262 1.703 1.153 -0.078 -2.304 -4.440 -7.168 -8.111 -8.479
0.013 -0.05655 8.69897 2.8910431862 2.5934322465    2.569  4.034  3.4923 -0.265    8  0.679  0.631   340.03   175.08   109.22    85.10    70.04  0 -1.54e-06      0.03 6.763e-01 3.095e-01 2.437e-03 2.229e-03 5.151e-03 -1.000 1.423e-02 -5.315 1.757 1.287 0.067 -2.223 -4.386 -7.225 -8.174 -8.552
0.013 -0.05655 8.69897 2.8910603523 2.5934325592    2.558  4.042  3.4908 -0.281    8  0.680  0.629   350.50   180.02   112.16    87.43    71.96  0  -1.7e-06      0.03 6.763e-01 3.095e-01 2.431e-03 2.229e-03 5.151e-03 -1.000 1.422e-02 -5.336 1.793 1.357 0.141 -2.180 -4.355 -7.246 -8.199 -8.582
0.013 -0.05655 8.69897 2.8910803795 2.5934329239    2.545  4.046  3.4900 -0.290    8  0.681  0.627   356.49   182.81   113.80    88.76    73.05  0  -1.8e-06      0.03 6.763e-01 3.095e-01 2.422e-03 2.230e-03 5.151e-03 -1.000 1.421e-02 -5.345 1.816 1.401 0.186 -2.152 -4.334 -7.256 -8.210 -8.597
0.013 -0.05655 8.69897 2.8910806179 2.5934329283    2.544  4.176  3.4724 -0.490    8  0.681  0.705   491.39   262.40   160.71   126.01   103.80  0 -6.94e-06      0.22 6.752e-01 3.102e-01 2.722e-03 2.226e-03 5.150e-03 -1.000 1.453e-02 -5.669 2.735 2.283 0.792 -1.794 -4.075 -7.507 -8.531 -9.017
0.013 -0.05655 8.69897 2.8910818100 2.5934329500    2.543  4.066  3.4873 -0.321    8  0.681  0.705   378.63   193.27   120.02    93.68    77.11  0 -2.21e-06      0.04 6.752e-01 3.102e-01 2.722e-03 2.226e-03 5.150e-03 -1.000 1.453e-02 -5.394 1.856 1.476 0.240 -2.123 -4.315 -7.309 -8.267 -8.661
0.013 -0.05655 8.69897 2.8910841942 2.5934329934    2.541  3.939  3.5043 -0.127    8  0.681  0.705   258.80   135.97    85.78    66.61    54.78  2 -5.94e-07      0.00 6.752e-01 3.102e-01 2.722e-03 2.226e-03 5.150e-03 -1.000 1.453e-02 -5.078 1.647 0.829 -0.466 -2.497 -4.543 -6.963 -7.894 -8.240
0.013 -0.05655 8.69897 2.8910880089 2.5934330629    2.538  3.822  3.5200  0.052    8  0.681  0.705   182.29    98.35    62.95    48.66    39.99  2 -1.77e-07      0.00 6.752e-01 3.102e-01 2.722e-03 2.226e-03 5.150e-03 -1.000 1.453e-02 -4.786 1.595 0.228 -1.240 -2.892 -4.713 -6.622 -7.537 -7.848
0.013 -0.05655 8.69897 2.8910937309 2.5934331671    2.533  3.851  3.5159  0.006    8  0.681  0.705   199.48   106.89    68.16    52.75    43.36  2 -2.41e-07      0.00 6.752e-01 3.102e-01 2.722e-03 2.226e-03 5.150e-03 -1.000 1.453e-02 -4.858 1.610 0.386 -1.037 -2.787 -4.671 -6.707 -7.627 -7.947
0.013 -0.05655 8.69897 2.8911013603 2.5934333061    2.527  3.919  3.5066 -0.100    8  0.681  0.705   245.31   129.39    81.80    63.48    52.20  2 -4.91e-07      0.00 6.752e-01 3.102e-01 2.722e-03 2.226e-03 5.150e-03 -1.000 1.453e-02 -5.027 1.645 0.749 -0.570 -2.546 -4.564 -6.906 -7.835 -8.175
0.013 -0.05655 8.69897 2.8911108971 2.5934334798    2.519  3.982  3.4977 -0.200    8  0.682  0.705   298.27   154.98    97.17    75.63    62.22  0 -9.61e-07      0.01 6.752e-01 3.102e-01 2.721e-03 2.226e-03 5.150e-03 -1.000 1.452e-02 -5.186 1.697 1.092 -0.146 -2.324 -4.440 -7.089 -8.028 -8.390
0.013 -0.05655 8.69897 2.8911228180 2.5934336969    2.509  4.024  3.4916 -0.268    8  0.682  0.704   340.37   175.04   109.14    85.11    70.04  0 -1.51e-06      0.02 6.753e-01 3.102e-01 2.719e-03 2.226e-03 5.150e-03 -1.000 1.452e-02 -5.290 1.773 1.330 0.118 -2.180 -4.346 -7.205 -8.154 -8.532
0.013 -0.05655 8.69897 2.8911373615 2.5934339617    2.497  4.045  3.4884 -0.304    8  0.683  0.703   364.66   186.49   115.94    90.51    74.49  0  -1.9e-06      0.04 6.753e-01 3.102e-01 2.716e-03 2.226e-03 5.150e-03 -1.000 1.452e-02 -5.342 1.844 1.459 0.237 -2.111 -4.297 -7.258 -8.214 -8.603
0.013 -0.05655 8.69897 2.8911542892 2.5934342700    2.483  4.053  3.4867 -0.321    8  0.683  0.702   376.60   192.06   119.23    93.14    76.65  0 -2.11e-06      0.04 6.753e-01 3.102e-01 2.711e-03 2.226e-03 5.150e-03 -1.000 1.451e-02 -5.362 1.880 1.514 0.280 -2.083 -4.275 -7.280 -8.238 -8.632
0.013 -0.05655 8.69897 2.8911738396 2.5934346261    2.467  4.056  3.4856 -0.332    8  0.684  0.700   384.12   195.52   121.26    94.77    78.00  0 -2.24e-06      0.04 6.753e-01 3.102e-01 2.702e-03 2.226e-03 5.150e-03 -1.000 1.450e-02 -5.371 1.906 1.555 0.312 -2.061 -4.256 -7.290 -8.250 -8.647
0.013 -0.05655 8.69897 2.8911740780 2.5934346304    2.467  4.189  3.4674 -0.537    8  0.684  0.784   515.20   283.24   172.76   135.77   111.84  0 -8.89e-06      0.35 6.742e-01 3.110e-01 3.026e-03 2.222e-03 5.148e-03 -1.000 1.485e-02 -5.702 3.462 2.829 1.185 -1.528 -3.864 -7.461 -8.530 -9.070
0.013 -0.05655 8.69897 2.8911752701 2.5934346522    2.465  4.080  3.4824 -0.368    8  0.684  0.784   412.60   208.84   129.14   101.03    83.16  0 -2.86e-06      0.06 6.742e-01 3.110e-01 3.026e-03 2.222e-03 5.148e-03 -1.000 1.485e-02 -5.429 1.969 1.655 0.383 -2.019 -4.226 -7.350 -8.316 -8.724
0.013 -0.05655 8.69897 2.8911774158 2.5934346912    2.463  3.954  3.4995 -0.175    8  0.684  0.784   282.25   147.14    92.43    71.94    59.17  2 -7.76e-07      0.01 6.742e-01 3.110e-01 3.026e-03 2.223e-03 5.148e-03 -1.000 1.485e-02 -5.115 1.711 1.060 -0.186 -2.327 -4.428 -7.015 -7.952 -8.308
0.013 -0.05655 8.69897 2.8911812305 2.5934347607    2.459  3.837  3.5154  0.005    8  0.684  0.784   198.14   106.18    67.68    52.43    43.08  2  -2.3e-07      0.00 6.742e-01 3.110e-01 3.026e-03 2.223e-03 5.148e-03 -1.000 1.485e-02 -4.823 1.651 0.445 -0.970 -2.731 -4.621 -6.673 -7.593 -7.914
0.013 -0.05655 8.69897 2.8911867142 2.5934348606    2.453  3.866  3.5113 -0.041    8  0.685  0.784   216.98   115.44    73.31    56.86    46.74  2 -3.14e-07      0.00 6.742e-01 3.110e-01 3.025e-03 2.223e-03 5.148e-03 -1.000 1.484e-02 -4.895 1.667 0.611 -0.756 -2.620 -4.576 -6.759 -7.684 -8.013
0.013 -0.05655 8.69897 2.8911941051 2.5934349952    2.445  3.932  3.5019 -0.146    8  0.685  0.783   266.53   139.53    87.84    68.34    56.19  2 -6.34e-07      0.00 6.742e-01 3.110e-01 3.024e-03 2.223e-03 5.148e-03 -1.000 1.484e-02 -5.061 1.706 0.975 -0.292 -2.377 -4.451 -6.954 -7.888 -8.238
0.013 -0.05655 8.69897 2.8912034035 2.5934351645    2.435  3.994  3.4931 -0.245    8  0.685  0.783   323.33   166.69   104.10    81.20    66.80  0 -1.22e-06      0.01 6.742e-01 3.110e-01 3.023e-03 2.223e-03 5.148e-03 -1.000 1.484e-02 -5.215 1.772 1.299 0.088 -2.175 -4.327 -7.130 -8.076 -8.447
0.013 -0.05655 8.69897 2.8912150860 2.5934353773    2.423  4.035  3.4870 -0.312    8  0.686  0.782   368.29   187.87   116.68    91.20    75.04  0  -1.9e-06      0.03 6.742e-01 3.110e-01 3.020e-03 2.223e-03 5.148e-03 -1.000 1.484e-02 -5.317 1.869 1.513 0.291 -2.061 -4.249 -7.239 -8.195 -8.585
0.013 -0.05655 8.69897 2.8912289143 2.5934356291    2.408  4.055  3.4838 -0.348    8  0.686  0.781   394.30   199.98   123.84    96.91    79.74  0 -2.39e-06      0.04 6.742e-01 3.110e-01 3.016e-03 2.223e-03 5.148e-03 -1.000 1.484e-02 -5.367 1.938 1.619 0.369 -2.013 -4.212 -7.291 -8.252 -8.653
0.013 -0.05655 8.69897 2.8912453651 2.5934359287    2.391  4.062  3.4822 -0.365    8  0.687  0.780   406.67   205.94   127.34    99.71    82.05  0 -2.65e-06      0.05 6.742e-01 3.109e-01 3.010e-03 2.223e-03 5.148e-03 -1.000 1.483e-02 -5.386 1.975 1.677 0.413 -1.984 -4.188 -7.311 -8.276 -8.681
0.013 -0.05655 8.69897 2.8912644386 2.5934362760    2.371  4.065  3.4810 -0.376    8  0.688  0.777   411.11   209.70   129.53   101.49    83.52  0 -2.82e-06      0.06 6.743e-01 3.109e-01 3.002e-03 2.223e-03 5.148e-03 -1.000 1.482e-02 -5.393 2.023 1.733 0.456 -1.953 -4.162 -7.318 -8.285 -8.695
0.013 -0.05655 8.69897 2.8912646770 2.5934362804    2.371  4.200  3.4623 -0.586    8  0.688  0.867   541.19   306.52   186.13   146.66   120.79  0 -1.15e-05      0.63 6.731e-01 3.118e-01 3.346e-03 2.219e-03 5.146e-03 -1.000 1.518e-02 -5.730 5.019 3.899 1.952 -1.015 -3.455 -7.299 -8.461 -9.110
0.013 -0.05655 8.69897 2.8912656307 2.5934362977    2.369  4.092  3.4773 -0.418    8  0.688  0.867   434.20   226.21   139.25   109.23    89.90  0 -3.74e-06      0.15 6.731e-01 3.118e-01 3.346e-03 2.219e-03 5.146e-03 -1.000 1.518e-02 -5.460 2.522 2.119 0.723 -1.786 -4.033 -7.328 -8.329 -8.783
0.013 -0.05655 8.69897 2.8912680149 2.5934363412    2.366  3.968  3.4945 -0.226    8  0.688  0.867   308.99   159.64    99.82    77.90    64.06  0 -1.03e-06      0.02 6.731e-01 3.118e-01 3.346e-03 2.219e-03 5.146e-03 -1.000 1.518e-02 -5.149 1.828 1.306 0.081 -2.158 -4.300 -7.056 -8.002 -8.372
0.013 -0.05655 8.69897 2.8912715912 2.5934364063    2.361  3.850  3.5107 -0.044    8  0.688  0.867   216.30   115.00    72.97    56.68    46.57  2 -3.04e-07      0.00 6.731e-01 3.117e-01 3.346e-03 2.219e-03 5.146e-03 -1.000 1.518e-02 -4.855 1.720 0.687 -0.673 -2.552 -4.518 -6.721 -7.646 -7.978
0.013 -0.05655 8.69897 2.8912768364 2.5934365018    2.353  3.879  3.5064 -0.092    8  0.688  0.867   237.11   125.12    79.09    61.51    50.55  2 -4.15e-07      0.00 6.731e-01 3.117e-01 3.345e-03 2.219e-03 5.146e-03 -1.000 1.518e-02 -4.928 1.741 0.850 -0.466 -2.443 -4.461 -6.806 -7.736 -8.076
0.013 -0.05655 8.69897 2.8912839890 2.5934366321    2.343  3.944  3.4972 -0.196    8  0.688  0.866   290.83   150.92    94.59    73.78    60.66  0 -8.32e-07      0.01 6.731e-01 3.117e-01 3.343e-03 2.219e-03 5.146e-03 -1.000 1.518e-02 -5.091 1.809 1.214 -0.022 -2.209 -4.328 -6.993 -7.935 -8.298
0.013 -0.05655 8.69897 2.8912930489 2.5934367970    2.331  4.005  3.4886 -0.293    8  0.689  0.866   351.66   179.63   111.69    87.37    71.86  0 -1.59e-06      0.04 6.731e-01 3.117e-01 3.341e-03 2.219e-03 5.146e-03 -1.000 1.518e-02 -5.242 1.965 1.564 0.339 -2.010 -4.197 -7.153 -8.111 -8.502
0.013 -0.05655 8.69897 2.8913042545 2.5934370011    2.315  4.045  3.4829 -0.358    8  0.689  0.865   397.18   201.78   124.79    97.80    80.46  0 -2.46e-06      0.08 6.731e-01 3.117e-01 3.338e-03 2.219e-03 5.146e-03 -1.000 1.518e-02 -5.341 2.177 1.809 0.514 -1.906 -4.118 -7.242 -8.217 -8.634
0.013 -0.05655 8.69897 2.8913178444 2.5934372486    2.296  4.064  3.4800 -0.393    8  0.690  0.864   414.25   214.34   132.18   103.72    85.33  0 -3.09e-06      0.11 6.731e-01 3.117e-01 3.334e-03 2.219e-03 5.146e-03 -1.000 1.517e-02 -5.390 2.354 1.982 0.637 -1.828 -4.057 -7.277 -8.264 -8.700
0.013 -0.05655 8.69897 2.8913338184 2.5934375395    2.274  4.071  3.4786 -0.410    8  0.690  0.862   422.03   220.56   135.80   106.64    87.74  0 -3.44e-06      0.07 6.731e-01 3.117e-01 3.327e-03 2.219e-03 5.146e-03 -1.000 1.516e-02 -5.408 2.109 1.838 0.536 -1.896 -4.114 -7.333 -8.305 -8.724
0.013 -0.05655 8.69897 2.8913521767 2.5934378738    2.249  4.074  3.4777 -0.422    8  0.691  0.860   426.55   224.56   138.13   108.54    89.30  0 -3.69e-06      0.08 6.732e-01 3.117e-01 3.318e-03 2.219e-03 5.146e-03 -1.000 1.515e-02 -5.416 2.156 1.884 0.569 -1.873 -4.097 -7.337 -8.313 -8.736
0.013 -0.05655 8.69897 2.8913524151 2.5934378781    2.248  4.212  3.4597 -0.631    8  0.691  0.954   563.63   327.82   198.23   156.65   128.99  0 -1.54e-05      0.88 6.719e-01 3.125e-01 3.682e-03 2.215e-03 5.144e-03 -1.000 1.554e-02 -5.759 6.341 4.765 2.570 -0.607 -3.130 -7.156 -8.398 -9.136
0.013 -0.05655 8.69897 2.8913533688 2.5934378955    2.246  4.104  3.4737 -0.468    8  0.691  0.954   453.53   244.15   149.61   117.71    96.86  0 -5.06e-06      0.26 6.719e-01 3.125e-01 3.682e-03 2.215e-03 5.144e-03 -1.000 1.554e-02 -5.491 3.095 2.553 1.032 -1.580 -3.869 -7.297 -8.333 -8.832
0.013 -0.05655 8.69897 2.8913555145 2.5934379345    2.242  3.981  3.4897 -0.282    8  0.691  0.954   341.06   174.23   108.39    84.86    69.77  0 -1.42e-06      0.04 6.719e-01 3.125e-01 3.682e-03 2.215e-03 5.144e-03 -1.000 1.554e-02 -5.183 1.975 1.564 0.350 -1.987 -4.169 -7.094 -8.049 -8.436
0.013 -0.05655 8.69897 2.8913590908 2.5934379997    2.235  3.863  3.5049 -0.105    8  0.691  0.954   240.40   126.45    79.80    62.20    51.09  2 -4.21e-07      0.00 6.719e-01 3.125e-01 3.681e-03 2.215e-03 5.144e-03 -1.000 1.554e-02 -4.889 1.809 0.975 -0.323 -2.336 -4.373 -6.772 -7.703 -8.047
0.013 -0.05655 8.69897 2.8913643360 2.5934380952    2.224  3.892  3.5008 -0.152    8  0.692  0.954   263.51   137.51    86.44    67.47    55.44  2 -5.78e-07      0.01 6.719e-01 3.125e-01 3.680e-03 2.215e-03 5.144e-03 -1.000 1.554e-02 -4.961 1.835 1.139 -0.118 -2.229 -4.315 -6.855 -7.792 -8.145
0.013 -0.05655 8.69897 2.8913712502 2.5934382211    2.210  3.957  3.4922 -0.254    8  0.692  0.954   321.69   164.99   102.86    80.52    66.18  0 -1.15e-06      0.02 6.719e-01 3.125e-01 3.679e-03 2.215e-03 5.144e-03 -1.000 1.554e-02 -5.122 1.931 1.466 0.250 -2.035 -4.196 -7.033 -7.983 -8.359
0.013 -0.05655 8.69897 2.8913800716 2.5934383817    2.192  4.016  3.4844 -0.348    8  0.692  0.953   382.16   195.19   120.75    94.78    77.93  0 -2.19e-06      0.07 6.719e-01 3.125e-01 3.677e-03 2.215e-03 5.144e-03 -1.000 1.553e-02 -5.271 2.166 1.791 0.514 -1.888 -4.094 -7.175 -8.144 -8.555
0.013 -0.05655 8.69897 2.8913910389 2.5934385814    2.171  4.055  3.4793 -0.411    8  0.693  0.952   414.40   218.34   134.36   105.68    86.91  0 -3.38e-06      0.14 6.719e-01 3.125e-01 3.674e-03 2.215e-03 5.144e-03 -1.000 1.553e-02 -5.367 2.510 2.107 0.734 -1.755 -3.994 -7.241 -8.236 -8.682
0.013 -0.05655 8.69897 2.8914043903 2.5934388245    2.145  4.074  3.4768 -0.445    8  0.693  0.951   431.87   231.57   142.08   111.90    92.03  0 -4.27e-06      0.19 6.720e-01 3.125e-01 3.670e-03 2.215e-03 5.144e-03 -1.000 1.553e-02 -5.415 2.758 2.303 0.867 -1.675 -3.935 -7.262 -8.273 -8.742
0.013 -0.05655 8.69897 2.8914198875 2.5934391067    2.115  4.081  3.4758 -0.463    8  0.694  0.950   439.91   238.24   145.95   115.05    94.62  0 -4.82e-06      0.25 6.720e-01 3.125e-01 3.664e-03 2.215e-03 5.144e-03 -1.000 1.552e-02 -5.433 3.091 2.535 1.030 -1.571 -3.853 -7.239 -8.271 -8.765
0.013 -0.05655 8.69897 2.8914377689 2.5934394323    2.081  4.085  3.4753 -0.475    8  0.695  0.948   444.52   242.59   148.43   117.11    96.31  0 -5.25e-06      0.28 6.720e-01 3.125e-01 3.656e-03 2.215e-03 5.144e-03 -1.000 1.551e-02 -5.442 3.272 2.660 1.118 -1.514 -3.809 -7.226 -8.269 -8.776
0.013 -0.05655 8.69897 2.8914380074 2.5934394366    2.080  4.224  3.4588 -0.681    8  0.695  1.046   560.44    -1.00    -1.00    -1.00    -1.00  0 -2.22e-05      0.00 6.707e-01 3.134e-01 4.034e-03 2.211e-03 5.142e-03  7.345 1.591e-02 -5.791 2.563 -0.516 -2.916 -4.392 -5.651 -7.482 -8.552 -9.014
0.013 -0.05655 8.69897 2.8914389610 2.5934394540    2.080  4.118  3.4705 -0.528    8  0.695  1.046   477.39   266.69   162.48   128.37   105.60  0 -7.43e-06      0.00 6.707e-01 3.134e-01 4.034e-03 2.211e-03 5.142e-03  7.343 1.591e-02 -5.525 2.375 -0.531 -2.841 -4.237 -5.434 -7.198 -8.264 -8.700
0.013 -0.05655 8.69897 2.8914408684 2.5934394887    2.080  3.996  3.4835 -0.354    8  0.695  1.046   376.68   194.72   120.33    94.63    77.78  0 -2.12e-06      0.00 6.707e-01 3.134e-01 4.032e-03 2.211e-03 5.142e-03  7.340 1.591e-02 -5.219 2.265 -0.536 -2.753 -4.068 -5.195 -6.892 -7.938 -8.349
0.013 -0.05655 8.69897 2.8914439678 2.5934395452    2.080  3.878  3.4956 -0.187    8  0.695  1.045   278.43   144.06    90.24    70.65    58.03  0 -6.31e-07      0.00 6.707e-01 3.134e-01 4.030e-03 2.211e-03 5.142e-03  7.334 1.591e-02 -4.924 2.152 -0.528 -2.655 -3.896 -4.959 -6.587 -7.610 -7.995
0.013 -0.05655 8.69897 2.8914484978 2.5934396276    2.080  3.907  3.4893 -0.241    8  0.695  1.044   309.98   158.87    99.08    77.68    63.82  0 -8.62e-07      0.00 6.707e-01 3.133e-01 4.026e-03 2.211e-03 5.142e-03  7.325 1.591e-02 -4.996 2.260 -0.465 -2.631 -3.906 -5.000 -6.662 -7.701 -8.099
0.013 -0.05655 8.69897 2.8914546967 2.5934397405    2.080  3.970  3.4773 -0.353    8  0.695  1.043   376.19   194.40   120.14    94.48    77.65  0  -1.7e-06      0.00 6.708e-01 3.133e-01 4.022e-03 2.211e-03 5.142e-03  7.313 1.590e-02 -5.156 2.449 -0.361 -2.603 -3.946 -5.100 -6.825 -7.887 -8.307
0.013 -0.05655 8.69897 2.8914623260 2.5934398794    2.079  4.028  3.4643 -0.463    8  0.696  1.041   437.06   237.23   145.30   114.60    94.24  0 -3.19e-06      0.00 6.708e-01 3.133e-01 4.016e-03 2.211e-03 5.142e-03  7.298 1.589e-02 -5.301 2.704 -0.222 -2.547 -3.965 -5.185 -6.976 -8.056 -8.500
0.013 -0.05655 8.69897 2.8914721012 2.5934400574    2.079  4.066  3.4523 -0.549    8  0.696  1.040   491.31   277.10   168.54   133.23   109.60  0 -4.88e-06      0.00 6.708e-01 3.133e-01 4.009e-03 2.211e-03 5.142e-03  7.277 1.589e-02 -5.395 3.030 -0.049 -2.454 -3.944 -5.224 -7.080 -8.168 -8.635
0.013 -0.05655 8.69897 2.8914835453 2.5934402658    2.078  4.085  3.4415 -0.611    8  0.697  1.037   534.62   309.99   187.59   148.54   122.23  0 -6.15e-06      0.00 6.708e-01 3.133e-01 4.000e-03 2.211e-03 5.142e-03  7.251 1.588e-02 -5.442 3.335 0.131 -2.340 -3.894 -5.224 -7.129 -8.218 -8.699
0.013 -0.05655 8.69897 2.8914973736 2.5934405176    2.078  4.092  3.4309 -0.661    8  0.697  1.035   560.12    -1.00    -1.00    -1.00    -1.00  0 -6.95e-06      0.00 6.709e-01 3.133e-01 3.990e-03 2.212e-03 5.142e-03  7.218 1.587e-02 -5.460 3.759 0.347 -2.195 -3.818 -5.196 -7.160 -8.248 -8.750
0.013 -0.05655 8.69897 2.8915131092 2.5934408041    2.077  4.095  3.4197 -0.709    8  0.698  1.031   560.04    -1.00    -1.00    -1.00    -1.00  0 -7.57e-06      0.00 6.709e-01 3.132e-01 3.977e-03 2.212e-03 5.142e-03  7.176 1.585e-02 -5.469 4.156 0.566 -2.044 -3.737 -5.162 -7.178 -8.257 -8.773
0.013 -0.05655 8.69897 2.8915133476 2.5934408084    2.077  4.237  3.3947 -0.951    8  0.698  1.130   560.00    -1.00    -1.00    -1.00    -1.00  0  -3.4e-05      1.37 6.696e-01 3.141e-01 4.358e-03 2.207e-03 5.140e-03  7.796 1.626e-02 -5.823 8.093 3.448 0.254 -1.945 -3.700 -6.430 -7.896 -8.978
0.013 -0.05655 8.69897 2.8915143013 2.5934408258    2.077  4.132  3.4138 -0.769    8  0.698  1.130   559.99    -1.00    -1.00    -1.00    -1.00  0 -1.11e-05      0.16 6.696e-01 3.141e-01 4.357e-03 2.207e-03 5.140e-03  7.796 1.626e-02 -5.559 4.439 0.836 -1.831 -3.587 -5.060 -7.147 -8.250 -8.863
0.013 -0.05655 8.69897 2.8915162086 2.5934408605    2.077  4.011  3.4358 -0.560    8  0.698  1.130   498.39   282.46   171.65   135.74   111.67  0 -3.06e-06      0.03 6.696e-01 3.141e-01 4.356e-03 2.207e-03 5.140e-03  7.795 1.626e-02 -5.256 3.614 0.425 -2.058 -3.638 -4.993 -6.923 -8.014 -8.523
0.013 -0.05655 8.69897 2.8915193081 2.5934409169    2.077  3.892  3.4577 -0.354    8  0.698  1.129   376.45   194.66   120.29    94.60    77.76  0 -8.69e-07      0.00 6.696e-01 3.141e-01 4.353e-03 2.208e-03 5.140e-03  7.792 1.625e-02 -4.960 3.100 0.194 -2.136 -3.572 -4.817 -6.632 -7.725 -8.177
0.013 -0.05655 8.69897 2.8915235996 2.5934409951    2.077  3.921  3.4536 -0.399    8  0.698  1.128   400.31   211.20   130.03   102.39    84.17  0 -1.17e-06      0.01 6.697e-01 3.141e-01 4.350e-03 2.208e-03 5.140e-03  7.789 1.625e-02 -5.032 3.176 0.219 -2.139 -3.602 -4.867 -6.703 -7.796 -8.259
0.013 -0.05655 8.69897 2.8915297985 2.5934411079    2.077  3.983  3.4439 -0.501    8  0.699  1.127   459.75   253.79   154.97   122.35   100.63  0 -2.27e-06      0.02 6.697e-01 3.141e-01 4.345e-03 2.208e-03 5.140e-03  7.785 1.624e-02 -5.189 3.373 0.298 -2.131 -3.657 -4.972 -6.859 -7.952 -8.438
0.013 -0.05655 8.69897 2.8915374279 2.5934412468    2.077  4.040  3.4356 -0.591    8  0.699  1.126   519.71   298.61   181.01   143.26   117.87  0  -4.1e-06      0.04 6.697e-01 3.141e-01 4.339e-03 2.208e-03 5.140e-03  7.780 1.624e-02 -5.331 3.615 0.396 -2.101 -3.690 -5.051 -6.990 -8.084 -8.600
0.013 -0.05655 8.69897 2.8915469646 2.5934414205    2.076  4.077  3.4313 -0.644    8  0.699  1.124   559.19   329.09   198.61   157.41   129.55  0 -5.99e-06      0.06 6.697e-01 3.141e-01 4.332e-03 2.208e-03 5.140e-03  7.773 1.623e-02 -5.422 3.774 0.450 -2.088 -3.715 -5.102 -7.074 -8.169 -8.707
0.013 -0.05655 8.69897 2.8915584087 2.5934416288    2.076  4.095  3.4308 -0.664    8  0.700  1.121   559.90    -1.00    -1.00    -1.00    -1.00  0 -7.15e-06      0.07 6.697e-01 3.140e-01 4.323e-03 2.208e-03 5.140e-03  7.765 1.622e-02 -5.467 3.814 0.459 -2.092 -3.731 -5.124 -7.108 -8.207 -8.755
0.013 -0.05655 8.69897 2.8915717602 2.5934418719    2.076  4.102  3.4326 -0.664    8  0.701  1.119   559.87    -1.00    -1.00    -1.00    -1.00  0 -7.59e-06      0.07 6.698e-01 3.140e-01 4.313e-03 2.208e-03 5.140e-03  7.755 1.621e-02 -5.484 3.740 0.410 -2.132 -3.761 -5.148 -7.124 -8.223 -8.767
0.013 -0.05655 8.69897 2.8915874958 2.5934421584    2.076  4.105  3.4354 -0.656    8  0.701  1.116   559.84    -1.00    -1.00    -1.00    -1.00  0 -7.72e-06      0.07 6.698e-01 3.140e-01 4.301e-03 2.208e-03 5.140e-03  7.744 1.620e-02 -5.492 3.616 0.334 -2.190 -3.801 -5.173 -7.132 -8.231 -8.765
0.013 -0.05655 8.69897 2.8915877342 2.5934421627    2.076  4.248  3.4108 -0.898    8  0.701  1.214   559.80    -1.00    -1.00    -1.00    -1.00  0 -3.53e-05      2.47 6.685e-01 3.149e-01 4.680e-03 2.204e-03 5.138e-03  8.013 1.660e-02 -5.851 11.429 5.932 2.288 -0.283 -2.265 -5.547 -7.321 -8.728
0.013 -0.05655 8.69897 2.8915884495 2.5934421758    2.076  4.144  3.4298 -0.717    8  0.701  1.214   559.80    -1.00    -1.00    -1.00    -1.00  0 -1.16e-05      0.68 6.685e-01 3.149e-01 4.679e-03 2.204e-03 5.138e-03  8.012 1.660e-02 -5.589 5.674 1.788 -1.028 -2.891 -4.434 -6.748 -8.037 -8.855
0.013 -0.05655 8.69897 2.8915903568 2.5934422105    2.076  4.024  3.4526 -0.506    8  0.701  1.214   463.04   256.24   156.39   123.50   101.57  0 -3.23e-06      0.10 6.685e-01 3.149e-01 4.678e-03 2.204e-03 5.138e-03  8.012 1.660e-02 -5.289 3.342 0.243 -2.184 -3.698 -4.996 -6.895 -8.016 -8.535
0.013 -0.05655 8.69897 2.8915934563 2.5934422669    2.075  3.905  3.4766 -0.291    8  0.701  1.213   342.21   173.82   107.96    84.77    69.65  0 -9.05e-07      0.02 6.686e-01 3.148e-01 4.675e-03 2.204e-03 5.138e-03  8.010 1.660e-02 -4.992 2.625 -0.166 -2.405 -3.750 -4.909 -6.644 -7.718 -8.147
0.013 -0.05655 8.69897 2.8915977478 2.5934423450    2.075  3.933  3.4763 -0.321    8  0.702  1.212   359.99   183.49   113.69    89.34    73.42  0  -1.2e-06      0.02 6.686e-01 3.148e-01 4.672e-03 2.204e-03 5.138e-03  8.008 1.659e-02 -5.064 2.609 -0.204 -2.454 -3.807 -4.971 -6.712 -7.787 -8.222
0.013 -0.05655 8.69897 2.8916034698 2.5934424492    2.075  3.995  3.4716 -0.402    8  0.702  1.211   401.72   212.23   130.64   102.88    84.57  0 -2.24e-06      0.05 6.686e-01 3.148e-01 4.667e-03 2.204e-03 5.138e-03  8.006 1.659e-02 -5.218 2.714 -0.171 -2.470 -3.865 -5.061 -6.844 -7.934 -8.397
0.013 -0.05655 8.69897 2.8916108608 2.5934425838    2.075  4.051  3.4695 -0.466    8  0.702  1.209   438.18   238.16   145.84   115.04    94.60  0  -3.9e-06      0.10 6.686e-01 3.148e-01 4.661e-03 2.204e-03 5.138e-03  8.003 1.658e-02 -5.357 2.828 -0.132 -2.474 -3.903 -5.125 -6.947 -8.054 -8.548
0.013 -0.05655 8.69897 2.8916201591 2.5934427531    2.075  4.086  3.4727 -0.488    8  0.703  1.207   452.10   248.26   151.74   119.77    98.50  0 -5.45e-06      0.21 6.686e-01 3.148e-01 4.653e-03 2.204e-03 5.138e-03  7.998 1.657e-02 -5.446 3.053 -0.003 -2.386 -3.843 -5.080 -6.950 -8.087 -8.637
0.013 -0.05655 8.69897 2.8916311264 2.5934429527    2.075  4.104  3.4811 -0.472    8  0.703  1.205   442.08   240.99   147.49   116.36    95.69  0  -6.2e-06      0.22 6.687e-01 3.148e-01 4.644e-03 2.204e-03 5.138e-03  7.994 1.656e-02 -5.489 2.868 -0.181 -2.531 -3.952 -5.151 -6.990 -8.114 -8.660
0.013 -0.05655 8.69897 2.8916442394 2.5934431914    2.074  4.110  3.4935 -0.429    8  0.704  1.202   417.06   223.07   137.00   107.97    88.77  0 -6.25e-06      0.21 6.687e-01 3.148e-01 4.634e-03 2.205e-03 5.138e-03  7.988 1.655e-02 -5.505 2.492 -0.487 -2.766 -4.117 -5.253 -7.020 -8.108 -8.631
0.013 -0.05655 8.69897 2.8916592598 2.5934434649    2.074  4.113  3.5087 -0.371    8  0.704  1.199   385.26   200.81   123.91    97.50    80.15  0 -5.99e-06      0.11 6.687e-01 3.147e-01 4.622e-03 2.205e-03 5.139e-03  7.981 1.654e-02 -5.513 1.824 -1.025 -3.184 -4.426 -5.467 -7.101 -8.109 -8.557
0.013 -0.05655 8.69897 2.8916594982 2.5934434692    2.074  4.259  3.4806 -0.630    8  0.704  1.298   547.83   320.32   193.54   153.35   126.19  0 -2.84e-05      1.80 6.675e-01 3.156e-01 4.999e-03 2.201e-03 5.136e-03  8.156 1.694e-02 -5.877 7.564 3.212 0.154 -1.835 -3.417 -6.093 -7.688 -8.844
0.013 -0.05655 8.69897 2.8916602135 2.5934434823    2.074  4.155  3.4998 -0.449    8  0.705  1.297   428.30   231.10   141.70   111.73    91.87  0 -9.42e-06      0.48 6.675e-01 3.156e-01 4.998e-03 2.201e-03 5.136e-03  8.155 1.694e-02 -5.617 3.111 -0.061 -2.429 -3.847 -5.024 -6.908 -8.072 -8.731
0.013 -0.05655 8.69897 2.8916621208 2.5934435170    2.074  4.036  3.5212 -0.244    8  0.705  1.297   311.75   159.66    99.54    78.06    64.13  0 -2.66e-06      0.11 6.675e-01 3.156e-01 4.996e-03 2.201e-03 5.136e-03  8.155 1.694e-02 -5.320 1.672 -1.112 -3.191 -4.365 -5.345 -6.910 -7.879 -8.309
0.013 -0.05655 8.69897 2.8916649818 2.5934435691    2.074  3.917  3.5417 -0.043    8  0.705  1.296   209.19   111.01    70.35    54.88    45.04  1 -7.55e-07      0.02 6.675e-01 3.156e-01 4.994e-03 2.201e-03 5.136e-03  8.154 1.694e-02 -5.022 1.085 -1.469 -3.380 -4.416 -5.282 -6.680 -7.547 -7.874
0.013 -0.05655 8.69897 2.8916690350 2.5934436429    2.073  3.945  3.5323 -0.109    8  0.705  1.295   238.48   125.08    78.84    61.61    50.58  1 -1.04e-06      0.03 6.675e-01 3.156e-01 4.990e-03 2.201e-03 5.137e-03  8.152 1.693e-02 -5.093 1.305 -1.320 -3.289 -4.375 -5.283 -6.741 -7.646 -8.000
0.013 -0.05655 8.69897 2.8916747570 2.5934437470    2.073  4.006  3.5151 -0.239    8  0.705  1.294   308.51   158.15    98.64    77.34    63.54  0 -2.05e-06      0.08 6.675e-01 3.156e-01 4.985e-03 2.201e-03 5.137e-03  8.150 1.693e-02 -5.245 1.756 -1.001 -3.091 -4.280 -5.278 -6.856 -7.837 -8.251
0.013 -0.05655 8.69897 2.8916819096 2.5934438772    2.073  4.060  3.4975 -0.364    8  0.706  1.292   381.42   198.19   122.37    96.27    79.13  0 -3.78e-06      0.18 6.675e-01 3.155e-01 4.979e-03 2.201e-03 5.137e-03  8.148 1.692e-02 -5.381 2.404 -0.512 -2.749 -4.067 -5.176 -6.908 -7.980 -8.485
0.013 -0.05655 8.69897 2.8916907310 2.5934440378    2.072  4.095  3.4819 -0.461    8  0.706  1.290   435.29   236.16   144.66   114.10    93.83  0 -5.71e-06      0.33 6.676e-01 3.155e-01 4.971e-03 2.201e-03 5.137e-03  8.145 1.691e-02 -5.468 3.185 0.063 -2.325 -3.776 -4.997 -6.886 -8.043 -8.638
0.013 -0.05655 8.69897 2.8917014599 2.5934442331    2.072  4.112  3.4681 -0.533    8  0.706  1.288   480.04   268.89   163.75   129.41   106.45  0 -7.16e-06      0.45 6.676e-01 3.155e-01 4.961e-03 2.201e-03 5.137e-03  8.141 1.690e-02 -5.510 3.868 0.585 -1.925 -3.492 -4.809 -6.827 -8.046 -8.713
0.013 -0.05655 8.69897 2.8917138577 2.5934444588    2.072  4.118  3.4546 -0.594    8  0.707  1.285   521.41   300.06   181.83   143.93   118.42  0 -8.12e-06      0.52 6.676e-01 3.155e-01 4.951e-03 2.201e-03 5.137e-03  8.137 1.689e-02 -5.526 4.504 1.023 -1.596 -3.264 -4.663 -6.790 -8.045 -8.767
0.013 -0.05655 8.69897 2.8917284012 2.5934447236    2.071  4.121  3.4399 -0.655    8  0.708  1.282   559.18    -1.00    -1.00    -1.00    -1.00  0 -8.94e-06      0.63 6.677e-01 3.154e-01 4.938e-03 2.201e-03 5.137e-03  8.132 1.688e-02 -5.532 5.189 1.521 -1.212 -2.995 -4.481 -6.718 -7.999 -8.777
0.013 -0.05655 8.69897 2.8917286396 2.5934447279    2.071  4.269  3.4077 -0.932    8  0.708  1.380   559.14    -1.00    -1.00    -1.00    -1.00  0 -1.27e-07      0.00 6.664e-01 3.163e-01 5.313e-03 2.197e-03 5.135e-03  8.262 1.728e-02 -5.901 3.730 0.184 -2.449 -4.171 -5.616 -7.626 -8.664 -9.202
0.013 -0.05655 8.69897 2.8917293549 2.5934447409    2.071  4.166  3.4301 -0.739    8  0.708  1.379   559.13    -1.00    -1.00    -1.00    -1.00  0 -1.45e-05      1.53 6.664e-01 3.163e-01 5.312e-03 2.197e-03 5.135e-03  8.262 1.728e-02 -5.644 8.275 3.706 0.538 -1.621 -3.351 -6.104 -7.643 -8.753
0.013 -0.05655 8.69897 2.8917310238 2.5934447713    2.070  4.048  3.4556 -0.519    8  0.708  1.379   470.99   262.24   159.88   126.31   103.89  0 -4.06e-06      0.35 6.664e-01 3.163e-01 5.310e-03 2.197e-03 5.135e-03  8.261 1.728e-02 -5.349 4.035 0.740 -1.785 -3.377 -4.725 -6.750 -7.952 -8.591
0.013 -0.05655 8.69897 2.8917338848 2.5934448234    2.070  3.928  3.4809 -0.299    8  0.708  1.378   347.13   176.06   109.28    85.83    70.53  0 -1.12e-06      0.08 6.664e-01 3.163e-01 5.308e-03 2.197e-03 5.135e-03  8.260 1.727e-02 -5.050 2.692 -0.146 -2.397 -3.746 -4.902 -6.653 -7.741 -8.203
0.013 -0.05655 8.69897 2.8917379379 2.5934448972    2.070  3.957  3.4737 -0.356    8  0.708  1.377   377.10   195.32   120.67    94.92    78.01  0 -1.54e-06      0.11 6.665e-01 3.163e-01 5.304e-03 2.197e-03 5.135e-03  8.259 1.727e-02 -5.122 2.912 0.008 -2.298 -3.698 -4.898 -6.701 -7.810 -8.300
0.013 -0.05655 8.69897 2.8917431831 2.5934449927    2.069  4.017  3.4594 -0.473    8  0.708  1.376   442.34   241.34   147.69   116.53    95.83  0 -2.96e-06      0.23 6.665e-01 3.163e-01 5.300e-03 2.197e-03 5.135e-03  8.258 1.727e-02 -5.272 3.579 0.432 -2.013 -3.536 -4.834 -6.772 -7.934 -8.508
0.013 -0.05655 8.69897 2.8917500973 2.5934451185    2.068  4.070  3.4466 -0.578    8  0.709  1.375   510.38   291.76   177.02   140.07   115.24  0 -5.29e-06      0.47 6.665e-01 3.162e-01 5.294e-03 2.197e-03 5.135e-03  8.256 1.726e-02 -5.405 4.626 1.151 -1.476 -3.163 -4.582 -6.711 -7.951 -8.657
0.013 -0.05655 8.69897 2.8917586803 2.5934452748    2.067  4.104  3.4374 -0.649    8  0.709  1.373   558.70    -1.00    -1.00    -1.00    -1.00  0  -7.7e-06      0.73 6.665e-01 3.162e-01 5.286e-03 2.197e-03 5.135e-03  8.254 1.725e-02 -5.490 5.631 1.848 -0.938 -2.769 -4.289 -6.592 -7.905 -8.726
0.013 -0.05655 8.69897 2.8917689323 2.5934454614    2.066  4.120  3.4315 -0.689    8  0.710  1.370   558.54    -1.00    -1.00    -1.00    -1.00  0 -9.31e-06      0.92 6.665e-01 3.162e-01 5.277e-03 2.198e-03 5.135e-03  8.251 1.724e-02 -5.531 6.412 2.370 -0.531 -2.466 -4.055 -6.487 -7.853 -8.757
0.013 -0.05655 8.69897 2.8917808533 2.5934456784    2.065  4.127  3.4267 -0.715    8  0.710  1.368   558.37    -1.00    -1.00    -1.00    -1.00  0 -1.01e-05      1.01 6.666e-01 3.162e-01 5.267e-03 2.198e-03 5.135e-03  8.248 1.723e-02 -5.547 6.829 2.656 -0.308 -2.303 -3.932 -6.431 -7.819 -8.763
0.013 -0.05655 8.69897 2.8917949200 2.5934459345    2.063  4.130  3.4217 -0.738    8  0.711  1.365   558.16    -1.00    -1.00    -1.00    -1.00  0 -1.07e-05      1.08 6.666e-01 3.162e-01 5.255e-03 2.198e-03 5.135e-03  8.244 1.722e-02 -5.554 7.156 2.888 -0.127 -2.173 -3.836 -6.387 -7.787 -8.760
0.013 -0.05655 8.69897 2.8917951584 2.5934459388    2.063  4.279  3.3939 -0.999    8  0.711  1.462   558.12    -1.00    -1.00    -1.00    -1.00  0 -6.86e-07      0.04 6.654e-01 3.170e-01 5.628e-03 2.194e-03 5.133e-03  8.348 1.762e-02 -5.928 3.832 0.252 -2.399 -4.135 -5.590 -7.621 -8.673 -9.232
0.013 -0.05655 8.69897 2.8917958736 2.5934459518    2.063  4.177  3.4135 -0.819    8  0.711  1.462   558.08    -1.00    -1.00    -1.00    -1.00  0 -1.77e-05      2.42 6.654e-01 3.170e-01 5.627e-03 2.194e-03 5.133e-03  8.347 1.762e-02 -5.673 11.374 5.958 2.353 -0.188 -2.154 -5.405 -7.172 -8.562
0.013 -0.05655 8.69897 2.8917975426 2.5934459822    2.062  4.060  3.4365 -0.610    8  0.711  1.461   532.15   308.53   186.72   147.88   121.68  0 -5.06e-06      0.55 6.654e-01 3.170e-01 5.625e-03 2.194e-03 5.133e-03  8.347 1.761e-02 -5.380 5.178 1.545 -1.164 -2.932 -4.413 -6.625 -7.886 -8.640
0.013 -0.05655 8.69897 2.8918001652 2.5934460299    2.061  3.940  3.4608 -0.393    8  0.711  1.460   395.72   208.45   128.39   101.10    83.11  0  -1.4e-06      0.13 6.654e-01 3.170e-01 5.622e-03 2.194e-03 5.133e-03  8.346 1.761e-02 -5.080 3.364 0.346 -2.035 -3.507 -4.772 -6.649 -7.783 -8.305
0.013 -0.05655 8.69897 2.8918042183 2.5934461037    2.060  3.969  3.4582 -0.432    8  0.711  1.459   417.40   223.74   137.37   108.29    89.03  0 -1.88e-06      0.18 6.654e-01 3.170e-01 5.618e-03 2.194e-03 5.133e-03  8.345 1.761e-02 -5.151 3.550 0.455 -1.968 -3.476 -4.766 -6.683 -7.834 -8.386
0.013 -0.05655 8.69897 2.8918094635 2.5934461992    2.058  4.028  3.4506 -0.522    8  0.712  1.458   471.83   263.22   160.43   126.78   104.27  0 -3.49e-06      0.37 6.654e-01 3.170e-01 5.613e-03 2.194e-03 5.133e-03  8.344 1.760e-02 -5.299 4.271 0.928 -1.628 -3.252 -4.627 -6.684 -7.896 -8.551
0.013 -0.05655 8.69897 2.8918161392 2.5934463207    2.055  4.080  3.4452 -0.596    8  0.712  1.456   521.82   300.82   182.24   144.30   118.72  0 -5.97e-06      0.63 6.655e-01 3.169e-01 5.606e-03 2.194e-03 5.133e-03  8.342 1.759e-02 -5.430 5.144 1.526 -1.175 -2.926 -4.388 -6.607 -7.896 -8.670
0.013 -0.05655 8.69897 2.8918242455 2.5934464683    2.052  4.113  3.4446 -0.632    8  0.712  1.454   548.03   321.06   193.93   153.71   126.48  0 -8.31e-06      0.91 6.655e-01 3.169e-01 5.598e-03 2.194e-03 5.133e-03  8.340 1.759e-02 -5.512 5.996 2.131 -0.697 -2.555 -4.088 -6.460 -7.832 -8.714
0.013 -0.05655 8.69897 2.8918342590 2.5934466505    2.048  4.128  3.4485 -0.633    8  0.713  1.451   548.39   321.44   194.14   153.89   126.63  0 -9.57e-06      1.01 6.655e-01 3.169e-01 5.588e-03 2.194e-03 5.133e-03  8.338 1.758e-02 -5.551 6.193 2.265 -0.591 -2.465 -4.006 -6.418 -7.822 -8.740
0.013 -0.05655 8.69897 2.8918459415 2.5934468632    2.044  4.134  3.4557 -0.611    8  0.713  1.448   531.85   308.80   186.83   148.03   121.79  0 -9.89e-06      1.00 6.656e-01 3.169e-01 5.577e-03 2.194e-03 5.134e-03  8.335 1.756e-02 -5.566 5.956 2.093 -0.725 -2.558 -4.065 -6.441 -7.840 -8.748
0.013 -0.05655 8.69897 2.8918595314 2.5934471106    2.039  4.137  3.4652 -0.577    8  0.714  1.445   507.00   290.03   175.96   139.30   114.59  0 -9.78e-06      0.95 6.656e-01 3.169e-01 5.564e-03 2.194e-03 5.134e-03  8.332 1.755e-02 -5.573 5.494 1.769 -0.976 -2.737 -4.188 -6.488 -7.863 -8.739
0.013 -0.05655 8.69897 2.8918597698 2.5934471149    2.038  4.288  3.4342 -0.852    8  0.714  1.542   554.75    -1.00    -1.00    -1.00    -1.00  0 -4.96e-05      6.74 6.644e-01 3.177e-01 5.933e-03 2.191e-03 5.132e-03  8.417 1.795e-02 -5.951 23.701 15.212 9.783 5.931 3.235 -2.080 -5.001 -7.432
0.013 -0.05655 8.69897 2.8918604851 2.5934471279    2.038  4.187  3.4541 -0.671    8  0.714  1.541   554.68    -1.00    -1.00    -1.00    -1.00  0 -1.68e-05      2.05 6.644e-01 3.177e-01 5.932e-03 2.191e-03 5.132e-03  8.417 1.795e-02 -5.697 9.165 4.445 1.170 -1.039 -2.788 -5.711 -7.408 -8.657
0.013 -0.05655 8.69897 2.8918619156 2.5934471540    2.037  4.071  3.4763 -0.466    8  0.714  1.540   435.61   237.40   145.33   114.72    94.32  0 -4.87e-06      0.51 6.644e-01 3.177e-01 5.929e-03 2.191e-03 5.132e-03  8.416 1.794e-02 -5.407 3.940 0.662 -1.827 -3.369 -4.660 -6.674 -7.903 -8.589
0.013 -0.05655 8.69897 2.8918645382 2.5934472017    2.036  3.951  3.4983 -0.259    8  0.714  1.539   319.63   163.11   101.56    79.72    65.49  0 -1.36e-06      0.12 6.644e-01 3.177e-01 5.924e-03 2.191e-03 5.132e-03  8.415 1.794e-02 -5.107 2.360 -0.447 -2.630 -3.909 -4.993 -6.678 -7.732 -8.195
0.013 -0.05655 8.69897 2.8918683529 2.5934472711    2.033  3.979  3.4888 -0.326    8  0.714  1.538   358.97   183.99   113.93    89.60    73.62  0 -1.88e-06      0.18 6.644e-01 3.176e-01 5.918e-03 2.191e-03 5.132e-03  8.414 1.793e-02 -5.178 2.740 -0.177 -2.442 -3.793 -4.938 -6.707 -7.806 -8.315
0.013 -0.05655 8.69897 2.8918733597 2.5934473623    2.030  4.037  3.4718 -0.452    8  0.715  1.536   426.86   231.32   141.77   111.87    91.97  0 -3.62e-06      0.40 6.645e-01 3.176e-01 5.910e-03 2.191e-03 5.132e-03  8.412 1.792e-02 -5.323 3.749 0.562 -1.895 -3.417 -4.702 -6.674 -7.878 -8.516
0.013 -0.05655 8.69897 2.8918797970 2.5934474794    2.027  4.088  3.4548 -0.572    8  0.715  1.533   502.82   287.21   174.31   138.00   113.51  0 -6.49e-06      0.78 6.645e-01 3.176e-01 5.901e-03 2.191e-03 5.132e-03  8.410 1.791e-02 -5.451 5.352 1.682 -1.037 -2.791 -4.247 -6.506 -7.841 -8.662
0.013 -0.05655 8.69897 2.8918876648 2.5934476226    2.022  4.120  3.4397 -0.666    8  0.715  1.531   552.50    -1.00    -1.00    -1.00    -1.00  0 -9.59e-06      1.26 6.645e-01 3.176e-01 5.891e-03 2.191e-03 5.132e-03  8.408 1.790e-02 -5.531 7.179 3.001 0.004 -2.000 -3.631 -6.199 -7.669 -8.674
0.013 -0.05655 8.69897 2.8918972015 2.5934477962    2.016  4.136  3.4258 -0.738    8  0.716  1.528   551.74    -1.00    -1.00    -1.00    -1.00  0  -1.2e-05      1.73 6.645e-01 3.176e-01 5.881e-03 2.191e-03 5.132e-03  8.406 1.789e-02 -5.569 9.079 4.321 1.053 -1.198 -2.987 -5.858 -7.452 -8.629
0.013 -0.05655 8.69897 2.8919084072 2.5934480002    2.010  4.141  3.4112 -0.803    8  0.717  1.526   550.84    -1.00    -1.00    -1.00    -1.00  0 -5.62e-07      0.05 6.646e-01 3.175e-01 5.872e-03 2.191e-03 5.132e-03  8.404 1.788e-02 -5.583 4.089 0.560 -2.070 -3.790 -5.239 -7.266 -8.327 -8.885
0.013 -0.05655 8.69897 2.8919215202 2.5934482389    2.002  4.144  3.3943 -0.875    8  0.717  1.524   549.80    -1.00    -1.00    -1.00    -1.00  0 -3.37e-06      0.35 6.646e-01 3.175e-01 5.866e-03 2.191e-03 5.132e-03  8.403 1.787e-02 -5.589 5.121 1.305 -1.467 -3.307 -4.832 -7.029 -8.187 -8.892
0.013 -0.05655 8.69897 2.8919217587 2.5934482432    2.002  4.297  3.3640 -1.149    8  0.717  1.608   549.80    -1.00    -1.00    -1.00    -1.00  0 -1.42e-06      0.09 6.635e-01 3.182e-01 6.188e-03 2.188e-03 5.130e-03  8.468 1.822e-02 -5.972 3.953 0.330 -2.341 -4.096 -5.563 -7.623 -8.693 -9.279
0.013 -0.05655 8.69897 2.8919224739 2.5934482562    2.002  4.196  3.3842 -0.968    8  0.717  1.608   549.72    -1.00    -1.00    -1.00    -1.00  0 -3.61e-07      0.03 6.635e-01 3.182e-01 6.187e-03 2.188e-03 5.131e-03  8.468 1.822e-02 -5.721 4.006 0.435 -2.211 -3.944 -5.396 -7.421 -8.470 -9.024
0.013 -0.05655 8.69897 2.8919239044 2.5934482823    2.001  4.081  3.4076 -0.760    8  0.717  1.607   549.55    -1.00    -1.00    -1.00    -1.00  0 -7.57e-07      0.08 6.636e-01 3.182e-01 6.183e-03 2.188e-03 5.131e-03  8.467 1.822e-02 -5.433 4.286 0.758 -1.873 -3.597 -5.049 -7.089 -8.164 -8.734
0.013 -0.05655 8.69897 2.8919265270 2.5934483300    1.998  3.961  3.4323 -0.541    8  0.717  1.606   479.01   270.20   164.38   130.09   106.98  0 -2.09e-09      0.00 6.636e-01 3.182e-01 6.179e-03 2.188e-03 5.131e-03  8.466 1.821e-02 -5.132 3.729 0.531 -1.952 -3.537 -4.898 -6.825 -7.907 -8.404
0.013 -0.05655 8.69897 2.8919301033 2.5934483951    1.996  3.989  3.4280 -0.587    8  0.718  1.604   510.30   293.70   178.00   141.05   116.01  0 -9.33e-09      0.00 6.636e-01 3.182e-01 6.172e-03 2.188e-03 5.131e-03  8.465 1.821e-02 -5.202 3.822 0.553 -1.960 -3.574 -4.955 -6.902 -7.977 -8.483
0.013 -0.05655 8.69897 2.8919348717 2.5934484819    1.992  4.047  3.4183 -0.684    8  0.718  1.602   548.31    -1.00    -1.00    -1.00    -1.00  0 -4.78e-08      0.00 6.636e-01 3.182e-01 6.165e-03 2.188e-03 5.131e-03  8.464 1.820e-02 -5.346 3.989 0.597 -1.975 -3.650 -5.071 -7.056 -8.112 -8.634
0.013 -0.05655 8.69897 2.8919410706 2.5934485947    1.987  4.097  3.4108 -0.765    8  0.718  1.600   547.62    -1.00    -1.00    -1.00    -1.00  0 -5.39e-07      0.05 6.636e-01 3.182e-01 6.158e-03 2.188e-03 5.131e-03  8.462 1.819e-02 -5.471 4.176 0.665 -1.958 -3.674 -5.121 -7.148 -8.214 -8.772
0.013 -0.05655 8.69897 2.8919487000 2.5934487336    1.980  4.128  3.4077 -0.810    8  0.719  1.599   546.77    -1.00    -1.00    -1.00    -1.00  0 -1.19e-06      0.11 6.637e-01 3.182e-01 6.152e-03 2.188e-03 5.131e-03  8.461 1.818e-02 -5.550 4.328 0.743 -1.912 -3.657 -5.120 -7.182 -8.265 -8.854
0.013 -0.05655 8.69897 2.8919579983 2.5934489028    1.973  4.143  3.4088 -0.823    8  0.719  1.598   545.74    -1.00    -1.00    -1.00    -1.00  0 -1.32e-06      0.12 6.637e-01 3.182e-01 6.150e-03 2.188e-03 5.131e-03  8.461 1.818e-02 -5.587 4.326 0.730 -1.931 -3.681 -5.147 -7.214 -8.299 -8.892
0.013 -0.05655 8.69897 2.8919687271 2.5934490981    1.964  4.148  3.4128 -0.814    8  0.720  1.599   544.54    -1.00    -1.00    -1.00    -1.00  0 -9.27e-07      0.08 6.637e-01 3.182e-01 6.153e-03 2.188e-03 5.131e-03  8.462 1.818e-02 -5.601 4.197 0.633 -2.014 -3.749 -5.207 -7.255 -8.328 -8.905
0.013 -0.05655 8.69897 2.8919813633 2.5934493280    1.954  4.151  3.4188 -0.795    8  0.720  1.602   543.14    -1.00    -1.00    -1.00    -1.00  0 -4.72e-07      0.04 6.636e-01 3.182e-01 6.166e-03 2.188e-03 5.131e-03  8.464 1.820e-02 -5.607 3.968 0.483 -2.131 -3.836 -5.274 -7.288 -8.352 -8.902
0.013 -0.05655 8.69897 2.8919816017 2.5934493324    1.954  4.305  3.3878 -1.073    8  0.720  1.659   543.09    -1.00    -1.00    -1.00    -1.00  0 -6.66e-06      0.68 6.629e-01 3.187e-01 6.382e-03 2.186e-03 5.130e-03  8.503 1.843e-02 -5.994 5.764 1.670 -1.241 -3.200 -4.802 -7.172 -8.431 -9.271
0.013 -0.05655 8.69897 2.8919823170 2.5934493454    1.953  4.206  3.4074 -0.895    8  0.720  1.659   542.93    -1.00    -1.00    -1.00    -1.00  0 -1.86e-06      0.18 6.629e-01 3.187e-01 6.383e-03 2.186e-03 5.130e-03  8.503 1.843e-02 -5.745 4.430 0.746 -1.957 -3.739 -5.225 -7.328 -8.427 -9.053
0.013 -0.05655 8.69897 2.8919837475 2.5934493714    1.950  4.092  3.4297 -0.693    8  0.720  1.660   542.59    -1.00    -1.00    -1.00    -1.00  0 -3.52e-07      0.04 6.629e-01 3.187e-01 6.385e-03 2.186e-03 5.130e-03  8.504 1.844e-02 -5.459 3.773 0.415 -2.133 -3.769 -5.160 -7.132 -8.216 -8.748
0.013 -0.05655 8.69897 2.8919861317 2.5934494148    1.947  3.971  3.4530 -0.480    8  0.721  1.661   436.31   240.46   146.97   116.22    95.53  0 -2.35e-06      0.35 6.629e-01 3.187e-01 6.388e-03 2.186e-03 5.130e-03  8.504 1.844e-02 -5.157 4.245 0.958 -1.569 -3.168 -4.524 -6.557 -7.763 -8.403
0.013 -0.05655 8.69897 2.8919897079 2.5934494799    1.941  3.999  3.4460 -0.537    8  0.721  1.662   472.00   266.61   162.19   128.46   105.61  0 -3.23e-06      0.49 6.629e-01 3.187e-01 6.393e-03 2.186e-03 5.130e-03  8.505 1.845e-02 -5.228 4.829 1.360 -1.267 -2.957 -4.379 -6.517 -7.766 -8.478
0.013 -0.05655 8.69897 2.8919942379 2.5934495624    1.933  4.056  3.4327 -0.649    8  0.721  1.663   540.21    -1.00    -1.00    -1.00    -1.00  0 -3.37e-07      0.04 6.628e-01 3.187e-01 6.400e-03 2.186e-03 5.130e-03  8.506 1.845e-02 -5.370 3.725 0.433 -2.091 -3.705 -5.082 -7.037 -8.125 -8.649
0.013 -0.05655 8.69897 2.8920001984 2.5934496708    1.924  4.105  3.4203 -0.750    8  0.721  1.666   538.86    -1.00    -1.00    -1.00    -1.00  0 -7.22e-07      0.07 6.628e-01 3.187e-01 6.408e-03 2.186e-03 5.130e-03  8.508 1.846e-02 -5.493 4.099 0.629 -1.983 -3.685 -5.123 -7.146 -8.225 -8.786
0.013 -0.05655 8.69897 2.8920078278 2.5934498097    1.912  4.136  3.4108 -0.821    8  0.722  1.668   537.20    -1.00    -1.00    -1.00    -1.00  0 -1.57e-06      0.17 6.628e-01 3.187e-01 6.418e-03 2.185e-03 5.130e-03  8.510 1.847e-02 -5.569 4.507 0.868 -1.814 -3.581 -5.059 -7.154 -8.256 -8.875
0.013 -0.05655 8.69897 2.8920166492 2.5934499703    1.898  4.150  3.4035 -0.868    8  0.722  1.671   535.22    -1.00    -1.00    -1.00    -1.00  0 -2.76e-06      0.34 6.627e-01 3.188e-01 6.430e-03 2.185e-03 5.129e-03  8.512 1.849e-02 -5.605 5.053 1.252 -1.512 -3.346 -4.867 -7.056 -8.210 -8.908
0.013 -0.05655 8.69897 2.8920271397 2.5934501612    1.882  4.156  3.3970 -0.903    8  0.723  1.675   532.89    -1.00    -1.00    -1.00    -1.00  0 -3.92e-06      0.50 6.627e-01 3.188e-01 6.445e-03 2.185e-03 5.129e-03  8.514 1.850e-02 -5.619 5.588 1.637 -1.202 -3.099 -4.661 -6.939 -8.143 -8.915
0.013 -0.05655 8.69897 2.8920392990 2.5934503825    1.863  4.158  3.3899 -0.939    8  0.723  1.680   530.21    -1.00    -1.00    -1.00    -1.00  0 -5.06e-06      0.68 6.626e-01 3.188e-01 6.462e-03 2.185e-03 5.129e-03  8.517 1.852e-02 -5.625 6.146 2.049 -0.863 -2.823 -4.426 -6.799 -8.059 -8.902
0.013 -0.05655 8.69897 2.8920395374 2.5934503868    1.862  4.314  3.3576 -1.224    8  0.723  1.736   530.11    -1.00    -1.00    -1.00    -1.00  0 -1.05e-05      1.23 6.619e-01 3.193e-01 6.676e-03 2.183e-03 5.128e-03  8.552 1.875e-02 -6.016 7.483 2.943 -0.196 -2.349 -4.075 -6.736 -8.162 -9.202
0.013 -0.05655 8.69897 2.8920400143 2.5934503955    1.861  4.216  3.3778 -1.045    8  0.724  1.736   529.89    -1.00    -1.00    -1.00    -1.00  0 -8.36e-06      1.18 6.619e-01 3.193e-01 6.677e-03 2.183e-03 5.128e-03  8.552 1.875e-02 -5.769 7.571 3.072 -0.046 -2.182 -3.897 -6.531 -7.943 -8.967
0.013 -0.05655 8.69897 2.8920414448 2.5934504215    1.857  4.102  3.4010 -0.839    8  0.724  1.736   529.45    -1.00    -1.00    -1.00    -1.00  0 -3.54e-06      0.53 6.619e-01 3.193e-01 6.679e-03 2.183e-03 5.128e-03  8.552 1.875e-02 -5.485 5.743 1.803 -1.032 -2.928 -4.492 -6.780 -7.998 -8.778
0.013 -0.05655 8.69897 2.8920438290 2.5934504649    1.852  3.981  3.4256 -0.621    8  0.724  1.737   522.35   306.58   185.14   147.20   121.02  0  -6.1e-07      0.08 6.619e-01 3.193e-01 6.681e-03 2.183e-03 5.128e-03  8.553 1.876e-02 -5.183 4.193 0.821 -1.745 -3.405 -4.817 -6.819 -7.918 -8.472
0.013 -0.05655 8.69897 2.8920471668 2.5934505257    1.845  4.009  3.4192 -0.677    8  0.724  1.738   527.66    -1.00    -1.00    -1.00    -1.00  0 -1.01e-06      0.14 6.619e-01 3.193e-01 6.685e-03 2.183e-03 5.128e-03  8.553 1.876e-02 -5.254 4.485 0.995 -1.628 -3.346 -4.797 -6.852 -7.957 -8.547
0.013 -0.05655 8.69897 2.8920516968 2.5934506081    1.835  4.066  3.4069 -0.784    8  0.724  1.739   526.25    -1.00    -1.00    -1.00    -1.00  0 -2.54e-06      0.40 6.619e-01 3.193e-01 6.690e-03 2.183e-03 5.128e-03  8.554 1.877e-02 -5.394 5.377 1.571 -1.200 -3.042 -4.572 -6.788 -7.969 -8.691
0.013 -0.05655 8.69897 2.8920574188 2.5934507122    1.823  4.114  3.3962 -0.878    8  0.725  1.741   524.45    -1.00    -1.00    -1.00    -1.00  0  -4.8e-06      0.78 6.619e-01 3.193e-01 6.697e-03 2.183e-03 5.128e-03  8.555 1.877e-02 -5.514 6.531 2.371 -0.575 -2.564 -4.187 -6.608 -7.899 -8.776
0.013 -0.05655 8.69897 2.8920645714 2.5934508424    1.807  4.143  3.3890 -0.940    8  0.725  1.743   522.23    -1.00    -1.00    -1.00    -1.00  0  -6.5e-06      1.03 6.619e-01 3.194e-01 6.705e-03 2.182e-03 5.128e-03  8.556 1.878e-02 -5.588 7.280 2.902 -0.154 -2.236 -3.919 -6.475 -7.842 -8.814
0.013 -0.05655 8.69897 2.8920731544 2.5934509986    1.789  4.157  3.3850 -0.975    8  0.725  1.746   519.59    -1.00    -1.00    -1.00    -1.00  0  -7.5e-06      1.20 6.618e-01 3.194e-01 6.715e-03 2.182e-03 5.128e-03  8.558 1.879e-02 -5.623 7.765 3.253 0.129 -2.011 -3.730 -6.372 -7.789 -8.818
0.013 -0.05655 8.69897 2.8920831680 2.5934511809    1.768  4.163  3.3827 -0.995    8  0.726  1.749   516.48    -1.00    -1.00    -1.00    -1.00  0  -7.8e-06      1.25 6.618e-01 3.194e-01 6.727e-03 2.182e-03 5.128e-03  8.560 1.881e-02 -5.637 7.919 3.364 0.218 -1.941 -3.672 -6.341 -7.773 -8.819
0.013 -0.05655 8.69897 2.8920948505 2.5934513935    1.744  4.165  3.3810 -1.010    8  0.727  1.753   512.92    -1.00    -1.00    -1.00    -1.00  0 -8.49e-06      1.41 6.617e-01 3.194e-01 6.741e-03 2.182e-03 5.128e-03  8.562 1.882e-02 -5.643 8.397 3.719 0.509 -1.705 -3.468 -6.218 -7.695 -8.789
0.013 -0.05655 8.69897 2.8920950890 2.5934513978    1.743  4.323  3.3483 -1.299    8  0.727  1.809   512.80    -1.00    -1.00    -1.00    -1.00  0 -1.37e-05      1.83 6.610e-01 3.199e-01 6.954e-03 2.180e-03 5.127e-03  8.593 1.905e-02 -6.037 9.301 4.293 0.911 -1.447 -3.300 -6.264 -7.861 -9.088
0.013 -0.05655 8.69897 2.8920955658 2.5934514065    1.741  4.225  3.3682 -1.122    8  0.727  1.809   512.55    -1.00    -1.00    -1.00    -1.00  0  -1.1e-05      1.78 6.610e-01 3.199e-01 6.955e-03 2.180e-03 5.127e-03  8.593 1.906e-02 -5.793 9.381 4.415 1.054 -1.285 -3.127 -6.063 -7.646 -8.856
0.013 -0.05655 8.69897 2.8920969963 2.5934514325    1.738  4.113  3.3907 -0.920    8  0.727  1.809   512.02    -1.00    -1.00    -1.00    -1.00  0 -6.76e-06      1.26 6.610e-01 3.199e-01 6.956e-03 2.180e-03 5.127e-03  8.593 1.906e-02 -5.511 8.072 3.512 0.362 -1.800 -3.532 -6.207 -7.642 -8.691
0.013 -0.05655 8.69897 2.8920991421 2.5934514716    1.732  3.991  3.4147 -0.704    8  0.727  1.809   511.14    -1.00    -1.00    -1.00    -1.00  0 -1.68e-06      0.30 6.610e-01 3.199e-01 6.957e-03 2.180e-03 5.127e-03  8.594 1.906e-02 -5.208 5.150 1.475 -1.235 -3.027 -4.527 -6.683 -7.835 -8.507
0.013 -0.05655 8.69897 2.8921024799 2.5934515323    1.723  4.019  3.4073 -0.764    8  0.727  1.810   509.88    -1.00    -1.00    -1.00    -1.00  0 -2.77e-06      0.51 6.610e-01 3.199e-01 6.960e-03 2.180e-03 5.127e-03  8.594 1.906e-02 -5.278 5.817 1.933 -0.877 -2.755 -4.309 -6.583 -7.800 -8.569
0.013 -0.05655 8.69897 2.8921067715 2.5934516104    1.712  4.074  3.3939 -0.875    8  0.727  1.811   508.20    -1.00    -1.00    -1.00    -1.00  0 -5.39e-06      1.03 6.610e-01 3.199e-01 6.963e-03 2.180e-03 5.127e-03  8.594 1.906e-02 -5.416 7.400 3.043 -0.003 -2.079 -3.757 -6.307 -7.674 -8.642
0.013 -0.05655 8.69897 2.8921122551 2.5934517102    1.697  4.121  3.3818 -0.974    8  0.728  1.812   506.05    -1.00    -1.00    -1.00    -1.00  0 -8.58e-06      1.68 6.610e-01 3.199e-01 6.967e-03 2.180e-03 5.127e-03  8.595 1.907e-02 -5.533 9.344 4.454 1.133 -1.173 -2.995 -5.882 -7.437 -8.617
0.013 -0.05655 8.69897 2.8921191692 2.5934518360    1.680  4.150  3.3729 -1.043    8  0.728  1.813   503.41    -1.00    -1.00    -1.00    -1.00  0 -9.86e-06      1.84 6.610e-01 3.199e-01 6.971e-03 2.180e-03 5.127e-03  8.596 1.907e-02 -5.605 9.752 4.740 1.355 -1.005 -2.860 -5.826 -7.425 -8.654
0.013 -0.05655 8.69897 2.8921272755 2.5934519835    1.659  4.163  3.3668 -1.086    8  0.729  1.814   500.25    -1.00    -1.00    -1.00    -1.00  0 -1.04e-05      1.88 6.610e-01 3.199e-01 6.977e-03 2.180e-03 5.127e-03  8.596 1.908e-02 -5.638 9.846 4.801 1.400 -0.974 -2.838 -5.825 -7.436 -8.678
0.013 -0.05655 8.69897 2.8921370506 2.5934521614    1.635  4.168  3.3622 -1.116    8  0.729  1.816   496.56    -1.00    -1.00    -1.00    -1.00  0 -1.08e-05      1.92 6.610e-01 3.200e-01 6.984e-03 2.180e-03 5.127e-03  8.597 1.909e-02 -5.650 9.963 4.885 1.467 -0.921 -2.794 -5.803 -7.426 -8.680
0.013 -0.05655 8.69897 2.8921482563 2.5934523654    1.607  4.170  3.3578 -1.143    8  0.730  1.818   492.31    -1.00    -1.00    -1.00    -1.00  0 -1.11e-05      1.96 6.609e-01 3.200e-01 6.992e-03 2.179e-03 5.127e-03  8.599 1.910e-02 -5.655 10.097 4.984 1.547 -0.857 -2.739 -5.770 -7.406 -8.675
0.013 -0.05655 8.69897 2.8921484947 2.5934523697    1.606  4.329  3.3255 -1.431    8  0.730  1.874   492.23    -1.00    -1.00    -1.00    -1.00  0 -1.79e-05      2.59 6.602e-01 3.204e-01 7.206e-03 2.177e-03 5.126e-03  8.628 1.933e-02 -6.053 11.611 6.015 2.318 -0.296 -2.303 -5.646 -7.454 -8.894
0.013 -0.05655 8.69897 2.8921489716 2.5934523784    1.604  4.232  3.3445 -1.259    8  0.730  1.874   491.91    -1.00    -1.00    -1.00    -1.00  0 -1.43e-05      2.49 6.602e-01 3.204e-01 7.206e-03 2.177e-03 5.126e-03  8.628 1.933e-02 -5.810 11.555 6.035 2.378 -0.203 -2.191 -5.486 -7.266 -8.681
0.013 -0.05655 8.69897 2.8921504021 2.5934524044    1.600  4.120  3.3658 -1.063    8  0.730  1.874   491.25    -1.00    -1.00    -1.00    -1.00  0 -1.06e-05      2.21 6.602e-01 3.204e-01 7.205e-03 2.177e-03 5.126e-03  8.628 1.933e-02 -5.531 10.979 5.674 2.135 -0.352 -2.285 -5.441 -7.146 -8.485
0.013 -0.05655 8.69897 2.8921525478 2.5934524435    1.593  3.998  3.3886 -0.852    8  0.730  1.874   490.16    -1.00    -1.00    -1.00    -1.00  0 -4.88e-06      1.10 6.602e-01 3.204e-01 7.205e-03 2.177e-03 5.126e-03  8.628 1.933e-02 -5.226 7.812 3.404 0.332 -1.767 -3.462 -6.051 -7.444 -8.440
0.013 -0.05655 8.69897 2.8921558857 2.5934525042    1.583  4.026  3.3803 -0.916    8  0.731  1.874   488.60    -1.00    -1.00    -1.00    -1.00  0 -6.82e-06      1.64 6.602e-01 3.204e-01 7.205e-03 2.177e-03 5.126e-03  8.627 1.933e-02 -5.295 9.454 4.597 1.293 -0.998 -2.811 -5.678 -7.222 -8.388
0.013 -0.05655 8.69897 2.8921601772 2.5934525823    1.569  4.080  3.3657 -1.031    8  0.731  1.874   486.51    -1.00    -1.00    -1.00    -1.00  0 -9.14e-06      2.00 6.602e-01 3.204e-01 7.205e-03 2.177e-03 5.126e-03  8.627 1.933e-02 -5.430 10.423 5.284 1.834 -0.581 -2.470 -5.518 -7.164 -8.442
0.013 -0.05655 8.69897 2.8921656609 2.5934526821    1.552  4.125  3.3521 -1.136    8  0.731  1.874   483.86    -1.00    -1.00    -1.00    -1.00  0 -1.11e-05      2.28 6.602e-01 3.204e-01 7.205e-03 2.177e-03 5.126e-03  8.627 1.933e-02 -5.542 11.172 5.816 2.249 -0.261 -2.207 -5.396 -7.119 -8.477
0.013 -0.05655 8.69897 2.8921723366 2.5934528036    1.532  4.152  3.3413 -1.212    8  0.732  1.874   480.59    -1.00    -1.00    -1.00    -1.00  0 -1.27e-05      2.55 6.602e-01 3.204e-01 7.204e-03 2.177e-03 5.126e-03  8.627 1.933e-02 -5.610 11.940 6.373 2.691 0.089 -1.910 -5.235 -7.032 -8.462
0.013 -0.05655 8.69897 2.8921804428 2.5934529511    1.507  4.164  3.3330 -1.264    8  0.732  1.874   476.70    -1.00    -1.00    -1.00    -1.00  0 -1.34e-05      2.61 6.602e-01 3.204e-01 7.204e-03 2.177e-03 5.126e-03  8.627 1.933e-02 -5.640 12.095 6.481 2.774 0.152 -1.859 -5.214 -7.027 -8.474
0.013 -0.05655 8.69897 2.8921899796 2.5934531246    1.478  4.167  3.3262 -1.303    8  0.733  1.874   472.15    -1.00    -1.00    -1.00    -1.00  0 -1.32e-05      2.50 6.602e-01 3.204e-01 7.203e-03 2.177e-03 5.126e-03  8.627 1.933e-02 -5.648 11.731 6.207 2.549 -0.034 -2.023 -5.320 -7.102 -8.518
0.013 -0.05655 8.69897 2.8922011852 2.5934533285    1.446  4.168  3.3198 -1.338    8  0.733  1.873   466.93    -1.00    -1.00    -1.00    -1.00  0 -1.26e-05      2.29 6.602e-01 3.204e-01 7.203e-03 2.177e-03 5.126e-03  8.627 1.932e-02 -5.650 11.105 5.738 2.166 -0.349 -2.297 -5.492 -7.219 -8.580
0.013 -0.05655 8.69897 2.8922014236 2.5934533329    1.446  4.329  3.2846 -1.640    8  0.733  1.929   466.89    -1.00    -1.00    -1.00    -1.00  0 -1.82e-05      2.59 6.596e-01 3.209e-01 7.415e-03 2.175e-03 5.126e-03  8.654 1.956e-02 -6.052 11.610 6.015 2.318 -0.296 -2.303 -5.646 -7.453 -8.893
0.013 -0.05655 8.69897 2.8922019005 2.5934533416    1.444  4.233  3.3041 -1.466    8  0.734  1.929   466.66    -1.00    -1.00    -1.00    -1.00  0 -1.46e-05      2.49 6.596e-01 3.209e-01 7.415e-03 2.175e-03 5.126e-03  8.654 1.956e-02 -5.811 11.545 6.027 2.372 -0.209 -2.196 -5.489 -7.269 -8.683
0.013 -0.05655 8.69897 2.8922033310 2.5934533676    1.441  4.122  3.3253 -1.272    8  0.734  1.929   466.16    -1.00    -1.00    -1.00    -1.00  0 -1.07e-05      2.18 6.596e-01 3.209e-01 7.414e-03 2.175e-03 5.126e-03  8.654 1.956e-02 -5.534 10.869 5.591 2.067 -0.409 -2.335 -5.473 -7.168 -8.499
0.013 -0.05655 8.69897 2.8922052383 2.5934534023    1.436  3.999  3.3469 -1.065    8  0.734  1.928   465.35    -1.00    -1.00    -1.00    -1.00  0 -6.52e-06      1.63 6.596e-01 3.209e-01 7.412e-03 2.175e-03 5.126e-03  8.654 1.955e-02 -5.228 9.506 4.652 1.349 -0.941 -2.753 -5.617 -7.158 -8.323
0.013 -0.05655 8.69897 2.8922083378 2.5934534587    1.429  4.027  3.3342 -1.145    8  0.734  1.927   464.18    -1.00    -1.00    -1.00    -1.00  0 -6.65e-06      1.55 6.596e-01 3.209e-01 7.410e-03 2.175e-03 5.126e-03  8.654 1.955e-02 -5.296 9.166 4.381 1.115 -1.146 -2.939 -5.758 -7.274 -8.412
0.013 -0.05655 8.69897 2.8922123909 2.5934535324    1.420  4.079  3.3143 -1.280    8  0.734  1.927   462.61    -1.00    -1.00    -1.00    -1.00  0 -8.65e-06      1.83 6.596e-01 3.209e-01 7.406e-03 2.175e-03 5.126e-03  8.653 1.955e-02 -5.428 9.918 4.908 1.525 -0.834 -2.688 -5.652 -7.251 -8.478
0.013 -0.05655 8.69897 2.8922176361 2.5934536279    1.407  4.123  3.2948 -1.405    8  0.735  1.926   460.61    -1.00    -1.00    -1.00    -1.00  0 -1.01e-05      1.94 6.596e-01 3.209e-01 7.403e-03 2.175e-03 5.126e-03  8.653 1.954e-02 -5.537 10.146 5.050 1.623 -0.773 -2.651 -5.671 -7.300 -8.562
0.013 -0.05655 8.69897 2.8922240734 2.5934537450    1.392  4.148  3.2774 -1.505    8  0.735  1.925   458.15    -1.00    -1.00    -1.00    -1.00  0 -1.11e-05      1.98 6.596e-01 3.209e-01 7.399e-03 2.175e-03 5.126e-03  8.652 1.954e-02 -5.601 10.207 5.080 1.635 -0.775 -2.661 -5.701 -7.343 -8.617
0.013 -0.05655 8.69897 2.8922319412 2.5934538882    1.375  4.159  3.2617 -1.584    8  0.736  1.924   455.22    -1.00    -1.00    -1.00    -1.00  0  -1.1e-05      1.88 6.596e-01 3.208e-01 7.395e-03 2.175e-03 5.126e-03  8.652 1.954e-02 -5.628 9.863 4.817 1.414 -0.961 -2.825 -5.813 -7.425 -8.667
0.013 -0.05655 8.69897 2.8922410011 2.5934540531    1.354  4.162  3.2468 -1.653    8  0.736  1.923   451.78    -1.00    -1.00    -1.00    -1.00  0 -1.07e-05      1.76 6.596e-01 3.208e-01 7.392e-03 2.175e-03 5.126e-03  8.651 1.953e-02 -5.635 9.496 4.541 1.186 -1.148 -2.987 -5.917 -7.495 -8.700
0.013 -0.05655 8.69897 2.8922517300 2.5934542483    1.331  4.161  3.2321 -1.719    8  0.737  1.922   447.83    -1.00    -1.00    -1.00    -1.00  0 -1.02e-05      1.63 6.596e-01 3.208e-01 7.390e-03 2.176e-03 5.126e-03  8.651 1.953e-02 -5.633 9.078 4.230 0.930 -1.358 -3.168 -6.028 -7.567 -8.730
0.013 -0.05655 8.69897 2.8922519684 2.5934542526    1.330  4.324  3.2024 -2.000    8  0.737  1.973   447.78    -1.00    -1.00    -1.00    -1.00  0 -1.64e-05      1.98 6.590e-01 3.212e-01 7.583e-03 2.174e-03 5.125e-03  8.675 1.974e-02 -6.039 9.759 4.634 1.191 -1.217 -3.103 -6.142 -7.783 -9.056
0.013 -0.05655 8.69897 2.8922524452 2.5934542613    1.329  4.228  3.2184 -1.841    8  0.737  1.973   447.50    -1.00    -1.00    -1.00    -1.00  0 -1.32e-05      1.93 6.590e-01 3.212e-01 7.582e-03 2.174e-03 5.125e-03  8.675 1.974e-02 -5.801 9.835 4.752 1.330 -1.061 -2.935 -5.948 -7.573 -8.830
0.013 -0.05655 8.69897 2.8922536373 2.5934542830    1.325  4.119  3.2356 -1.664    8  0.737  1.972   446.93    -1.00    -1.00    -1.00    -1.00  0 -9.77e-06      1.77 6.590e-01 3.212e-01 7.579e-03 2.174e-03 5.125e-03  8.674 1.974e-02 -5.527 9.635 4.672 1.313 -1.025 -2.866 -5.800 -7.382 -8.590
0.013 -0.05655 8.69897 2.8922557831 2.5934543220    1.320  3.996  3.2531 -1.473    8  0.737  1.971   445.98    -1.00    -1.00    -1.00    -1.00  0 -8.33e-06      1.94 6.590e-01 3.212e-01 7.575e-03 2.174e-03 5.125e-03  8.674 1.973e-02 -5.221 10.460 5.365 1.937 -0.458 -2.336 -5.355 -6.985 -8.246
0.013 -0.05655 8.69897 2.8922586441 2.5934543741    1.312  4.024  3.2420 -1.548    8  0.737  1.969   444.62    -1.00    -1.00    -1.00    -1.00  0 -5.79e-06      1.09 6.591e-01 3.212e-01 7.570e-03 2.174e-03 5.125e-03  8.673 1.973e-02 -5.290 7.756 3.332 0.253 -1.850 -3.545 -6.131 -7.515 -8.509
0.013 -0.05655 8.69897 2.8922626972 2.5934544479    1.301  4.076  3.2250 -1.672    8  0.738  1.968   442.79    -1.00    -1.00    -1.00    -1.00  0 -7.87e-06      1.45 6.591e-01 3.212e-01 7.564e-03 2.174e-03 5.125e-03  8.672 1.972e-02 -5.421 8.732 4.026 0.800 -1.426 -3.197 -5.965 -7.453 -8.559
0.013 -0.05655 8.69897 2.8922677040 2.5934545390    1.287  4.120  3.2084 -1.786    8  0.738  1.966   440.47    -1.00    -1.00    -1.00    -1.00  0 -9.09e-06      1.52 6.591e-01 3.212e-01 7.559e-03 2.174e-03 5.125e-03  8.672 1.972e-02 -5.529 8.853 4.088 0.833 -1.419 -3.206 -6.012 -7.521 -8.650
0.013 -0.05655 8.69897 2.8922739029 2.5934546518    1.271  4.145  3.1940 -1.875    8  0.738  1.965   437.62    -1.00    -1.00    -1.00    -1.00  0  -8.9e-06      1.33 6.591e-01 3.212e-01 7.555e-03 2.174e-03 5.125e-03  8.671 1.971e-02 -5.594 8.191 3.578 0.401 -1.783 -3.530 -6.237 -7.690 -8.759
0.013 -0.05655 8.69897 2.8922812939 2.5934547862    1.251  4.157  3.1816 -1.943    8  0.739  1.965   434.22    -1.00    -1.00    -1.00    -1.00  0 -8.68e-06      1.18 6.591e-01 3.212e-01 7.554e-03 2.174e-03 5.125e-03  8.671 1.971e-02 -5.622 7.710 3.213 0.096 -2.039 -3.754 -6.387 -7.798 -8.821
0.013 -0.05655 8.69897 2.8922901154 2.5934549468    1.229  4.161  3.1706 -1.999    8  0.739  1.966   430.24    -1.00    -1.00    -1.00    -1.00  0 -9.19e-06      1.23 6.591e-01 3.212e-01 7.559e-03 2.174e-03 5.125e-03  8.672 1.972e-02 -5.631 7.868 3.328 0.189 -1.964 -3.691 -6.351 -7.778 -8.818
0.013 -0.05655 8.69897 2.8923003674 2.5934551333    1.203  4.161  3.1612 -2.046    8  0.740  1.970   425.68    -1.00    -1.00    -1.00    -1.00  0 -8.67e-06      1.08 6.590e-01 3.212e-01 7.572e-03 2.174e-03 5.125e-03  8.673 1.973e-02 -5.633 7.400 2.979 -0.099 -2.200 -3.894 -6.478 -7.861 -8.853
0.013 -0.05655 8.69897 2.8923006058 2.5934551376    1.202  4.325  3.1375 -2.305    8  0.740  1.995   425.58    -1.00    -1.00    -1.00    -1.00  0 -1.26e-05      1.17 6.587e-01 3.214e-01 7.670e-03 2.173e-03 5.125e-03  8.685 1.984e-02 -6.043 7.253 2.765 -0.347 -2.478 -4.190 -6.817 -8.225 -9.244
0.013 -0.05655 8.69897 2.8923010826 2.5934551463    1.200  4.231  3.1506 -2.159    8  0.740  1.996   425.27    -1.00    -1.00    -1.00    -1.00  0 -1.01e-05      1.13 6.587e-01 3.214e-01 7.670e-03 2.173e-03 5.125e-03  8.685 1.984e-02 -5.807 7.358 2.902 -0.192 -2.308 -4.012 -6.617 -8.013 -9.018
0.013 -0.05655 8.69897 2.8923022747 2.5934551680    1.197  4.122  3.1651 -1.994    8  0.740  1.996   424.61    -1.00    -1.00    -1.00    -1.00  0 -7.46e-06      1.03 6.587e-01 3.214e-01 7.671e-03 2.173e-03 5.125e-03  8.685 1.984e-02 -5.536 7.320 2.944 -0.110 -2.192 -3.873 -6.427 -7.793 -8.763
0.013 -0.05655 8.69897 2.8923041821 2.5934552027    1.191  4.000  3.1808 -1.811    8  0.740  1.996   423.54    -1.00    -1.00    -1.00    -1.00  0 -9.42e-06      1.96 6.587e-01 3.214e-01 7.673e-03 2.173e-03 5.125e-03  8.685 1.984e-02 -5.230 10.506 5.397 1.962 -0.440 -2.321 -5.349 -6.984 -8.251
0.013 -0.05655 8.69897 2.8923070431 2.5934552548    1.182  4.028  3.1744 -1.868    8  0.741  1.997   421.99    -1.00    -1.00    -1.00    -1.00  0 -4.67e-06      0.72 6.587e-01 3.214e-01 7.675e-03 2.173e-03 5.125e-03  8.685 1.984e-02 -5.300 6.595 2.466 -0.463 -2.437 -4.050 -6.443 -7.714 -8.571
0.013 -0.05655 8.69897 2.8923108578 2.5934553242    1.171  4.080  3.1644 -1.964    8  0.741  1.998   419.91    -1.00    -1.00    -1.00    -1.00  0  -5.9e-06      0.85 6.587e-01 3.214e-01 7.679e-03 2.173e-03 5.125e-03  8.686 1.985e-02 -5.430 6.864 2.632 -0.349 -2.368 -4.009 -6.468 -7.779 -8.683
0.013 -0.05655 8.69897 2.8923156261 2.5934554109    1.156  4.123  3.1560 -2.046    8  0.741  1.999   417.28    -1.00    -1.00    -1.00    -1.00  0 -6.72e-06      0.88 6.587e-01 3.215e-01 7.684e-03 2.173e-03 5.125e-03  8.687 1.985e-02 -5.537 6.871 2.610 -0.386 -2.417 -4.067 -6.545 -7.867 -8.785
0.013 -0.05655 8.69897 2.8923215866 2.5934555194    1.138  4.149  3.1508 -2.099    8  0.742  2.001   414.05    -1.00    -1.00    -1.00    -1.00  0 -7.15e-06      0.88 6.587e-01 3.215e-01 7.692e-03 2.173e-03 5.125e-03  8.687 1.986e-02 -5.602 6.807 2.546 -0.450 -2.482 -4.131 -6.610 -7.932 -8.850
0.013 -0.05655 8.69897 2.8923287392 2.5934556495    1.117  4.161  3.1489 -2.127    8  0.742  2.004   410.20    -1.00    -1.00    -1.00    -1.00  0 -6.89e-06      0.81 6.586e-01 3.215e-01 7.703e-03 2.172e-03 5.125e-03  8.689 1.987e-02 -5.632 6.551 2.348 -0.619 -2.625 -4.258 -6.699 -7.999 -8.890
0.013 -0.05655 8.69897 2.8923370838 2.5934558014    1.093  4.165  3.1504 -2.135    8  0.743  2.008   405.72    -1.00    -1.00    -1.00    -1.00  0 -6.46e-06      0.73 6.586e-01 3.215e-01 7.718e-03 2.172e-03 5.125e-03  8.690 1.989e-02 -5.644 6.287 2.149 -0.785 -2.763 -4.378 -6.777 -8.052 -8.913
0.013 -0.05655 8.69897 2.8923468590 2.5934559792    1.066  4.167  3.1557 -2.127    8  0.744  2.013   400.58    -1.00    -1.00    -1.00    -1.00  0 -5.92e-06      0.64 6.585e-01 3.216e-01 7.738e-03 2.172e-03 5.125e-03  8.693 1.991e-02 -5.649 5.999 1.933 -0.964 -2.910 -4.505 -6.856 -8.104 -8.931
0.013 -0.05655 8.69897 2.8923468590 2.5934559792    1.065  4.333  3.1365 -2.369    8  0.744  2.029   400.46    -1.00    -1.00    -1.00    -1.00  0 -8.64e-06      0.69 6.583e-01 3.217e-01 7.799e-03 2.172e-03 5.125e-03  8.700 1.998e-02 -6.062 5.726 1.624 -1.291 -3.253 -4.858 -7.233 -8.494 -9.338
0.013 -0.05655 8.69897 2.8923475742 2.5934559923    1.063  4.239  3.1482 -2.230    8  0.744  2.029   400.09    -1.00    -1.00    -1.00    -1.00  0 -6.92e-06      0.66 6.583e-01 3.217e-01 7.799e-03 2.172e-03 5.125e-03  8.700 1.998e-02 -5.829 5.887 1.804 -1.102 -3.056 -4.655 -7.018 -8.273 -9.108
0.013 -0.05655 8.69897 2.8923487663 2.5934560139    1.059  4.132  3.1626 -2.066    8  0.744  2.029   399.33    -1.00    -1.00    -1.00    -1.00  0 -5.17e-06      0.60 6.583e-01 3.217e-01 7.799e-03 2.172e-03 5.125e-03  8.700 1.998e-02 -5.559 5.945 1.916 -0.962 -2.892 -4.476 -6.804 -8.038 -8.848
0.013 -0.05655 8.69897 2.8923504353 2.5934560443    1.052  4.009  3.1802 -1.876    8  0.744  2.029   398.08    -1.00    -1.00    -1.00    -1.00  0 -2.81e-06      0.40 6.583e-01 3.217e-01 7.799e-03 2.172e-03 5.125e-03  8.700 1.998e-02 -5.252 5.644 1.771 -1.027 -2.890 -4.429 -6.654 -7.825 -8.553
0.013 -0.05655 8.69897 2.8923532963 2.5934560964    1.043  4.036  3.1814 -1.903    8  0.744  2.029   396.29    -1.00    -1.00    -1.00    -1.00  0 -3.25e-06      0.45 6.583e-01 3.217e-01 7.799e-03 2.172e-03 5.125e-03  8.700 1.998e-02 -5.321 5.732 1.819 -1.000 -2.880 -4.431 -6.683 -7.870 -8.620
0.013 -0.05655 8.69897 2.8923568726 2.5934561614    1.030  4.087  3.1816 -1.958    8  0.744  2.030   393.89    -1.00    -1.00    -1.00    -1.00  0 -3.95e-06      0.50 6.583e-01 3.217e-01 7.801e-03 2.172e-03 5.125e-03  8.700 1.998e-02 -5.448 5.768 1.813 -1.027 -2.926 -4.489 -6.768 -7.972 -8.744
0.013 -0.05655 8.69897 2.8923614025 2.5934562439    1.015  4.129  3.1855 -1.990    8  0.745  2.030   390.84    -1.00    -1.00    -1.00    -1.00  0 -4.34e-06      0.52 6.583e-01 3.217e-01 7.804e-03 2.171e-03 5.125e-03  8.700 1.999e-02 -5.551 5.703 1.738 -1.107 -3.010 -4.576 -6.861 -8.069 -8.847
0.013 -0.05655 8.69897 2.8923671246 2.5934563480    0.995  4.153  3.1947 -1.986    8  0.745  2.032   384.82    -1.00    -1.00    -1.00    -1.00  0 -1.55e-05      2.75 6.583e-01 3.217e-01 7.810e-03 2.171e-03 5.124e-03  8.701 1.999e-02 -5.613 12.525 6.810 3.048 0.382 -1.656 -5.076 -6.926 -8.407
0.013 -0.05655 8.69897 2.8923740387 2.5934564738    0.973  4.164  3.2101 -1.945    8  0.746  2.034   369.08    -1.00    -1.00    -1.00    -1.00  0 -1.49e-05      2.62 6.583e-01 3.217e-01 7.819e-03 2.171e-03 5.124e-03  8.702 2.000e-02 -5.640 12.126 6.505 2.794 0.168 -1.846 -5.205 -7.022 -8.471
0.013 -0.05655 8.69897 2.8923821449 2.5934566213    0.947  4.167  3.2320 -1.873    8  0.747  2.038   351.38    -1.00    -1.00    -1.00    -1.00  0  -1.4e-05      2.47 6.582e-01 3.218e-01 7.833e-03 2.171e-03 5.124e-03  8.703 2.002e-02 -5.649 11.657 6.152 2.504 -0.071 -2.055 -5.340 -7.116 -8.525
0.013 -0.05655 8.69897 2.8923914433 2.5934567904    0.917  4.168  3.2612 -1.771    8  0.747  2.044   331.96    -1.00    -1.00    -1.00    -1.00  0 -1.28e-05      2.29 6.581e-01 3.218e-01 7.855e-03 2.171e-03 5.124e-03  8.706 2.004e-02 -5.651 11.105 5.738 2.165 -0.349 -2.298 -5.493 -7.220 -8.581
0.013 -0.05655 8.69897 2.8923914433 2.5934567904    0.917  4.335  3.2366 -2.037    8  0.747  2.044   331.57    -1.00    -1.00    -1.00    -1.00  0 -1.87e-05      2.46 6.581e-01 3.218e-01 7.856e-03 2.171e-03 5.124e-03  8.706 2.004e-02 -6.068 11.190 5.697 2.055 -0.514 -2.495 -5.772 -7.544 -8.949
0.013 -0.05655 8.69897 2.8923921585 2.5934568034    0.915  4.243  3.2506 -1.889    8  0.747  2.044   330.48    -1.00    -1.00    -1.00    -1.00  0  -1.5e-05      2.34 6.581e-01 3.218e-01 7.856e-03 2.171e-03 5.124e-03  8.706 2.004e-02 -5.837 11.079 5.672 2.077 -0.455 -2.414 -5.635 -7.376 -8.751
0.013 -0.05655 8.69897 2.8923931122 2.5934568208    0.912  4.136  3.2676 -1.715    8  0.747  2.044   328.18    -1.00    -1.00    -1.00    -1.00  0 -1.16e-05      2.19 6.581e-01 3.218e-01 7.857e-03 2.171e-03 5.124e-03  8.706 2.004e-02 -5.569 10.885 5.594 2.063 -0.418 -2.348 -5.494 -7.194 -8.529
0.013 -0.05655 8.69897 2.8923950195 2.5934568555    0.906  4.012  3.2890 -1.509    8  0.748  2.045   324.45    -1.00    -1.00    -1.00    -1.00  0 -8.56e-06      2.03 6.581e-01 3.218e-01 7.859e-03 2.171e-03 5.124e-03  8.706 2.005e-02 -5.260 10.709 5.541 2.075 -0.353 -2.250 -5.317 -6.974 -8.264
0.013 -0.05655 8.69897 2.8923974037 2.5934568989    0.898  4.039  3.2891 -1.540    8  0.748  2.046   319.14    -1.00    -1.00    -1.00    -1.00  0 -8.86e-06      2.00 6.581e-01 3.218e-01 7.862e-03 2.171e-03 5.124e-03  8.707 2.005e-02 -5.328 10.545 5.401 1.948 -0.469 -2.360 -5.411 -7.058 -8.339
0.013 -0.05655 8.69897 2.8924009800 2.5934569640    0.887  4.089  3.2886 -1.597    8  0.748  2.046   312.14    -1.00    -1.00    -1.00    -1.00  0 -9.54e-06      1.97 6.581e-01 3.218e-01 7.865e-03 2.171e-03 5.124e-03  8.707 2.005e-02 -5.452 10.322 5.203 1.763 -0.643 -2.526 -5.561 -7.200 -8.470
0.013 -0.05655 8.69897 2.8924052715 2.5934570420    0.873  4.128  3.2942 -1.620    8  0.749  2.048   303.41    -1.00    -1.00    -1.00    -1.00  0 -9.92e-06      1.92 6.581e-01 3.219e-01 7.869e-03 2.171e-03 5.124e-03  8.707 2.006e-02 -5.550 10.063 4.985 1.566 -0.822 -2.694 -5.703 -7.326 -8.581
0.013 -0.05655 8.69897 2.8924107552 2.5934571418    0.856  4.151  3.3099 -1.589    8  0.749  2.049   292.98    -1.00    -1.00    -1.00    -1.00  0 -9.77e-06      1.85 6.581e-01 3.219e-01 7.875e-03 2.171e-03 5.124e-03  8.708 2.006e-02 -5.607 9.782 4.761 1.372 -0.991 -2.848 -5.820 -7.422 -8.654
0.013 -0.05655 8.69897 2.8924171925 2.5934572589    0.836  4.160  3.3385 -1.494    8  0.750  2.051   280.92    -1.00    -1.00    -1.00    -1.00  0 -9.17e-06      1.76 6.580e-01 3.219e-01 7.882e-03 2.171e-03 5.124e-03  8.709 2.007e-02 -5.630 9.477 4.528 1.176 -1.156 -2.993 -5.919 -7.495 -8.698
0.013 -0.05655 8.69897 2.8924250603 2.5934574021    0.814  4.162  3.3831 -1.329    8  0.750  2.053   267.34    -1.00    -1.00    -1.00    -1.00  0 -7.93e-06      1.56 6.580e-01 3.219e-01 7.889e-03 2.171e-03 5.124e-03  8.710 2.008e-02 -5.636 8.880 4.082 0.808 -1.458 -3.255 -6.083 -7.604 -8.747
0.013 -0.05655 8.69897 2.8924338818 2.5934575626    0.788  4.162  3.4474 -1.085    8  0.751  2.055   252.43    -1.00    -1.00    -1.00    -1.00  0 -6.56e-06      1.06 6.580e-01 3.219e-01 7.898e-03 2.171e-03 5.124e-03  8.711 2.009e-02 -5.634 6.485 2.402 -0.527 -2.457 -4.028 -6.480 -7.879 -8.822
0.013 -0.05655 8.69897 2.8924646378 2.5934581221    0.753 -9.999  4.3464  2.529    9  0.754  0.000     0.00     0.00     0.00     0.00     0.00 -1    -1e-30      0.00 6.580e-01 3.219e-01 7.899e-03 2.171e-03 5.124e-03  8.711 2.009e-02 29.767 30.718 31.688 31.900 31.989 32.118 32.426 32.518 32.599
#isochrone terminated
