# File generated by CMD 3.9 (http://stev.oapd.inaf.it/cmd) on Tue May 12 07:11:48 UTC 2026
# isochrones based on PARSEC release v1.2S +  COLIBRI S_37 + S_35 + PR16
# Basic references: Bressan et al. (2012), MNRAS, 427, 127 + Chen et al. (2014, 2015), MNRAS, 444, 2525 + MNRAS, 452, 1068 + Tang et al. (2014), MNRAS, 445, 4287 + Marigo et al. (2017), ApJ, 835, 77 + Pastorelli al. (2019), MNRAS, 485, 5666 + Pastorelli al. (2020), MNRAS, in press
# Thermal pulse cycles included 
# On RGB, assumed Reimers mass loss with efficiency eta=0.2
# LPV periods and growth rates added cf. Trabucchi et al. (2019)
# but fundamental-mode LPV periods + transition are from Trabucchi et al. (2021)
# Photometric system: <i>UBVRIJHK</i> (cf. Maiz-Apellaniz 2006 + Bessell 1990)
# Using YBC version of bolometric corrections as in Chen et al. (2019)
# O-rich circumstellar dpmod60alox40 dust from Groenewegen (2006)
# C-rich circumstellar AMCSIC15 dust from Groenewegen (2006)
# IMF: Kroupa (2001, 2002) + Kroupa et al. (2013) canonical two-part-power law IMF corrected for unresolved binaries 
# Kind of output: isochrone tables
# Zini     MH   logAge Mini        int_IMF         Mass   logL    logTe  logg  label   McoreTP C_O  period0  period1  period2  period3  period4  pmode  Mloss  tau1m   X   Y   Xc  Xn  Xo  Cexcess  Z 	 mbolmag  Umag    Bmag    Vmag    Rmag    Imag    Jmag    Hmag    Kmag
0.013 -0.05655 9.00000 0.0900000036 1.0816895926    0.090 -3.374  3.3712  5.203    0  0.000  0.545     0.00     0.00     0.00     0.00     0.00 -1 -4.48e-17      0.00 7.151e-01 2.718e-01 2.359e-03 6.364e-04 5.772e-03 -1.000 1.312e-02 13.204 22.545 19.869 18.017 15.842 13.583 11.114 10.501 10.219
0.013 -0.05655 9.00000 0.1000000015 1.1711064122    0.100 -3.207  3.3959  5.181    0  0.000  0.545     0.00     0.00     0.00     0.00     0.00 -1 -6.39e-17      0.00 7.151e-01 2.718e-01 2.359e-03 6.364e-04 5.772e-03 -1.000 1.312e-02 12.788 22.087 19.435 17.589 15.422 13.167 10.699 10.086 9.801
0.013 -0.05655 9.00000 0.1191965938 1.3139973624    0.119 -2.967  3.4287  5.147    0  0.000  0.545     0.00     0.00     0.00     0.00     0.00 -1 -1.06e-16      0.00 7.150e-01 2.719e-01 2.359e-03 6.364e-04 5.772e-03 -1.000 1.312e-02 12.186 20.774 18.362 16.565 14.555 12.407 10.126 9.512 9.220
0.013 -0.05655 9.00000 0.1200000048 1.3193154741    0.120 -2.957  3.4300  5.146    0  0.000  0.545     0.00     0.00     0.00     0.00     0.00 -1 -1.08e-16      0.00 7.150e-01 2.719e-01 2.359e-03 6.364e-04 5.772e-03 -1.000 1.312e-02 12.162 20.671 18.285 16.492 14.500 12.364 10.105 9.490 9.198
0.013 -0.05655 9.00000 0.1400000006 1.4384526719    0.140 -2.776  3.4491  5.109    0  0.000  0.545     0.00     0.00     0.00     0.00     0.00 -1 -1.57e-16      0.00 7.149e-01 2.719e-01 2.359e-03 6.364e-04 5.772e-03 -1.000 1.312e-02 11.711 19.257 17.151 15.443 13.666 11.689 9.700 9.081 8.788
0.013 -0.05655 9.00000 0.1425251514 1.4519152761    0.142 -2.758  3.4509  5.105    0  0.000  0.545     0.00     0.00     0.00     0.00     0.00 -1 -1.63e-16      0.00 7.149e-01 2.720e-01 2.359e-03 6.364e-04 5.772e-03 -1.000 1.312e-02 11.664 19.121 17.041 15.339 13.583 11.622 9.657 9.038 8.745
0.013 -0.05655 9.00000 0.1512914598 1.4963486162    0.151 -2.695  3.4570  5.092    0  0.000  0.545     0.00     0.00     0.00     0.00     0.00 -1 -1.86e-16      0.00 7.149e-01 2.720e-01 2.359e-03 6.364e-04 5.772e-03 -1.000 1.312e-02 11.507 18.672 16.677 14.992 13.304 11.402 9.516 8.896 8.604
0.013 -0.05655 9.00000 0.1599999964 1.5372931554    0.160 -2.635  3.4626  5.080    0  0.000  0.545     0.00     0.00     0.00     0.00     0.00 -1  -2.1e-16      0.00 7.148e-01 2.721e-01 2.359e-03 6.364e-04 5.772e-03 -1.000 1.312e-02 11.359 18.264 16.343 14.676 13.048 11.199 9.382 8.761 8.471
0.013 -0.05655 9.00000 0.2000000030 1.6938790862    0.200 -2.420  3.4813  5.036    0  0.000  0.545     0.00     0.00     0.00     0.00     0.00 -1 -3.25e-16      0.00 7.147e-01 2.722e-01 2.359e-03 6.364e-04 5.772e-03 -1.000 1.312e-02 10.819 16.954 15.241 13.629 12.181 10.505 8.888 8.266 7.983
0.013 -0.05655 9.00000 0.2500000000 1.8403257998    0.250 -2.219  3.4973  4.996    0  0.000  0.545     0.00     0.00     0.00     0.00     0.00 -1 -4.82e-16      0.00 7.146e-01 2.723e-01 2.359e-03 6.364e-04 5.772e-03 -1.000 1.312e-02 10.318 15.896 14.323 12.747 11.425 9.900 8.427 7.803 7.530
0.013 -0.05655 9.00000 0.3153558075 1.9826814280    0.315 -2.012  3.5107  4.944    0  0.000  0.545     0.00     0.00     0.00     0.00     0.00 -1 -7.35e-16      0.00 7.149e-01 2.720e-01 2.359e-03 6.364e-04 5.772e-03 -1.000 1.312e-02 9.800 14.982 13.504 11.970 10.736 9.315 7.941 7.313 7.052
0.013 -0.05655 9.00000 0.3215486705 1.9941580497    0.322 -1.992  3.5119  4.937    0  0.000  0.545     0.00     0.00     0.00     0.00     0.00 -1 -7.67e-16      0.00 7.150e-01 2.719e-01 2.359e-03 6.364e-04 5.772e-03 -1.000 1.312e-02 9.751 14.902 13.431 11.901 10.673 9.261 7.895 7.267 7.006
0.013 -0.05655 9.00000 0.3500000238 2.0434175133    0.350 -1.912  3.5177  4.916    0  0.000  0.545     0.00     0.00     0.00     0.00     0.00 -1 -9.08e-16      0.00 7.151e-01 2.717e-01 2.359e-03 6.364e-04 5.772e-03 -1.000 1.312e-02 9.549 14.554 13.114 11.599 10.404 9.035 7.706 7.076 6.820
0.013 -0.05655 9.00000 0.4000000358 2.1185024810    0.400 -1.763  3.5286  4.869    0  0.000  0.545     0.00     0.00     0.00     0.00     0.00 -1 -1.26e-15      0.00 7.152e-01 2.717e-01 2.359e-03 6.364e-04 5.772e-03 -1.000 1.312e-02 9.178 13.938 12.543 11.057 9.915 8.624 7.362 6.726 6.478
0.013 -0.05655 9.00000 0.4500000179 2.1822809362    0.450 -1.611  3.5408  4.817    0  0.000  0.545     0.00     0.00     0.00     0.00     0.00 -1 -1.79e-15      0.00 7.152e-01 2.717e-01 2.359e-03 6.364e-04 5.772e-03 -1.000 1.312e-02 8.797 13.331 11.966 10.509 9.418 8.208 7.012 6.368 6.129
0.013 -0.05655 9.00000 0.5000000000 2.2374541529    0.500 -1.452  3.5560  4.765    0  0.000  0.545     0.00     0.00     0.00     0.00     0.00 -1  -2.6e-15      0.00 7.152e-01 2.717e-01 2.359e-03 6.364e-04 5.772e-03 -1.000 1.312e-02 8.401 12.711 11.357 9.926 8.887 7.776 6.655 6.001 5.774
0.013 -0.05655 9.00000 0.5067687035 2.2443246902    0.507 -1.429  3.5588  4.759    0  0.000  0.545     0.00     0.00     0.00     0.00     0.00 -1 -2.74e-15      0.00 7.154e-01 2.715e-01 2.357e-03 6.360e-04 5.768e-03 -1.000 1.311e-02 8.343 12.616 11.262 9.834 8.804 7.713 6.605 5.949 5.724
0.013 -0.05655 9.00000 0.5500000119 2.2836582633    0.550 -1.289  3.5752  4.720    0  0.000  0.545     0.00     0.00     0.00     0.00     0.00 -1  -3.8e-15      0.00 7.175e-01 2.694e-01 2.340e-03 6.314e-04 5.726e-03 -1.000 1.303e-02 7.992 12.062 10.704 9.296 8.312 7.333 6.300 5.633 5.424
0.013 -0.05655 9.00000 0.6000000238 2.3211213258    0.600 -1.126  3.5991  4.690    0  0.000  0.545     0.00     0.00     0.00     0.00     0.00 -1 -5.49e-15      0.00 7.180e-01 2.691e-01 2.337e-03 6.306e-04 5.720e-03 -1.000 1.297e-02 7.584 11.394 10.021 8.658 7.729 6.899 5.953 5.268 5.093
0.013 -0.05655 9.00000 0.6296102405 2.3401099616    0.629 -1.028  3.6146  4.676    0  0.000  0.545     0.00     0.00     0.00     0.00     0.00 -1  -6.8e-15      0.00 7.182e-01 2.688e-01 2.335e-03 6.301e-04 5.715e-03 -1.000 1.299e-02 7.341 10.992 9.601 8.285 7.394 6.643 5.745 5.054 4.905
0.013 -0.05655 9.00000 0.6499999762 2.3520353107    0.650 -0.964  3.6255  4.669    0  0.000  0.545     0.00     0.00     0.00     0.00     0.00 -1 -7.83e-15      0.00 7.183e-01 2.687e-01 2.335e-03 6.299e-04 5.713e-03 -1.000 1.300e-02 7.179 10.705 9.309 8.033 7.170 6.474 5.607 4.922 4.790
0.013 -0.05655 9.00000 0.7000000477 2.3779267258    0.700 -0.809  3.6537  4.659    0  0.000  0.545     0.00     0.00     0.00     0.00     0.00 -1 -1.09e-14      0.00 7.186e-01 2.684e-01 2.332e-03 6.292e-04 5.707e-03 -1.000 1.301e-02 6.793 9.829 8.548 7.404 6.634 6.072 5.295 4.652 4.555
0.013 -0.05655 9.00000 0.7500000000 2.3998889087    0.750 -0.663  3.6811  4.653    1  0.000  0.538     0.00     0.00     0.00     0.00     0.00 -1 -1.48e-14      0.00 7.190e-01 2.680e-01 2.299e-03 6.278e-04 5.702e-03 -1.000 1.298e-02 6.428 8.832 7.835 6.828 6.170 5.692 5.014 4.457 4.377
0.013 -0.05655 9.00000 0.7995212078 2.4185568769    0.799 -0.532  3.7016  4.632    1  0.000  0.537     0.00     0.00     0.00     0.00     0.00 -1 -1.99e-14      0.00 7.195e-01 2.675e-01 2.295e-03 6.268e-04 5.694e-03 -1.000 1.296e-02 6.101 8.084 7.296 6.380 5.797 5.363 4.754 4.258 4.189
0.013 -0.05655 9.00000 0.8490424156 2.4347429970    0.849 -0.407  3.7204  4.607    1  0.000  0.537     0.00     0.00     0.00     0.00     0.00 -1 -2.65e-14      0.00 7.202e-01 2.669e-01 2.291e-03 6.256e-04 5.683e-03 -1.000 1.287e-02 5.788 7.418 6.819 5.979 5.457 5.058 4.510 4.067 4.005
0.013 -0.05655 9.00000 0.8985635638 2.4488947628    0.898 -0.288  3.7376  4.582    1  0.000  0.537     0.00     0.00     0.00     0.00     0.00 -1 -3.49e-14      0.00 7.210e-01 2.662e-01 2.285e-03 6.241e-04 5.670e-03 -1.000 1.289e-02 5.491 6.830 6.394 5.619 5.146 4.774 4.279 3.882 3.827
0.013 -0.05655 9.00000 0.9470692277 2.4611194169    0.946 -0.177  3.7527  4.554    1  0.000  0.537     0.00     0.00     0.00     0.00     0.00 -1 -4.53e-14      0.00 7.219e-01 2.652e-01 2.278e-03 6.221e-04 5.652e-03 -1.000 1.289e-02 5.213 6.294 6.011 5.298 4.868 4.521 4.069 3.707 3.659
0.013 -0.05655 9.00000 0.9480847716 2.4613600277    0.948 -0.175  3.7530  4.553    1  0.000  0.537     0.00     0.00     0.00     0.00     0.00 -1 -4.56e-14      0.00 7.220e-01 2.651e-01 2.278e-03 6.221e-04 5.652e-03 -1.000 1.289e-02 5.207 6.284 6.003 5.292 4.863 4.516 4.064 3.703 3.655
0.013 -0.05655 9.00000 0.9724404812 2.4669578849    0.972 -0.120  3.7598  4.538    1  0.000  0.537     0.00     0.00     0.00     0.00     0.00 -1  -5.2e-14      0.00 7.227e-01 2.645e-01 2.273e-03 6.208e-04 5.640e-03 -1.000 1.284e-02 5.071 6.043 5.824 5.140 4.729 4.392 3.959 3.613 3.568
0.013 -0.05655 9.00000 0.9976059794 2.4724129260    0.998 -0.065  3.7667  4.521    1  0.000  0.537     0.00     0.00     0.00     0.00     0.00 -1 -5.93e-14      0.00 7.235e-01 2.637e-01 2.267e-03 6.193e-04 5.626e-03 -1.000 1.278e-02 4.934 5.808 5.644 4.990 4.595 4.269 3.855 3.524 3.483
0.013 -0.05655 9.00000 1.0471271276 2.4822722586    1.047  0.040  3.7790  4.486    1  0.000  0.537     0.00     0.00     0.00     0.00     0.00 -1 -7.17e-14      0.00 7.257e-01 2.616e-01 2.251e-03 6.150e-04 5.587e-03 -1.000 1.268e-02 4.670 5.383 5.306 4.705 4.342 4.036 3.654 3.349 3.314
0.013 -0.05655 9.00000 1.0653933287 2.4856439351    1.065  0.078  3.7832  4.472    1  0.000  0.537     0.00     0.00     0.00     0.00     0.00 -1 -7.66e-14      0.00 7.268e-01 2.605e-01 2.243e-03 6.127e-04 5.567e-03 -1.000 1.264e-02 4.575 5.242 5.187 4.605 4.251 3.952 3.580 3.283 3.250
0.013 -0.05655 9.00000 1.0966484547 2.4911146919    1.096  0.142  3.7901  4.448    1  0.000  0.537     0.00     0.00     0.00     0.00     0.00 -1 -8.56e-14      0.00 7.290e-01 2.584e-01 2.227e-03 6.086e-04 5.530e-03 -1.000 1.254e-02 4.414 5.011 4.990 4.437 4.099 3.810 3.455 3.172 3.142
0.013 -0.05655 9.00000 1.1300648451 2.4965804964    1.129  0.209  3.7971  4.422    1  0.000  0.537     0.00     0.00     0.00     0.00     0.00 -1 -9.56e-14      0.00 7.310e-01 2.565e-01 2.215e-03 6.054e-04 5.502e-03 -1.000 1.250e-02 4.247 4.781 4.787 4.264 3.941 3.663 3.324 3.055 3.027
0.013 -0.05655 9.00000 1.1461695433 2.4990841818    1.145  0.241  3.8003  4.409    1  0.000  0.537     0.00     0.00     0.00     0.00     0.00 -1 -1.01e-13      0.00 7.319e-01 2.556e-01 2.210e-03 6.040e-04 5.490e-03 -1.000 1.248e-02 4.168 4.674 4.692 4.182 3.866 3.593 3.262 2.999 2.973
0.013 -0.05655 9.00000 1.1737805605 2.5031933893    1.173  0.294  3.8057  4.388    1  0.000  0.537     0.00     0.00     0.00     0.00     0.00 -1 -1.09e-13      0.00 7.318e-01 2.557e-01 2.214e-03 6.052e-04 5.501e-03 -1.000 1.249e-02 4.035 4.500 4.532 4.045 3.741 3.477 3.158 2.906 2.881
0.013 -0.05655 9.00000 1.1956908703 2.5062993490    1.195  0.336  3.8099  4.371    1  0.000  0.537     0.00     0.00     0.00     0.00     0.00 -1 -1.17e-13      0.00 7.316e-01 2.559e-01 2.218e-03 6.063e-04 5.511e-03 -1.000 1.251e-02 3.930 4.365 4.408 3.938 3.642 3.385 3.076 2.832 2.809
0.013 -0.05655 9.00000 1.2452119589 2.5128585200    1.245  0.426  3.8191  4.336    1  0.000  0.536     0.00     0.00     0.00     0.00     0.00 -1 -1.32e-13      0.00 7.319e-01 2.555e-01 2.216e-03 6.058e-04 5.507e-03 -1.000 1.253e-02 3.706 4.092 4.143 3.706 3.429 3.187 2.899 2.673 2.653
0.013 -0.05655 9.00000 1.2947330475 2.5188440396    1.294  0.511  3.8279  4.303    1  0.000  0.536     0.00     0.00     0.00     0.00     0.00 -1 -1.46e-13      0.00 7.321e-01 2.554e-01 2.215e-03 6.055e-04 5.505e-03 -1.000 1.253e-02 3.492 3.838 3.892 3.486 3.226 2.998 2.731 2.523 2.504
0.013 -0.05655 9.00000 1.2952543497 2.5189042545    1.295  0.512  3.8280  4.302    1  0.000  0.536     0.00     0.00     0.00     0.00     0.00 -1 -1.46e-13      0.00 7.321e-01 2.554e-01 2.215e-03 6.055e-04 5.505e-03 -1.000 1.253e-02 3.490 3.836 3.889 3.484 3.224 2.996 2.729 2.521 2.503
0.013 -0.05655 9.00000 1.3442542553 2.5243252649    1.344  0.593  3.8370  4.273    1  0.000  0.537     0.00     0.00     0.00     0.00     0.00 -1 -1.57e-13      0.00 7.314e-01 2.561e-01 2.219e-03 6.067e-04 5.515e-03 -1.000 1.253e-02 3.288 3.603 3.652 3.275 3.033 2.821 2.574 2.384 2.367
0.013 -0.05655 9.00000 1.3937754631 2.5293609890    1.394  0.671  3.8465  4.249    1  0.000  0.537     0.00     0.00     0.00     0.00     0.00 -1 -1.64e-13      0.00 7.318e-01 2.557e-01 2.216e-03 6.058e-04 5.508e-03 -1.000 1.254e-02 3.092 3.381 3.421 3.073 2.850 2.655 2.429 2.259 2.242
0.013 -0.05655 9.00000 1.4208222628 2.5319415123    1.421  0.713  3.8524  4.240    1  0.000  0.537     0.00     0.00     0.00     0.00     0.00 -1 -1.64e-13      0.00 7.320e-01 2.555e-01 2.215e-03 6.055e-04 5.505e-03 -1.000 1.255e-02 2.989 3.263 3.297 2.967 2.755 2.570 2.358 2.198 2.183
0.013 -0.05655 9.00000 1.4432967901 2.5340014006    1.443  0.746  3.8571  4.231    1  0.000  0.536     0.00     0.00     0.00     0.00     0.00 -1 -1.64e-13      0.00 7.321e-01 2.553e-01 2.214e-03 6.053e-04 5.503e-03 -1.000 1.256e-02 2.904 3.168 3.196 2.879 2.677 2.501 2.298 2.148 2.133
0.013 -0.05655 9.00000 1.4713435173 2.5364707717    1.471  0.788  3.8632  4.223    1  0.000  0.536     0.00     0.00     0.00     0.00     0.00 -1 -1.59e-13      0.00 7.323e-01 2.551e-01 2.213e-03 6.050e-04 5.500e-03 -1.000 1.255e-02 2.800 3.052 3.073 2.773 2.583 2.418 2.229 2.090 2.075
0.013 -0.05655 9.00000 1.4928178787 2.5382895241    1.493  0.819  3.8676  4.215    1  0.000  0.536     0.00     0.00     0.00     0.00     0.00 -1 -1.56e-13      0.00 7.324e-01 2.550e-01 2.212e-03 6.048e-04 5.498e-03 -1.000 1.252e-02 2.722 2.967 2.981 2.693 2.512 2.355 2.175 2.044 2.030
0.013 -0.05655 9.00000 1.5283077955 2.5411668649    1.528  0.869  3.8743  4.202    1  0.000  0.536     0.00     0.00     0.00     0.00     0.00 -1 -1.44e-13      0.00 7.327e-01 2.549e-01 2.211e-03 6.043e-04 5.495e-03 -1.000 1.247e-02 2.598 2.833 2.836 2.566 2.399 2.254 2.088 1.970 1.956
0.013 -0.05655 9.00000 1.5423390865 2.5422625332    1.542  0.888  3.8767  4.197    1  0.000  0.536     0.00     0.00     0.00     0.00     0.00 -1  -1.4e-13      0.00 7.328e-01 2.548e-01 2.210e-03 6.039e-04 5.495e-03 -1.000 1.246e-02 2.549 2.781 2.780 2.516 2.354 2.214 2.053 1.939 1.926
0.013 -0.05655 9.00000 1.5773296356 2.5448974633    1.577  0.936  3.8824  4.181    1  0.000  0.536     0.00     0.00     0.00     0.00     0.00 -1 -1.19e-13      0.00 7.329e-01 2.546e-01 2.210e-03 6.037e-04 5.493e-03 -1.000 1.251e-02 2.430 2.654 2.644 2.395 2.245 2.116 1.966 1.863 1.850
0.013 -0.05655 9.00000 1.5918604136 2.5459526227    1.591  0.956  3.8845  4.174    1  0.000  0.536     0.00     0.00     0.00     0.00     0.00 -1 -1.12e-13      0.00 7.329e-01 2.546e-01 2.210e-03 6.041e-04 5.492e-03 -1.000 1.251e-02 2.381 2.603 2.588 2.346 2.200 2.075 1.929 1.830 1.817
0.013 -0.05655 9.00000 1.6101236343 2.5472478020    1.610  0.980  3.8869  4.165    1  0.000  0.536     0.00     0.00     0.00     0.00     0.00 -1  -9.4e-14      0.00 7.329e-01 2.546e-01 2.209e-03 6.040e-04 5.492e-03 -1.000 1.247e-02 2.320 2.539 2.520 2.284 2.143 2.023 1.883 1.787 1.775
0.013 -0.05655 9.00000 1.6413816214 2.5493878142    1.641  1.022  3.8907  4.146    1  0.000  0.536     0.00     0.00     0.00     0.00     0.00 -1    -7e-14      0.00 7.329e-01 2.546e-01 2.209e-03 6.040e-04 5.491e-03 -1.000 1.251e-02 2.216 2.431 2.404 2.179 2.046 1.933 1.800 1.712 1.699
0.013 -0.05655 9.00000 1.6519178152 2.5500881984    1.651  1.035  3.8918  4.140    1  0.000  0.536     0.00     0.00     0.00     0.00     0.00 -1 -7.64e-17      0.00 7.329e-01 2.546e-01 2.209e-03 6.041e-04 5.490e-03 -1.000 1.252e-02 2.181 2.395 2.366 2.144 2.014 1.903 1.772 1.686 1.673
0.013 -0.05655 9.00000 1.6909027100 2.5525926335    1.690  1.087  3.8955  4.113    1  0.000  0.536     0.00     0.00     0.00     0.00     0.00 -1 -1.17e-27      0.00 7.328e-01 2.547e-01 2.210e-03 6.042e-04 5.492e-03 -1.000 1.252e-02 2.053 2.264 2.226 2.016 1.894 1.790 1.666 1.586 1.574
0.013 -0.05655 9.00000 1.7101939917 2.5537834746    1.709  1.112  3.8972  4.100    1  0.000  0.537     0.00     0.00     0.00     0.00     0.00 -1 -7.29e-29      0.00 7.328e-01 2.547e-01 2.210e-03 6.043e-04 5.491e-03 -1.000 1.250e-02 1.990 2.200 2.157 1.953 1.834 1.734 1.614 1.536 1.524
0.013 -0.05655 9.00000 1.7404239178 2.5555886324    1.739  1.151  3.8994  4.077    1  0.000  0.537     0.00     0.00     0.00     0.00     0.00 -1    -1e-30      0.00 7.328e-01 2.547e-01 2.210e-03 6.043e-04 5.491e-03 -1.000 1.248e-02 1.892 2.099 2.051 1.854 1.741 1.645 1.529 1.455 1.442
0.013 -0.05655 9.00000 1.7465224266 2.5559441000    1.745  1.159  3.8998  4.072    1  0.000  0.537     0.00     0.00     0.00     0.00     0.00 -1    -1e-30      0.00 7.328e-01 2.547e-01 2.210e-03 6.044e-04 5.491e-03 -1.000 1.249e-02 1.872 2.079 2.029 1.834 1.722 1.627 1.511 1.438 1.426
0.013 -0.05655 9.00000 1.7760865688 2.5576276053    1.775  1.198  3.9012  4.047    1  0.000  0.537     0.00     0.00     0.00     0.00     0.00 -1    -1e-30      0.00 7.327e-01 2.548e-01 2.210e-03 6.046e-04 5.492e-03 -1.000 1.250e-02 1.776 1.982 1.927 1.737 1.629 1.537 1.424 1.353 1.341
0.013 -0.05655 9.00000 1.7899448872 2.5583947754    1.789  1.216  3.9015  4.033    1  0.000  0.537     0.00     0.00     0.00     0.00     0.00 -1    -1e-30      0.00 7.327e-01 2.548e-01 2.211e-03 6.048e-04 5.493e-03 -1.000 1.249e-02 1.731 1.937 1.880 1.692 1.584 1.493 1.381 1.311 1.298
0.013 -0.05655 9.00000 1.8022630215 2.5590653062    1.801  1.232  3.9017  4.021    1  0.000  0.537     0.00     0.00     0.00     0.00     0.00 -1    -1e-30      0.00 7.327e-01 2.549e-01 2.211e-03 6.049e-04 5.493e-03 -1.000 1.247e-02 1.691 1.897 1.838 1.651 1.545 1.454 1.342 1.272 1.260
0.013 -0.05655 9.00000 1.8339829445 2.5607443816    1.833  1.273  3.9016  3.986    1  0.000  0.537     0.00     0.00     0.00     0.00     0.00 -1    -1e-30      0.00 7.325e-01 2.550e-01 2.212e-03 6.053e-04 5.496e-03 -1.000 1.250e-02 1.588 1.795 1.731 1.547 1.441 1.351 1.238 1.169 1.156
0.013 -0.05655 9.00000 1.8394663334 2.5610278983    1.838  1.280  3.9014  3.980    1  0.000  0.537     0.00     0.00     0.00     0.00     0.00 -1    -1e-30      0.00 7.325e-01 2.550e-01 2.212e-03 6.054e-04 5.496e-03 -1.000 1.251e-02 1.570 1.777 1.713 1.529 1.423 1.333 1.220 1.150 1.138
0.013 -0.05655 9.00000 1.8609806299 2.5621217535    1.860  1.308  3.9006  3.954    1  0.000  0.537     0.00     0.00     0.00     0.00     0.00 -1    -1e-30      0.00 7.324e-01 2.551e-01 2.213e-03 6.055e-04 5.498e-03 -1.000 1.255e-02 1.501 1.709 1.643 1.458 1.351 1.261 1.146 1.076 1.063
0.013 -0.05655 9.00000 1.8880176544 2.5634558312    1.887  1.342  3.8986  3.918    1  0.000  0.537     0.00     0.00     0.00     0.00     0.00 -1    -1e-30      0.00 7.322e-01 2.552e-01 2.214e-03 6.057e-04 5.499e-03 -1.000 1.254e-02 1.415 1.626 1.558 1.370 1.260 1.167 1.048 0.975 0.962
0.013 -0.05655 9.00000 1.8889875412 2.5635028726    1.888  1.343  3.8983  3.916    1  0.000  0.537     0.00     0.00     0.00     0.00     0.00 -1    -1e-30      0.00 7.322e-01 2.553e-01 2.214e-03 6.058e-04 5.500e-03 -1.000 1.254e-02 1.412 1.623 1.555 1.367 1.256 1.162 1.043 0.970 0.957
0.013 -0.05655 9.00000 1.9053477049 2.5642880802    1.904  1.364  3.8966  3.892    1  0.000  0.537     0.00     0.00     0.00     0.00     0.00 -1    -1e-30      0.00 7.321e-01 2.553e-01 2.214e-03 6.059e-04 5.502e-03 -1.000 1.254e-02 1.360 1.574 1.505 1.313 1.200 1.104 0.982 0.907 0.893
0.013 -0.05655 9.00000 1.9350095987 2.5656728438    1.934  1.401  3.8920  3.843    1  0.000  0.537     0.00     0.00     0.00     0.00     0.00 -1    -1e-30      0.00 7.320e-01 2.556e-01 2.216e-03 6.061e-04 5.506e-03 -1.000 1.249e-02 1.267 1.488 1.419 1.217 1.096 0.992 0.861 0.779 0.765
0.013 -0.05655 9.00000 1.9385845661 2.5658364534    1.938  1.406  3.8913  3.837    1  0.000  0.537     0.00     0.00     0.00     0.00     0.00 -1    -1e-30      0.00 7.319e-01 2.556e-01 2.216e-03 6.061e-04 5.506e-03 -1.000 1.248e-02 1.256 1.478 1.409 1.205 1.083 0.978 0.846 0.763 0.749
0.013 -0.05655 9.00000 1.9591215849 2.5667630495    1.959  1.431  3.8869  3.799    1  0.000  0.537     0.00     0.00     0.00     0.00     0.00 -1    -1e-30      0.00 7.318e-01 2.557e-01 2.217e-03 6.064e-04 5.508e-03 -1.000 1.248e-02 1.193 1.423 1.354 1.140 1.010 0.898 0.757 0.668 0.653
0.013 -0.05655 9.00000 1.9841185808 2.5678611604    1.984  1.461  3.8793  3.744    1  0.000  0.537     0.00     0.00     0.00     0.00     0.00 -1    -1e-30      0.00 7.316e-01 2.559e-01 2.218e-03 6.068e-04 5.510e-03 -1.000 1.253e-02 1.118 1.362 1.297 1.064 0.919 0.794 0.638 0.538 0.522
0.013 -0.05655 9.00000 1.9881817102 2.5680366548    1.988  1.465  3.8779  3.734    1  0.000  0.537     0.00     0.00     0.00     0.00     0.00 -1    -1e-30      0.00 7.316e-01 2.559e-01 2.219e-03 6.069e-04 5.511e-03 -1.000 1.254e-02 1.106 1.353 1.289 1.052 0.904 0.777 0.618 0.515 0.499
0.013 -0.05655 9.00000 1.9961203337 2.5683771695    1.996  1.475  3.8751  3.716    1  0.000  0.537     0.00     0.00     0.00     0.00     0.00 -1    -1e-30      0.00 7.315e-01 2.559e-01 2.219e-03 6.070e-04 5.512e-03 -1.000 1.255e-02 1.083 1.335 1.272 1.028 0.875 0.743 0.579 0.471 0.455
0.013 -0.05655 9.00000 2.0140297413 2.5691340398    2.014  1.496  3.8678  3.669    1  0.000  0.537     0.00     0.00     0.00     0.00     0.00 -1    -1e-30      0.00 7.313e-01 2.561e-01 2.220e-03 6.072e-04 5.515e-03 -1.000 1.256e-02 1.030 1.299 1.239 0.975 0.809 0.664 0.484 0.365 0.347
0.013 -0.05655 9.00000 2.0312330723 2.5698466364    2.031  1.516  3.8599  3.622    1  0.000  0.537     0.00     0.00     0.00     0.00     0.00 -1    -1e-30      0.00 7.312e-01 2.563e-01 2.221e-03 6.075e-04 5.518e-03 -1.000 1.255e-02 0.981 1.269 1.212 0.927 0.745 0.586 0.390 0.257 0.238
0.013 -0.05655 9.00000 2.0377788544 2.5701141445    2.037  1.523  3.8567  3.603    1  0.000  0.537     0.00     0.00     0.00     0.00     0.00 -1    -1e-30      0.00 7.311e-01 2.563e-01 2.222e-03 6.076e-04 5.519e-03 -1.000 1.255e-02 0.962 1.259 1.204 0.910 0.721 0.557 0.354 0.215 0.196
0.013 -0.05655 9.00000 2.0381729603 2.5701301875    2.038  1.524  3.8565  3.601    1  0.000  0.537     0.00     0.00     0.00     0.00     0.00 -1    -1e-30      0.00 7.311e-01 2.563e-01 2.222e-03 6.076e-04 5.519e-03 -1.000 1.255e-02 0.961 1.259 1.203 0.909 0.720 0.555 0.351 0.212 0.193
0.013 -0.05655 9.00000 2.0517978668 2.5706804652    2.051  1.540  3.8489  3.558    1  0.000  0.537     0.00     0.00     0.00     0.00     0.00 -1    -1e-30      0.00 7.310e-01 2.564e-01 2.222e-03 6.078e-04 5.521e-03 -1.000 1.256e-02 0.921 1.241 1.188 0.872 0.669 0.490 0.270 0.117 0.096
0.013 -0.05655 9.00000 2.0675256252 2.5713053126    2.067  1.562  3.8418  3.511    1  0.000  0.537     0.00     0.00     0.00     0.00     0.00 -1    -1e-30      0.00 7.309e-01 2.566e-01 2.224e-03 6.080e-04 5.524e-03 -1.000 1.256e-02 0.866 1.209 1.157 0.820 0.603 0.412 0.176 0.010 -0.012
0.013 -0.05655 9.00000 2.0738837719 2.5715548237    2.073  1.572  3.8396  3.493    1  0.000  0.537     0.00     0.00     0.00     0.00     0.00 -1    -1e-30      0.00 7.308e-01 2.567e-01 2.224e-03 6.081e-04 5.525e-03 -1.000 1.255e-02 0.840 1.191 1.139 0.795 0.574 0.379 0.139 -0.031 -0.053
0.013 -0.05655 9.00000 2.0816800594 2.5718583802    2.081  1.605  3.8505  3.506    1  0.000  0.537     0.00     0.00     0.00     0.00     0.00 -1    -1e-30      0.00 7.307e-01 2.567e-01 2.224e-03 6.082e-04 5.527e-03 -1.000 1.255e-02 0.759 1.077 1.015 0.706 0.507 0.332 0.116 -0.033 -0.053
0.013 -0.05655 9.00000 2.0838582516 2.5719427237    2.083  1.623  3.8595  3.524    1  0.000  0.537     0.00     0.00     0.00     0.00     0.00 -1    -1e-30      0.00 7.307e-01 2.568e-01 2.224e-03 6.083e-04 5.528e-03 -1.000 1.255e-02 0.712 1.005 0.936 0.654 0.474 0.316 0.119 -0.012 -0.032
0.013 -0.05655 9.00000 2.0848596096 2.5719814301    2.084  1.641  3.8693  3.545    1  0.000  0.537     0.00     0.00     0.00     0.00     0.00 -1    -1e-30      0.00 7.307e-01 2.568e-01 2.225e-03 6.083e-04 5.528e-03 -1.000 1.255e-02 0.666 0.937 0.859 0.605 0.445 0.306 0.129 0.015 -0.003
0.013 -0.05655 9.00000 2.0854115486 2.5720027464    2.084  1.661  3.8792  3.565    1  0.000  0.537     0.00     0.00     0.00     0.00     0.00 -1    -1e-30      0.00 7.307e-01 2.568e-01 2.225e-03 6.083e-04 5.528e-03 -1.000 1.255e-02 0.618 0.867 0.779 0.555 0.416 0.295 0.138 0.041 0.024
0.013 -0.05655 9.00000 2.0857341290 2.5720151987    2.085  1.682  3.8888  3.583    1  0.000  0.537     0.00     0.00     0.00     0.00     0.00 -1    -1e-30      0.00 7.307e-01 2.568e-01 2.225e-03 6.083e-04 5.528e-03 -1.000 1.254e-02 0.566 0.796 0.698 0.504 0.385 0.281 0.143 0.061 0.045
0.013 -0.05655 9.00000 2.0859382153 2.5720230745    2.085  1.704  3.8980  3.598    1  0.000  0.537     0.00     0.00     0.00     0.00     0.00 -1    -1e-30      0.00 7.307e-01 2.568e-01 2.225e-03 6.083e-04 5.528e-03 -1.000 1.254e-02 0.511 0.724 0.618 0.454 0.353 0.265 0.144 0.075 0.060
0.013 -0.05655 9.00000 2.0860910416 2.5720289711    2.085  1.723  3.9060  3.610    1  0.000  0.537     0.00     0.00     0.00     0.00     0.00 -1    -1e-30      0.00 7.307e-01 2.568e-01 2.225e-03 6.083e-04 5.528e-03 -1.000 1.254e-02 0.463 0.661 0.553 0.414 0.328 0.252 0.145 0.086 0.072
0.013 -0.05655 9.00000 2.0861380100 2.5720307831    2.085  1.727  3.9080  3.614    1  0.000  0.537     0.00     0.00     0.00     0.00     0.00 -1    -1e-30      0.00 7.307e-01 2.568e-01 2.225e-03 6.083e-04 5.528e-03 -1.000 1.254e-02 0.453 0.647 0.539 0.406 0.323 0.251 0.148 0.091 0.078
0.013 -0.05655 9.00000 2.0861730576 2.5720321351    2.085  1.713  3.9053  3.617    2  0.000  0.537     0.00     0.00     0.00     0.00     0.00 -1    -1e-30      0.00 7.307e-01 2.568e-01 2.225e-03 6.083e-04 5.528e-03 -1.000 1.254e-02 0.486 0.685 0.579 0.437 0.349 0.272 0.165 0.105 0.091
0.013 -0.05655 9.00000 2.0862410069 2.5720347563    2.085  1.684  3.8978  3.616    2  0.000  0.537     0.00     0.00     0.00     0.00     0.00 -1    -1e-30      0.00 7.307e-01 2.568e-01 2.225e-03 6.083e-04 5.528e-03 -1.000 1.254e-02 0.559 0.772 0.669 0.503 0.401 0.312 0.191 0.121 0.106
0.013 -0.05655 9.00000 2.0862934589 2.5720367795    2.085  1.666  3.8898  3.603    2  0.000  0.537     0.00     0.00     0.00     0.00     0.00 -1    -1e-30      0.00 7.307e-01 2.568e-01 2.225e-03 6.083e-04 5.528e-03 -1.000 1.254e-02 0.606 0.834 0.737 0.545 0.427 0.324 0.189 0.108 0.092
0.013 -0.05655 9.00000 2.0863630772 2.5720394647    2.085  1.656  3.8790  3.569    2  0.000  0.537     0.00     0.00     0.00     0.00     0.00 -1    -1e-30      0.00 7.306e-01 2.568e-01 2.225e-03 6.083e-04 5.528e-03 -1.000 1.254e-02 0.629 0.879 0.791 0.567 0.427 0.305 0.148 0.050 0.033
0.013 -0.05655 9.00000 2.0864460468 2.5720426645    2.085  1.659  3.8677  3.521    2  0.000  0.537     0.00     0.00     0.00     0.00     0.00 -1    -1e-30      0.00 7.306e-01 2.568e-01 2.225e-03 6.083e-04 5.528e-03 -1.000 1.254e-02 0.622 0.897 0.818 0.560 0.397 0.256 0.076 -0.041 -0.059
0.013 -0.05655 9.00000 2.0865445137 2.5720464617    2.085  1.667  3.8562  3.467    2  0.000  0.537     0.00     0.00     0.00     0.00     0.00 -1    -1e-30      0.00 7.306e-01 2.568e-01 2.225e-03 6.083e-04 5.528e-03 -1.000 1.254e-02 0.602 0.906 0.834 0.544 0.358 0.195 -0.009 -0.146 -0.166
0.013 -0.05655 9.00000 2.0866577625 2.5720508284    2.086  1.674  3.8446  3.414    2  0.000  0.537     0.00     0.00     0.00     0.00     0.00 -1    -1e-30      0.00 7.306e-01 2.568e-01 2.225e-03 6.083e-04 5.529e-03 -1.000 1.254e-02 0.586 0.925 0.859 0.534 0.325 0.141 -0.088 -0.247 -0.269
0.013 -0.05655 9.00000 2.0867848396 2.5720557276    2.086  1.676  3.8331  3.365    2  0.000  0.537     0.00     0.00     0.00     0.00     0.00 -1    -1e-30      0.00 7.306e-01 2.568e-01 2.225e-03 6.084e-04 5.529e-03 -1.000 1.254e-02 0.579 0.958 0.895 0.535 0.302 0.098 -0.157 -0.338 -0.362
0.013 -0.05655 9.00000 2.0869259834 2.5720611684    2.086  1.676  3.8218  3.320    2  0.000  0.537     0.00     0.00     0.00     0.00     0.00 -1    -1e-30      0.00 7.306e-01 2.568e-01 2.225e-03 6.084e-04 5.529e-03 -1.000 1.254e-02 0.579 1.008 0.944 0.545 0.290 0.065 -0.216 -0.420 -0.446
0.013 -0.05655 9.00000 2.0870842934 2.5720672699    2.086  1.674  3.8109  3.279    2  0.000  0.537     0.00     0.00     0.00     0.00     0.00 -1    -1e-30      0.00 7.306e-01 2.568e-01 2.225e-03 6.084e-04 5.529e-03 -1.000 1.254e-02 0.586 1.070 1.001 0.563 0.285 0.041 -0.266 -0.492 -0.520
0.013 -0.05655 9.00000 2.0872716904 2.5720744910    2.086  1.668  3.8003  3.242    2  0.000  0.537     0.00     0.00     0.00     0.00     0.00 -1    -1e-30      0.00 7.306e-01 2.568e-01 2.225e-03 6.084e-04 5.529e-03 -1.000 1.254e-02 0.599 1.155 1.070 0.588 0.287 0.024 -0.308 -0.555 -0.587
0.013 -0.05655 9.00000 2.0873758793 2.5720785052    2.086  1.665  3.7951  3.225    2  0.000  0.537     0.00     0.00     0.00     0.00     0.00 -1    -1e-30      0.00 7.306e-01 2.568e-01 2.225e-03 6.084e-04 5.529e-03 -1.000 1.254e-02 0.609 1.204 1.108 0.603 0.291 0.019 -0.325 -0.584 -0.617
0.013 -0.05655 9.00000 2.0876133442 2.5720876524    2.087  1.654  3.7853  3.197    2  0.000  0.537     0.00     0.00     0.00     0.00     0.00 -1    -1e-30      0.00 7.306e-01 2.568e-01 2.225e-03 6.084e-04 5.529e-03 -1.000 1.254e-02 0.635 1.311 1.192 0.644 0.310 0.021 -0.348 -0.627 -0.664
0.013 -0.05655 9.00000 2.0879356861 2.5721000653    2.087  1.635  3.7744  3.172    2  0.000  0.537     0.00     0.00     0.00     0.00     0.00 -1    -1e-30      0.00 7.306e-01 2.568e-01 2.225e-03 6.084e-04 5.529e-03 -1.000 1.255e-02 0.684 1.461 1.308 0.711 0.352 0.044 -0.354 -0.659 -0.699
0.013 -0.05655 9.00000 2.0882153511 2.5721108313    2.087  1.613  3.7659  3.160    2  0.000  0.537     0.00     0.00     0.00     0.00     0.00 -1    -1e-30      0.00 7.304e-01 2.570e-01 2.226e-03 6.087e-04 5.532e-03 -1.000 1.255e-02 0.738 1.602 1.418 0.782 0.404 0.080 -0.340 -0.666 -0.709
0.013 -0.05655 9.00000 2.0885162354 2.5721224104    2.088  1.584  3.7574  3.155    2  0.000  0.537     0.00     0.00     0.00     0.00     0.00 -1    -1e-30      0.00 7.283e-01 2.591e-01 2.240e-03 6.124e-04 5.565e-03 -1.000 1.264e-02 0.811 1.768 1.547 0.875 0.477 0.139 -0.306 -0.652 -0.699
0.013 -0.05655 9.00000 2.0887861252 2.5721327934    2.088  1.552  3.7498  3.157    2  0.000  0.537     0.00     0.00     0.00     0.00     0.00 -1    -1e-30      0.00 7.243e-01 2.629e-01 2.267e-03 6.196e-04 5.629e-03 -1.000 1.276e-02 0.890 1.933 1.676 0.972 0.557 0.206 -0.260 -0.625 -0.674
0.013 -0.05655 9.00000 2.0890195370 2.5721417706    2.088  1.522  3.7436  3.162    2  0.000  0.537     0.00     0.00     0.00     0.00     0.00 -1    -1e-30      0.00 7.219e-01 2.652e-01 2.284e-03 6.240e-04 5.669e-03 -1.000 1.289e-02 0.965 2.089 1.794 1.065 0.636 0.273 -0.211 -0.594 -0.645
0.013 -0.05655 9.00000 2.0893154144 2.5721531469    2.088  1.486  3.7357  3.167    2  0.000  0.537     0.00     0.00     0.00     0.00     0.00 -1    -1e-30      0.00 7.199e-01 2.672e-01 2.297e-03 6.276e-04 5.700e-03 -1.000 1.294e-02 1.055 2.285 1.939 1.179 0.731 0.356 -0.153 -0.558 -0.610
0.013 -0.05655 9.00000 2.0895373821 2.5721616791    2.089  1.463  3.7299  3.166    2  0.000  0.537     0.00     0.00     0.00     0.00     0.00 -1    -1e-30      0.00 7.188e-01 2.682e-01 2.304e-03 6.294e-04 5.716e-03 -1.000 1.294e-02 1.112 2.421 2.037 1.253 0.791 0.406 -0.120 -0.540 -0.594
0.013 -0.05655 9.00000 2.0896115303 2.5721645288    2.089  1.460  3.7281  3.163    2  0.000  0.537     0.00     0.00     0.00     0.00     0.00 -1    -1e-30      0.00 7.186e-01 2.684e-01 2.305e-03 6.297e-04 5.719e-03 -1.000 1.297e-02 1.121 2.457 2.059 1.268 0.802 0.414 -0.118 -0.543 -0.598
0.013 -0.05655 9.00000 2.0900568962 2.5721816403    2.089  1.460  3.7182  3.123    3  0.000  0.537     0.00     0.00     0.00     0.00     0.00 -1    -1e-30      0.00 7.174e-01 2.696e-01 2.311e-03 6.316e-04 5.735e-03 -1.000 1.302e-02 1.120 2.611 2.135 1.302 0.812 0.407 -0.157 -0.609 -0.667
0.013 -0.05655 9.00000 2.0905015469 2.5721987160    2.090  1.494  3.7101  3.056    3  0.000  0.532     0.00     0.00     0.00     0.00     0.00 -1    -1e-30      0.00 7.162e-01 2.707e-01 2.292e-03 6.410e-04 5.744e-03 -1.000 1.308e-02 1.035 2.658 2.115 1.247 0.738 0.318 -0.273 -0.747 -0.808
0.013 -0.05655 9.00000 2.0908713341 2.5722129104    2.090  1.538  3.7049  2.992    3  0.000  0.498     0.00     0.00     0.00     0.00     0.00 -1    -1e-30      0.00 7.152e-01 2.717e-01 2.147e-03 7.782e-04 5.749e-03 -1.000 1.310e-02 0.926 2.640 2.050 1.160 0.638 0.209 -0.400 -0.889 -0.952
0.013 -0.05655 9.00000 2.0912406445 2.5722270808    2.090  1.584  3.7005  2.928    3  0.000  0.445     0.00     0.00     0.00     0.00     0.00 -1    -1e-30      0.00 7.139e-01 2.729e-01 1.921e-03 1.044e-03 5.753e-03 -1.000 1.312e-02 0.809 2.599 1.971 1.061 0.528 0.091 -0.533 -1.034 -1.099
0.013 -0.05655 9.00000 2.0915358067 2.5722384019    2.091  1.623  3.6974  2.876    3  0.000  0.414     0.00     0.00     0.00     0.00     0.00 -1    -1e-30      0.00 7.129e-01 2.740e-01 1.787e-03 1.212e-03 5.755e-03 -1.000 1.312e-02 0.712 2.559 1.902 0.978 0.437 -0.006 -0.641 -1.150 -1.217
0.013 -0.05655 9.00000 2.0918304920 2.5722497011    2.091  1.663  3.6944  2.825    3  0.000  0.393     0.00     0.00     0.00     0.00     0.00 -1    -1e-30      0.00 7.118e-01 2.750e-01 1.698e-03 1.322e-03 5.757e-03 -1.000 1.321e-02 0.612 2.515 1.830 0.892 0.343 -0.106 -0.751 -1.269 -1.337
0.013 -0.05655 9.00000 2.0921235085 2.5722609327    2.091  1.704  3.6914  2.772    3  0.000  0.380     0.00     0.00     0.00     0.00     0.00 -1    -1e-30      0.00 7.108e-01 2.760e-01 1.640e-03 1.396e-03 5.761e-03 -1.000 1.320e-02 0.510 2.467 1.755 0.804 0.247 -0.207 -0.862 -1.389 -1.459
0.013 -0.05655 9.00000 2.0924100876 2.5722719140    2.091  1.744  3.6886  2.721    3  0.000  0.371     0.00     0.00     0.00     0.00     0.00 -1    -1e-30      0.00 7.094e-01 2.774e-01 1.599e-03 1.466e-03 5.751e-03 -1.000 1.323e-02 0.409 2.419 1.680 0.717 0.153 -0.307 -0.973 -1.508 -1.579
0.013 -0.05655 9.00000 2.0926928520 2.5722827458    2.092  1.784  3.6859  2.670    3  0.000  0.367     0.00     0.00     0.00     0.00     0.00 -1    -1e-30      0.00 7.069e-01 2.799e-01 1.568e-03 1.560e-03 5.689e-03 -1.000 1.322e-02 0.311 2.374 1.608 0.632 0.061 -0.404 -1.080 -1.623 -1.696
0.013 -0.05655 9.00000 2.0929045677 2.5722908537    2.092  1.813  3.6839  2.633    3  0.000  0.366     0.00     0.00     0.00     0.00     0.00 -1    -1e-30      0.00 7.046e-01 2.822e-01 1.549e-03 1.630e-03 5.635e-03 -1.000 1.322e-02 0.237 2.339 1.554 0.569 -0.008 -0.477 -1.160 -1.709 -1.783
0.013 -0.05655 9.00000 2.0929749012 2.5722935468    2.092  1.823  3.6833  2.621    3  0.000  0.366     0.00     0.00     0.00     0.00     0.00 -1    -1e-30      0.00 7.038e-01 2.830e-01 1.544e-03 1.652e-03 5.618e-03 -1.000 1.322e-02 0.213 2.327 1.536 0.548 -0.031 -0.501 -1.187 -1.737 -1.812
0.013 -0.05655 9.00000 2.0932567120 2.5723043354    2.092  1.862  3.6807  2.571    3  0.000  0.365     0.00     0.00     0.00     0.00     0.00 -1    -1e-30      0.00 7.003e-01 2.864e-01 1.523e-03 1.734e-03 5.554e-03 -1.000 1.329e-02 0.115 2.278 1.462 0.463 -0.122 -0.598 -1.293 -1.851 -1.927
0.013 -0.05655 9.00000 2.0933270454 2.5723070274    2.092  1.872  3.6801  2.559    3  0.000  0.365     0.00     0.00     0.00     0.00     0.00 -1    -1e-30      0.00 6.996e-01 2.872e-01 1.519e-03 1.750e-03 5.540e-03 -1.000 1.322e-02 0.090 2.265 1.443 0.441 -0.146 -0.622 -1.320 -1.880 -1.956
0.013 -0.05655 9.00000 2.0934600830 2.5723121189    2.092  1.891  3.6788  2.535    3  0.000  0.365     0.00     0.00     0.00     0.00     0.00 -1    -1e-30      0.00 6.982e-01 2.886e-01 1.512e-03 1.779e-03 5.517e-03 -1.000 1.326e-02 0.042 2.243 1.409 0.401 -0.189 -0.668 -1.371 -1.935 -2.012
0.013 -0.05655 9.00000 2.0937254429 2.5723222724    2.093  1.929  3.6763  2.487    3  0.000  0.365     0.00     0.00     0.00     0.00     0.00 -1    -1e-30      0.00 6.954e-01 2.913e-01 1.499e-03 1.832e-03 5.474e-03 -1.000 1.324e-02 -0.052 2.204 1.341 0.321 -0.277 -0.761 -1.473 -2.045 -2.123
0.013 -0.05655 9.00000 2.0939910412 2.5723324320    2.093  1.967  3.6738  2.439    3  0.000  0.365     0.00     0.00     0.00     0.00     0.00 -1    -1e-30      0.00 6.930e-01 2.937e-01 1.488e-03 1.875e-03 5.439e-03 -1.000 1.322e-02 -0.148 2.174 1.276 0.239 -0.367 -0.857 -1.578 -2.156 -2.236
0.013 -0.05655 9.00000 2.0942516327 2.5723423972    2.093  2.006  3.6712  2.390    3  0.000  0.364     0.00     0.00     0.00     0.00     0.00 -1    -1e-30      0.00 6.911e-01 2.957e-01 1.480e-03 1.909e-03 5.412e-03 -1.000 1.325e-02 -0.244 2.146 1.211 0.158 -0.456 -0.952 -1.683 -2.269 -2.350
0.013 -0.05655 9.00000 2.0945112705 2.5723523230    2.093  2.045  3.6684  2.340    3  0.000  0.364     0.00     0.00     0.00     0.00     0.00 -1    -1e-30      0.00 6.894e-01 2.973e-01 1.474e-03 1.936e-03 5.390e-03 -1.000 1.324e-02 -0.342 2.121 1.147 0.077 -0.546 -1.047 -1.789 -2.382 -2.465
0.013 -0.05655 9.00000 2.0948121548 2.5723638222    2.094  2.091  3.6652  2.281    3  0.000  0.364     0.00     0.00     0.00     0.00     0.00 -1    -1e-30      0.00 6.879e-01 2.989e-01 1.468e-03 1.961e-03 5.370e-03 -1.000 1.320e-02 -0.456 2.093 1.073 -0.017 -0.651 -1.160 -1.913 -2.516 -2.601
0.013 -0.05655 9.00000 2.0950710773 2.5723737147    2.094  2.131  3.6624  2.230    3  0.000  0.364     0.00     0.00     0.00     0.00     0.00 -1    -1e-30      0.00 6.868e-01 3.000e-01 1.465e-03 1.977e-03 5.357e-03 -1.000 1.321e-02 -0.557 2.071 1.010 -0.098 -0.743 -1.257 -2.022 -2.634 -2.720
0.013 -0.05655 9.00000 2.0953400135 2.5723839868    2.094  2.173  3.6593  2.175    3  0.000  0.364     0.00     0.00     0.00     0.00     0.00 -1    -1e-30      0.00 6.859e-01 3.008e-01 1.462e-03 1.990e-03 5.347e-03 -1.000 1.322e-02 -0.662 2.050 0.943 -0.184 -0.839 -1.361 -2.138 -2.758 -2.846
0.013 -0.05655 9.00000 2.0955758095 2.5723929905    2.095  2.211  3.6566  2.127    3  0.000  0.364     0.00     0.00     0.00     0.00     0.00 -1    -1e-30      0.00 6.854e-01 3.014e-01 1.460e-03 1.998e-03 5.341e-03 -1.000 1.322e-02 -0.757 2.036 0.886 -0.258 -0.924 -1.452 -2.240 -2.869 -2.959
0.013 -0.05655 9.00000 2.0958442688 2.5724032387    2.095  2.254  3.6532  2.070    3  0.000  0.364     0.00     0.00     0.00     0.00     0.00 -1    -1e-30      0.00 6.850e-01 3.017e-01 1.458e-03 2.003e-03 5.336e-03 -1.000 1.322e-02 -0.866 2.022 0.822 -0.343 -1.021 -1.558 -2.359 -2.997 -3.089
0.013 -0.05655 9.00000 2.0960729122 2.5724119646    2.095  2.292  3.6504  2.020    3  0.000  0.364     0.00     0.00     0.00     0.00     0.00 -1    -1e-30      0.00 6.849e-01 3.019e-01 1.458e-03 2.005e-03 5.334e-03 -1.000 1.322e-02 -0.961 2.009 0.766 -0.418 -1.106 -1.649 -2.462 -3.109 -3.203
0.013 -0.05655 9.00000 2.0963237286 2.5724215341    2.095  2.334  3.6472  1.966    3  0.000  0.364     0.00     0.00     0.00     0.00     0.00 -1    -1e-30      0.00 6.848e-01 3.020e-01 1.457e-03 2.006e-03 5.333e-03 -1.000 1.322e-02 -1.066 1.987 0.708 -0.499 -1.198 -1.749 -2.574 -3.229 -3.326
0.013 -0.05655 9.00000 2.0965616703 2.5724306100    2.095  2.373  3.6442  1.915    3  0.000  0.364     0.00     0.00     0.00     0.00     0.00 -1    -1e-30      0.00 6.848e-01 3.020e-01 1.457e-03 2.007e-03 5.333e-03 -1.000 1.322e-02 -1.164 1.959 0.655 -0.576 -1.283 -1.841 -2.679 -3.339 -3.440
0.013 -0.05655 9.00000 2.0968384743 2.5724411653    2.096  2.418  3.6408  1.857    3  0.000  0.364     0.00     0.00     0.00     0.00     0.00 -1    -1e-30      0.00 6.848e-01 3.020e-01 1.457e-03 2.007e-03 5.333e-03 -1.000 1.322e-02 -1.275 1.924 0.595 -0.663 -1.380 -1.946 -2.798 -3.463 -3.570
0.013 -0.05655 9.00000 2.0971565247 2.5724532894    2.096  2.464  3.6372  1.796    3  0.000  0.364     0.00     0.00     0.00     0.00     0.00 -1    -1e-30      0.00 6.848e-01 3.020e-01 1.457e-03 2.007e-03 5.333e-03 -1.000 1.322e-02 -1.390 1.887 0.532 -0.751 -1.477 -2.053 -2.920 -3.591 -3.704
0.013 -0.05655 9.00000 2.0973792076 2.5724617756    2.096  2.488  3.6353  1.764    3  0.000  0.364     0.00     0.00     0.00     0.00     0.00 -1    -1e-30      0.00 6.848e-01 3.020e-01 1.457e-03 2.007e-03 5.333e-03 -1.000 1.322e-02 -1.451 1.867 0.499 -0.798 -1.529 -2.109 -2.985 -3.659 -3.775
0.013 -0.05655 9.00000 2.0974321365 2.5724637923    2.096  2.471  3.6366  1.786    4  0.000  0.364     0.00     0.00     0.00     0.00     0.00 -1    -1e-30      0.00 6.848e-01 3.020e-01 1.457e-03 2.007e-03 5.333e-03 -1.000 1.322e-02 -1.409 1.880 0.522 -0.766 -1.493 -2.070 -2.940 -3.612 -3.726
0.013 -0.05655 9.00000 2.0974664688 2.5724651004    2.096  2.417  3.6410  1.859    4  0.000  0.364     0.00     0.00     0.00     0.00     0.00 -1    -1e-30      0.00 6.848e-01 3.020e-01 1.457e-03 2.007e-03 5.333e-03 -1.000 1.322e-02 -1.271 1.923 0.595 -0.661 -1.377 -1.943 -2.794 -3.459 -3.565
0.013 -0.05655 9.00000 2.0974910259 2.5724660361    2.096  2.366  3.6450  1.925    4  0.000  0.364     0.00     0.00     0.00     0.00     0.00 -1    -1e-30      0.00 6.848e-01 3.020e-01 1.457e-03 2.007e-03 5.333e-03 -1.000 1.322e-02 -1.145 1.959 0.662 -0.563 -1.268 -1.825 -2.659 -3.317 -3.418
0.013 -0.05655 9.00000 2.0975267887 2.5724673986    2.096  2.307  3.6495  2.003    4  0.000  0.364     0.00     0.00     0.00     0.00     0.00 -1    -1e-30      0.00 6.848e-01 3.020e-01 1.457e-03 2.007e-03 5.333e-03 -1.000 1.322e-02 -0.997 1.999 0.742 -0.448 -1.140 -1.685 -2.501 -3.151 -3.245
0.013 -0.05655 9.00000 2.0975751877 2.5724692424    2.096  2.251  3.6538  2.075    4  0.000  0.364     0.00     0.00     0.00     0.00     0.00 -1    -1e-30      0.00 6.848e-01 3.020e-01 1.457e-03 2.007e-03 5.333e-03 -1.000 1.322e-02 -0.858 2.014 0.823 -0.340 -1.016 -1.550 -2.349 -2.986 -3.078
0.013 -0.05655 9.00000 2.0976407528 2.5724717401    2.097  2.196  3.6580  2.147    4  0.000  0.364     0.00     0.00     0.00     0.00     0.00 -1    -1e-30      0.00 6.848e-01 3.020e-01 1.457e-03 2.007e-03 5.333e-03 -1.000 1.322e-02 -0.721 2.031 0.903 -0.233 -0.893 -1.418 -2.200 -2.824 -2.913
0.013 -0.05655 9.00000 2.0977234840 2.5724748915    2.097  2.144  3.6620  2.216    4  0.000  0.364     0.00     0.00     0.00     0.00     0.00 -1    -1e-30      0.00 6.848e-01 3.020e-01 1.457e-03 2.007e-03 5.333e-03 -1.000 1.322e-02 -0.590 2.051 0.982 -0.129 -0.775 -1.290 -2.057 -2.669 -2.756
0.013 -0.05655 9.00000 2.0978009701 2.5724778428    2.097  2.103  3.6650  2.269    4  0.000  0.364     0.00     0.00     0.00     0.00     0.00 -1    -1e-30      0.00 6.848e-01 3.020e-01 1.457e-03 2.007e-03 5.333e-03 -1.000 1.322e-02 -0.487 2.072 1.047 -0.046 -0.681 -1.190 -1.945 -2.549 -2.633
0.013 -0.05655 9.00000 2.0978901386 2.5724812387    2.097  2.063  3.6680  2.320    4  0.000  0.364     0.00     0.00     0.00     0.00     0.00 -1    -1e-30      0.00 6.848e-01 3.020e-01 1.457e-03 2.007e-03 5.333e-03 -1.000 1.322e-02 -0.388 2.090 1.108 0.034 -0.591 -1.093 -1.837 -2.432 -2.515
0.013 -0.05655 9.00000 2.0980219841 2.5724862594    2.097  2.016  3.6713  2.381    4  0.000  0.364     0.00     0.00     0.00     0.00     0.00 -1    -1e-30      0.00 6.848e-01 3.020e-01 1.457e-03 2.007e-03 5.333e-03 -1.000 1.322e-02 -0.270 2.119 1.184 0.131 -0.483 -0.977 -1.708 -2.293 -2.374
0.013 -0.05655 9.00000 2.0981953144 2.5724928587    2.097  1.971  3.6746  2.439    4  0.000  0.364     0.00     0.00     0.00     0.00     0.00 -1    -1e-30      0.00 6.848e-01 3.020e-01 1.457e-03 2.007e-03 5.333e-03 -1.000 1.322e-02 -0.158 2.146 1.257 0.224 -0.379 -0.867 -1.586 -2.161 -2.241
0.013 -0.05655 9.00000 2.0984551907 2.5725027509    2.097  1.929  3.6777  2.493    4  0.000  0.364     0.00     0.00     0.00     0.00     0.00 -1    -1e-30      0.00 6.848e-01 3.020e-01 1.457e-03 2.007e-03 5.332e-03 -1.000 1.322e-02 -0.053 2.172 1.326 0.311 -0.282 -0.763 -1.470 -2.037 -2.115
0.013 -0.05655 9.00000 2.0987262726 2.5725130665    2.098  1.899  3.6799  2.532    4  0.000  0.364     0.00     0.00     0.00     0.00     0.00 -1    -1e-30      0.00 6.848e-01 3.020e-01 1.457e-03 2.007e-03 5.332e-03 -1.000 1.322e-02 0.023 2.202 1.379 0.375 -0.211 -0.688 -1.387 -1.947 -2.024
0.013 -0.05655 9.00000 2.0989773273 2.5725226173    2.098  1.868  3.6821  2.572    4  0.000  0.364     0.00     0.00     0.00     0.00     0.00 -1    -1e-30      0.00 6.848e-01 3.020e-01 1.457e-03 2.008e-03 5.332e-03 -1.000 1.322e-02 0.101 2.236 1.435 0.441 -0.140 -0.612 -1.302 -1.856 -1.931
0.013 -0.05655 9.00000 2.0992164612 2.5725317122    2.098  1.836  3.6844  2.613    4  0.000  0.364     0.00     0.00     0.00     0.00     0.00 -1    -1e-30      0.00 6.848e-01 3.020e-01 1.457e-03 2.008e-03 5.332e-03 -1.000 1.322e-02 0.180 2.271 1.492 0.509 -0.066 -0.534 -1.216 -1.763 -1.837
0.013 -0.05655 9.00000 2.0994746685 2.5725415298    2.098  1.803  3.6868  2.656    4  0.000  0.364     0.00     0.00     0.00     0.00     0.00 -1    -1e-30      0.00 6.848e-01 3.020e-01 1.457e-03 2.008e-03 5.332e-03 -1.000 1.322e-02 0.262 2.306 1.551 0.578 0.010 -0.453 -1.126 -1.666 -1.738
0.013 -0.05655 9.00000 2.0998790264 2.5725568987    2.099  1.760  3.6899  2.711    4  0.000  0.364     0.00     0.00     0.00     0.00     0.00 -1    -1e-30      0.00 6.848e-01 3.020e-01 1.457e-03 2.008e-03 5.332e-03 -1.000 1.322e-02 0.369 2.353 1.628 0.669 0.109 -0.348 -1.009 -1.540 -1.610
0.013 -0.05655 9.00000 2.1004223824 2.5725775401    2.099  1.717  3.6930  2.767    4  0.000  0.364     0.00     0.00     0.00     0.00     0.00 -1    -1e-30      0.00 6.848e-01 3.020e-01 1.457e-03 2.008e-03 5.332e-03 -1.000 1.322e-02 0.476 2.402 1.706 0.762 0.210 -0.241 -0.891 -1.413 -1.482
0.013 -0.05655 9.00000 2.1011519432 2.5726052358    2.100  1.675  3.6963  2.822    4  0.000  0.364     0.00     0.00     0.00     0.00     0.00 -1    -1e-30      0.00 6.848e-01 3.020e-01 1.457e-03 2.008e-03 5.332e-03 -1.000 1.322e-02 0.582 2.448 1.782 0.852 0.309 -0.136 -0.774 -1.287 -1.354
0.013 -0.05655 9.00000 2.1022076607 2.5726452740    2.101  1.635  3.6996  2.875    4  0.000  0.364     0.00     0.00     0.00     0.00     0.00 -1    -1e-30      0.00 6.848e-01 3.020e-01 1.457e-03 2.009e-03 5.332e-03 -1.000 1.322e-02 0.681 2.486 1.852 0.937 0.402 -0.037 -0.664 -1.167 -1.232
0.013 -0.05655 9.00000 2.1036593914 2.5727002556    2.103  1.609  3.7020  2.912    4  0.000  0.364     0.00     0.00     0.00     0.00     0.00 -1    -1e-30      0.00 6.847e-01 3.020e-01 1.457e-03 2.009e-03 5.331e-03 -1.000 1.322e-02 0.748 2.510 1.897 0.993 0.464 0.030 -0.589 -1.085 -1.149
0.013 -0.05655 9.00000 2.1062064171 2.5727965088    2.105  1.615  3.7018  2.905    5  0.000  0.364     0.00     0.00     0.00     0.00     0.00 -1    -1e-30      0.00 6.847e-01 3.021e-01 1.457e-03 2.010e-03 5.330e-03 -1.000 1.322e-02 0.732 2.498 1.883 0.978 0.449 0.014 -0.605 -1.102 -1.167
0.013 -0.05655 9.00000 2.1333339214 2.5738052921    2.132  1.650  3.7025  2.879    5  0.000  0.364     0.00     0.00     0.00     0.00     0.00 -1    -1e-30      0.00 6.845e-01 3.023e-01 1.455e-03 2.020e-03 5.324e-03 -1.000 1.322e-02 0.644 2.396 1.789 0.886 0.360 -0.074 -0.690 -1.185 -1.249
0.013 -0.05655 9.00000 2.1369731426 2.5739383840    2.136  1.656  3.7026  2.874    5  0.000  0.364     0.00     0.00     0.00     0.00     0.00 -1    -1e-30      0.00 6.844e-01 3.024e-01 1.455e-03 2.021e-03 5.323e-03 -1.000 1.322e-02 0.631 2.382 1.775 0.873 0.346 -0.087 -0.703 -1.198 -1.262
0.013 -0.05655 9.00000 2.1388833523 2.5740080349    2.138  1.658  3.7026  2.872    5  0.000  0.364     0.00     0.00     0.00     0.00     0.00 -1    -1e-30      0.00 6.844e-01 3.024e-01 1.455e-03 2.022e-03 5.322e-03 -1.000 1.322e-02 0.624 2.374 1.768 0.866 0.339 -0.094 -0.710 -1.205 -1.269
0.013 -0.05655 9.00000 2.1671795845 2.5750232690    2.166  1.703  3.7030  2.835    5  0.000  0.364     0.00     0.00     0.00     0.00     0.00 -1    -1e-30      0.00 6.841e-01 3.027e-01 1.453e-03 2.035e-03 5.310e-03 -1.000 1.322e-02 0.513 2.255 1.653 0.753 0.228 -0.205 -0.820 -1.313 -1.377
0.013 -0.05655 9.00000 2.1865701675 2.5757015577    2.185  1.738  3.7029  2.803    5  0.000  0.365     0.00     0.00     0.00     0.00     0.00 -1    -1e-30      0.00 6.839e-01 3.029e-01 1.451e-03 2.043e-03 5.302e-03 -1.000 1.322e-02 0.425 2.169 1.567 0.666 0.141 -0.292 -0.908 -1.401 -1.465
0.013 -0.05655 9.00000 2.1905074120 2.5758375980    2.189  1.745  3.7028  2.796    5  0.000  0.365     0.00     0.00     0.00     0.00     0.00 -1    -1e-30      0.00 6.838e-01 3.030e-01 1.451e-03 2.045e-03 5.300e-03 -1.000 1.322e-02 0.407 2.152 1.549 0.647 0.123 -0.310 -0.926 -1.419 -1.484
0.013 -0.05655 9.00000 2.2103528976 2.5765148265    2.209  1.784  3.7022  2.759    5  0.000  0.365     0.00     0.00     0.00     0.00     0.00 -1    -1e-30      0.00 6.836e-01 3.032e-01 1.450e-03 2.055e-03 5.291e-03 -1.000 1.322e-02 0.311 2.066 1.459 0.553 0.027 -0.407 -1.025 -1.520 -1.584
0.013 -0.05655 9.00000 2.2313201427 2.5772153056    2.230  1.826  3.7008  2.715    5  0.000  0.365     0.00     0.00     0.00     0.00     0.00 -1    -1e-30      0.00 6.834e-01 3.034e-01 1.449e-03 2.065e-03 5.281e-03 -1.000 1.322e-02 0.204 1.982 1.364 0.452 -0.077 -0.514 -1.137 -1.635 -1.700
0.013 -0.05655 9.00000 2.2361671925 2.5773750888    2.235  1.837  3.7002  2.703    6  0.000  0.366     0.00     0.00     0.00     0.00     0.00 -1    -1e-30      0.00 6.833e-01 3.035e-01 1.448e-03 2.067e-03 5.279e-03 -1.000 1.322e-02 0.177 1.965 1.342 0.428 -0.103 -0.541 -1.166 -1.666 -1.731
0.013 -0.05655 9.00000 2.2369616032 2.5774012007    2.235  1.839  3.7001  2.701    6  0.000  0.366     0.00     0.00     0.00     0.00     0.00 -1    -1e-30      0.00 6.833e-01 3.035e-01 1.448e-03 2.067e-03 5.279e-03 -1.000 1.322e-02 0.173 1.962 1.339 0.424 -0.107 -0.545 -1.171 -1.671 -1.736
0.013 -0.05655 9.00000 2.2557218075 2.5780116962    2.254  1.890  3.6961  2.637    6  0.000  0.366     0.00     0.00     0.00     0.00     0.00 -1    -1e-30      0.00 6.831e-01 3.037e-01 1.447e-03 2.075e-03 5.271e-03 -1.000 1.321e-02 0.045 1.908 1.247 0.314 -0.227 -0.672 -1.312 -1.824 -1.892
0.013 -0.05655 9.00000 2.2659192085 2.5783386678    2.264  1.910  3.6953  2.616    6  0.000  0.366     0.00     0.00     0.00     0.00     0.00 -1    -1e-30      0.00 6.830e-01 3.038e-01 1.447e-03 2.080e-03 5.267e-03 -1.000 1.321e-02 -0.006 1.872 1.204 0.267 -0.276 -0.723 -1.366 -1.880 -1.948
0.013 -0.05655 9.00000 2.2706055641 2.5784877999    2.269  1.952  3.6904  2.555    6  0.000  0.366     0.00     0.00     0.00     0.00     0.00 -1    -1e-30      0.00 6.829e-01 3.039e-01 1.446e-03 2.082e-03 5.265e-03 -1.000 1.321e-02 -0.110 1.858 1.144 0.185 -0.370 -0.826 -1.486 -2.015 -2.085
0.013 -0.05655 9.00000 2.2721045017 2.5785353507    2.270  1.996  3.6858  2.494    6  0.000  0.366     0.00     0.00     0.00     0.00     0.00 -1    -1e-30      0.00 6.829e-01 3.039e-01 1.446e-03 2.082e-03 5.264e-03 -1.000 1.321e-02 -0.219 1.839 1.079 0.099 -0.468 -0.933 -1.611 -2.152 -2.225
0.013 -0.05655 9.00000 2.2726960182 2.5785540955    2.271  2.039  3.6817  2.434    6  0.000  0.366     0.00     0.00     0.00     0.00     0.00 -1    -1e-30      0.00 6.829e-01 3.039e-01 1.446e-03 2.083e-03 5.264e-03 -1.000 1.321e-02 -0.327 1.827 1.016 0.013 -0.567 -1.040 -1.733 -2.286 -2.361
0.013 -0.05655 9.00000 2.2729463577 2.5785620253    2.271  2.082  3.6778  2.376    6  0.000  0.366     0.00     0.00     0.00     0.00     0.00 -1    -1e-30      0.00 6.829e-01 3.039e-01 1.446e-03 2.083e-03 5.264e-03 -1.000 1.321e-02 -0.435 1.814 0.952 -0.074 -0.666 -1.147 -1.854 -2.418 -2.495
0.013 -0.05655 9.00000 2.2730641365 2.5785657553    2.271  2.128  3.6739  2.315    6  0.000  0.366     0.00     0.00     0.00     0.00     0.00 -1    -1e-30      0.00 6.829e-01 3.039e-01 1.446e-03 2.083e-03 5.264e-03 -1.000 1.321e-02 -0.549 1.799 0.884 -0.165 -0.770 -1.259 -1.980 -2.555 -2.635
0.013 -0.05655 9.00000 2.2731206417 2.5785675447    2.271  2.164  3.6708  2.266    6  0.000  0.366     0.00     0.00     0.00     0.00     0.00 -1    -1e-30      0.00 6.829e-01 3.039e-01 1.446e-03 2.083e-03 5.264e-03 -1.000 1.321e-02 -0.639 1.787 0.830 -0.237 -0.852 -1.348 -2.081 -2.665 -2.746
0.013 -0.05655 9.00000 2.2731261253 2.5785677183    2.271  2.168  3.6705  2.261    6  0.000  0.366     0.00     0.00     0.00     0.00     0.00 -1    -1e-30      0.00 6.829e-01 3.039e-01 1.446e-03 2.083e-03 5.264e-03 -1.000 1.321e-02 -0.649 1.786 0.824 -0.245 -0.862 -1.358 -2.092 -2.677 -2.758
0.013 -0.05655 9.00000 2.2731399536 2.5785681562    2.271  2.172  3.6702  2.255    6  0.000  0.366     0.00     0.00     0.00     0.00     0.00 -1  -2.5e-30      0.00 6.829e-01 3.039e-01 1.446e-03 2.083e-03 5.264e-03 -1.000 1.321e-02 -0.660 1.783 0.817 -0.254 -0.872 -1.368 -2.104 -2.690 -2.771
0.013 -0.05655 9.00000 2.2731795311 2.5785694094    2.272  2.183  3.6693  2.240    6  0.000  0.366     0.00     0.00     0.00     0.00     0.00 -1 -2.85e-29      0.00 6.829e-01 3.039e-01 1.446e-03 2.083e-03 5.264e-03 -1.000 1.323e-02 -0.689 1.778 0.799 -0.277 -0.898 -1.396 -2.135 -2.724 -2.806
0.013 -0.05655 9.00000 2.2732129097 2.5785704663    2.272  2.183  3.6694  2.241    7  0.000  0.366     0.00     0.00     0.00     0.00     0.00 -1 -6.03e-29      0.00 6.829e-01 3.039e-01 1.446e-03 2.083e-03 5.264e-03 -1.000 1.323e-02 -0.688 1.777 0.799 -0.277 -0.897 -1.396 -2.134 -2.723 -2.805
0.013 -0.05655 9.00000 2.2732608318 2.5785719837    2.272  2.172  3.6704  2.256    7  0.000  0.366     0.00     0.00     0.00     0.00     0.00 -1 -6.18e-29      0.00 6.829e-01 3.039e-01 1.446e-03 2.083e-03 5.264e-03 -1.000 1.323e-02 -0.659 1.780 0.816 -0.254 -0.871 -1.368 -2.102 -2.688 -2.769
0.013 -0.05655 9.00000 2.2733609676 2.5785751540    2.272  2.153  3.6719  2.281    7  0.000  0.366     0.00     0.00     0.00     0.00     0.00 -1 -6.54e-29      0.00 6.829e-01 3.039e-01 1.446e-03 2.083e-03 5.264e-03 -1.000 1.323e-02 -0.613 1.786 0.843 -0.217 -0.829 -1.322 -2.051 -2.632 -2.712
0.013 -0.05655 9.00000 2.2734816074 2.5785789731    2.272  2.148  3.6723  2.288    7  0.000  0.366     0.00     0.00     0.00     0.00     0.00 -1 -5.61e-28      0.00 6.829e-01 3.039e-01 1.446e-03 2.083e-03 5.264e-03 -1.000 1.324e-02 -0.600 1.788 0.851 -0.207 -0.817 -1.310 -2.037 -2.617 -2.697
0.013 -0.05655 9.00000 2.2743945122 2.5786078575    2.273  2.156  3.6717  2.278    7  0.000  0.366     0.00     0.00     0.00     0.00     0.00 -1 -4.69e-21      0.00 6.829e-01 3.038e-01 1.446e-03 2.083e-03 5.263e-03 -1.000 1.332e-02 -0.619 1.786 0.840 -0.222 -0.835 -1.329 -2.058 -2.640 -2.720
0.013 -0.05655 9.00000 2.2763586044 2.5786699115    2.275  2.210  3.6672  2.206    7  0.000  0.366     0.00     0.00     0.00     0.00     0.00 -1 -3.85e-11      0.00 6.828e-01 3.037e-01 1.446e-03 2.084e-03 5.262e-03 -1.000 1.342e-02 -0.756 1.767 0.758 -0.331 -0.959 -1.462 -2.209 -2.803 -2.886
0.013 -0.05655 9.00000 2.2772960663 2.5786994864    2.275  2.255  3.6636  2.146    7  0.000  0.366     0.00     0.00     0.00     0.00     0.00 -1 -9.41e-11      0.00 6.828e-01 3.037e-01 1.446e-03 2.085e-03 5.262e-03 -1.000 1.343e-02 -0.868 1.753 0.692 -0.420 -1.060 -1.571 -2.332 -2.937 -3.023
0.013 -0.05655 9.00000 2.2779958248 2.5787215441    2.276  2.299  3.6600  2.088    7  0.000  0.366     0.00     0.00     0.00     0.00     0.00 -1 -1.18e-10      0.00 6.828e-01 3.037e-01 1.446e-03 2.085e-03 5.262e-03 -1.000 1.343e-02 -0.978 1.739 0.626 -0.507 -1.159 -1.678 -2.453 -3.069 -3.156
0.013 -0.05655 9.00000 2.2785530090 2.5787390964    2.276  2.344  3.6564  2.029    7  0.000  0.366     0.00     0.00     0.00     0.00     0.00 -1 -1.47e-10      0.00 6.828e-01 3.038e-01 1.446e-03 2.085e-03 5.261e-03 -1.000 1.343e-02 -1.090 1.731 0.564 -0.592 -1.258 -1.786 -2.575 -3.202 -3.292
0.013 -0.05655 9.00000 2.2790148258 2.5787536370    2.277  2.390  3.6526  1.968    7  0.000  0.366     0.00     0.00     0.00     0.00     0.00 -1 -1.84e-10      0.00 6.828e-01 3.038e-01 1.446e-03 2.085e-03 5.261e-03 -1.000 1.343e-02 -1.204 1.714 0.502 -0.681 -1.359 -1.895 -2.700 -3.335 -3.429
0.013 -0.05655 9.00000 2.2794084549 2.5787660253    2.277  2.448  3.6479  1.891    7  0.000  0.366     0.00     0.00     0.00     0.00     0.00 -1 -2.42e-10      0.00 6.828e-01 3.038e-01 1.446e-03 2.086e-03 5.261e-03 -1.000 1.343e-02 -1.350 1.678 0.425 -0.794 -1.486 -2.033 -2.857 -3.501 -3.601
0.013 -0.05655 9.00000 2.2797522545 2.5787768414    2.277  2.509  3.6428  1.810    7  0.000  0.366     5.54     3.99     2.94     2.18     1.77  4 -3.27e-10      0.00 6.828e-01 3.038e-01 1.446e-03 2.086e-03 5.261e-03 -1.000 1.343e-02 -1.502 1.638 0.345 -0.910 -1.616 -2.175 -3.020 -3.672 -3.780
0.013 -0.05655 9.00000 2.2800614834 2.5787865666    2.277  2.559  3.6387  1.743    7  0.000  0.366     6.32     4.50     3.30     2.45     2.00  4 -4.16e-10      0.00 6.828e-01 3.038e-01 1.446e-03 2.086e-03 5.261e-03 -1.000 1.343e-02 -1.629 1.599 0.277 -1.008 -1.725 -2.293 -3.156 -3.815 -3.929
0.013 -0.05655 9.00000 2.2803471088 2.5787955468    2.278  2.606  3.6317  1.669    7  0.000  0.366     7.32     5.15     3.75     2.79     2.27  4 -5.24e-10      0.00 6.828e-01 3.038e-01 1.445e-03 2.086e-03 5.261e-03 -1.000 1.343e-02 -1.745 1.638 0.258 -1.069 -1.806 -2.393 -3.285 -3.961 -4.085
0.013 -0.05655 9.00000 2.2806150913 2.5788039700    2.278  2.651  3.6279  1.608    7  0.000  0.366     8.25     5.74     4.17     3.10     2.53  4 -6.48e-10      0.00 6.828e-01 3.038e-01 1.445e-03 2.086e-03 5.261e-03 -1.000 1.343e-02 -1.858 1.602 0.199 -1.151 -1.897 -2.496 -3.405 -4.088 -4.219
0.013 -0.05655 9.00000 2.2808704376 2.5788119939    2.278  2.695  3.6240  1.549    7  0.000  0.366     9.27     6.40     4.62     3.44     2.81  4 -8.02e-10      0.00 6.828e-01 3.038e-01 1.444e-03 2.087e-03 5.261e-03 -1.000 1.343e-02 -1.967 1.569 0.144 -1.230 -1.985 -2.595 -3.522 -4.211 -4.350
0.013 -0.05655 9.00000 2.2811152935 2.5788196862    2.278  2.738  3.6205  1.492    7  0.000  0.365    10.38     7.09     5.10     3.80     3.10  4 -9.86e-10      0.00 6.828e-01 3.038e-01 1.442e-03 2.089e-03 5.260e-03 -1.000 1.343e-02 -2.075 1.536 0.086 -1.308 -2.072 -2.693 -3.635 -4.332 -4.477
0.013 -0.05655 9.00000 2.2813467979 2.5788269573    2.278  2.779  3.6172  1.437    7  0.000  0.365    11.55     7.83     5.60     4.19     3.42  4 -1.19e-09      0.00 6.828e-01 3.038e-01 1.441e-03 2.091e-03 5.260e-03 -1.000 1.343e-02 -2.178 1.542 0.040 -1.376 -2.154 -2.787 -3.746 -4.452 -4.601
0.013 -0.05655 9.00000 2.2815544605 2.5788334781    2.277  2.817  3.6140  1.387    7  0.000  0.365    12.76     8.57     6.11     4.57     3.73  4 -1.43e-09      0.00 6.828e-01 3.038e-01 1.439e-03 2.093e-03 5.260e-03 -1.000 1.343e-02 -2.272 1.550 -0.002 -1.437 -2.228 -2.874 -3.847 -4.562 -4.716
0.013 -0.05655 9.00000 2.2817099094 2.5788383584    2.277  2.850  3.6113  1.343    7  0.000  0.364    13.91     9.28     6.59     4.94     4.03  4 -1.68e-09      0.00 6.828e-01 3.038e-01 1.438e-03 2.094e-03 5.260e-03 -1.000 1.343e-02 -2.355 1.557 -0.039 -1.491 -2.293 -2.950 -3.936 -4.659 -4.817
0.013 -0.05655 9.00000 2.2818052769 2.5788413522    2.277  2.875  3.6092  1.309    7  0.000  0.364    14.86     9.86     6.98     5.24     4.27  4 -1.89e-09      0.00 6.828e-01 3.038e-01 1.437e-03 2.095e-03 5.260e-03 -1.000 1.343e-02 -2.417 1.563 -0.065 -1.530 -2.340 -3.007 -4.003 -4.732 -4.893
0.013 -0.05655 9.00000 2.2818765640 2.5788435898    2.277  2.901  3.6070  1.274    7  0.000  0.364    15.92    10.50     7.41     5.57     4.55  4 -2.12e-09      0.00 6.828e-01 3.038e-01 1.437e-03 2.096e-03 5.260e-03 -1.000 1.343e-02 -2.482 1.569 -0.091 -1.568 -2.389 -3.067 -4.073 -4.808 -4.972
0.013 -0.05655 9.00000 2.2819452286 2.5788457449    2.277  2.926  3.6048  1.240    7  0.000  0.364    17.02    11.16     7.86     5.91     4.83  4 -2.38e-09      0.00 6.828e-01 3.038e-01 1.436e-03 2.097e-03 5.260e-03 -1.000 1.343e-02 -2.546 1.576 -0.116 -1.606 -2.435 -3.124 -4.141 -4.883 -5.050
0.013 -0.05655 9.00000 2.2820079327 2.5788477128    2.277  2.961  3.6019  1.194    7  0.000  0.364    18.65    12.14     8.52     6.41     5.24  4 -2.79e-09      0.00 6.828e-01 3.038e-01 1.435e-03 2.098e-03 5.260e-03 -1.000 1.343e-02 -2.632 1.587 -0.148 -1.656 -2.499 -3.202 -4.234 -4.984 -5.155
0.013 -0.05655 9.00000 2.2820706367 2.5788496806    2.277  2.999  3.5985  1.142    7  0.000  0.363    20.65    13.33     9.31     7.01     5.73  4 -3.33e-09      0.00 6.828e-01 3.038e-01 1.435e-03 2.099e-03 5.260e-03 -1.000 1.343e-02 -2.727 1.598 -0.183 -1.709 -2.566 -3.288 -4.336 -5.096 -5.272
0.013 -0.05655 9.00000 2.2821311951 2.5788515810    2.276  3.039  3.5950  1.088    7  0.000  0.363    22.97    14.69    10.22     7.71     6.30  4    -4e-09      0.00 6.828e-01 3.038e-01 1.434e-03 2.100e-03 5.260e-03 -1.000 1.343e-02 -2.827 1.607 -0.216 -1.760 -2.633 -3.377 -4.444 -5.213 -5.395
0.013 -0.05655 9.00000 2.2821950912 2.5788535860    2.276  3.082  3.5911  1.030    7  0.000  0.363    25.76    16.33    11.30     8.54     6.98  4  -4.9e-09      0.00 6.828e-01 3.038e-01 1.433e-03 2.100e-03 5.260e-03 -1.000 1.343e-02 -2.934 1.620 -0.250 -1.814 -2.705 -3.473 -4.559 -5.340 -5.527
0.013 -0.05655 9.00000 2.2822642326 2.5788557554    2.276  3.127  3.5870  0.968    7  0.000  0.363    29.10    18.26    12.58     9.52     7.78  4 -5.96e-09      0.00 6.828e-01 3.038e-01 1.433e-03 2.100e-03 5.260e-03 -1.000 1.343e-02 -3.047 1.634 -0.279 -1.861 -2.772 -3.572 -4.681 -5.473 -5.667
0.013 -0.05655 9.00000 2.2823388577 2.5788580967    2.275  3.170  3.5829  0.908    7  0.000  0.363    32.75    20.34    13.94    10.57     8.65  4 -7.31e-09      0.00 6.828e-01 3.038e-01 1.433e-03 2.100e-03 5.260e-03 -1.000 1.343e-02 -3.156 1.650 -0.303 -1.903 -2.835 -3.668 -4.800 -5.602 -5.803
0.013 -0.05655 9.00000 2.2824192047 2.5788606173    2.274  3.213  3.5788  0.850    7  0.000  0.363    36.77    22.62    15.43    11.72     9.59  4 -8.83e-09      0.00 6.828e-01 3.038e-01 1.433e-03 2.100e-03 5.260e-03 -1.000 1.343e-02 -3.261 1.667 -0.319 -1.935 -2.889 -3.760 -4.916 -5.728 -5.935
0.013 -0.05655 9.00000 2.2824780941 2.5788624646    2.274  3.239  3.5762  0.812    7  0.000  0.363    39.59    24.21    16.46    12.52    10.24  3 -9.94e-09      0.00 6.828e-01 3.038e-01 1.433e-03 2.100e-03 5.260e-03 -1.000 1.343e-02 -3.328 1.673 -0.325 -1.947 -2.916 -3.816 -4.990 -5.809 -6.020
0.013 -0.05655 9.00000 2.2824921608 2.5788629059    2.273  3.242  3.5759  0.808    7  0.000  0.363    39.91    24.39    16.58    12.61    10.32  3 -1.01e-08      0.00 6.828e-01 3.038e-01 1.433e-03 2.100e-03 5.260e-03 -1.000 1.343e-02 -3.336 1.674 -0.325 -1.949 -2.919 -3.823 -4.998 -5.817 -6.029
0.013 -0.05655 9.00000 2.2824928761 2.5788629283    2.273  3.242  3.5759  0.808    7  0.000  0.363    39.88    24.37    16.57    12.60    10.31  3 -1.01e-08      0.00 6.828e-01 3.038e-01 1.433e-03 2.100e-03 5.260e-03 -1.000 1.343e-02 -3.335 1.674 -0.325 -1.948 -2.919 -3.822 -4.997 -5.817 -6.028
0.013 -0.05655 9.00000 2.2824931145 2.5788629358    2.273  3.242  3.5759  0.808    7  0.000  0.363    39.87    24.37    16.57    12.60    10.31  3 -1.01e-08      0.00 6.828e-01 3.038e-01 1.433e-03 2.100e-03 5.260e-03 -1.000 1.343e-02 -3.335 1.674 -0.325 -1.948 -2.919 -3.822 -4.997 -5.816 -6.028
0.013 -0.05655 9.00000 2.2824933529 2.5788629433    2.273  3.242  3.5759  0.809    7  0.000  0.363    39.86    24.36    16.56    12.59    10.30  3 -1.01e-08      0.00 6.828e-01 3.038e-01 1.433e-03 2.100e-03 5.260e-03 -1.000 1.343e-02 -3.335 1.674 -0.325 -1.948 -2.919 -3.822 -4.996 -5.816 -6.028
0.013 -0.05655 9.00000 2.2824938297 2.5788629582    2.273  3.242  3.5759  0.808    7  0.000  0.363    39.87    24.37    16.57    12.59    10.31  3 -1.01e-08      0.00 6.828e-01 3.038e-01 1.433e-03 2.100e-03 5.260e-03 -1.000 1.343e-02 -3.335 1.674 -0.325 -1.948 -2.919 -3.822 -4.997 -5.816 -6.028
0.013 -0.05655 9.00000 2.2824940681 2.5788629657    2.273  3.242  3.5759  0.808    7  0.000  0.363    39.89    24.38    16.58    12.60    10.31  3 -1.01e-08      0.00 6.828e-01 3.038e-01 1.433e-03 2.100e-03 5.260e-03 -1.000 1.343e-02 -3.335 1.674 -0.325 -1.948 -2.919 -3.822 -4.997 -5.817 -6.029
0.013 -0.05655 9.00000 2.2824945450 2.5788629807    2.273  3.242  3.5759  0.808    7  0.000  0.363    39.91    24.39    16.58    12.61    10.32  3 -1.01e-08      0.00 6.828e-01 3.038e-01 1.433e-03 2.100e-03 5.260e-03 -1.000 1.343e-02 -3.336 1.674 -0.325 -1.949 -2.919 -3.823 -4.998 -5.818 -6.029
0.013 -0.05655 9.00000 2.2824971676 2.5788630629    2.273  3.243  3.5759  0.807    7  0.000  0.363    39.95    24.41    16.60    12.62    10.33  3 -1.01e-08      0.00 6.828e-01 3.038e-01 1.433e-03 2.100e-03 5.260e-03 -1.000 1.343e-02 -3.337 1.674 -0.325 -1.949 -2.920 -3.823 -4.999 -5.819 -6.030
0.013 -0.05655 9.00000 2.2824995518 2.5788631377    2.273  3.243  3.5758  0.807    7  0.000  0.363    39.97    24.42    16.60    12.62    10.33  3 -1.01e-08      0.00 6.828e-01 3.038e-01 1.433e-03 2.100e-03 5.260e-03 -1.000 1.343e-02 -3.337 1.674 -0.325 -1.949 -2.920 -3.824 -4.999 -5.819 -6.031
0.013 -0.05655 9.00000 2.2825019360 2.5788632125    2.273  3.243  3.5759  0.808    7  0.000  0.363    39.94    24.40    16.59    12.61    10.32  3 -1.01e-08      0.00 6.828e-01 3.038e-01 1.433e-03 2.100e-03 5.260e-03 -1.000 1.343e-02 -3.336 1.674 -0.325 -1.949 -2.920 -3.823 -4.998 -5.818 -6.030
0.013 -0.05655 9.00000 2.2825050354 2.5788633097    2.273  3.242  3.5759  0.808    7  0.000  0.363    39.90    24.38    16.58    12.60    10.31  3 -1.01e-08      0.00 6.828e-01 3.038e-01 1.433e-03 2.100e-03 5.260e-03 -1.000 1.343e-02 -3.335 1.674 -0.325 -1.949 -2.919 -3.823 -4.997 -5.817 -6.029
0.013 -0.05655 9.00000 2.2825088501 2.5788634294    2.273  3.243  3.5759  0.807    7  0.000  0.363    39.95    24.41    16.60    12.62    10.33  3 -1.01e-08      0.00 6.828e-01 3.038e-01 1.433e-03 2.100e-03 5.260e-03 -1.000 1.343e-02 -3.337 1.674 -0.326 -1.949 -2.920 -3.824 -4.999 -5.819 -6.030
0.013 -0.05655 9.00000 2.2825136185 2.5788635789    2.273  3.244  3.5757  0.805    7  0.000  0.363    40.11    24.50    16.66    12.66    10.36  3 -1.02e-08      0.00 6.828e-01 3.038e-01 1.433e-03 2.100e-03 5.260e-03 -1.000 1.343e-02 -3.340 1.674 -0.326 -1.950 -2.922 -3.827 -5.003 -5.823 -6.035
0.013 -0.05655 9.00000 2.2825200558 2.5788637809    2.273  3.247  3.5754  0.801    7  0.000  0.363    40.48    24.71    16.79    12.77    10.45  3 -1.04e-08      0.00 6.828e-01 3.038e-01 1.433e-03 2.100e-03 5.260e-03 -1.000 1.343e-02 -3.349 1.675 -0.326 -1.951 -2.925 -3.834 -5.012 -5.833 -6.045
0.013 -0.05655 9.00000 2.2825279236 2.5788640277    2.273  3.259  3.5743  0.785    7  0.000  0.363    41.75    25.42    17.25    13.12    10.74  3 -1.09e-08      0.00 6.828e-01 3.038e-01 1.433e-03 2.100e-03 5.260e-03 -1.000 1.343e-02 -3.376 1.679 -0.328 -1.956 -2.936 -3.857 -5.043 -5.866 -6.081
0.013 -0.05655 9.00000 2.2825379372 2.5788643417    2.273  3.276  3.5725  0.761    7  0.000  0.363    43.80    26.56    17.99    13.69    11.21  3 -1.17e-08      0.00 6.828e-01 3.038e-01 1.433e-03 2.100e-03 5.260e-03 -1.000 1.343e-02 -3.420 1.684 -0.330 -1.962 -2.953 -3.894 -5.090 -5.918 -6.136
0.013 -0.05655 9.00000 2.2825520039 2.5788647830    2.273  3.322  3.5677  0.695    7  0.000  0.363    49.82    29.89    20.14    15.35    12.57  3 -1.44e-08      0.00 6.828e-01 3.038e-01 1.433e-03 2.100e-03 5.260e-03 -1.000 1.343e-02 -3.535 1.696 -0.328 -1.967 -2.988 -3.988 -5.218 -6.057 -6.282
0.013 -0.05655 9.00000 2.2825725079 2.5788654261    2.272  3.257  3.5741  0.786    7  0.000  0.363    41.64    25.36    17.21    13.09    10.71  3 -1.07e-08      0.00 6.828e-01 3.038e-01 1.433e-03 2.100e-03 5.260e-03 -1.000 1.343e-02 -3.372 1.685 -0.321 -1.948 -2.929 -3.852 -5.038 -5.862 -6.077
0.013 -0.05655 9.00000 2.2825727463 2.5788654336    2.272  3.248  3.5750  0.798    7  0.000  0.363    40.66    24.81    16.86    12.82    10.49  3 -1.03e-08      0.00 6.828e-01 3.038e-01 1.433e-03 2.100e-03 5.260e-03 -1.000 1.343e-02 -3.350 1.682 -0.319 -1.944 -2.920 -3.834 -5.014 -5.836 -6.050
0.013 -0.05655 9.00000 2.2825729847 2.5788654411    2.272  3.244  3.5754  0.804    7  0.000  0.363    40.25    24.58    16.70    12.70    10.39  3 -1.01e-08      0.00 6.828e-01 3.038e-01 1.433e-03 2.100e-03 5.260e-03 -1.000 1.343e-02 -3.341 1.681 -0.319 -1.943 -2.916 -3.826 -5.004 -5.825 -6.038
0.013 -0.05655 9.00000 2.2825732231 2.5788654485    2.272  3.240  3.5758  0.809    7  0.000  0.363    39.81    24.33    16.54    12.58    10.29  3 -9.96e-09      0.00 6.828e-01 3.038e-01 1.433e-03 2.100e-03 5.260e-03 -1.000 1.343e-02 -3.331 1.680 -0.318 -1.941 -2.912 -3.817 -4.993 -5.813 -6.025
0.013 -0.05655 9.00000 2.2825734615 2.5788654560    2.272  3.233  3.5765  0.820    7  0.000  0.363    38.97    23.86    16.24    12.34    10.10  3 -9.63e-09      0.00 6.828e-01 3.038e-01 1.433e-03 2.100e-03 5.260e-03 -1.000 1.343e-02 -3.312 1.678 -0.317 -1.938 -2.905 -3.801 -4.972 -5.790 -6.001
0.013 -0.05655 9.00000 2.2825737000 2.5788654635    2.272  3.227  3.5771  0.828    7  0.000  0.363    38.39    23.54    16.03    12.18     9.96  3  -9.4e-09      0.00 6.828e-01 3.038e-01 1.433e-03 2.100e-03 5.260e-03 -1.000 1.343e-02 -3.298 1.676 -0.316 -1.936 -2.900 -3.790 -4.957 -5.774 -5.984
0.013 -0.05655 9.00000 2.2825739384 2.5788654710    2.272  3.224  3.5774  0.832    7  0.000  0.363    38.09    23.37    15.92    12.09     9.89  3 -9.28e-09      0.00 6.828e-01 3.038e-01 1.433e-03 2.100e-03 5.260e-03 -1.000 1.343e-02 -3.291 1.676 -0.316 -1.935 -2.897 -3.784 -4.949 -5.765 -5.975
0.013 -0.05655 9.00000 2.2825741768 2.5788654784    2.272  3.222  3.5776  0.835    7  0.000  0.363    37.85    23.23    15.83    12.03     9.84  3 -9.19e-09      0.00 6.828e-01 3.038e-01 1.433e-03 2.100e-03 5.260e-03 -1.000 1.343e-02 -3.285 1.675 -0.315 -1.934 -2.894 -3.779 -4.943 -5.758 -5.967
0.013 -0.05655 9.00000 2.2825744152 2.5788654859    2.272  3.220  3.5778  0.837    7  0.000  0.363    37.65    23.12    15.76    11.97     9.79  3  -9.1e-09      0.00 6.828e-01 3.038e-01 1.433e-03 2.100e-03 5.260e-03 -1.000 1.343e-02 -3.280 1.674 -0.315 -1.933 -2.892 -3.775 -4.937 -5.753 -5.961
0.013 -0.05655 9.00000 2.2825746536 2.5788654934    2.272  3.217  3.5781  0.842    7  0.000  0.363    37.29    22.92    15.63    11.87     9.71  4 -8.97e-09      0.00 6.828e-01 3.038e-01 1.433e-03 2.100e-03 5.260e-03 -1.000 1.343e-02 -3.272 1.674 -0.314 -1.931 -2.889 -3.767 -4.928 -5.742 -5.950
0.013 -0.05655 9.00000 2.2825748920 2.5788655009    2.272  3.212  3.5786  0.849    7  0.000  0.363    36.81    22.65    15.45    11.73     9.60  4 -8.78e-09      0.00 6.828e-01 3.038e-01 1.433e-03 2.100e-03 5.260e-03 -1.000 1.343e-02 -3.260 1.672 -0.313 -1.929 -2.884 -3.757 -4.915 -5.728 -5.936
0.013 -0.05655 9.00000 2.2825751305 2.5788655084    2.272  3.211  3.5787  0.850    7  0.000  0.363    36.72    22.60    15.42    11.71     9.58  4 -8.74e-09      0.00 6.828e-01 3.038e-01 1.433e-03 2.100e-03 5.260e-03 -1.000 1.343e-02 -3.258 1.672 -0.313 -1.929 -2.883 -3.755 -4.912 -5.726 -5.933
0.013 -0.05655 9.00000 2.2825753689 2.5788655158    2.272  3.206  3.5792  0.857    7  0.000  0.363    36.23    22.32    15.24    11.57     9.47  4 -8.56e-09      0.00 6.828e-01 3.038e-01 1.433e-03 2.100e-03 5.260e-03 -1.000 1.343e-02 -3.246 1.671 -0.312 -1.927 -2.879 -3.745 -4.899 -5.711 -5.918
0.013 -0.05655 9.00000 2.2825756073 2.5788655233    2.272  3.204  3.5794  0.860    7  0.000  0.363    35.99    22.19    15.15    11.50     9.41  4 -8.47e-09      0.00 6.828e-01 3.038e-01 1.433e-03 2.100e-03 5.260e-03 -1.000 1.343e-02 -3.240 1.670 -0.312 -1.926 -2.876 -3.740 -4.892 -5.704 -5.910
0.013 -0.05655 9.00000 2.2825758457 2.5788655308    2.272  3.196  3.5802  0.871    7  0.000  0.363    35.22    21.75    14.86    11.28     9.23  4 -8.18e-09      0.00 6.828e-01 3.038e-01 1.433e-03 2.100e-03 5.260e-03 -1.000 1.343e-02 -3.220 1.668 -0.310 -1.922 -2.868 -3.723 -4.871 -5.680 -5.885
0.013 -0.05655 9.00000 2.2825763226 2.5788655457    2.272  3.191  3.5807  0.878    7  0.000  0.363    34.74    21.48    14.69    11.14     9.12  4    -8e-09      0.00 6.828e-01 3.038e-01 1.433e-03 2.100e-03 5.260e-03 -1.000 1.343e-02 -3.208 1.665 -0.308 -1.918 -2.861 -3.713 -4.857 -5.665 -5.869
0.013 -0.05655 9.00000 2.2825765610 2.5788655532    2.272  3.184  3.5814  0.888    7  0.000  0.363    34.08    21.10    14.44    10.96     8.96  4 -7.76e-09      0.00 6.828e-01 3.038e-01 1.433e-03 2.100e-03 5.260e-03 -1.000 1.343e-02 -3.190 1.661 -0.305 -1.912 -2.851 -3.697 -4.838 -5.644 -5.847
0.013 -0.05655 9.00000 2.2825767994 2.5788655607    2.272  3.180  3.5818  0.894    7  0.000  0.363    33.68    20.88    14.29    10.84     8.87  4 -7.61e-09      0.00 6.828e-01 3.038e-01 1.433e-03 2.100e-03 5.260e-03 -1.000 1.343e-02 -3.179 1.659 -0.303 -1.908 -2.845 -3.688 -4.826 -5.631 -5.834
0.013 -0.05655 9.00000 2.2825772762 2.5788655757    2.272  3.175  3.5823  0.901    7  0.000  0.363    33.22    20.61    14.12    10.71     8.76  4 -7.44e-09      0.00 6.828e-01 3.038e-01 1.433e-03 2.100e-03 5.260e-03 -1.000 1.343e-02 -3.167 1.657 -0.301 -1.904 -2.839 -3.677 -4.813 -5.617 -5.818
0.013 -0.05655 9.00000 2.2825775146 2.5788655831    2.272  3.169  3.5828  0.908    7  0.000  0.363    32.74    20.34    13.94    10.57     8.65  4 -7.27e-09      0.00 6.828e-01 3.038e-01 1.433e-03 2.100e-03 5.260e-03 -1.000 1.343e-02 -3.154 1.654 -0.299 -1.899 -2.831 -3.666 -4.798 -5.601 -5.801
0.013 -0.05655 9.00000 2.2825789452 2.5788656280    2.272  3.149  3.5849  0.937    7  0.000  0.363    30.92    19.30    13.26    10.05     8.22  4 -6.63e-09      0.00 6.828e-01 3.038e-01 1.433e-03 2.100e-03 5.260e-03 -1.000 1.343e-02 -3.102 1.644 -0.290 -1.882 -2.803 -3.621 -4.741 -5.539 -5.736
0.013 -0.05655 9.00000 2.2825798988 2.5788656579    2.272  3.135  3.5863  0.957    7  0.000  0.363    29.74    18.62    12.82     9.70     7.94  4 -6.22e-09      0.00 6.828e-01 3.038e-01 1.433e-03 2.100e-03 5.260e-03 -1.000 1.343e-02 -3.066 1.636 -0.284 -1.870 -2.784 -3.590 -4.703 -5.496 -5.691
0.013 -0.05655 9.00000 2.2825820446 2.5788657252    2.272  3.177  3.5823  0.899    7  0.000  0.363    33.33    20.68    14.16    10.74     8.79  4 -7.53e-09      0.00 6.828e-01 3.038e-01 1.433e-03 2.100e-03 5.260e-03 -1.000 1.343e-02 -3.172 1.653 -0.306 -1.909 -2.844 -3.682 -4.817 -5.621 -5.823
0.013 -0.05655 9.00000 2.2825846672 2.5788658075    2.272  3.153  3.5846  0.932    7  0.000  0.363    31.23    19.48    13.38    10.14     8.29  4 -6.73e-09      0.00 6.828e-01 3.038e-01 1.433e-03 2.100e-03 5.260e-03 -1.000 1.343e-02 -3.112 1.642 -0.295 -1.888 -2.811 -3.630 -4.752 -5.550 -5.748
0.013 -0.05655 9.00000 2.2825894356 2.5788659570    2.272  3.173  3.5827  0.905    7  0.000  0.363    32.97    20.47    14.03    10.64     8.70  4  -7.4e-09      0.00 6.828e-01 3.038e-01 1.433e-03 2.100e-03 5.260e-03 -1.000 1.343e-02 -3.162 1.651 -0.304 -1.906 -2.839 -3.673 -4.806 -5.609 -5.810
0.013 -0.05655 9.00000 2.2825989723 2.5788662562    2.272  3.250  3.5751  0.797    7  0.000  0.363    40.81    24.89    16.91    12.86    10.52  3 -1.05e-08      0.00 6.828e-01 3.038e-01 1.433e-03 2.100e-03 5.260e-03 -1.000 1.343e-02 -3.356 1.677 -0.326 -1.952 -2.927 -3.839 -5.020 -5.841 -6.054
0.013 -0.05655 9.00000 2.2826035023 2.5788663982    2.272  3.284  3.5717  0.749    7  0.000  0.363    44.79    27.11    18.35    13.97    11.43  3 -1.22e-08      0.00 6.828e-01 3.038e-01 1.433e-03 2.100e-03 5.260e-03 -1.000 1.343e-02 -3.440 1.686 -0.332 -1.966 -2.961 -3.911 -5.112 -5.942 -6.161
0.013 -0.05655 9.00000 2.2826082706 2.5788665478    2.272  3.313  3.5687  0.708    7  0.000  0.363    48.55    29.19    19.69    15.01    12.28  3 -1.39e-08      0.00 6.828e-01 3.038e-01 1.433e-03 2.100e-03 5.260e-03 -1.000 1.343e-02 -3.512 1.694 -0.330 -1.969 -2.984 -3.970 -5.192 -6.029 -6.253
0.013 -0.05655 9.00000 2.2826132774 2.5788667048    2.272  3.339  3.5660  0.672    7  0.000  0.363    52.20    31.20    20.98    16.00    13.11  3 -1.55e-08      0.00 6.828e-01 3.038e-01 1.433e-03 2.100e-03 5.260e-03 -1.000 1.343e-02 -3.577 1.699 -0.324 -1.963 -2.997 -4.021 -5.265 -6.108 -6.335
0.013 -0.05655 9.00000 2.2826199532 2.5788669142    2.272  3.366  3.5631  0.632    7  0.530  0.363    56.42    33.50    22.45    17.15    14.05  3 -1.75e-08      0.00 6.828e-01 3.038e-01 1.433e-03 2.100e-03 5.260e-03 -1.000 1.343e-02 -3.646 1.705 -0.316 -1.956 -3.011 -4.076 -5.342 -6.192 -6.424
0.013 -0.05655 9.00000 2.2826282978 2.5788671759    2.271  3.390  3.5604  0.598    7  0.529  0.363    60.39    35.66    23.83    18.22    14.92  3 -1.94e-08      0.00 6.828e-01 3.038e-01 1.433e-03 2.100e-03 5.260e-03 -1.000 1.343e-02 -3.706 1.712 -0.306 -1.947 -3.021 -4.123 -5.409 -6.265 -6.501
0.013 -0.05655 9.00000 2.2826335430 2.5788673404    2.271  3.400  3.5594  0.584    7  0.529  0.363    62.05    36.55    24.40    18.66    15.29  3    -2e-08      0.00 6.828e-01 3.038e-01 1.433e-03 2.100e-03 5.260e-03 -1.000 1.343e-02 -3.730 1.713 -0.301 -1.941 -3.023 -4.141 -5.436 -6.294 -6.532
0.013 -0.05655 9.00000 2.2826342583 2.5788673629    2.271  3.400  3.5594  0.584    8  0.529  0.383    62.06    36.56    24.41    18.67    15.29  3 -2.02e-08      0.00 6.828e-01 3.041e-01 1.518e-03 2.101e-03 5.280e-03 -1.000 1.317e-02 -3.730 1.713 -0.301 -1.941 -3.023 -4.141 -5.436 -6.294 -6.532
0.013 -0.05655 9.00000 2.2826354504 2.5788674003    2.270  3.153  3.5832  0.926    8  0.529  0.383    31.61    19.70    13.52    10.25     8.38  4 -6.81e-09      0.00 6.828e-01 3.041e-01 1.518e-03 2.101e-03 5.280e-03 -1.000 1.317e-02 -3.113 1.674 -0.269 -1.865 -2.795 -3.626 -4.756 -5.558 -5.758
0.013 -0.05655 9.00000 2.2826356888 2.5788674077    2.270  3.123  3.5861  0.967    8  0.529  0.383    29.13    18.28    12.59     9.53     7.79  4 -5.96e-09      0.00 6.828e-01 3.041e-01 1.518e-03 2.101e-03 5.280e-03 -1.000 1.317e-02 -3.038 1.659 -0.256 -1.839 -2.754 -3.561 -4.674 -5.469 -5.664
0.013 -0.05655 9.00000 2.2826380730 2.5788674825    2.270  2.905  3.6078  1.272    8  0.529  0.383    15.99    10.54     7.44     5.59     4.56  4  -2.2e-09      0.00 6.828e-01 3.041e-01 1.518e-03 2.101e-03 5.280e-03 -1.000 1.317e-02 -2.494 1.543 -0.113 -1.589 -2.406 -3.080 -4.083 -4.816 -4.979
0.013 -0.05655 9.00000 2.2826416492 2.5788675947    2.270  2.867  3.6115  1.325    8  0.530  0.383    14.38     9.57     6.79     5.09     4.15  4 -1.83e-09      0.00 6.828e-01 3.041e-01 1.518e-03 2.101e-03 5.280e-03 -1.000 1.317e-02 -2.397 1.521 -0.081 -1.535 -2.336 -2.993 -3.979 -4.700 -4.858
0.013 -0.05655 9.00000 2.2826466560 2.5788677517    2.270  2.937  3.6044  1.226    8  0.530  0.383    17.48    11.44     8.05     6.05     4.94  4 -2.55e-09      0.00 6.828e-01 3.041e-01 1.518e-03 2.101e-03 5.280e-03 -1.000 1.317e-02 -2.573 1.568 -0.133 -1.627 -2.459 -3.150 -4.169 -4.912 -5.080
0.013 -0.05655 9.00000 2.2826533318 2.5788679611    2.270  3.092  3.5889  1.010    8  0.530  0.383    26.78    16.92    11.69     8.84     7.23  4 -5.17e-09      0.00 6.828e-01 3.041e-01 1.518e-03 2.101e-03 5.280e-03 -1.000 1.317e-02 -2.959 1.654 -0.234 -1.806 -2.707 -3.491 -4.588 -5.376 -5.567
0.013 -0.05655 9.00000 2.2826616764 2.5788682228    2.270  3.248  3.5732  0.791    8  0.530  0.383    41.27    25.15    17.08    12.99    10.63  3 -1.04e-08      0.00 6.828e-01 3.041e-01 1.518e-03 2.101e-03 5.280e-03 -1.000 1.317e-02 -3.350 1.719 -0.281 -1.906 -2.892 -3.826 -5.018 -5.845 -6.061
0.013 -0.05655 9.00000 2.2826714516 2.5788685294    2.269  3.360  3.5618  0.633    8  0.530  0.383    56.30    33.44    22.41    17.12    14.02  3  -1.7e-08      0.00 6.828e-01 3.041e-01 1.518e-03 2.102e-03 5.280e-03 -1.000 1.317e-02 -3.630 1.739 -0.271 -1.907 -2.970 -4.054 -5.330 -6.182 -6.416
0.013 -0.05655 9.00000 2.2826831341 2.5788688958    2.269  3.422  3.5553  0.545    8  0.531  0.383    67.01    39.23    26.10    19.99    16.37  3 -2.23e-08      0.00 6.828e-01 3.041e-01 1.518e-03 2.102e-03 5.280e-03 -1.000 1.317e-02 -3.786 1.744 -0.237 -1.866 -2.985 -4.170 -5.504 -6.370 -6.615
0.013 -0.05655 9.00000 2.2826967239 2.5788693220    2.269  3.452  3.5520  0.502    8  0.531  0.383    72.94    42.40    28.11    21.55    17.66  3 -2.53e-08      0.00 6.828e-01 3.041e-01 1.518e-03 2.102e-03 5.280e-03 -1.000 1.317e-02 -3.860 1.749 -0.211 -1.835 -2.983 -4.223 -5.588 -6.461 -6.711
0.013 -0.05655 9.00000 2.2827122211 2.5788698080    2.268  3.470  3.5499  0.476    8  0.531  0.383    76.75    44.42    29.40    22.55    18.48  3 -2.73e-08      0.00 6.828e-01 3.041e-01 1.518e-03 2.102e-03 5.280e-03 -1.000 1.317e-02 -3.904 1.755 -0.189 -1.809 -2.978 -4.253 -5.638 -6.515 -6.768
0.013 -0.05655 9.00000 2.2827124596 2.5788698155    2.268  3.310  3.5655  0.697    8  0.531  0.383    49.60    29.77    20.06    15.30    12.52  3 -1.37e-08      0.00 6.828e-01 3.041e-01 1.518e-03 2.102e-03 5.280e-03 -1.000 1.317e-02 -3.506 1.756 -0.249 -1.881 -2.916 -3.948 -5.195 -6.040 -6.267
0.013 -0.05655 9.00000 2.2827138901 2.5788698603    2.268  3.199  3.5766  0.853    8  0.532  0.383    36.50    22.48    15.34    11.65     9.53  4 -8.38e-09      0.00 6.828e-01 3.041e-01 1.518e-03 2.102e-03 5.280e-03 -1.000 1.317e-02 -3.228 1.735 -0.242 -1.856 -2.821 -3.717 -4.887 -5.707 -5.916
0.013 -0.05655 9.00000 2.2827165127 2.5788699426    2.268  2.982  3.5982  1.156    8  0.532  0.383    20.05    12.98     9.08     6.84     5.59  4 -3.14e-09      0.00 6.828e-01 3.041e-01 1.518e-03 2.102e-03 5.280e-03 -1.000 1.317e-02 -2.684 1.640 -0.136 -1.661 -2.520 -3.244 -4.294 -5.055 -5.232
0.013 -0.05655 9.00000 2.2827205658 2.5788700697    2.268  2.941  3.6022  1.213    8  0.532  0.383    17.94    11.72     8.24     6.20     5.06  4  -2.6e-09      0.00 6.828e-01 3.041e-01 1.518e-03 2.102e-03 5.280e-03 -1.000 1.317e-02 -2.583 1.617 -0.108 -1.612 -2.452 -3.154 -4.184 -4.934 -5.105
0.013 -0.05655 9.00000 2.2827260494 2.5788702416    2.267  3.009  3.5954  1.118    8  0.532  0.383    21.65    13.93     9.71     7.32     5.98  4 -3.56e-09      0.00 6.828e-01 3.041e-01 1.518e-03 2.102e-03 5.280e-03 -1.000 1.317e-02 -2.754 1.654 -0.154 -1.692 -2.563 -3.305 -4.369 -5.139 -5.319
0.013 -0.05655 9.00000 2.2827334404 2.5788704734    2.267  3.160  3.5803  0.907    8  0.532  0.383    32.78    20.37    13.96    10.59     8.66  4 -7.03e-09      0.00 6.828e-01 3.041e-01 1.518e-03 2.102e-03 5.280e-03 -1.000 1.317e-02 -3.129 1.727 -0.231 -1.835 -2.778 -3.633 -4.778 -5.589 -5.793
0.013 -0.05655 9.00000 2.2827425003 2.5788707576    2.267  3.311  3.5652  0.695    8  0.532  0.383    49.81    29.89    20.13    15.35    12.57  3 -1.37e-08      0.00 6.828e-01 3.041e-01 1.518e-03 2.102e-03 5.280e-03 -1.000 1.317e-02 -3.508 1.761 -0.242 -1.874 -2.911 -3.948 -5.198 -6.044 -6.272
0.013 -0.05655 9.00000 2.2827534676 2.5788711015    2.267  3.418  3.5544  0.545    8  0.533  0.383    67.00    39.22    26.10    19.98    16.37  3 -2.19e-08      0.00 6.828e-01 3.041e-01 1.518e-03 2.102e-03 5.280e-03 -1.000 1.317e-02 -3.776 1.767 -0.201 -1.826 -2.952 -4.154 -5.496 -6.365 -6.611
0.013 -0.05655 9.00000 2.2827663422 2.5788715052    2.267  3.476  3.5485  0.464    8  0.533  0.383    78.62    45.42    30.03    23.04    18.88  3 -2.81e-08      0.00 6.828e-01 3.041e-01 1.518e-03 2.102e-03 5.280e-03 -1.000 1.317e-02 -3.919 1.768 -0.155 -1.768 -2.953 -4.255 -5.659 -6.538 -6.793
0.013 -0.05655 9.00000 2.2827813625 2.5788719763    2.266  3.501  3.5459  0.428    8  0.534  0.383    84.31    48.42    31.92    24.52    20.09  2 -3.12e-08      0.00 6.828e-01 3.041e-01 1.518e-03 2.102e-03 5.280e-03 -1.000 1.317e-02 -3.982 1.769 -0.120 -1.724 -2.942 -4.293 -5.729 -6.613 -6.873
0.013 -0.05655 9.00000 2.2827985287 2.5788725146    2.266  3.513  3.5445  0.410    8  0.534  0.383    87.32    50.00    32.91    25.29    20.73  2 -3.29e-08      0.00 6.828e-01 3.041e-01 1.518e-03 2.102e-03 5.280e-03 -1.000 1.317e-02 -4.012 1.771 -0.100 -1.698 -2.934 -4.310 -5.764 -6.650 -6.913
0.013 -0.05655 9.00000 2.2827990055 2.5788725295    2.265  3.362  3.5594  0.621    8  0.534  0.383    57.63    34.16    22.88    17.48    14.32  3 -1.72e-08      0.00 6.828e-01 3.041e-01 1.518e-03 2.102e-03 5.280e-03 -1.000 1.317e-02 -3.634 1.779 -0.216 -1.847 -2.927 -4.046 -5.340 -6.199 -6.436
0.013 -0.05655 9.00000 2.2828004360 2.5788725744    2.265  3.251  3.5705  0.776    8  0.534  0.383    42.46    25.82    17.51    13.32    10.90  3 -1.06e-08      0.00 6.828e-01 3.041e-01 1.518e-03 2.102e-03 5.280e-03 -1.000 1.317e-02 -3.358 1.766 -0.234 -1.861 -2.861 -3.824 -5.033 -5.868 -6.087
0.013 -0.05655 9.00000 2.2828032970 2.5788726641    2.265  3.036  3.5922  1.078    8  0.535  0.383    23.39    14.95    10.39     7.84     6.41  4 -4.03e-09      0.00 6.828e-01 3.041e-01 1.518e-03 2.102e-03 5.280e-03 -1.000 1.317e-02 -2.819 1.680 -0.162 -1.714 -2.599 -3.361 -4.441 -5.220 -5.405
0.013 -0.05655 9.00000 2.2828075886 2.5788727987    2.265  2.994  3.5963  1.136    8  0.535  0.383    20.87    13.47     9.40     7.09     5.79  4 -3.34e-09      0.00 6.828e-01 3.041e-01 1.518e-03 2.102e-03 5.280e-03 -1.000 1.317e-02 -2.716 1.659 -0.135 -1.668 -2.534 -3.270 -4.329 -5.096 -5.275
0.013 -0.05655 9.00000 2.2828137875 2.5788729931    2.265  3.062  3.5896  1.042    8  0.535  0.383    25.13    15.97    11.06     8.36     6.83  4 -4.54e-09      0.00 6.828e-01 3.041e-01 1.518e-03 2.102e-03 5.280e-03 -1.000 1.317e-02 -2.884 1.693 -0.178 -1.743 -2.639 -3.418 -4.512 -5.298 -5.487
0.013 -0.05655 9.00000 2.2828218937 2.5788732472    2.265  3.209  3.5748  0.835    8  0.535  0.383    37.77    23.20    15.81    12.01     9.83  4 -8.79e-09      0.00 6.828e-01 3.041e-01 1.518e-03 2.102e-03 5.280e-03 -1.000 1.317e-02 -3.253 1.754 -0.227 -1.844 -2.819 -3.735 -4.916 -5.741 -5.953
0.013 -0.05655 9.00000 2.2828319073 2.5788735612    2.264  3.357  3.5598  0.627    8  0.536  0.383    56.95    33.80    22.64    17.30    14.17  3 -1.69e-08      0.00 6.828e-01 3.041e-01 1.518e-03 2.102e-03 5.279e-03 -1.000 1.317e-02 -3.623 1.779 -0.218 -1.850 -2.926 -4.037 -5.328 -6.186 -6.422
0.013 -0.05655 9.00000 2.2828440666 2.5788739425    2.264  3.462  3.5492  0.480    8  0.536  0.383    76.13    44.10    29.19    22.39    18.35  3 -2.65e-08      0.00 6.828e-01 3.041e-01 1.518e-03 2.102e-03 5.279e-03 -1.000 1.317e-02 -3.885 1.779 -0.150 -1.764 -2.940 -4.228 -5.622 -6.500 -6.754
0.013 -0.05655 9.00000 2.2828583717 2.5788743911    2.264  3.518  3.5435  0.401    8  0.537  0.383    88.95    50.86    33.45    25.71    21.08  2 -3.37e-08      0.00 6.828e-01 3.041e-01 1.518e-03 2.102e-03 5.279e-03 -1.000 1.317e-02 -4.025 1.777 -0.080 -1.674 -2.921 -4.315 -5.781 -6.668 -6.932
0.013 -0.05655 9.00000 2.2828750610 2.5788749144    2.263  3.542  3.5411  0.367    8  0.537  0.383    95.08    54.07    35.46    27.28    22.37  2 -3.74e-08      0.00 6.828e-01 3.041e-01 1.518e-03 2.102e-03 5.279e-03 -1.000 1.317e-02 -4.086 1.776 -0.049 -1.635 -2.913 -4.353 -5.849 -6.740 -7.009
0.013 -0.05655 9.00000 2.2828938961 2.5788755050    2.263  3.554  3.5400  0.351    8  0.538  0.383    98.18    55.68    36.47    28.07    23.02  2 -3.93e-08      0.00 6.828e-01 3.041e-01 1.518e-03 2.102e-03 5.279e-03 -1.000 1.317e-02 -4.115 1.775 -0.035 -1.617 -2.910 -4.371 -5.881 -6.775 -7.045
0.013 -0.05655 9.00000 2.2828943729 2.5788755199    2.262  3.413  3.5541  0.548    8  0.538  0.383    66.55    38.98    25.95    19.87    16.28  3 -2.15e-08      0.00 6.828e-01 3.041e-01 1.518e-03 2.102e-03 5.279e-03 -1.000 1.317e-02 -3.763 1.780 -0.184 -1.806 -2.934 -4.140 -5.485 -6.354 -6.600
0.013 -0.05655 9.00000 2.2828958035 2.5788755648    2.262  3.304  3.5653  0.702    8  0.538  0.383    49.12    29.51    19.89    15.17    12.42  3 -1.34e-08      0.00 6.828e-01 3.041e-01 1.518e-03 2.102e-03 5.279e-03 -1.000 1.317e-02 -3.490 1.772 -0.229 -1.859 -2.896 -3.931 -5.179 -6.025 -6.253
0.013 -0.05655 9.00000 2.2828989029 2.5788756620    2.262  3.091  3.5871  1.002    8  0.539  0.383    27.14    17.14    11.84     8.95     7.32  4 -5.19e-09      0.00 6.828e-01 3.041e-01 1.518e-03 2.102e-03 5.279e-03 -1.000 1.317e-02 -2.956 1.695 -0.200 -1.775 -2.683 -3.482 -4.589 -5.383 -5.576
0.013 -0.05655 9.00000 2.2829039097 2.5788758190    2.262  3.048  3.5915  1.062    8  0.539  0.383    24.14    15.39    10.68     8.07     6.59  4 -4.29e-09      0.00 6.828e-01 3.041e-01 1.518e-03 2.102e-03 5.279e-03 -1.000 1.317e-02 -2.851 1.674 -0.179 -1.736 -2.624 -3.391 -4.475 -5.255 -5.442
0.013 -0.05655 9.00000 2.2829105854 2.5788760283    2.261  3.114  3.5847  0.969    8  0.539  0.383    29.00    18.21    12.54     9.49     7.76  4 -5.79e-09      0.00 6.828e-01 3.041e-01 1.518e-03 2.102e-03 5.279e-03 -1.000 1.317e-02 -3.016 1.707 -0.209 -1.794 -2.715 -3.534 -4.655 -5.454 -5.651
0.013 -0.05655 9.00000 2.2829194069 2.5788763049    2.261  3.258  3.5700  0.766    8  0.539  0.383    43.24    26.26    17.79    13.54    11.08  3  -1.1e-08      0.00 6.828e-01 3.041e-01 1.518e-03 2.102e-03 5.279e-03 -1.000 1.317e-02 -3.375 1.766 -0.238 -1.867 -2.870 -3.839 -5.051 -5.887 -6.107
0.013 -0.05655 9.00000 2.2829303741 2.5788766488    2.261  3.402  3.5552  0.563    8  0.540  0.383    64.63    37.95    25.29    19.36    15.86  3 -2.06e-08      0.00 6.828e-01 3.041e-01 1.518e-03 2.102e-03 5.279e-03 -1.000 1.317e-02 -3.736 1.781 -0.188 -1.812 -2.931 -4.120 -5.455 -6.322 -6.566
0.013 -0.05655 9.00000 2.2829434872 2.5788770599    2.260  3.504  3.5447  0.419    8  0.541  0.383    85.81    49.22    32.42    24.91    20.41  2 -3.19e-08      0.00 6.828e-01 3.041e-01 1.518e-03 2.102e-03 5.279e-03 -1.000 1.317e-02 -3.990 1.783 -0.088 -1.686 -2.918 -4.291 -5.742 -6.628 -6.890
0.013 -0.05655 9.00000 2.2829592228 2.5788775533    2.260  3.558  3.5391  0.342    8  0.541  0.383    99.83    56.54    37.01    28.49    23.36  2 -4.02e-08      0.00 6.828e-01 3.041e-01 1.518e-03 2.102e-03 5.279e-03 -1.000 1.317e-02 -4.126 1.782 -0.011 -1.587 -2.893 -4.371 -5.896 -6.791 -7.062
0.013 -0.05655 9.00000 2.2829771042 2.5788781139    2.259  3.581  3.5367  0.309    8  0.542  0.383   106.48    59.98    39.15    30.17    24.74  2 -4.44e-08      0.00 6.828e-01 3.041e-01 1.518e-03 2.102e-03 5.279e-03 -1.000 1.317e-02 -4.184 1.780 0.031 -1.533 -2.875 -4.398 -5.962 -6.859 -7.136
0.013 -0.05655 9.00000 2.2829978466 2.5788787642    2.258  3.592  3.5356  0.294    8  0.543  0.383   109.79    61.69    40.22    31.00    25.43  2 -4.65e-08      0.00 6.828e-01 3.041e-01 1.518e-03 2.102e-03 5.279e-03 -1.000 1.317e-02 -4.211 1.778 0.050 -1.508 -2.868 -4.411 -5.993 -6.892 -7.171
0.013 -0.05655 9.00000 2.2829983234 2.5788787792    2.258  3.465  3.5487  0.474    8  0.543  0.383    76.93    44.53    29.46    22.60    18.52  3  -2.7e-08      0.00 6.828e-01 3.041e-01 1.518e-03 2.102e-03 5.279e-03 -1.000 1.317e-02 -3.892 1.784 -0.139 -1.750 -2.932 -4.229 -5.630 -6.509 -6.764
0.013 -0.05655 9.00000 2.2829999924 2.5788788315    2.258  3.357  3.5600  0.627    8  0.543  0.383    56.89    33.77    22.62    17.28    14.16  3  -1.7e-08      0.00 6.828e-01 3.041e-01 1.518e-03 2.102e-03 5.279e-03 -1.000 1.317e-02 -3.622 1.778 -0.221 -1.853 -2.928 -4.037 -5.326 -6.184 -6.420
0.013 -0.05655 9.00000 2.2830030918 2.5788789287    2.258  3.146  3.5820  0.925    8  0.544  0.383    31.57    19.69    13.51    10.24     8.38  4 -6.71e-09      0.00 6.828e-01 3.041e-01 1.518e-03 2.102e-03 5.279e-03 -1.000 1.317e-02 -3.095 1.715 -0.229 -1.827 -2.762 -3.604 -4.741 -5.547 -5.748
0.013 -0.05655 9.00000 2.2830083370 2.5788790931    2.257  3.103  3.5865  0.987    8  0.544  0.383    27.96    17.61    12.15     9.19     7.52  4 -5.52e-09      0.00 6.828e-01 3.041e-01 1.518e-03 2.102e-03 5.279e-03 -1.000 1.317e-02 -2.986 1.688 -0.215 -1.794 -2.707 -3.510 -4.621 -5.416 -5.610
0.013 -0.05655 9.00000 2.2830152512 2.5788793099    2.257  3.167  3.5798  0.896    8  0.544  0.383    33.48    20.77    14.22    10.79     8.83  4 -7.38e-09      0.00 6.828e-01 3.041e-01 1.518e-03 2.102e-03 5.279e-03 -1.000 1.317e-02 -3.148 1.727 -0.237 -1.844 -2.790 -3.650 -4.799 -5.611 -5.815
0.013 -0.05655 9.00000 2.2830245495 2.5788796014    2.257  3.306  3.5653  0.698    8  0.545  0.383    49.43    29.69    20.00    15.25    12.49  3 -1.36e-08      0.00 6.828e-01 3.041e-01 1.518e-03 2.102e-03 5.279e-03 -1.000 1.317e-02 -3.496 1.770 -0.233 -1.864 -2.901 -3.937 -5.186 -6.031 -6.259
0.013 -0.05655 9.00000 2.2830359936 2.5788799602    2.256  3.446  3.5506  0.500    8  0.545  0.383    73.06    42.47    28.16    21.59    17.69  3  -2.5e-08      0.00 6.828e-01 3.041e-01 1.518e-03 2.102e-03 5.279e-03 -1.000 1.317e-02 -3.845 1.785 -0.158 -1.774 -2.935 -4.198 -5.576 -6.453 -6.704
0.013 -0.05655 9.00000 2.2830498219 2.5788803937    2.256  3.544  3.5403  0.361    8  0.546  0.383    96.19    54.65    35.82    27.57    22.60  2  -3.8e-08      0.00 6.828e-01 3.041e-01 1.518e-03 2.102e-03 5.279e-03 -1.000 1.317e-02 -4.090 1.788 -0.024 -1.606 -2.894 -4.349 -5.855 -6.749 -7.018
0.013 -0.05655 9.00000 2.2830660343 2.5788809020    2.255  3.596  3.5348  0.286    8  0.547  0.383   111.32    62.47    40.71    31.39    25.74  2 -4.74e-08      0.00 6.828e-01 3.041e-01 1.518e-03 2.102e-03 5.279e-03 -1.000 1.317e-02 -4.219 1.785 0.074 -1.479 -2.851 -4.408 -6.004 -6.904 -7.184
0.013 -0.05655 9.00000 2.2830851078 2.5788814999    2.254  3.618  3.5324  0.255    8  0.548  0.383   118.42    66.12    42.97    33.16    27.20  2  -5.2e-08      0.00 6.828e-01 3.041e-01 1.518e-03 2.102e-03 5.279e-03 -1.000 1.317e-02 -4.274 1.785 0.117 -1.423 -2.831 -4.432 -6.067 -6.970 -7.254
0.013 -0.05655 9.00000 2.2831065655 2.5788821726    2.253  3.628  3.5314  0.240    8  0.549  0.383   121.89    67.89    44.07    34.02    27.91  2 -5.44e-08      0.00 6.828e-01 3.041e-01 1.518e-03 2.102e-03 5.279e-03 -1.000 1.317e-02 -4.300 1.784 0.136 -1.399 -2.823 -4.444 -6.096 -7.001 -7.287
0.013 -0.05655 9.00000 2.2831070423 2.5788821876    2.253  3.515  3.5434  0.402    8  0.549  0.383    88.68    50.73    33.36    25.65    21.02  2 -3.37e-08      0.00 6.828e-01 3.041e-01 1.518e-03 2.102e-03 5.279e-03 -1.000 1.317e-02 -4.016 1.788 -0.065 -1.657 -2.907 -4.304 -5.772 -6.660 -6.924
0.013 -0.05655 9.00000 2.2831087112 2.5788822399    2.253  3.408  3.5547  0.553    8  0.549  0.383    65.77    38.57    25.69    19.67    16.11  3 -2.14e-08      0.00 6.828e-01 3.041e-01 1.518e-03 2.102e-03 5.279e-03 -1.000 1.317e-02 -3.751 1.781 -0.187 -1.811 -2.935 -4.131 -5.471 -6.339 -6.584
0.013 -0.05655 9.00000 2.2831118107 2.5788823370    2.252  3.201  3.5768  0.849    8  0.550  0.383    36.70    22.60    15.42    11.71     9.58  4 -8.65e-09      0.00 6.828e-01 3.041e-01 1.518e-03 2.102e-03 5.279e-03 -1.000 1.317e-02 -3.233 1.729 -0.252 -1.866 -2.830 -3.723 -4.892 -5.711 -5.920
0.013 -0.05655 9.00000 2.2831170559 2.5788825015    2.252  3.157  3.5816  0.912    8  0.550  0.383    32.39    20.15    13.82    10.48     8.57  4  -7.1e-09      0.00 6.828e-01 3.041e-01 1.518e-03 2.102e-03 5.279e-03 -1.000 1.317e-02 -3.122 1.706 -0.247 -1.848 -2.785 -3.630 -4.769 -5.576 -5.778
0.013 -0.05655 9.00000 2.2831239700 2.5788827182    2.252  3.220  3.5748  0.821    8  0.550  0.383    38.75    23.75    16.17    12.29    10.05  3 -9.43e-09      0.00 6.828e-01 3.041e-01 1.518e-03 2.102e-03 5.279e-03 -1.000 1.317e-02 -3.281 1.736 -0.252 -1.872 -2.848 -3.764 -4.945 -5.769 -5.982
0.013 -0.05655 9.00000 2.2831332684 2.5788830097    2.251  3.356  3.5603  0.628    8  0.551  0.383    56.73    33.69    22.57    17.24    14.12  3  -1.7e-08      0.00 6.828e-01 3.041e-01 1.518e-03 2.102e-03 5.279e-03 -1.000 1.317e-02 -3.619 1.776 -0.224 -1.857 -2.930 -4.035 -5.323 -6.180 -6.415
0.013 -0.05655 9.00000 2.2831447124 2.5788833684    2.251  3.491  3.5457  0.434    8  0.551  0.383    83.13    47.81    31.53    24.22    19.85  3 -3.05e-08      0.00 6.828e-01 3.041e-01 1.518e-03 2.102e-03 5.279e-03 -1.000 1.317e-02 -3.957 1.791 -0.092 -1.693 -2.913 -4.266 -5.705 -6.590 -6.850
0.013 -0.05655 9.00000 2.2831585407 2.5788838019    2.250  3.586  3.5353  0.297    8  0.552  0.383   108.90    61.23    39.93    30.78    25.24  2 -4.57e-08      0.00 6.828e-01 3.041e-01 1.518e-03 2.102e-03 5.279e-03 -1.000 1.317e-02 -4.195 1.794 0.074 -1.481 -2.844 -4.391 -5.978 -6.878 -7.157
0.013 -0.05655 9.00000 2.2831749916 2.5788843176    2.249  3.637  3.5297  0.223    8  0.553  0.383   125.97    69.97    45.36    35.03    28.74  2 -5.68e-08      0.00 6.828e-01 3.041e-01 1.518e-03 2.102e-03 5.279e-03 -1.000 1.317e-02 -4.323 1.795 0.184 -1.340 -2.792 -4.444 -6.126 -7.032 -7.322
0.013 -0.05655 9.00000 2.2831938267 2.5788849080    2.248  3.660  3.5271  0.190    8  0.554  0.383   134.45    74.27    48.01    37.12    30.46  2 -6.25e-08      0.00 6.828e-01 3.041e-01 1.518e-03 2.102e-03 5.279e-03 -1.000 1.317e-02 -4.380 1.796 0.253 -1.253 -2.755 -4.450 -6.191 -7.100 -7.395
0.013 -0.05655 9.00000 2.2832155228 2.5788855881    2.247  3.672  3.5257  0.173    8  0.556  0.383   139.18    76.66    49.49    38.28    31.41  2 -6.57e-08      0.00 6.828e-01 3.041e-01 1.518e-03 2.102e-03 5.279e-03 -1.000 1.317e-02 -4.409 1.798 0.293 -1.203 -2.733 -4.452 -6.225 -7.136 -7.433
0.013 -0.05655 9.00000 2.2832159996 2.5788856030    2.247  3.574  3.5362  0.312    8  0.556  0.383   105.73    59.60    38.91    29.99    24.59  2 -4.37e-08      0.00 6.828e-01 3.041e-01 1.518e-03 2.102e-03 5.279e-03 -1.000 1.317e-02 -4.166 1.800 0.064 -1.495 -2.844 -4.374 -5.946 -6.844 -7.121
0.013 -0.05655 9.00000 2.2832174301 2.5788856479    2.246  3.469  3.5478  0.464    8  0.556  0.383    78.32    45.27    29.93    22.97    18.82  3 -2.79e-08      0.00 6.828e-01 3.041e-01 1.518e-03 2.102e-03 5.279e-03 -1.000 1.317e-02 -3.902 1.794 -0.115 -1.723 -2.916 -4.230 -5.643 -6.524 -6.780
0.013 -0.05655 9.00000 2.2832205296 2.5788857450    2.246  3.265  3.5701  0.758    8  0.556  0.383    43.89    26.63    18.03    13.73    11.24  3 -1.15e-08      0.00 6.828e-01 3.041e-01 1.518e-03 2.102e-03 5.279e-03 -1.000 1.317e-02 -3.391 1.754 -0.255 -1.886 -2.889 -3.856 -5.067 -5.902 -6.122
0.013 -0.05655 9.00000 2.2832252979 2.5788858945    2.246  3.218  3.5753  0.825    8  0.556  0.383    38.46    23.60    16.06    12.21     9.99  3  -9.4e-09      0.00 6.828e-01 3.041e-01 1.518e-03 2.102e-03 5.279e-03 -1.000 1.317e-02 -3.275 1.732 -0.257 -1.876 -2.849 -3.759 -4.938 -5.760 -5.972
0.013 -0.05655 9.00000 2.2832317352 2.5788860963    2.245  3.279  3.5686  0.737    8  0.557  0.383    45.72    27.65    18.69    14.24    11.66  3 -1.23e-08      0.00 6.828e-01 3.041e-01 1.518e-03 2.102e-03 5.279e-03 -1.000 1.317e-02 -3.428 1.757 -0.251 -1.883 -2.897 -3.885 -5.108 -5.946 -6.169
0.013 -0.05655 9.00000 2.2832403183 2.5788863653    2.245  3.408  3.5545  0.551    8  0.557  0.383    65.92    38.66    25.74    19.71    16.14  3 -2.15e-08      0.00 6.828e-01 3.041e-01 1.518e-03 2.102e-03 5.279e-03 -1.000 1.317e-02 -3.750 1.786 -0.180 -1.804 -2.929 -4.129 -5.470 -6.339 -6.584
0.013 -0.05655 9.00000 2.2832510471 2.5788867016    2.244  3.536  3.5404  0.367    8  0.558  0.383    94.91    53.99    35.40    27.25    22.34  2 -3.73e-08      0.00 6.828e-01 3.041e-01 1.518e-03 2.102e-03 5.279e-03 -1.000 1.317e-02 -4.070 1.801 -0.011 -1.591 -2.877 -4.331 -5.835 -6.729 -6.998
0.013 -0.05655 9.00000 2.2832636833 2.5788870977    2.243  3.626  3.5305  0.237    8  0.559  0.383   122.44    68.17    44.24    34.16    28.02  2 -5.44e-08      0.00 6.828e-01 3.041e-01 1.518e-03 2.102e-03 5.279e-03 -1.000 1.317e-02 -4.294 1.803 0.175 -1.353 -2.790 -4.427 -6.093 -6.999 -7.286
0.013 -0.05655 9.00000 2.2832789421 2.5788875759    2.242  3.672  3.5254  0.170    8  0.560  0.383   139.91    77.03    49.71    38.46    31.56  2 -6.63e-08      0.00 6.828e-01 3.041e-01 1.518e-03 2.102e-03 5.279e-03 -1.000 1.317e-02 -4.411 1.803 0.309 -1.184 -2.720 -4.446 -6.228 -7.139 -7.437
0.013 -0.05655 9.00000 2.2832965851 2.5788881289    2.241  3.691  3.5232  0.142    8  0.561  0.383   147.78    80.99    52.15    40.37    33.13  2 -7.19e-08      0.00 6.828e-01 3.041e-01 1.518e-03 2.102e-03 5.279e-03 -1.000 1.317e-02 -4.458 1.804 0.367 -1.112 -2.690 -4.452 -6.283 -7.196 -7.499
0.013 -0.05655 9.00000 2.2833166122 2.5788887566    2.240  3.700  3.5224  0.130    8  0.563  0.383   151.41    82.81    53.27    41.25    33.86  2 -7.79e-08      0.00 6.828e-01 3.041e-01 1.518e-03 2.102e-03 5.279e-03 -1.000 1.317e-02 -4.480 1.804 0.390 -1.082 -2.679 -4.455 -6.307 -7.221 -7.526
0.013 -0.05655 9.00000 2.2833170891 2.5788887716    2.239  3.621  3.5312  0.244    8  0.563  0.383   120.76    67.31    43.70    33.75    27.68  2 -5.36e-08      0.00 6.828e-01 3.041e-01 1.518e-03 2.102e-03 5.279e-03 -1.000 1.317e-02 -4.281 1.802 0.161 -1.371 -2.798 -4.423 -6.078 -6.983 -7.270
0.013 -0.05655 9.00000 2.2833185196 2.5788888164    2.239  3.513  3.5432  0.400    8  0.563  0.383    88.88    50.84    33.43    25.70    21.07  2 -3.41e-08      0.00 6.828e-01 3.041e-01 1.518e-03 2.102e-03 5.279e-03 -1.000 1.317e-02 -4.013 1.795 -0.056 -1.648 -2.899 -4.299 -5.770 -6.658 -6.922
0.013 -0.05655 9.00000 2.2833216190 2.5788889135    2.239  3.313  3.5657  0.690    8  0.563  0.383    50.12    30.08    20.25    15.45    12.65  3 -1.44e-08      0.00 6.828e-01 3.041e-01 1.518e-03 2.102e-03 5.279e-03 -1.000 1.317e-02 -3.512 1.754 -0.257 -1.891 -2.926 -3.955 -5.201 -6.046 -6.273
0.013 -0.05655 9.00000 2.2833261490 2.5788890555    2.238  3.265  3.5710  0.759    8  0.563  0.383    43.73    26.55    17.98    13.69    11.20  3 -1.17e-08      0.00 6.828e-01 3.041e-01 1.518e-03 2.102e-03 5.279e-03 -1.000 1.317e-02 -3.393 1.736 -0.275 -1.906 -2.905 -3.861 -5.067 -5.899 -6.118
0.013 -0.05655 9.00000 2.2833328247 2.5788892647    2.238  3.325  3.5643  0.672    8  0.564  0.383    51.92    31.07    20.89    15.95    13.06  3 -1.53e-08      0.00 6.828e-01 3.041e-01 1.518e-03 2.102e-03 5.279e-03 -1.000 1.317e-02 -3.543 1.757 -0.253 -1.887 -2.932 -3.980 -5.236 -6.083 -6.313
0.013 -0.05655 9.00000 2.2833414078 2.5788895337    2.237  3.450  3.5503  0.491    8  0.564  0.383    74.17    43.08    28.54    21.89    17.94  3 -2.61e-08      0.00 6.828e-01 3.041e-01 1.518e-03 2.102e-03 5.279e-03 -1.000 1.317e-02 -3.855 1.786 -0.157 -1.774 -2.938 -4.206 -5.588 -6.465 -6.717
0.013 -0.05655 9.00000 2.2833518982 2.5788898625    2.236  3.574  3.5364  0.311    8  0.565  0.383   105.71    59.59    38.90    29.99    24.59  2 -4.42e-08      0.00 6.828e-01 3.041e-01 1.518e-03 2.102e-03 5.279e-03 -1.000 1.317e-02 -4.164 1.801 0.062 -1.499 -2.846 -4.374 -5.943 -6.841 -7.118
0.013 -0.05655 9.00000 2.2833647728 2.5788902660    2.235  3.660  3.5266  0.186    8  0.566  0.383   135.47    74.79    48.33    37.37    30.66  2 -6.36e-08      0.00 6.828e-01 3.041e-01 1.518e-03 2.102e-03 5.279e-03 -1.000 1.317e-02 -4.380 1.806 0.278 -1.224 -2.736 -4.440 -6.193 -7.103 -7.398
0.013 -0.05655 9.00000 2.2833800316 2.5788907442    2.233  3.706  3.5214  0.119    8  0.567  0.383   154.51    84.35    54.21    42.00    34.47  2 -8.34e-08      0.00 6.828e-01 3.041e-01 1.518e-03 2.102e-03 5.279e-03 -1.000 1.317e-02 -4.494 1.810 0.424 -1.041 -2.657 -4.450 -6.324 -7.240 -7.546
0.013 -0.05655 9.00000 2.2833974361 2.5788912897    2.232  3.725  3.5192  0.090    8  0.568  0.383   163.50    88.84    56.96    44.17    36.25  2 -1.02e-07      0.00 6.828e-01 3.041e-01 1.518e-03 2.102e-03 5.279e-03 -1.000 1.317e-02 -4.543 1.812 0.493 -0.954 -2.618 -4.448 -6.381 -7.298 -7.610
0.013 -0.05655 9.00000 2.2834174633 2.5788919173    2.230  3.735  3.5181  0.076    8  0.570  0.383   168.16    91.15    58.38    45.28    37.17  2 -1.13e-07      0.00 6.828e-01 3.041e-01 1.518e-03 2.102e-03 5.279e-03 -1.000 1.317e-02 -4.567 1.812 0.529 -0.906 -2.596 -4.442 -6.408 -7.327 -7.641
0.013 -0.05655 9.00000 2.2834177017 2.5788919248    2.230  3.673  3.5251  0.166    8  0.570  0.383   140.89    77.52    50.01    38.70    31.75  2 -6.77e-08      0.00 6.828e-01 3.041e-01 1.518e-03 2.102e-03 5.279e-03 -1.000 1.317e-02 -4.413 1.807 0.318 -1.174 -2.715 -4.444 -6.231 -7.142 -7.441
0.013 -0.05655 9.00000 2.2834191322 2.5788919696    2.229  3.564  3.5376  0.324    8  0.570  0.383   102.98    58.18    38.02    29.30    24.02  2  -4.3e-08      0.00 6.828e-01 3.041e-01 1.518e-03 2.102e-03 5.279e-03 -1.000 1.317e-02 -4.141 1.798 0.033 -1.535 -2.863 -4.367 -5.916 -6.813 -7.087
0.013 -0.05655 9.00000 2.2834217548 2.5788920518    2.229  3.368  3.5603  0.612    8  0.570  0.383    58.36    34.59    23.14    17.70    14.49  3 -1.86e-08      0.00 6.828e-01 3.041e-01 1.518e-03 2.102e-03 5.279e-03 -1.000 1.317e-02 -3.649 1.759 -0.251 -1.888 -2.961 -4.066 -5.353 -6.209 -6.445
0.013 -0.05655 9.00000 2.2834260464 2.5788921863    2.228  3.318  3.5660  0.684    8  0.571  0.383    50.57    30.34    20.42    15.58    12.76  3  -1.5e-08      0.00 6.828e-01 3.041e-01 1.518e-03 2.102e-03 5.279e-03 -1.000 1.317e-02 -3.524 1.740 -0.276 -1.913 -2.945 -3.969 -5.212 -6.056 -6.283
0.013 -0.05655 9.00000 2.2834317684 2.5788923656    2.228  3.376  3.5594  0.600    8  0.571  0.383    59.77    35.35    23.63    18.07    14.80  3 -1.93e-08      0.00 6.828e-01 3.041e-01 1.518e-03 2.102e-03 5.279e-03 -1.000 1.317e-02 -3.669 1.761 -0.244 -1.880 -2.962 -4.080 -5.376 -6.234 -6.471
0.013 -0.05655 9.00000 2.2834393978 2.5788926047    2.227  3.494  3.5456  0.426    8  0.572  0.383    84.24    48.40    31.89    24.51    20.09  2 -3.21e-08      0.00 6.828e-01 3.041e-01 1.518e-03 2.102e-03 5.279e-03 -1.000 1.317e-02 -3.966 1.789 -0.097 -1.700 -2.921 -4.275 -5.715 -6.599 -6.859
0.013 -0.05655 9.00000 2.2834489346 2.5788929036    2.226  3.611  3.5321  0.254    8  0.572  0.383   118.19    66.00    42.88    33.11    27.16  2 -5.26e-08      0.00 6.828e-01 3.041e-01 1.518e-03 2.102e-03 5.279e-03 -1.000 1.317e-02 -4.259 1.805 0.146 -1.391 -2.804 -4.412 -6.053 -6.956 -7.241
0.013 -0.05655 9.00000 2.2834603786 2.5788932622    2.224  3.692  3.5226  0.135    8  0.573  0.383   149.50    81.84    52.67    40.79    33.47  2 -7.39e-08      0.00 6.828e-01 3.041e-01 1.518e-03 2.102e-03 5.279e-03 -1.000 1.317e-02 -4.461 1.815 0.395 -1.079 -2.670 -4.442 -6.288 -7.202 -7.506
0.013 -0.05655 9.00000 2.2834739685 2.5788936881    2.223  3.734  3.5177  0.073    8  0.574  0.383   168.93    91.53    58.60    45.47    37.32  2 -1.14e-07      0.00 6.828e-01 3.041e-01 1.518e-03 2.102e-03 5.279e-03 -1.000 1.317e-02 -4.566 1.821 0.554 -0.875 -2.576 -4.429 -6.409 -7.328 -7.642
0.013 -0.05655 9.00000 2.2834894657 2.5788941737    2.221  3.751  3.5156  0.048    8  0.576  0.383   177.62    95.83    61.23    47.54    39.02  2 -1.36e-07      0.00 6.828e-01 3.041e-01 1.518e-03 2.102e-03 5.279e-03 -1.000 1.317e-02 -4.608 1.824 0.628 -0.778 -2.529 -4.413 -6.458 -7.379 -7.698
0.013 -0.05655 9.00000 2.2835073471 2.5788947341    2.219  3.759  3.5147  0.036    8  0.577  0.383   181.68    97.83    62.45    48.50    39.81  2 -1.48e-07      0.00 6.828e-01 3.041e-01 1.518e-03 2.102e-03 5.279e-03 -1.000 1.317e-02 -4.627 1.826 0.662 -0.733 -2.507 -4.405 -6.479 -7.402 -7.722
0.013 -0.05655 9.00000 2.2835075855 2.5788947415    2.218  3.713  3.5200  0.103    8  0.577  0.384   159.34    86.76    55.68    43.17    35.43  2 -9.25e-08      0.00 6.828e-01 3.041e-01 1.519e-03 2.102e-03 5.279e-03 -1.000 1.317e-02 -4.513 1.823 0.478 -0.977 -2.622 -4.440 -6.348 -7.266 -7.575
0.013 -0.05655 9.00000 2.2835090160 2.5788947864    2.218  3.603  3.5328  0.264    8  0.577  0.384   115.85    64.80    42.14    32.53    26.68  2 -5.14e-08      0.00 6.828e-01 3.041e-01 1.519e-03 2.102e-03 5.279e-03 -1.000 1.317e-02 -4.239 1.808 0.135 -1.407 -2.809 -4.402 -6.030 -6.933 -7.216
0.013 -0.05655 9.00000 2.2835114002 2.5788948611    2.217  3.410  3.5556  0.548    8  0.577  0.384    66.10    38.77    25.80    19.77    16.19  3 -2.27e-08      0.00 6.828e-01 3.041e-01 1.519e-03 2.102e-03 5.279e-03 -1.000 1.317e-02 -3.755 1.769 -0.214 -1.844 -2.960 -4.141 -5.473 -6.339 -6.583
0.013 -0.05655 9.00000 2.2835154533 2.5788949881    2.217  3.359  3.5616  0.623    8  0.578  0.384    56.99    33.85    22.67    17.33    14.19  3 -1.82e-08      0.00 6.828e-01 3.041e-01 1.519e-03 2.102e-03 5.279e-03 -1.000 1.317e-02 -3.628 1.753 -0.261 -1.899 -2.964 -4.051 -5.328 -6.181 -6.415
0.013 -0.05655 9.00000 2.2835209370 2.5788951599    2.216  3.416  3.5549  0.539    8  0.578  0.384    67.21    39.37    26.18    20.06    16.43  3 -2.33e-08      0.00 6.828e-01 3.041e-01 1.519e-03 2.102e-03 5.279e-03 -1.000 1.317e-02 -3.769 1.770 -0.208 -1.836 -2.958 -4.151 -5.489 -6.356 -6.601
0.013 -0.05655 9.00000 2.2835278511 2.5788953766    2.215  3.530  3.5414  0.371    8  0.579  0.384    93.79    53.41    35.03    26.97    22.11  2 -3.79e-08      0.00 6.828e-01 3.041e-01 1.520e-03 2.102e-03 5.279e-03 -1.000 1.317e-02 -4.056 1.800 -0.029 -1.616 -2.890 -4.325 -5.818 -6.709 -6.977
0.013 -0.05655 9.00000 2.2835369110 2.5788956605    2.213  3.642  3.5281  0.205    8  0.579  0.384   130.10    72.07    46.64    36.06    29.58  2 -6.09e-08      0.00 6.828e-01 3.041e-01 1.520e-03 2.102e-03 5.279e-03 -1.000 1.317e-02 -4.336 1.816 0.249 -1.263 -2.746 -4.425 -6.144 -7.052 -7.345
0.013 -0.05655 9.00000 2.2835476398 2.5788959967    2.212  3.720  3.5188  0.090    8  0.580  0.384   163.24    88.69    56.86    44.10    36.20  2    -1e-07      0.00 6.828e-01 3.041e-01 1.520e-03 2.102e-03 5.279e-03 -1.000 1.317e-02 -4.530 1.829 0.524 -0.917 -2.590 -4.425 -6.369 -7.287 -7.599
0.013 -0.05655 9.00000 2.2835602760 2.5788963926    2.210  3.760  3.5140  0.030    8  0.581  0.384   183.77    98.84    63.06    48.99    40.22  2 -1.52e-07      0.00 6.828e-01 3.041e-01 1.520e-03 2.102e-03 5.279e-03 -1.000 1.317e-02 -4.631 1.835 0.698 -0.688 -2.479 -4.388 -6.486 -7.409 -7.731
0.013 -0.05655 9.00000 2.2835748196 2.5788968483    2.207  3.777  3.5119  0.004    8  0.583  0.384   193.16   103.46    65.86    51.20    42.04  2 -1.82e-07      0.00 6.828e-01 3.041e-01 1.519e-03 2.102e-03 5.279e-03 -1.000 1.317e-02 -4.672 1.840 0.775 -0.589 -2.430 -4.371 -6.533 -7.459 -7.786
0.013 -0.05655 9.00000 2.2835915089 2.5788973712    2.205  3.785  3.5109 -0.008    8  0.584  0.383   197.83   105.74    67.25    52.30    42.94  2 -1.97e-07      0.00 6.828e-01 3.041e-01 1.518e-03 2.102e-03 5.279e-03 -1.000 1.317e-02 -4.691 1.844 0.814 -0.538 -2.404 -4.362 -6.556 -7.483 -7.812
0.013 -0.05655 9.00000 2.2835917473 2.5788973787    2.204  3.754  3.5144  0.037    8  0.584  0.385   181.12    97.53    62.26    48.36    39.70  2 -1.44e-07      0.00 6.827e-01 3.041e-01 1.524e-03 2.102e-03 5.279e-03 -1.000 1.317e-02 -4.615 1.839 0.685 -0.706 -2.485 -4.387 -6.469 -7.391 -7.712
0.013 -0.05655 9.00000 2.2835931778 2.5788974235    2.204  3.643  3.5277  0.201    8  0.584  0.385   131.04    72.54    46.92    36.29    29.77  2 -6.19e-08      0.00 6.827e-01 3.041e-01 1.524e-03 2.102e-03 5.279e-03 -1.000 1.317e-02 -4.338 1.822 0.264 -1.245 -2.735 -4.420 -6.147 -7.056 -7.350
0.013 -0.05655 9.00000 2.2835955620 2.5788974982    2.203  3.453  3.5505  0.482    8  0.584  0.385    75.21    43.65    28.89    22.18    18.17  3 -2.78e-08      0.00 6.827e-01 3.041e-01 1.524e-03 2.102e-03 5.279e-03 -1.000 1.317e-02 -3.864 1.783 -0.166 -1.787 -2.950 -4.216 -5.596 -6.472 -6.725
0.013 -0.05655 9.00000 2.2835993767 2.5788976178    2.203  3.401  3.5568  0.559    8  0.585  0.385    64.49    37.92    25.26    19.35    15.85  3 -2.22e-08      0.00 6.827e-01 3.041e-01 1.525e-03 2.102e-03 5.279e-03 -1.000 1.317e-02 -3.732 1.766 -0.226 -1.860 -2.965 -4.126 -5.446 -6.309 -6.551
0.013 -0.05655 9.00000 2.2836048603 2.5788977896    2.202  3.456  3.5501  0.477    8  0.585  0.385    75.84    43.98    29.10    22.34    18.30  3 -2.82e-08      0.00 6.827e-01 3.041e-01 1.525e-03 2.102e-03 5.279e-03 -1.000 1.317e-02 -3.870 1.785 -0.162 -1.782 -2.949 -4.220 -5.604 -6.481 -6.733
0.013 -0.05655 9.00000 2.2836117744 2.5788980062    2.200  3.566  3.5369  0.314    8  0.586  0.385   104.73    59.09    38.58    29.75    24.39  2  -4.5e-08      0.00 6.827e-01 3.041e-01 1.526e-03 2.102e-03 5.279e-03 -1.000 1.318e-02 -4.145 1.812 0.062 -1.502 -2.842 -4.361 -5.923 -6.820 -7.096
0.013 -0.05655 9.00000 2.2836203575 2.5788982752    2.198  3.673  3.5239  0.155    8  0.587  0.385   143.45    78.79    50.78    39.32    32.26  2 -7.05e-08      0.00 6.827e-01 3.041e-01 1.526e-03 2.102e-03 5.279e-03 -1.000 1.318e-02 -4.413 1.831 0.378 -1.103 -2.669 -4.419 -6.235 -7.148 -7.449
0.013 -0.05655 9.00000 2.2836308479 2.5788986038    2.196  3.747  3.5149  0.045    8  0.587  0.385   178.17    96.07    61.36    47.66    39.12  2 -1.35e-07      0.00 6.827e-01 3.041e-01 1.526e-03 2.102e-03 5.279e-03 -1.000 1.318e-02 -4.596 1.846 0.677 -0.720 -2.487 -4.381 -6.448 -7.370 -7.691
0.013 -0.05655 9.00000 2.2836432457 2.5788989923    2.193  3.784  3.5102 -0.012    8  0.589  0.385   199.31   106.44    67.67    52.64    43.22  2 -2.01e-07      0.00 6.827e-01 3.041e-01 1.525e-03 2.102e-03 5.279e-03 -1.000 1.317e-02 -4.691 1.855 0.848 -0.495 -2.377 -4.343 -6.557 -7.485 -7.815
0.013 -0.05655 9.00000 2.2836575508 2.5788994405    2.190  3.799  3.5083 -0.036    8  0.590  0.385   208.78   111.05    70.46    54.85    45.04  2 -2.36e-07      0.00 6.827e-01 3.041e-01 1.524e-03 2.102e-03 5.279e-03 -1.000 1.317e-02 -4.729 1.858 0.917 -0.407 -2.332 -4.323 -6.601 -7.531 -7.865
0.013 -0.05655 9.00000 2.2836740017 2.5788999559    2.187  3.806  3.5074 -0.047    8  0.591  0.384   213.29   113.24    71.78    55.90    45.90  2 -2.54e-07      0.00 6.827e-01 3.041e-01 1.521e-03 2.102e-03 5.279e-03 -1.000 1.317e-02 -4.745 1.861 0.951 -0.364 -2.310 -4.312 -6.621 -7.551 -7.887
0.013 -0.05655 9.00000 2.2836742401 2.5788999634    2.186  3.790  3.5092 -0.024    8  0.591  0.389   203.80   108.62    68.99    53.69    44.08  2 -2.16e-07      0.00 6.827e-01 3.041e-01 1.540e-03 2.102e-03 5.280e-03 -1.000 1.319e-02 -4.706 1.860 0.888 -0.445 -2.350 -4.329 -6.576 -7.505 -7.836
0.013 -0.05655 9.00000 2.2836754322 2.5789000007    2.186  3.679  3.5229  0.142    8  0.591  0.389   146.80    80.47    51.80    40.14    32.93  2 -7.35e-08      0.00 6.827e-01 3.041e-01 1.541e-03 2.102e-03 5.280e-03 -1.000 1.319e-02 -4.427 1.840 0.415 -1.059 -2.645 -4.413 -6.253 -7.167 -7.470
0.013 -0.05655 9.00000 2.2836775780 2.5789000680    2.185  3.493  3.5457  0.420    8  0.592  0.390    84.80    48.72    32.08    24.67    20.22  2 -3.37e-08      0.00 6.827e-01 3.041e-01 1.543e-03 2.102e-03 5.280e-03 -1.000 1.319e-02 -3.962 1.798 -0.091 -1.696 -2.917 -4.271 -5.710 -6.594 -6.854
0.013 -0.05655 9.00000 2.2836811543 2.5789001800    2.184  3.439  3.5523  0.500    8  0.592  0.390    72.33    42.13    27.92    21.43    17.55  3 -2.69e-08      0.00 6.827e-01 3.041e-01 1.546e-03 2.102e-03 5.280e-03 -1.000 1.320e-02 -3.827 1.780 -0.184 -1.810 -2.956 -4.191 -5.554 -6.426 -6.675
0.013 -0.05655 9.00000 2.2836859226 2.5789003294    2.183  3.493  3.5456  0.419    8  0.592  0.391    84.93    48.79    32.12    24.71    20.25  2 -3.39e-08      0.00 6.827e-01 3.041e-01 1.550e-03 2.102e-03 5.280e-03 -1.000 1.320e-02 -3.962 1.799 -0.090 -1.694 -2.916 -4.271 -5.711 -6.595 -6.855
0.013 -0.05655 9.00000 2.2836921215 2.5789005236    2.181  3.599  3.5325  0.260    8  0.593  0.392   116.22    65.00    42.24    32.63    26.76  2  -5.3e-08      0.00 6.826e-01 3.041e-01 1.553e-03 2.102e-03 5.280e-03 -1.000 1.320e-02 -4.228 1.826 0.158 -1.382 -2.788 -4.387 -6.020 -6.923 -7.207
0.013 -0.05655 9.00000 2.2836999893 2.5789007701    2.179  3.702  3.5198  0.106    8  0.594  0.393   157.54    85.83    55.09    42.73    35.06  2 -8.73e-08      0.00 6.826e-01 3.042e-01 1.555e-03 2.102e-03 5.280e-03 -1.000 1.321e-02 -4.484 1.850 0.511 -0.941 -2.588 -4.408 -6.320 -7.237 -7.547
0.013 -0.05655 9.00000 2.2837095261 2.5789010689    2.177  3.772  3.5111 -0.000    8  0.595  0.393   194.22   103.93    66.13    51.44    42.23  2 -1.82e-07      0.00 6.826e-01 3.042e-01 1.556e-03 2.102e-03 5.280e-03 -1.000 1.321e-02 -4.660 1.865 0.830 -0.523 -2.383 -4.336 -6.524 -7.451 -7.779
0.013 -0.05655 9.00000 2.2837207317 2.5789014200    2.174  3.808  3.5065 -0.055    8  0.596  0.392   216.60   114.82    72.73    56.66    46.53  2 -2.66e-07      0.00 6.826e-01 3.041e-01 1.553e-03 2.102e-03 5.280e-03 -1.000 1.320e-02 -4.751 1.872 0.993 -0.312 -2.278 -4.291 -6.630 -7.561 -7.898
0.013 -0.05655 9.00000 2.2837336063 2.5789018233    2.170  3.823  3.5045 -0.079    8  0.597  0.390   226.94   119.81    75.75    59.05    48.49  2 -3.12e-07      0.00 6.827e-01 3.041e-01 1.545e-03 2.102e-03 5.280e-03 -1.000 1.320e-02 -4.789 1.878 1.068 -0.217 -2.229 -4.266 -6.674 -7.606 -7.949
0.013 -0.05655 9.00000 2.2837483883 2.5789022864    2.166  3.831  3.5034 -0.091    8  0.598  0.386   232.31   122.38    77.30    60.28    49.51  2 -3.38e-07      0.00 6.827e-01 3.041e-01 1.530e-03 2.102e-03 5.279e-03 -1.000 1.318e-02 -4.806 1.883 1.109 -0.166 -2.202 -4.252 -6.695 -7.628 -7.973
0.013 -0.05655 9.00000 2.2837486267 2.5789022939    2.166  3.828  3.5037 -0.087    8  0.598  0.412   230.62   121.57    76.80    59.89    49.19  2  -3.3e-07      0.00 6.824e-01 3.043e-01 1.632e-03 2.101e-03 5.281e-03 -1.000 1.329e-02 -4.800 1.882 1.098 -0.179 -2.208 -4.254 -6.688 -7.621 -7.965
0.013 -0.05655 9.00000 2.2837495804 2.5789023238    2.165  3.716  3.5177  0.080    8  0.598  0.412   165.48    89.76    57.49    44.63    36.63  2 -1.03e-07      0.00 6.824e-01 3.043e-01 1.633e-03 2.101e-03 5.281e-03 -1.000 1.329e-02 -4.520 1.860 0.596 -0.831 -2.530 -4.383 -6.363 -7.282 -7.596
0.013 -0.05655 9.00000 2.2837517262 2.5789023910    2.165  3.533  3.5405  0.355    8  0.599  0.413    96.14    54.65    35.79    27.58    22.61  2 -4.12e-08      0.00 6.824e-01 3.043e-01 1.636e-03 2.101e-03 5.281e-03 -1.000 1.329e-02 -4.062 1.817 -0.002 -1.587 -2.873 -4.324 -5.827 -6.720 -6.989
0.013 -0.05655 9.00000 2.2837548256 2.5789024881    2.164  3.477  3.5475  0.438    8  0.599  0.414    81.54    47.02    31.00    23.84    19.53  2 -3.26e-08      0.00 6.824e-01 3.043e-01 1.639e-03 2.101e-03 5.281e-03 -1.000 1.329e-02 -3.923 1.799 -0.116 -1.729 -2.928 -4.249 -5.666 -6.546 -6.804
0.013 -0.05655 9.00000 2.2837593555 2.5789026300    2.162  3.530  3.5408  0.358    8  0.599  0.415    95.51    54.33    35.59    27.43    22.48  2 -4.09e-08      0.00 6.824e-01 3.043e-01 1.643e-03 2.101e-03 5.281e-03 -1.000 1.330e-02 -4.056 1.818 -0.005 -1.591 -2.874 -4.320 -5.820 -6.712 -6.981
0.013 -0.05655 9.00000 2.2837650776 2.5789028093    2.160  3.632  3.5279  0.204    8  0.600  0.416   129.51    71.76    46.42    35.92    29.46  2 -6.28e-08      0.00 6.824e-01 3.043e-01 1.646e-03 2.101e-03 5.281e-03 -1.000 1.330e-02 -4.311 1.844 0.281 -1.230 -2.715 -4.397 -6.119 -7.028 -7.321
0.013 -0.05655 9.00000 2.2837724686 2.5789030408    2.158  3.731  3.5155  0.055    8  0.600  0.416   173.64    93.79    59.95    46.58    38.22  2 -1.22e-07      0.00 6.824e-01 3.043e-01 1.648e-03 2.101e-03 5.281e-03 -1.000 1.330e-02 -4.556 1.870 0.681 -0.722 -2.473 -4.358 -6.406 -7.328 -7.647
0.013 -0.05655 9.00000 2.2837810516 2.5789033097    2.155  3.797  3.5070 -0.046    8  0.601  0.416   212.26   112.67    71.42    55.64    45.69  2 -2.45e-07      0.00 6.824e-01 3.043e-01 1.647e-03 2.101e-03 5.281e-03 -1.000 1.330e-02 -4.724 1.885 0.989 -0.320 -2.274 -4.280 -6.601 -7.531 -7.868
0.013 -0.05655 9.00000 2.2837913036 2.5789036309    2.151  3.832  3.5025 -0.099    8  0.602  0.415   235.58   123.92    78.21    61.02    50.11  2 -3.51e-07      0.00 6.824e-01 3.043e-01 1.642e-03 2.101e-03 5.281e-03 -1.000 1.330e-02 -4.809 1.898 1.157 -0.107 -2.165 -4.225 -6.701 -7.635 -7.981
0.013 -0.05655 9.00000 2.2838032246 2.5789040043    2.147  3.846  3.5005 -0.122    8  0.603  0.412   246.31   129.05    81.29    63.47    52.13  2 -4.09e-07      0.00 6.824e-01 3.043e-01 1.631e-03 2.101e-03 5.281e-03 -1.000 1.329e-02 -4.844 1.908 1.235 -0.008 -2.112 -4.197 -6.741 -7.678 -8.029
0.013 -0.05655 9.00000 2.2838168144 2.5789044300    2.142  3.852  3.4995 -0.133    8  0.605  0.406   251.86   131.69    82.88    64.73    53.17  2  -4.4e-07      0.00 6.825e-01 3.043e-01 1.609e-03 2.101e-03 5.280e-03 -1.000 1.326e-02 -4.860 1.914 1.274 0.040 -2.086 -4.182 -6.760 -7.698 -8.051
0.013 -0.05655 9.00000 2.2838170528 2.5789044375    2.142  3.861  3.4984 -0.146    8  0.605  0.459   258.43   134.82    84.76    66.22    54.39  0 -4.81e-07      0.00 6.819e-01 3.047e-01 1.817e-03 2.099e-03 5.282e-03 -1.000 1.348e-02 -4.881 1.915 1.307 0.080 -2.066 -4.170 -6.785 -7.724 -8.079
0.013 -0.05655 9.00000 2.2838180065 2.5789044674    2.141  3.748  3.5126  0.023    8  0.605  0.459   184.83    99.28    63.28    49.22    40.40  2  -1.5e-07      0.00 6.819e-01 3.047e-01 1.818e-03 2.099e-03 5.282e-03 -1.000 1.348e-02 -4.600 1.886 0.799 -0.570 -2.392 -4.321 -6.459 -7.384 -7.709
0.013 -0.05655 9.00000 2.2838201523 2.5789045346    2.140  3.568  3.5355  0.295    8  0.605  0.459   107.88    60.73    39.57    30.56    25.05  2 -4.93e-08      0.00 6.819e-01 3.047e-01 1.819e-03 2.099e-03 5.282e-03 -1.000 1.348e-02 -4.149 1.840 0.114 -1.443 -2.804 -4.348 -5.932 -6.831 -7.109
0.013 -0.05655 9.00000 2.2838230133 2.5789046242    2.139  3.510  3.5427  0.381    8  0.605  0.460    90.99    51.98    34.11    26.28    21.54  2 -3.88e-08      0.00 6.818e-01 3.047e-01 1.821e-03 2.099e-03 5.282e-03 -1.000 1.349e-02 -4.006 1.823 -0.028 -1.621 -2.879 -4.289 -5.764 -6.653 -6.918
0.013 -0.05655 9.00000 2.2838273048 2.5789047587    2.137  3.562  3.5361  0.302    8  0.605  0.460   106.31    59.92    39.07    30.16    24.73  2 -4.84e-08      0.00 6.818e-01 3.047e-01 1.822e-03 2.099e-03 5.282e-03 -1.000 1.349e-02 -4.136 1.841 0.104 -1.457 -2.809 -4.342 -5.916 -6.814 -7.092
0.013 -0.05655 9.00000 2.2838330269 2.5789049379    2.134  3.661  3.5235  0.152    8  0.606  0.460   142.90    78.49    50.56    39.19    32.15  2 -7.31e-08      0.00 6.818e-01 3.047e-01 1.823e-03 2.099e-03 5.282e-03 -1.000 1.349e-02 -4.382 1.869 0.429 -1.049 -2.622 -4.379 -6.205 -7.118 -7.420
0.013 -0.05655 9.00000 2.2838399410 2.5789051545    2.131  3.754  3.5114  0.010    8  0.607  0.460   189.56   101.58    64.67    50.33    41.31  2 -1.63e-07      0.00 6.818e-01 3.047e-01 1.823e-03 2.099e-03 5.282e-03 -1.000 1.349e-02 -4.616 1.896 0.853 -0.501 -2.353 -4.301 -6.479 -7.406 -7.733
0.013 -0.05655 9.00000 2.2838482857 2.5789054159    2.127  3.818  3.5031 -0.088    8  0.607  0.460   229.71   121.04    76.45    59.65    48.98  2 -3.16e-07      0.00 6.818e-01 3.047e-01 1.821e-03 2.099e-03 5.282e-03 -1.000 1.349e-02 -4.775 1.913 1.152 -0.117 -2.158 -4.211 -6.664 -7.598 -7.943
0.013 -0.05655 9.00000 2.2838582993 2.5789057296    2.123  3.850  3.4988 -0.137    8  0.608  0.458   253.45   132.39    83.28    65.07    53.44  2 -4.44e-07      0.00 6.819e-01 3.047e-01 1.815e-03 2.099e-03 5.282e-03 -1.000 1.348e-02 -4.854 1.929 1.309 0.081 -2.057 -4.156 -6.756 -7.695 -8.049
0.013 -0.05655 9.00000 2.2838697433 2.5789060881    2.118  3.862  3.4970 -0.158    8  0.609  0.455   263.95   137.36    86.26    67.44    55.40  0 -5.09e-07      0.00 6.819e-01 3.046e-01 1.803e-03 2.099e-03 5.282e-03 -1.000 1.347e-02 -4.885 1.935 1.367 0.151 -2.020 -4.134 -6.793 -7.733 -8.091
0.013 -0.05655 9.00000 2.2838828564 2.5789064988    2.112  3.867  3.4961 -0.168    8  0.610  0.450   268.99   139.73    87.68    68.58    56.33  0 -5.41e-07      0.00 6.820e-01 3.046e-01 1.784e-03 2.100e-03 5.282e-03 -1.000 1.345e-02 -4.898 1.941 1.399 0.188 -1.998 -4.120 -6.808 -7.749 -8.109
0.013 -0.05655 9.00000 2.2838830948 2.5789065063    2.111  3.885  3.4937 -0.196    8  0.610  0.522   284.19   146.92    91.98    71.99    59.14  0 -6.54e-07      0.01 6.811e-01 3.052e-01 2.069e-03 2.097e-03 5.284e-03 -1.000 1.375e-02 -4.943 1.952 1.477 0.279 -1.952 -4.091 -6.859 -7.804 -8.169
0.013 -0.05655 9.00000 2.2838840485 2.5789065362    2.111  3.773  3.5082 -0.025    8  0.610  0.522   202.67   107.93    68.51    53.39    43.82  2 -2.04e-07      0.00 6.811e-01 3.052e-01 2.070e-03 2.097e-03 5.284e-03 -1.000 1.375e-02 -4.662 1.914 0.978 -0.342 -2.266 -4.256 -6.535 -7.464 -7.798
0.013 -0.05655 9.00000 2.2838859558 2.5789065959    2.110  3.595  3.5312  0.244    8  0.611  0.522   118.77    66.29    43.01    33.28    27.28  2 -5.76e-08      0.00 6.811e-01 3.052e-01 2.070e-03 2.097e-03 5.284e-03 -1.000 1.375e-02 -4.217 1.866 0.224 -1.308 -2.735 -4.359 -6.014 -6.919 -7.205
0.013 -0.05655 9.00000 2.2838888168 2.5789066855    2.108  3.536  3.5387  0.333    8  0.611  0.522    99.68    56.50    36.93    28.50    23.36  2 -4.52e-08      0.00 6.811e-01 3.052e-01 2.070e-03 2.097e-03 5.284e-03 -1.000 1.375e-02 -4.071 1.849 0.061 -1.515 -2.827 -4.311 -5.842 -6.737 -7.010
0.013 -0.05655 9.00000 2.2838928699 2.5789068125    2.106  3.587  3.5321  0.255    8  0.611  0.522   116.32    65.04    42.24    32.67    26.78  2 -5.61e-08      0.00 6.811e-01 3.052e-01 2.069e-03 2.097e-03 5.284e-03 -1.000 1.375e-02 -4.198 1.866 0.207 -1.330 -2.744 -4.351 -5.992 -6.896 -7.181
0.013 -0.05655 9.00000 2.2838981152 2.5789069768    2.103  3.683  3.5196  0.108    8  0.612  0.522   155.37    84.69    54.35    42.20    34.62  2 -8.36e-08      0.00 6.811e-01 3.052e-01 2.068e-03 2.097e-03 5.284e-03 -1.000 1.375e-02 -4.437 1.898 0.570 -0.877 -2.530 -4.353 -6.273 -7.191 -7.501
0.013 -0.05655 9.00000 2.2839045525 2.5789071784    2.099  3.773  3.5077 -0.031    8  0.612  0.521   204.53   108.81    69.04    53.81    44.17  2 -2.09e-07      0.00 6.811e-01 3.051e-01 2.066e-03 2.097e-03 5.284e-03 -1.000 1.374e-02 -4.663 1.923 1.006 -0.308 -2.244 -4.241 -6.538 -7.468 -7.803
0.013 -0.05655 9.00000 2.2839124203 2.5789074249    2.095  3.834  3.4996 -0.125    8  0.613  0.520   246.38   128.92    81.17    63.43    52.09  2 -3.96e-07      0.00 6.811e-01 3.051e-01 2.061e-03 2.097e-03 5.284e-03 -1.000 1.374e-02 -4.815 1.946 1.307 0.075 -2.047 -4.140 -6.716 -7.653 -8.005
0.013 -0.05655 9.00000 2.2839217186 2.5789077161    2.089  3.864  3.4954 -0.173    8  0.614  0.518   270.99   140.59    88.17    69.00    56.67  0 -5.47e-07      0.00 6.811e-01 3.051e-01 2.054e-03 2.097e-03 5.284e-03 -1.000 1.373e-02 -4.891 1.958 1.437 0.231 -1.967 -4.093 -6.803 -7.746 -8.106
0.013 -0.05655 9.00000 2.2839324474 2.5789080522    2.083  3.876  3.4936 -0.193    8  0.614  0.515   281.90   145.71    91.23    71.44    58.67  0 -6.25e-07      0.01 6.812e-01 3.051e-01 2.041e-03 2.097e-03 5.284e-03 -1.000 1.372e-02 -4.921 1.970 1.500 0.304 -1.927 -4.067 -6.838 -7.782 -8.147
0.013 -0.05655 9.00000 2.2839448452 2.5789084405    2.076  3.881  3.4927 -0.203    8  0.615  0.511   287.21   148.18    92.70    72.61    59.64  0 -6.64e-07      0.01 6.812e-01 3.051e-01 2.024e-03 2.097e-03 5.284e-03 -1.000 1.370e-02 -4.932 1.979 1.534 0.344 -1.904 -4.051 -6.852 -7.797 -8.164
0.013 -0.05655 9.00000 2.2839450836 2.5789084480    2.076  3.907  3.4892 -0.244    8  0.615  0.596   311.31   159.47    99.43    77.97    64.05  0 -8.75e-07      0.01 6.802e-01 3.057e-01 2.364e-03 2.094e-03 5.286e-03 -1.000 1.406e-02 -4.999 1.995 1.642 0.461 -1.844 -4.013 -6.928 -7.877 -8.252
0.013 -0.05655 9.00000 2.2839460373 2.5789084778    2.075  3.795  3.5040 -0.072    8  0.616  0.596   221.43   116.91    73.92    57.70    47.37  2 -2.72e-07      0.00 6.802e-01 3.057e-01 2.363e-03 2.094e-03 5.286e-03 -1.000 1.406e-02 -4.717 1.944 1.154 -0.122 -2.142 -4.182 -6.604 -7.538 -7.880
0.013 -0.05655 9.00000 2.2839477062 2.5789085301    2.074  3.619  3.5271  0.196    8  0.616  0.596   130.17    72.06    46.56    36.09    29.59  2 -6.71e-08      0.00 6.802e-01 3.057e-01 2.363e-03 2.094e-03 5.286e-03 -1.000 1.406e-02 -4.278 1.893 0.354 -1.149 -2.652 -4.347 -6.090 -6.999 -7.294
0.013 -0.05655 9.00000 2.2839503288 2.5789086123    2.072  3.560  3.5349  0.286    8  0.616  0.596   108.79    61.19    39.83    30.80    25.24  2 -5.26e-08      0.00 6.802e-01 3.057e-01 2.362e-03 2.094e-03 5.286e-03 -1.000 1.405e-02 -4.130 1.875 0.161 -1.393 -2.763 -4.320 -5.914 -6.814 -7.094
0.013 -0.05655 9.00000 2.2839541435 2.5789087317    2.069  3.610  3.5281  0.208    8  0.616  0.595   126.91    70.41    45.54    35.29    28.93  2 -6.51e-08      0.00 6.802e-01 3.057e-01 2.360e-03 2.094e-03 5.286e-03 -1.000 1.405e-02 -4.255 1.894 0.326 -1.186 -2.667 -4.345 -6.063 -6.971 -7.264
0.013 -0.05655 9.00000 2.2839591503 2.5789088886    2.066  3.703  3.5157  0.064    8  0.617  0.595   168.73    91.26    58.34    45.38    37.23  2 -1.07e-07      0.00 6.802e-01 3.057e-01 2.357e-03 2.094e-03 5.286e-03 -1.000 1.405e-02 -4.488 1.927 0.736 -0.667 -2.413 -4.295 -6.337 -7.259 -7.577
0.013 -0.05655 9.00000 2.2839651108 2.5789090753    2.061  3.791  3.5039 -0.071    8  0.617  0.593   220.84   116.59    73.72    57.55    47.24  2 -2.68e-07      0.00 6.802e-01 3.057e-01 2.353e-03 2.094e-03 5.286e-03 -1.000 1.405e-02 -4.708 1.954 1.167 -0.108 -2.129 -4.170 -6.595 -7.529 -7.871
0.013 -0.05655 9.00000 2.2839725018 2.5789093068    2.056  3.850  3.4959 -0.163    8  0.618  0.592   264.93   137.59    86.34    67.58    55.50  0 -4.98e-07      0.00 6.802e-01 3.057e-01 2.346e-03 2.094e-03 5.286e-03 -1.000 1.404e-02 -4.855 1.977 1.443 0.236 -1.951 -4.073 -6.766 -7.707 -8.067
0.013 -0.05655 9.00000 2.2839813232 2.5789095831    2.049  3.879  3.4917 -0.211    8  0.618  0.589   290.93   149.80    93.64    73.39    60.28  0 -6.83e-07      0.01 6.803e-01 3.057e-01 2.337e-03 2.094e-03 5.285e-03 -1.000 1.403e-02 -4.928 1.998 1.584 0.401 -1.864 -4.017 -6.851 -7.797 -8.166
0.013 -0.05655 9.00000 2.2839913368 2.5789098967    2.042  3.891  3.4899 -0.231    8  0.619  0.586   302.76   155.30    96.91    76.01    62.43  0  -7.8e-07      0.01 6.803e-01 3.057e-01 2.324e-03 2.095e-03 5.285e-03 -1.000 1.401e-02 -4.957 2.012 1.650 0.475 -1.823 -3.989 -6.885 -7.833 -8.206
0.013 -0.05655 9.00000 2.2840027809 2.5789102551    2.034  3.896  3.4889 -0.242    8  0.620  0.582   308.88   158.10    98.57    77.35    63.53  0 -8.32e-07      0.01 6.804e-01 3.056e-01 2.305e-03 2.095e-03 5.285e-03 -1.000 1.400e-02 -4.969 2.020 1.674 0.494 -1.811 -3.980 -6.899 -7.848 -8.223
0.013 -0.05655 9.00000 2.2840030193 2.5789102626    2.034  3.929  3.4843 -0.294    8  0.620  0.678   342.50   173.68   107.83    84.73    69.61  0 -1.18e-06      0.02 6.792e-01 3.064e-01 2.687e-03 2.091e-03 5.287e-03 -1.000 1.440e-02 -5.054 2.052 1.775 0.568 -1.773 -3.956 -6.993 -7.948 -8.333
0.013 -0.05655 9.00000 2.2840039730 2.5789102925    2.033  3.817  3.4994 -0.121    8  0.620  0.677   243.10   127.15    80.05    62.61    51.40  2 -3.67e-07      0.00 6.792e-01 3.064e-01 2.686e-03 2.091e-03 5.287e-03 -1.000 1.440e-02 -4.772 1.982 1.352 0.123 -2.000 -4.094 -6.674 -7.611 -7.963
0.013 -0.05655 9.00000 2.2840056419 2.5789103447    2.031  3.644  3.5225  0.144    8  0.620  0.677   143.35    78.64    50.59    39.29    32.22  2 -7.89e-08      0.00 6.792e-01 3.064e-01 2.685e-03 2.091e-03 5.287e-03 -1.000 1.440e-02 -4.339 1.930 0.517 -0.953 -2.545 -4.318 -6.165 -7.080 -7.384
0.013 -0.05655 9.00000 2.2840082645 2.5789104269    2.029  3.583  3.5306  0.236    8  0.621  0.677   119.35    66.57    43.15    33.43    27.40  2 -6.17e-08      0.00 6.792e-01 3.064e-01 2.684e-03 2.091e-03 5.287e-03 -1.000 1.439e-02 -4.188 1.910 0.281 -1.248 -2.685 -4.321 -5.987 -6.893 -7.180
0.013 -0.05655 9.00000 2.2840118408 2.5789105389    2.025  3.633  3.5238  0.159    8  0.621  0.676   139.23    76.58    49.32    38.30    31.40  2 -7.62e-08      0.00 6.792e-01 3.064e-01 2.682e-03 2.091e-03 5.287e-03 -1.000 1.439e-02 -4.312 1.930 0.483 -0.996 -2.563 -4.315 -6.134 -7.048 -7.349
0.013 -0.05655 9.00000 2.2840168476 2.5789106957    2.020  3.724  3.5114  0.017    8  0.621  0.676   184.41    98.87    62.95    49.06    40.25  2 -1.43e-07      0.00 6.792e-01 3.064e-01 2.679e-03 2.091e-03 5.287e-03 -1.000 1.439e-02 -4.540 1.966 0.926 -0.426 -2.277 -4.225 -6.403 -7.329 -7.656
0.013 -0.05655 9.00000 2.2840228081 2.5789108824    2.015  3.809  3.4997 -0.116    8  0.622  0.674   240.15   125.69    79.16    61.92    50.83  2 -3.49e-07      0.00 6.792e-01 3.064e-01 2.674e-03 2.091e-03 5.287e-03 -1.000 1.438e-02 -4.753 1.994 1.355 0.124 -1.993 -4.083 -6.654 -7.591 -7.942
0.013 -0.05655 9.00000 2.2840299606 2.5789111064    2.008  3.866  3.4917 -0.206    8  0.622  0.673   287.10   147.80    92.40    72.47    59.51  0 -6.39e-07      0.01 6.792e-01 3.064e-01 2.668e-03 2.091e-03 5.287e-03 -1.000 1.438e-02 -4.895 2.020 1.607 0.426 -1.836 -3.988 -6.818 -7.764 -8.132
0.013 -0.05655 9.00000 2.2840385437 2.5789113752    2.000  3.894  3.4876 -0.253    8  0.623  0.671   314.92   160.71   100.09    78.60    64.56  0 -8.72e-07      0.01 6.793e-01 3.064e-01 2.659e-03 2.091e-03 5.286e-03 -1.000 1.437e-02 -4.966 2.042 1.720 0.535 -1.778 -3.949 -6.901 -7.850 -8.227
0.013 -0.05655 9.00000 2.2840485573 2.5789116888    1.990  3.906  3.4857 -0.274    8  0.624  0.667   327.96   166.69   103.63    81.44    66.89  0 -9.96e-07      0.01 6.793e-01 3.063e-01 2.646e-03 2.091e-03 5.286e-03 -1.000 1.435e-02 -4.994 2.063 1.769 0.573 -1.755 -3.932 -6.932 -7.885 -8.266
0.013 -0.05655 9.00000 2.2840597630 2.5789120398    1.979  3.911  3.4846 -0.285    8  0.625  0.663   335.14   169.93   105.54    82.98    68.16  0 -1.07e-06      0.01 6.794e-01 3.063e-01 2.630e-03 2.092e-03 5.286e-03 -1.000 1.434e-02 -5.006 2.078 1.800 0.598 -1.738 -3.919 -6.947 -7.900 -8.284
0.013 -0.05655 9.00000 2.2840600014 2.5789120472    1.979  3.951  3.4791 -0.348    8  0.625  0.767   366.13   190.36   117.62    92.64    76.11  0 -1.63e-06      0.03 6.780e-01 3.072e-01 3.043e-03 2.087e-03 5.287e-03 -1.000 1.477e-02 -5.108 2.138 1.935 0.693 -1.687 -3.887 -7.057 -8.018 -8.416
0.013 -0.05655 9.00000 2.2840607166 2.5789120696    1.978  3.839  3.4943 -0.175    8  0.625  0.767   269.08   139.21    87.24    68.39    56.15  0 -5.07e-07      0.00 6.780e-01 3.072e-01 3.043e-03 2.087e-03 5.287e-03 -1.000 1.477e-02 -4.827 2.026 1.541 0.345 -1.867 -4.000 -6.744 -7.686 -8.048
0.013 -0.05655 9.00000 2.2840623856 2.5789121219    1.976  3.667  3.5175  0.088    8  0.625  0.767   159.17    86.43    55.33    43.08    35.32  2 -9.44e-08      0.00 6.780e-01 3.072e-01 3.041e-03 2.087e-03 5.287e-03 -1.000 1.477e-02 -4.398 1.977 0.724 -0.698 -2.401 -4.256 -6.242 -7.162 -7.476
0.013 -0.05655 9.00000 2.2840650082 2.5789122040    1.973  3.606  3.5257  0.182    8  0.625  0.766   132.05    72.94    47.05    36.54    29.95  2 -7.37e-08      0.00 6.780e-01 3.072e-01 3.039e-03 2.087e-03 5.287e-03 -1.000 1.477e-02 -4.245 1.955 0.455 -1.039 -2.568 -4.287 -6.061 -6.972 -7.269
0.013 -0.05655 9.00000 2.2840683460 2.5789123086    1.968  3.655  3.5188  0.104    8  0.626  0.766   154.09    83.91    53.79    41.86    34.32  2 -9.08e-08      0.00 6.781e-01 3.072e-01 3.036e-03 2.088e-03 5.287e-03 -1.000 1.477e-02 -4.368 1.979 0.679 -0.758 -2.429 -4.263 -6.207 -7.126 -7.437
0.013 -0.05655 9.00000 2.2840728760 2.5789124505    1.962  3.744  3.5065 -0.036    8  0.626  0.765   203.43   107.95    68.41    53.45    43.85  2 -1.95e-07      0.00 6.781e-01 3.072e-01 3.032e-03 2.088e-03 5.287e-03 -1.000 1.476e-02 -4.591 2.010 1.137 -0.162 -2.123 -4.133 -6.470 -7.401 -7.738
0.013 -0.05655 9.00000 2.2840785980 2.5789126297    1.954  3.827  3.4948 -0.167    8  0.626  0.763   263.86   136.65    85.68    67.18    55.15  0 -4.68e-07      0.00 6.781e-01 3.072e-01 3.026e-03 2.088e-03 5.287e-03 -1.000 1.476e-02 -4.798 2.041 1.541 0.343 -1.860 -3.988 -6.713 -7.655 -8.016
0.013 -0.05655 9.00000 2.2840855122 2.5789128462    1.946  3.882  3.4869 -0.256    8  0.627  0.761   314.71   160.28    99.77    78.43    64.40  0 -8.45e-07      0.01 6.781e-01 3.071e-01 3.018e-03 2.088e-03 5.287e-03 -1.000 1.475e-02 -4.935 2.073 1.766 0.581 -1.734 -3.907 -6.873 -7.823 -8.200
0.013 -0.05655 9.00000 2.2840936184 2.5789131001    1.935  3.910  3.4826 -0.303    8  0.628  0.759   340.46   174.25   108.04    85.05    69.85  0 -1.15e-06      0.02 6.781e-01 3.071e-01 3.008e-03 2.088e-03 5.287e-03 -1.000 1.474e-02 -5.004 2.110 1.869 0.659 -1.688 -3.874 -6.951 -7.906 -8.293
0.013 -0.05655 9.00000 2.2841029167 2.5789133913    1.923  3.921  3.4805 -0.325    8  0.628  0.755   350.09   181.02   112.03    88.26    72.49  0 -1.31e-06      0.02 6.782e-01 3.071e-01 2.994e-03 2.088e-03 5.287e-03 -1.000 1.472e-02 -5.032 2.136 1.927 0.703 -1.660 -3.852 -6.982 -7.940 -8.332
0.013 -0.05655 9.00000 2.2841136456 2.5789137273    1.909  3.925  3.4792 -0.338    8  0.629  0.751   355.49   185.03   114.38    90.17    74.06  0 -1.42e-06      0.02 6.782e-01 3.070e-01 2.977e-03 2.088e-03 5.287e-03 -1.000 1.470e-02 -5.044 2.157 1.965 0.732 -1.639 -3.835 -6.997 -7.956 -8.351
0.013 -0.05655 9.00000 2.2841138840 2.5789137347    1.909  3.972  3.4727 -0.411    8  0.629  0.861   393.47   211.14   129.75   102.48    84.20  0 -2.31e-06      0.04 6.768e-01 3.080e-01 3.415e-03 2.084e-03 5.287e-03 -1.000 1.517e-02 -5.161 2.248 2.111 0.825 -1.593 -3.813 -7.120 -8.088 -8.501
0.013 -0.05655 9.00000 2.2841145992 2.5789137571    1.907  3.860  3.4882 -0.237    8  0.629  0.861   302.05   154.19    96.10    75.56    62.03  0 -7.19e-07      0.01 6.768e-01 3.080e-01 3.414e-03 2.084e-03 5.287e-03 -1.000 1.517e-02 -4.880 2.086 1.761 0.587 -1.715 -3.884 -6.815 -7.764 -8.137
0.013 -0.05655 9.00000 2.2841162682 2.5789138094    1.904  3.691  3.5115  0.025    8  0.629  0.861   178.96    95.98    61.11    47.71    39.12  2 -1.24e-07      0.00 6.768e-01 3.080e-01 3.412e-03 2.084e-03 5.287e-03 -1.000 1.516e-02 -4.456 2.040 1.000 -0.351 -2.198 -4.144 -6.319 -7.246 -7.572
0.013 -0.05655 9.00000 2.2841186523 2.5789138841    1.900  3.628  3.5199  0.120    8  0.630  0.860   147.87    80.74    51.80    40.35    33.07  2 -9.01e-08      0.00 6.768e-01 3.080e-01 3.409e-03 2.084e-03 5.287e-03 -1.000 1.516e-02 -4.300 2.020 0.684 -0.765 -2.409 -4.226 -6.135 -7.053 -7.362
0.013 -0.05655 9.00000 2.2841219902 2.5789139886    1.894  3.677  3.5130  0.043    8  0.630  0.859   172.61    92.86    59.21    46.21    37.89  2 -1.11e-07      0.00 6.769e-01 3.080e-01 3.405e-03 2.084e-03 5.287e-03 -1.000 1.516e-02 -4.422 2.043 0.950 -0.419 -2.229 -4.152 -6.280 -7.205 -7.528
0.013 -0.05655 9.00000 2.2841265202 2.5789141304    1.886  3.764  3.5006 -0.095    8  0.630  0.857   227.16   119.04    75.04    58.80    48.24  2 -2.73e-07      0.00 6.769e-01 3.080e-01 3.399e-03 2.084e-03 5.287e-03 -1.000 1.515e-02 -4.639 2.075 1.407 0.170 -1.923 -4.001 -6.537 -7.474 -7.822
0.013 -0.05655 9.00000 2.2841320038 2.5789143022    1.877  3.844  3.4892 -0.224    8  0.631  0.855   293.32   149.96    93.55    73.56    60.38  0 -6.43e-07      0.00 6.769e-01 3.080e-01 3.391e-03 2.084e-03 5.287e-03 -1.000 1.514e-02 -4.840 2.104 1.762 0.593 -1.701 -3.867 -6.772 -7.720 -8.091
0.013 -0.05655 9.00000 2.2841386795 2.5789145112    1.865  3.897  3.4814 -0.311    8  0.631  0.853   339.15   175.21   108.52    85.55    70.24  0 -1.14e-06      0.01 6.769e-01 3.079e-01 3.382e-03 2.084e-03 5.287e-03 -1.000 1.513e-02 -4.973 2.145 1.931 0.719 -1.632 -3.819 -6.925 -7.880 -8.268
0.013 -0.05655 9.00000 2.2841463089 2.5789147502    1.851  3.923  3.4772 -0.357    8  0.632  0.850   360.66   190.08   117.28    92.59    76.03  0 -1.54e-06      0.02 6.770e-01 3.079e-01 3.371e-03 2.084e-03 5.287e-03 -1.000 1.512e-02 -5.038 2.186 2.024 0.783 -1.596 -3.797 -6.998 -7.958 -8.355
0.013 -0.05655 9.00000 2.2841556072 2.5789150413    1.836  3.933  3.4752 -0.379    8  0.633  0.847   370.66   197.32   121.52    96.02    78.85  0 -1.76e-06      0.03 6.770e-01 3.079e-01 3.357e-03 2.084e-03 5.287e-03 -1.000 1.511e-02 -5.064 2.234 2.086 0.827 -1.568 -3.777 -7.024 -7.987 -8.390
0.013 -0.05655 9.00000 2.2841658592 2.5789153624    1.818  3.938  3.4740 -0.392    8  0.634  0.843   376.26   201.64   124.03    98.08    80.54  0  -1.9e-06      0.03 6.771e-01 3.078e-01 3.342e-03 2.084e-03 5.287e-03 -1.000 1.509e-02 -5.074 2.268 2.129 0.859 -1.546 -3.760 -7.035 -8.000 -8.407
0.013 -0.05655 9.00000 2.2841660976 2.5789153699    1.817  3.991  3.4666 -0.475    8  0.634  0.955   422.51   234.08   143.02   113.34    93.11  0 -3.31e-06      0.14 6.756e-01 3.088e-01 3.786e-03 2.080e-03 5.286e-03 -1.000 1.556e-02 -5.206 2.835 2.594 1.171 -1.360 -3.629 -7.111 -8.115 -8.576
0.013 -0.05655 9.00000 2.2841668129 2.5789153922    1.815  3.878  3.4821 -0.301    8  0.634  0.955   330.80   170.94   105.93    83.56    68.59  0 -1.03e-06      0.02 6.756e-01 3.088e-01 3.785e-03 2.080e-03 5.286e-03 -1.000 1.556e-02 -4.926 2.222 1.980 0.763 -1.590 -3.779 -6.870 -7.828 -8.217
0.013 -0.05655 9.00000 2.2841682434 2.5789154370    1.811  3.711  3.5052 -0.042    8  0.634  0.954   202.39   106.99    67.71    53.05    43.49  2 -1.81e-07      0.00 6.756e-01 3.088e-01 3.783e-03 2.080e-03 5.286e-03 -1.000 1.556e-02 -4.507 2.113 1.284 0.000 -1.988 -4.012 -6.390 -7.323 -7.662
0.013 -0.05655 9.00000 2.2841706276 2.5789155117    1.806  3.648  3.5137  0.054    8  0.634  0.954   166.86    89.87    57.32    44.80    36.71  2 -1.13e-07      0.00 6.756e-01 3.088e-01 3.781e-03 2.080e-03 5.286e-03 -1.000 1.555e-02 -4.349 2.099 0.981 -0.395 -2.188 -4.099 -6.204 -7.129 -7.450
0.013 -0.05655 9.00000 2.2841737270 2.5789156088    1.797  3.696  3.5069 -0.024    8  0.634  0.953   194.73   103.28    65.46    51.27    42.03  2 -1.59e-07      0.00 6.756e-01 3.088e-01 3.777e-03 2.080e-03 5.286e-03 -1.000 1.555e-02 -4.469 2.118 1.232 -0.070 -2.020 -4.024 -6.347 -7.278 -7.614
0.013 -0.05655 9.00000 2.2841780186 2.5789157432    1.787  3.781  3.4951 -0.158    8  0.635  0.951   254.74   131.54    82.45    64.83    53.17  0 -3.93e-07      0.00 6.756e-01 3.088e-01 3.771e-03 2.080e-03 5.286e-03 -1.000 1.554e-02 -4.682 2.150 1.641 0.441 -1.755 -3.880 -6.596 -7.538 -7.898
0.013 -0.05655 9.00000 2.2841832638 2.5789159074    1.774  3.859  3.4846 -0.282    8  0.635  0.949   318.97   164.16   101.86    80.37    65.96  0 -9.07e-07      0.02 6.757e-01 3.088e-01 3.764e-03 2.080e-03 5.286e-03 -1.000 1.554e-02 -4.878 2.217 1.936 0.732 -1.605 -3.787 -6.816 -7.771 -8.155
0.013 -0.05655 9.00000 2.2841894627 2.5789161015    1.758  3.911  3.4778 -0.364    8  0.636  0.947   357.14   190.11   117.16    92.68    76.07  0 -1.59e-06      0.05 6.757e-01 3.088e-01 3.756e-03 2.080e-03 5.286e-03 -1.000 1.553e-02 -5.006 2.355 2.140 0.871 -1.530 -3.739 -6.947 -7.914 -8.322
0.013 -0.05655 9.00000 2.2841970921 2.5789163404    1.740  3.936  3.4746 -0.407    8  0.636  0.945   377.89   204.79   125.76    99.63    81.79  0 -2.14e-06      0.07 6.757e-01 3.088e-01 3.745e-03 2.080e-03 5.286e-03 -1.000 1.552e-02 -5.070 2.504 2.280 0.963 -1.480 -3.707 -7.000 -7.978 -8.402
0.013 -0.05655 9.00000 2.2842056751 2.5789166092    1.719  3.946  3.4736 -0.426    8  0.637  0.941   386.67   211.42   129.61   102.77    84.36  0 -2.46e-06      0.09 6.758e-01 3.087e-01 3.732e-03 2.080e-03 5.286e-03 -1.000 1.550e-02 -5.095 2.584 2.347 1.006 -1.457 -3.692 -7.016 -8.000 -8.433
0.013 -0.05655 9.00000 2.2842154503 2.5789169153    1.695  3.950  3.4734 -0.437    8  0.638  0.937   390.82   214.90   131.61   104.43    85.72  0 -2.68e-06      0.10 6.758e-01 3.087e-01 3.716e-03 2.080e-03 5.286e-03 -1.000 1.549e-02 -5.105 2.636 2.384 1.029 -1.445 -3.684 -7.021 -8.008 -8.445
0.013 -0.05655 9.00000 2.2842156887 2.5789169228    1.695  4.009  3.4662 -0.525    8  0.638  1.052   442.76   251.75   153.08   121.75    99.98  0 -4.92e-06      0.00 6.743e-01 3.097e-01 4.171e-03 2.076e-03 5.286e-03  7.408 1.597e-02 -5.252 2.756 -0.182 -2.511 -3.928 -5.143 -6.929 -8.001 -8.444
0.013 -0.05655 9.00000 2.2842164040 2.5789169452    1.695  3.897  3.4796 -0.360    8  0.638  1.052   349.78   186.71   115.07    91.12    74.77  0 -1.55e-06      0.00 6.743e-01 3.097e-01 4.170e-03 2.076e-03 5.286e-03  7.406 1.597e-02 -4.972 2.596 -0.215 -2.449 -3.783 -4.928 -6.643 -7.700 -8.117
0.013 -0.05655 9.00000 2.2842175961 2.5789169825    1.695  3.731  3.4997 -0.114    8  0.638  1.051   230.34   119.67    75.24    59.19    48.52  0 -2.79e-07      0.00 6.743e-01 3.097e-01 4.168e-03 2.076e-03 5.286e-03  7.401 1.597e-02 -4.558 2.375 -0.260 -2.356 -3.573 -4.614 -6.218 -7.233 -7.609
0.013 -0.05655 9.00000 2.2842197418 2.5789170497    1.694  3.667  3.5077 -0.018    8  0.638  1.050   189.87   100.60    63.75    50.02    40.98  1 -1.44e-07      0.00 6.743e-01 3.097e-01 4.164e-03 2.076e-03 5.286e-03  7.393 1.596e-02 -4.398 2.308 -0.274 -2.321 -3.494 -4.496 -6.057 -7.049 -7.410
0.013 -0.05655 9.00000 2.2842228413 2.5789171467    1.694  3.715  3.5016 -0.090    8  0.639  1.049   219.61   114.64    72.22    56.78    46.54  0 -2.37e-07      0.00 6.744e-01 3.097e-01 4.159e-03 2.076e-03 5.286e-03  7.381 1.596e-02 -4.519 2.359 -0.263 -2.347 -3.553 -4.584 -6.178 -7.187 -7.560
0.013 -0.05655 9.00000 2.2842266560 2.5789172662    1.694  3.799  3.4906 -0.218    8  0.639  1.047   284.18   144.51    90.09    71.07    58.28  0 -5.65e-07      0.00 6.744e-01 3.097e-01 4.152e-03 2.076e-03 5.286e-03  7.365 1.595e-02 -4.728 2.481 -0.228 -2.383 -3.650 -4.737 -6.392 -7.429 -7.824
0.013 -0.05655 9.00000 2.2842314243 2.5789174155    1.694  3.876  3.4797 -0.338    8  0.639  1.045   339.16   179.57   110.86    87.73    71.99  0 -1.26e-06      0.00 6.744e-01 3.096e-01 4.143e-03 2.076e-03 5.286e-03  7.344 1.594e-02 -4.919 2.626 -0.172 -2.401 -3.732 -4.875 -6.589 -7.647 -8.063
0.013 -0.05655 9.00000 2.2842373848 2.5789176021    1.694  3.926  3.4716 -0.421    8  0.640  1.042   381.59   208.52   127.87   101.42    83.25  0 -2.14e-06      0.00 6.744e-01 3.096e-01 4.132e-03 2.076e-03 5.286e-03  7.316 1.593e-02 -5.045 2.732 -0.119 -2.399 -3.776 -4.961 -6.715 -7.785 -8.215
0.013 -0.05655 9.00000 2.2842442989 2.5789178186    1.693  3.951  3.4667 -0.466    8  0.641  1.039   406.92   226.23   138.22   109.77    90.11  0 -2.81e-06      0.00 6.745e-01 3.096e-01 4.118e-03 2.076e-03 5.286e-03  7.280 1.591e-02 -5.109 2.869 -0.061 -2.380 -3.788 -4.999 -6.782 -7.860 -8.299
0.013 -0.05655 9.00000 2.2842521667 2.5789180650    1.693  3.962  3.4637 -0.488    8  0.641  1.035   420.03   235.52   143.64   114.13    93.71  0 -3.15e-06      0.00 6.745e-01 3.096e-01 4.103e-03 2.077e-03 5.286e-03  7.233 1.590e-02 -5.135 3.024 0.003 -2.347 -3.777 -5.003 -6.811 -7.897 -8.340
0.013 -0.05655 9.00000 2.2842612267 2.5789183487    1.693  3.967  3.4616 -0.502    8  0.642  1.030   428.18   241.34   147.02   116.87    95.96  0 -3.34e-06      0.00 6.746e-01 3.095e-01 4.084e-03 2.077e-03 5.286e-03  7.170 1.588e-02 -5.147 3.192 0.071 -2.307 -3.755 -4.993 -6.825 -7.921 -8.365
0.013 -0.05655 9.00000 2.2842614651 2.5789183562    1.693  4.031  3.4508 -0.609    8  0.642  1.147   498.76   292.85   176.86   140.98   115.82  0 -6.57e-06      0.10 6.731e-01 3.106e-01 4.547e-03 2.072e-03 5.285e-03  7.858 1.637e-02 -5.307 3.476 0.307 -2.152 -3.691 -5.004 -6.917 -8.033 -8.560
0.013 -0.05655 9.00000 2.2842621803 2.5789183786    1.692  3.919  3.4698 -0.421    8  0.642  1.147   381.85   208.74   127.99   101.52    83.33  0 -2.02e-06      0.02 6.731e-01 3.106e-01 4.545e-03 2.072e-03 5.285e-03  7.857 1.637e-02 -5.028 2.840 -0.028 -2.323 -3.715 -4.912 -6.683 -7.763 -8.206
0.013 -0.05655 9.00000 2.2842633724 2.5789184159    1.692  3.755  3.4977 -0.146    8  0.642  1.146   245.77   126.83    79.53    62.63    51.34  0 -3.57e-07      0.00 6.731e-01 3.106e-01 4.543e-03 2.072e-03 5.285e-03  7.855 1.637e-02 -4.618 2.382 -0.273 -2.383 -3.612 -4.663 -6.279 -7.298 -7.679
0.013 -0.05655 9.00000 2.2842655182 2.5789184831    1.692  3.690  3.5087 -0.037    8  0.642  1.145   197.33   104.13    65.88    51.72    42.38  1  -1.8e-07      0.00 6.731e-01 3.105e-01 4.539e-03 2.072e-03 5.285e-03  7.852 1.636e-02 -4.455 2.248 -0.344 -2.389 -3.560 -4.558 -6.115 -7.102 -7.463
0.013 -0.05655 9.00000 2.2842686176 2.5789185801    1.692  3.738  3.5002 -0.118    8  0.643  1.144   232.45   120.64    75.82    59.66    48.90  0 -2.97e-07      0.00 6.731e-01 3.105e-01 4.533e-03 2.072e-03 5.285e-03  7.848 1.635e-02 -4.574 2.353 -0.284 -2.378 -3.593 -4.632 -6.234 -7.246 -7.622
0.013 -0.05655 9.00000 2.2842724323 2.5789186996    1.692  3.819  3.4855 -0.259    8  0.643  1.142   302.85   155.60    96.68    76.35    62.63  0 -7.09e-07      0.00 6.731e-01 3.105e-01 4.525e-03 2.072e-03 5.285e-03  7.842 1.635e-02 -4.778 2.573 -0.170 -2.356 -3.651 -4.763 -6.445 -7.493 -7.897
0.013 -0.05655 9.00000 2.2842772007 2.5789188489    1.692  3.894  3.4716 -0.389    8  0.643  1.139   364.35   196.70   120.93    95.84    78.65  0 -1.56e-06      0.01 6.732e-01 3.105e-01 4.516e-03 2.072e-03 5.285e-03  7.835 1.634e-02 -4.964 2.809 -0.032 -2.308 -3.684 -4.869 -6.626 -7.700 -8.135
0.013 -0.05655 9.00000 2.2842829227 2.5789190280    1.692  3.942  3.4619 -0.476    8  0.644  1.136   412.82   230.44   140.68   111.75    91.75  0 -2.63e-06      0.02 6.732e-01 3.105e-01 4.505e-03 2.073e-03 5.285e-03  7.826 1.632e-02 -5.085 3.053 0.088 -2.258 -3.697 -4.934 -6.748 -7.836 -8.297
0.013 -0.05655 9.00000 2.2842898369 2.5789192445    1.691  3.966  3.4562 -0.523    8  0.645  1.133   441.28   250.78   152.50   121.30    99.61  0 -3.41e-06      0.03 6.733e-01 3.104e-01 4.491e-03 2.073e-03 5.285e-03  7.815 1.631e-02 -5.145 3.211 0.176 -2.212 -3.688 -4.956 -6.804 -7.898 -8.377
0.013 -0.05655 9.00000 2.2842977047 2.5789194909    1.691  3.976  3.4529 -0.546    8  0.645  1.129   455.90   261.36   158.65   126.26   103.69  0  -3.8e-06      0.03 6.733e-01 3.104e-01 4.475e-03 2.073e-03 5.285e-03  7.801 1.629e-02 -5.169 3.301 0.230 -2.179 -3.676 -4.961 -6.827 -7.923 -8.410
0.013 -0.05655 9.00000 2.2843067646 2.5789197746    1.691  3.980  3.4502 -0.561    8  0.646  1.124   465.50   268.36   162.70   129.54   106.39  0 -4.01e-06      0.03 6.734e-01 3.104e-01 4.457e-03 2.073e-03 5.285e-03  7.786 1.627e-02 -5.179 3.366 0.272 -2.152 -3.664 -4.961 -6.839 -7.936 -8.427
0.013 -0.05655 9.00000 2.2843070030 2.5789197820    1.690  4.049  3.4371 -0.682    8  0.646  1.242   504.99    -1.00    -1.00    -1.00    -1.00  0 -8.38e-06      0.56 6.718e-01 3.114e-01 4.922e-03 2.068e-03 5.284e-03  8.075 1.677e-02 -5.352 5.293 1.619 -1.108 -2.888 -4.372 -6.592 -7.852 -8.612
0.013 -0.05655 9.00000 2.2843074799 2.5789197970    1.690  3.937  3.4584 -0.486    8  0.646  1.242   418.50   234.50   143.04   113.66    93.32  0 -2.56e-06      0.10 6.718e-01 3.114e-01 4.920e-03 2.068e-03 5.284e-03  8.075 1.677e-02 -5.074 3.404 0.349 -2.048 -3.533 -4.804 -6.678 -7.795 -8.305
0.013 -0.05655 9.00000 2.2843089104 2.5789198417    1.690  3.775  3.4893 -0.200    8  0.646  1.241   274.06   139.85    87.31    68.85    56.46  0 -4.53e-07      0.01 6.718e-01 3.114e-01 4.917e-03 2.068e-03 5.284e-03  8.073 1.677e-02 -4.668 2.578 -0.130 -2.291 -3.565 -4.658 -6.324 -7.369 -7.771
0.013 -0.05655 9.00000 2.2843108177 2.5789199015    1.690  3.709  3.5015 -0.085    8  0.647  1.240   217.48   113.63    71.61    56.29    46.14  0 -2.25e-07      0.00 6.718e-01 3.114e-01 4.913e-03 2.068e-03 5.284e-03  8.071 1.676e-02 -4.503 2.380 -0.241 -2.326 -3.533 -4.565 -6.160 -7.171 -7.546
0.013 -0.05655 9.00000 2.2843136787 2.5789199910    1.690  3.756  3.4918 -0.171    8  0.647  1.238   258.48   132.69    83.04    65.43    53.64  0 -3.73e-07      0.01 6.719e-01 3.114e-01 4.907e-03 2.069e-03 5.284e-03  8.068 1.675e-02 -4.621 2.538 -0.146 -2.289 -3.547 -4.628 -6.278 -7.315 -7.711
0.013 -0.05655 9.00000 2.2843174934 2.5789201105    1.690  3.836  3.4756 -0.316    8  0.647  1.236   328.36   172.45   106.65    84.37    69.21  0 -8.79e-07      0.02 6.719e-01 3.114e-01 4.898e-03 2.069e-03 5.284e-03  8.064 1.675e-02 -4.821 2.854 0.045 -2.206 -3.561 -4.727 -6.470 -7.546 -7.980
0.013 -0.05655 9.00000 2.2843220234 2.5789202523    1.689  3.908  3.4606 -0.448    8  0.648  1.233   396.40   218.94   133.96   106.34    87.29  0 -1.91e-06      0.06 6.719e-01 3.113e-01 4.888e-03 2.069e-03 5.284e-03  8.060 1.673e-02 -5.001 3.273 0.280 -2.083 -3.539 -4.789 -6.631 -7.737 -8.223
0.013 -0.05655 9.00000 2.2843275070 2.5789204240    1.689  3.955  3.4502 -0.537    8  0.648  1.230   449.79   256.98   156.10   124.21   102.00  0 -3.17e-06      0.11 6.720e-01 3.113e-01 4.876e-03 2.069e-03 5.284e-03  8.054 1.672e-02 -5.118 3.653 0.509 -1.942 -3.478 -4.793 -6.713 -7.839 -8.372
0.013 -0.05655 9.00000 2.2843339443 2.5789206256    1.689  3.978  3.4441 -0.584    8  0.649  1.227   481.36   280.06   169.46   135.01   110.89  0 -4.09e-06      0.23 6.720e-01 3.113e-01 4.862e-03 2.069e-03 5.284e-03  8.047 1.671e-02 -5.176 4.142 0.850 -1.687 -3.301 -4.671 -6.679 -7.839 -8.438
0.013 -0.05655 9.00000 2.2843415737 2.5789208644    1.688  3.987  3.4403 -0.609    8  0.649  1.222   498.33   292.63   176.72   140.89   115.73  0 -4.55e-06      0.27 6.721e-01 3.112e-01 4.845e-03 2.069e-03 5.284e-03  8.039 1.669e-02 -5.198 4.346 0.993 -1.581 -3.230 -4.627 -6.670 -7.840 -8.462
0.013 -0.05655 9.00000 2.2843501568 2.5789211332    1.688  3.991  3.4371 -0.626    8  0.650  1.218   504.57    -1.00    -1.00    -1.00    -1.00  0  -4.8e-06      0.29 6.721e-01 3.112e-01 4.826e-03 2.069e-03 5.285e-03  8.029 1.667e-02 -5.208 4.516 1.095 -1.506 -3.181 -4.597 -6.667 -7.842 -8.479
0.013 -0.05655 9.00000 2.2843503952 2.5789211406    1.687  4.065  3.4230 -0.756    8  0.650  1.335   504.52    -1.00    -1.00    -1.00    -1.00  0 -1.06e-05      1.11 6.706e-01 3.122e-01 5.289e-03 2.065e-03 5.283e-03  8.217 1.716e-02 -5.393 7.401 3.106 0.080 -1.973 -3.639 -6.202 -7.611 -8.594
0.013 -0.05655 9.00000 2.2843508720 2.5789211556    1.687  3.954  3.4442 -0.560    8  0.650  1.334   464.93   268.04   162.50   129.39   106.27  0 -3.24e-06      0.29 6.706e-01 3.122e-01 5.288e-03 2.065e-03 5.283e-03  8.217 1.716e-02 -5.116 4.363 1.037 -1.519 -3.149 -4.532 -6.569 -7.750 -8.375
0.013 -0.05655 9.00000 2.2843520641 2.5789211929    1.687  3.794  3.4749 -0.277    8  0.651  1.334   310.30   160.59    99.63    78.73    64.58  0 -5.84e-07      0.04 6.706e-01 3.122e-01 5.285e-03 2.065e-03 5.283e-03  8.216 1.716e-02 -4.714 2.978 0.178 -2.072 -3.430 -4.601 -6.351 -7.435 -7.877
0.013 -0.05655 9.00000 2.2843542099 2.5789212601    1.687  3.727  3.4876 -0.159    8  0.651  1.333   252.33   129.83    81.32    64.06    52.52  0 -2.87e-07      0.01 6.706e-01 3.122e-01 5.280e-03 2.065e-03 5.283e-03  8.214 1.715e-02 -4.547 2.708 0.016 -2.146 -3.424 -4.525 -6.198 -7.251 -7.657
0.013 -0.05655 9.00000 2.2843568325 2.5789213422    1.686  3.774  3.4786 -0.242    8  0.651  1.331   295.28   150.83    93.84    74.09    60.76  0 -4.72e-07      0.02 6.706e-01 3.122e-01 5.273e-03 2.065e-03 5.283e-03  8.212 1.715e-02 -4.664 2.888 0.122 -2.100 -3.433 -4.582 -6.308 -7.384 -7.813
0.013 -0.05655 9.00000 2.2843601704 2.5789214467    1.686  3.852  3.4634 -0.382    8  0.651  1.329   360.15   193.99   119.33    94.57    77.60  0 -1.09e-06      0.07 6.707e-01 3.122e-01 5.265e-03 2.065e-03 5.283e-03  8.209 1.714e-02 -4.860 3.299 0.360 -1.978 -3.414 -4.650 -6.478 -7.587 -8.069
0.013 -0.05655 9.00000 2.2843647003 2.5789215885    1.685  3.922  3.4497 -0.507    8  0.652  1.326   430.51   243.20   148.09   117.75    96.68  0 -2.32e-06      0.19 6.707e-01 3.122e-01 5.254e-03 2.065e-03 5.283e-03  8.205 1.713e-02 -5.035 3.964 0.772 -1.708 -3.270 -4.604 -6.566 -7.720 -8.291
0.013 -0.05655 9.00000 2.2843699455 2.5789217527    1.684  3.968  3.4407 -0.589    8  0.652  1.323   483.85   282.01   170.58   135.93   111.65  0 -3.77e-06      0.34 6.707e-01 3.121e-01 5.241e-03 2.065e-03 5.283e-03  8.201 1.711e-02 -5.149 4.603 1.202 -1.397 -3.067 -4.479 -6.559 -7.755 -8.409
0.013 -0.05655 9.00000 2.2843761444 2.5789219468    1.683  3.990  3.4359 -0.630    8  0.653  1.319   503.87    -1.00    -1.00    -1.00    -1.00  0  -4.8e-06      0.45 6.708e-01 3.121e-01 5.226e-03 2.065e-03 5.284e-03  8.196 1.710e-02 -5.205 5.060 1.493 -1.180 -2.918 -4.377 -6.537 -7.763 -8.472
0.013 -0.05655 9.00000 2.2843832970 2.5789221708    1.682  3.999  3.4334 -0.649    8  0.654  1.314   503.69    -1.00    -1.00    -1.00    -1.00  0  -5.3e-06      0.49 6.709e-01 3.121e-01 5.209e-03 2.066e-03 5.284e-03  8.190 1.708e-02 -5.226 5.265 1.619 -1.087 -2.855 -4.335 -6.529 -7.766 -8.499
0.013 -0.05655 9.00000 2.2843914032 2.5789224246    1.680  4.002  3.4315 -0.661    8  0.654  1.310   503.48    -1.00    -1.00    -1.00    -1.00  0 -5.56e-06      0.51 6.709e-01 3.120e-01 5.189e-03 2.066e-03 5.284e-03  8.183 1.706e-02 -5.236 5.384 1.690 -1.035 -2.821 -4.314 -6.527 -7.768 -8.513
0.013 -0.05655 9.00000 2.2843916416 2.5789224320    1.680  4.081  3.4167 -0.799    8  0.654  1.426   503.42    -1.00    -1.00    -1.00    -1.00  0 -1.36e-06      0.11 6.694e-01 3.131e-01 5.651e-03 2.061e-03 5.282e-03  8.323 1.755e-02 -5.432 4.384 0.827 -1.819 -3.554 -5.012 -7.065 -8.149 -8.733
0.013 -0.05655 9.00000 2.2843921185 2.5789224469    1.680  3.970  3.4374 -0.606    8  0.654  1.426   495.36   290.64   175.55   139.97   114.97  0 -1.72e-07      0.01 6.694e-01 3.131e-01 5.649e-03 2.061e-03 5.282e-03  8.322 1.755e-02 -5.156 3.648 0.471 -2.007 -3.579 -4.925 -6.840 -7.922 -8.417
0.013 -0.05655 9.00000 2.2843933105 2.5789224843    1.679  3.811  3.4670 -0.328    8  0.655  1.425   333.28   176.00   108.73    86.05    70.60  0 -7.31e-07      0.07 6.694e-01 3.131e-01 5.645e-03 2.061e-03 5.282e-03  8.321 1.755e-02 -4.759 3.268 0.384 -1.927 -3.341 -4.559 -6.368 -7.477 -7.953
0.013 -0.05655 9.00000 2.2843952179 2.5789225440    1.678  3.744  3.4794 -0.211    8  0.655  1.423   279.97   142.47    88.86    70.11    57.49  0 -3.57e-07      0.03 6.694e-01 3.131e-01 5.639e-03 2.061e-03 5.282e-03  8.320 1.754e-02 -4.589 2.942 0.188 -2.027 -3.355 -4.501 -6.226 -7.305 -7.736
0.013 -0.05655 9.00000 2.2843976021 2.5789226186    1.677  3.790  3.4700 -0.296    8  0.655  1.421   317.94   165.86   102.74    81.24    66.64  0 -5.87e-07      0.05 6.694e-01 3.130e-01 5.630e-03 2.061e-03 5.282e-03  8.317 1.753e-02 -4.705 3.162 0.330 -1.954 -3.343 -4.542 -6.325 -7.426 -7.887
0.013 -0.05655 9.00000 2.2844009399 2.5789227231    1.675  3.867  3.4545 -0.435    8  0.655  1.419   387.81   213.30   130.64   103.69    85.11  0 -1.34e-06      0.14 6.695e-01 3.130e-01 5.620e-03 2.061e-03 5.282e-03  8.315 1.752e-02 -4.897 3.747 0.668 -1.751 -3.262 -4.557 -6.465 -7.602 -8.137
0.013 -0.05655 9.00000 2.2844052315 2.5789228575    1.673  3.935  3.4402 -0.561    8  0.656  1.415   464.18   267.83   162.35   129.31   106.19  0 -5.85e-08      0.00 6.695e-01 3.130e-01 5.608e-03 2.062e-03 5.282e-03  8.311 1.751e-02 -5.069 3.580 0.469 -1.981 -3.529 -4.859 -6.754 -7.837 -8.320
0.013 -0.05655 9.00000 2.2844102383 2.5789230142    1.671  3.980  3.4302 -0.646    8  0.656  1.412   502.08    -1.00    -1.00    -1.00    -1.00  0 -2.13e-07      0.01 6.696e-01 3.130e-01 5.594e-03 2.062e-03 5.282e-03  8.308 1.749e-02 -5.179 3.901 0.600 -1.924 -3.541 -4.920 -6.871 -7.950 -8.463
0.013 -0.05655 9.00000 2.2844161987 2.5789232008    1.668  4.001  3.4240 -0.693    8  0.657  1.408   501.65    -1.00    -1.00    -1.00    -1.00  0 -3.47e-07      0.02 6.696e-01 3.129e-01 5.579e-03 2.062e-03 5.283e-03  8.304 1.748e-02 -5.233 4.056 0.682 -1.880 -3.537 -4.945 -6.923 -7.993 -8.520
0.013 -0.05655 9.00000 2.2844228745 2.5789234098    1.665  4.009  3.4199 -0.719    8  0.658  1.404   501.16    -1.00    -1.00    -1.00    -1.00  0 -5.12e-07      0.04 6.697e-01 3.129e-01 5.563e-03 2.062e-03 5.283e-03  8.299 1.746e-02 -5.254 4.193 0.769 -1.821 -3.507 -4.935 -6.936 -8.004 -8.543
0.013 -0.05655 9.00000 2.2844307423 2.5789236562    1.661  4.013  3.4162 -0.738    8  0.658  1.400   500.60    -1.00    -1.00    -1.00    -1.00  0 -5.71e-07      0.04 6.697e-01 3.128e-01 5.547e-03 2.062e-03 5.283e-03  8.295 1.744e-02 -5.263 4.294 0.820 -1.788 -3.491 -4.930 -6.945 -8.010 -8.559
0.013 -0.05655 9.00000 2.2844309807 2.5789236636    1.661  4.096  3.3998 -0.887    8  0.658  1.509   500.54    -1.00    -1.00    -1.00    -1.00  0 -3.25e-06      0.37 6.683e-01 3.138e-01 5.978e-03 2.058e-03 5.281e-03  8.401 1.791e-02 -5.470 5.291 1.459 -1.320 -3.167 -4.696 -6.901 -8.062 -8.772
0.013 -0.05655 9.00000 2.2844314575 2.5789236786    1.660  3.986  3.4212 -0.691    8  0.658  1.509   500.44    -1.00    -1.00    -1.00    -1.00  0 -7.58e-07      0.08 6.683e-01 3.138e-01 5.976e-03 2.058e-03 5.281e-03  8.400 1.790e-02 -5.195 4.329 0.894 -1.702 -3.392 -4.823 -6.841 -7.927 -8.486
0.013 -0.05655 9.00000 2.2844326496 2.5789237159    1.659  3.829  3.4518 -0.412    8  0.659  1.507   373.81   204.02   125.18    99.33    81.51  0 -9.64e-07      0.12 6.683e-01 3.138e-01 5.970e-03 2.058e-03 5.281e-03  8.399 1.790e-02 -4.802 3.817 0.754 -1.663 -3.176 -4.477 -6.383 -7.516 -8.043
0.013 -0.05655 9.00000 2.2844343185 2.5789237681    1.657  3.760  3.4647 -0.292    8  0.659  1.505   314.83   164.29   101.78    80.51    66.04  0 -4.66e-07      0.06 6.683e-01 3.138e-01 5.962e-03 2.058e-03 5.281e-03  8.397 1.789e-02 -4.630 3.382 0.511 -1.798 -3.214 -4.438 -6.249 -7.358 -7.831
0.013 -0.05655 9.00000 2.2844367027 2.5789238428    1.654  3.806  3.4548 -0.378    8  0.659  1.502   356.07   191.98   118.10    93.64    76.83  0 -7.69e-07      0.10 6.683e-01 3.138e-01 5.951e-03 2.058e-03 5.281e-03  8.395 1.788e-02 -4.745 3.711 0.698 -1.691 -3.178 -4.460 -6.341 -7.467 -7.979
0.013 -0.05655 9.00000 2.2844398022 2.5789239398    1.651  3.882  3.4387 -0.519    8  0.659  1.499   435.27   247.47   150.50   119.79    98.35  0 -6.26e-08      0.00 6.684e-01 3.137e-01 5.939e-03 2.058e-03 5.281e-03  8.392 1.786e-02 -4.934 3.725 0.617 -1.832 -3.383 -4.717 -6.617 -7.703 -8.189
0.013 -0.05655 9.00000 2.2844438553 2.5789240667    1.646  3.948  3.4239 -0.646    8  0.660  1.496   498.34    -1.00    -1.00    -1.00    -1.00  0 -4.93e-07      0.05 6.684e-01 3.137e-01 5.925e-03 2.058e-03 5.281e-03  8.389 1.785e-02 -5.101 4.240 0.868 -1.697 -3.358 -4.771 -6.764 -7.847 -8.389
0.013 -0.05655 9.00000 2.2844486237 2.5789242160    1.641  3.991  3.4135 -0.732    8  0.660  1.493   497.54    -1.00    -1.00    -1.00    -1.00  0    -1e-06      0.10 6.685e-01 3.137e-01 5.912e-03 2.059e-03 5.282e-03  8.386 1.784e-02 -5.208 4.562 1.029 -1.605 -3.334 -4.790 -6.842 -7.927 -8.508
0.013 -0.05655 9.00000 2.2844543457 2.5789243951    1.635  4.012  3.4070 -0.780    8  0.661  1.490   496.60    -1.00    -1.00    -1.00    -1.00  0 -1.46e-06      0.15 6.685e-01 3.137e-01 5.902e-03 2.059e-03 5.282e-03  8.384 1.782e-02 -5.259 4.716 1.116 -1.550 -3.304 -4.775 -6.857 -7.956 -8.563
0.013 -0.05655 9.00000 2.2844607830 2.5789245966    1.628  4.020  3.4027 -0.807    8  0.661  1.488   495.50    -1.00    -1.00    -1.00    -1.00  0 -1.89e-06      0.20 6.685e-01 3.137e-01 5.896e-03 2.059e-03 5.282e-03  8.382 1.782e-02 -5.280 4.878 1.223 -1.470 -3.245 -4.729 -6.839 -7.952 -8.585
0.013 -0.05655 9.00000 2.2844681740 2.5789248280    1.620  4.023  3.3989 -0.828    8  0.662  1.489   494.26    -1.00    -1.00    -1.00    -1.00  0 -2.04e-06      0.21 6.685e-01 3.137e-01 5.897e-03 2.059e-03 5.282e-03  8.383 1.782e-02 -5.288 4.932 1.255 -1.448 -3.231 -4.720 -6.839 -7.954 -8.595
0.013 -0.05655 9.00000 2.2844684124 2.5789248355    1.619  4.111  3.3810 -0.987    8  0.662  1.570   494.19    -1.00    -1.00    -1.00    -1.00  0 -5.81e-06      0.77 6.674e-01 3.144e-01 6.218e-03 2.055e-03 5.281e-03  8.450 1.817e-02 -5.506 6.554 2.382 -0.568 -2.561 -4.185 -6.606 -7.894 -8.770
0.013 -0.05655 9.00000 2.2844688892 2.5789248504    1.618  4.001  3.4033 -0.789    8  0.662  1.570   494.02    -1.00    -1.00    -1.00    -1.00  0 -1.77e-06      0.22 6.674e-01 3.144e-01 6.217e-03 2.055e-03 5.281e-03  8.450 1.816e-02 -5.232 4.959 1.300 -1.395 -3.173 -4.659 -6.777 -7.897 -8.538
0.013 -0.05655 9.00000 2.2844698429 2.5789248803    1.616  3.845  3.4349 -0.507    8  0.662  1.569   424.73   240.80   146.55   116.69    95.78  0 -1.33e-06      0.20 6.674e-01 3.144e-01 6.213e-03 2.056e-03 5.281e-03  8.449 1.816e-02 -4.843 4.545 1.236 -1.311 -2.950 -4.346 -6.370 -7.523 -8.117
0.013 -0.05655 9.00000 2.2844715118 2.5789249325    1.613  3.776  3.4488 -0.383    8  0.663  1.568   355.08   192.33   118.24    93.84    76.98  0 -6.36e-07      0.10 6.675e-01 3.144e-01 6.208e-03 2.056e-03 5.281e-03  8.448 1.816e-02 -4.670 3.918 0.874 -1.540 -3.056 -4.364 -6.267 -7.394 -7.912
0.013 -0.05655 9.00000 2.2844738960 2.5789250071    1.608  3.821  3.4391 -0.469    8  0.663  1.566   401.23   224.37   136.98   108.97    89.42  0 -1.05e-06      0.16 6.675e-01 3.144e-01 6.203e-03 2.056e-03 5.281e-03  8.447 1.815e-02 -4.784 4.304 1.103 -1.397 -2.993 -4.360 -6.339 -7.481 -8.045
0.013 -0.05655 9.00000 2.2844769955 2.5789251042    1.602  3.895  3.4235 -0.607    8  0.663  1.565   488.91   287.74   173.69   138.71   113.89  0 -3.47e-07      0.05 6.675e-01 3.144e-01 6.197e-03 2.056e-03 5.281e-03  8.446 1.814e-02 -4.969 4.324 0.976 -1.580 -3.235 -4.645 -6.634 -7.718 -8.254
0.013 -0.05655 9.00000 2.2844808102 2.5789252236    1.594  3.960  3.4095 -0.730    8  0.664  1.564   490.37    -1.00    -1.00    -1.00    -1.00  0 -1.33e-06      0.17 6.675e-01 3.143e-01 6.193e-03 2.056e-03 5.281e-03  8.445 1.814e-02 -5.131 4.856 1.268 -1.395 -3.148 -4.620 -6.709 -7.818 -8.433
0.013 -0.05655 9.00000 2.2844853401 2.5789253654    1.585  4.002  3.4001 -0.811    8  0.664  1.564   488.98    -1.00    -1.00    -1.00    -1.00  0 -1.99e-06      0.24 6.675e-01 3.143e-01 6.193e-03 2.056e-03 5.281e-03  8.445 1.814e-02 -5.235 5.062 1.370 -1.341 -3.132 -4.627 -6.760 -7.887 -8.541
0.013 -0.05655 9.00000 2.2844905853 2.5789255296    1.575  4.022  3.3950 -0.855    8  0.665  1.565   487.34    -1.00    -1.00    -1.00    -1.00  0 -2.76e-06      0.38 6.675e-01 3.144e-01 6.198e-03 2.056e-03 5.281e-03  8.446 1.814e-02 -5.285 5.489 1.662 -1.116 -2.962 -4.492 -6.702 -7.870 -8.585
0.013 -0.05655 9.00000 2.2844967842 2.5789257237    1.563  4.030  3.3922 -0.877    8  0.665  1.568   485.45    -1.00    -1.00    -1.00    -1.00  0  -3.2e-06      0.45 6.675e-01 3.144e-01 6.211e-03 2.056e-03 5.281e-03  8.449 1.816e-02 -5.304 5.698 1.806 -1.004 -2.877 -4.424 -6.670 -7.857 -8.602
0.013 -0.05655 9.00000 2.2845039368 2.5789259476    1.549  4.033  3.3900 -0.893    8  0.666  1.575   483.29    -1.00    -1.00    -1.00    -1.00  0 -3.24e-06      0.45 6.674e-01 3.144e-01 6.237e-03 2.055e-03 5.280e-03  8.454 1.819e-02 -5.313 5.726 1.820 -0.996 -2.873 -4.423 -6.674 -7.862 -8.611
0.013 -0.05655 9.00000 2.2845041752 2.5789259550    1.548  4.124  3.3711 -1.060    8  0.666  1.621   483.23    -1.00    -1.00    -1.00    -1.00  0  -7.5e-06      1.06 6.667e-01 3.149e-01 6.419e-03 2.054e-03 5.280e-03  8.488 1.838e-02 -5.541 7.421 3.018 -0.050 -2.144 -3.833 -6.404 -7.780 -8.764
0.013 -0.05655 9.00000 2.2845046520 2.5789259700    1.547  4.015  3.3936 -0.861    8  0.666  1.621   482.97    -1.00    -1.00    -1.00    -1.00  0  -3.4e-06      0.52 6.667e-01 3.149e-01 6.420e-03 2.054e-03 5.280e-03  8.488 1.839e-02 -5.268 5.952 2.009 -0.828 -2.724 -4.287 -6.572 -7.785 -8.562
0.013 -0.05655 9.00000 2.2845056057 2.5789259998    1.544  3.861  3.4254 -0.581    8  0.666  1.622   465.49   271.94   164.44   131.38   107.83  0 -9.54e-08      0.01 6.667e-01 3.149e-01 6.422e-03 2.054e-03 5.280e-03  8.488 1.839e-02 -4.882 4.224 0.934 -1.592 -3.223 -4.615 -6.575 -7.651 -8.164
0.013 -0.05655 9.00000 2.2845070362 2.5789260446    1.539  3.791  3.4398 -0.454    8  0.667  1.623   387.16   216.22   132.09   105.20    86.29  0 -8.88e-07      0.15 6.667e-01 3.149e-01 6.425e-03 2.053e-03 5.280e-03  8.489 1.839e-02 -4.707 4.314 1.138 -1.351 -2.939 -4.299 -6.269 -7.409 -7.966
0.013 -0.05655 9.00000 2.2845091820 2.5789261118    1.532  3.836  3.4301 -0.540    8  0.667  1.624   437.82   252.21   153.00   122.14   100.23  0 -1.47e-06      0.25 6.667e-01 3.149e-01 6.430e-03 2.053e-03 5.280e-03  8.490 1.840e-02 -4.820 4.909 1.477 -1.122 -2.807 -4.238 -6.312 -7.479 -8.108
0.013 -0.05655 9.00000 2.2845118046 2.5789261939    1.523  3.909  3.4147 -0.677    8  0.667  1.626   479.27    -1.00    -1.00    -1.00    -1.00  0 -8.54e-07      0.12 6.667e-01 3.149e-01 6.438e-03 2.053e-03 5.280e-03  8.491 1.841e-02 -5.002 4.758 1.245 -1.382 -3.108 -4.564 -6.620 -7.715 -8.300
0.013 -0.05655 9.00000 2.2845153809 2.5789263058    1.512  3.972  3.4009 -0.799    8  0.667  1.628   477.54    -1.00    -1.00    -1.00    -1.00  0 -2.24e-06      0.36 6.666e-01 3.150e-01 6.449e-03 2.053e-03 5.280e-03  8.493 1.842e-02 -5.160 5.497 1.716 -1.041 -2.871 -4.393 -6.588 -7.755 -8.459
0.013 -0.05655 9.00000 2.2845194340 2.5789264327    1.499  4.012  3.3918 -0.879    8  0.668  1.632   475.47    -1.00    -1.00    -1.00    -1.00  0  -3.4e-06      0.53 6.666e-01 3.150e-01 6.464e-03 2.053e-03 5.280e-03  8.496 1.843e-02 -5.260 5.997 2.039 -0.804 -2.706 -4.272 -6.560 -7.774 -8.554
0.013 -0.05655 9.00000 2.2845242023 2.5789265820    1.484  4.032  3.3871 -0.922    8  0.668  1.638   473.04    -1.00    -1.00    -1.00    -1.00  0 -4.13e-06      0.64 6.665e-01 3.150e-01 6.485e-03 2.053e-03 5.280e-03  8.499 1.846e-02 -5.309 6.338 2.274 -0.622 -2.568 -4.163 -6.515 -7.763 -8.591
0.013 -0.05655 9.00000 2.2845299244 2.5789267611    1.467  4.039  3.3848 -0.943    8  0.669  1.645   470.24    -1.00    -1.00    -1.00    -1.00  0  -4.5e-06      0.72 6.664e-01 3.151e-01 6.513e-03 2.053e-03 5.279e-03  8.504 1.849e-02 -5.328 6.570 2.441 -0.488 -2.462 -4.074 -6.468 -7.741 -8.598
0.013 -0.05655 9.00000 2.2845363617 2.5789269626    1.447  4.042  3.3835 -0.957    8  0.670  1.654   467.06    -1.00    -1.00    -1.00    -1.00  0 -4.37e-06      0.69 6.663e-01 3.152e-01 6.551e-03 2.052e-03 5.279e-03  8.511 1.853e-02 -5.335 6.471 2.365 -0.552 -2.516 -4.122 -6.500 -7.764 -8.610
0.013 -0.05655 9.00000 2.2845366001 2.5789269701    1.446  4.137  3.3628 -1.136    8  0.670  1.682   466.96    -1.00    -1.00    -1.00    -1.00  0 -9.16e-06      1.47 6.659e-01 3.155e-01 6.660e-03 2.051e-03 5.279e-03  8.529 1.865e-02 -5.573 8.651 3.927 0.692 -1.542 -3.319 -6.098 -7.592 -8.706
0.013 -0.05655 9.00000 2.2845370770 2.5789269850    1.444  4.028  3.3861 -0.935    8  0.670  1.683   466.52    -1.00    -1.00    -1.00    -1.00  0 -4.67e-06      0.82 6.659e-01 3.155e-01 6.663e-03 2.051e-03 5.279e-03  8.529 1.865e-02 -5.301 6.908 2.699 -0.270 -2.279 -3.914 -6.360 -7.663 -8.558
0.013 -0.05655 9.00000 2.2845380306 2.5789270149    1.438  3.876  3.4188 -0.653    8  0.670  1.684   465.65    -1.00    -1.00    -1.00    -1.00  0 -9.13e-07      0.15 6.659e-01 3.155e-01 6.669e-03 2.051e-03 5.279e-03  8.530 1.866e-02 -4.919 4.841 1.352 -1.272 -2.993 -4.445 -6.507 -7.617 -8.213
0.013 -0.05655 9.00000 2.2845394611 2.5789270596    1.430  3.805  3.4335 -0.526    8  0.670  1.687   419.14   241.31   146.45   117.13    96.06  0 -3.21e-07      0.05 6.658e-01 3.155e-01 6.678e-03 2.051e-03 5.279e-03  8.532 1.867e-02 -4.742 4.238 1.020 -1.477 -3.072 -4.441 -6.391 -7.492 -8.016
0.013 -0.05655 9.00000 2.2845416069 2.5789271268    1.418  3.850  3.4225 -0.618    8  0.671  1.690   462.43    -1.00    -1.00    -1.00    -1.00  0 -5.15e-07      0.08 6.658e-01 3.155e-01 6.691e-03 2.051e-03 5.279e-03  8.534 1.868e-02 -4.855 4.581 1.192 -1.384 -3.058 -4.481 -6.493 -7.587 -8.143
0.013 -0.05655 9.00000 2.2845444679 2.5789272164    1.404  3.921  3.4054 -0.762    8  0.671  1.694   460.00    -1.00    -1.00    -1.00    -1.00  0 -2.32e-06      0.45 6.657e-01 3.156e-01 6.708e-03 2.051e-03 5.279e-03  8.537 1.870e-02 -5.033 5.875 2.040 -0.746 -2.603 -4.143 -6.385 -7.583 -8.326
0.013 -0.05655 9.00000 2.2845478058 2.5789273208    1.385  3.983  3.3899 -0.892    8  0.671  1.700   456.99    -1.00    -1.00    -1.00    -1.00  0 -4.33e-06      0.84 6.657e-01 3.156e-01 6.728e-03 2.050e-03 5.279e-03  8.540 1.872e-02 -5.187 7.080 2.859 -0.117 -2.132 -3.771 -6.228 -7.538 -8.440
0.013 -0.05655 9.00000 2.2845518589 2.5789274477    1.364  4.022  3.3792 -0.981    8  0.672  1.706   453.38    -1.00    -1.00    -1.00    -1.00  0 -4.08e-06      0.70 6.656e-01 3.157e-01 6.754e-03 2.050e-03 5.279e-03  8.544 1.875e-02 -5.285 6.548 2.435 -0.486 -2.453 -4.061 -6.444 -7.710 -8.559
0.013 -0.05655 9.00000 2.2845568657 2.5789276044    1.339  4.041  3.3727 -1.033    8  0.672  1.713   449.15    -1.00    -1.00    -1.00    -1.00  0 -4.54e-06      0.77 6.655e-01 3.157e-01 6.783e-03 2.050e-03 5.278e-03  8.549 1.878e-02 -5.332 6.726 2.555 -0.395 -2.388 -4.012 -6.432 -7.720 -8.596
0.013 -0.05655 9.00000 2.2845625877 2.5789277836    1.310  4.048  3.3689 -1.065    8  0.673  1.722   444.31    -1.00    -1.00    -1.00    -1.00  0  -4.6e-06      0.77 6.654e-01 3.158e-01 6.818e-03 2.049e-03 5.278e-03  8.554 1.882e-02 -5.350 6.715 2.542 -0.409 -2.402 -4.027 -6.448 -7.737 -8.614
0.013 -0.05655 9.00000 2.2845690250 2.5789279851    1.278  4.051  3.3660 -1.091    8  0.674  1.732   438.84    -1.00    -1.00    -1.00    -1.00  0 -4.32e-06      0.71 6.653e-01 3.159e-01 6.857e-03 2.049e-03 5.278e-03  8.560 1.886e-02 -5.358 6.492 2.374 -0.549 -2.518 -4.127 -6.513 -7.780 -8.631
0.013 -0.05655 9.00000 2.2845692635 2.5789279925    1.277  4.150  3.3426 -1.284    8  0.674  1.760   438.69    -1.00    -1.00    -1.00    -1.00  0 -8.09e-06      1.24 6.649e-01 3.162e-01 6.966e-03 2.048e-03 5.278e-03  8.576 1.898e-02 -5.606 7.923 3.376 0.233 -1.924 -3.652 -6.317 -7.747 -8.790
0.013 -0.05655 9.00000 2.2845697403 2.5789280075    1.274  4.042  3.3666 -1.080    8  0.674  1.760   438.12    -1.00    -1.00    -1.00    -1.00  0 -4.69e-06      0.84 6.648e-01 3.162e-01 6.968e-03 2.048e-03 5.278e-03  8.577 1.898e-02 -5.335 6.930 2.706 -0.271 -2.287 -3.926 -6.381 -7.689 -8.589
0.013 -0.05655 9.00000 2.2845706940 2.5789280373    1.267  3.891  3.3996 -0.799    8  0.674  1.761   437.01    -1.00    -1.00    -1.00    -1.00  0 -3.18e-06      0.76 6.648e-01 3.162e-01 6.972e-03 2.048e-03 5.278e-03  8.577 1.899e-02 -4.957 6.934 2.835 -0.083 -2.050 -3.662 -6.065 -7.355 -8.220
0.013 -0.05655 9.00000 2.2845721245 2.5789280821    1.257  3.819  3.4132 -0.677    8  0.674  1.763   435.29    -1.00    -1.00    -1.00    -1.00  0 -1.53e-06      0.37 6.648e-01 3.162e-01 6.978e-03 2.048e-03 5.278e-03  8.578 1.899e-02 -4.777 5.773 2.057 -0.675 -2.488 -4.003 -6.193 -7.370 -8.071
0.013 -0.05655 9.00000 2.2845740318 2.5789281418    1.244  3.863  3.3984 -0.785    8  0.675  1.765   432.90    -1.00    -1.00    -1.00    -1.00  0 -2.56e-06      0.58 6.648e-01 3.162e-01 6.987e-03 2.048e-03 5.278e-03  8.579 1.900e-02 -4.889 6.438 2.488 -0.355 -2.259 -3.830 -6.141 -7.378 -8.176
0.013 -0.05655 9.00000 2.2845768929 2.5789282314    1.226  3.933  3.3765 -0.949    8  0.675  1.768   429.81    -1.00    -1.00    -1.00    -1.00  0 -5.55e-06      1.35 6.647e-01 3.162e-01 6.998e-03 2.048e-03 5.278e-03  8.581 1.902e-02 -5.063 8.801 4.169 0.982 -1.211 -2.963 -5.684 -7.145 -8.222
0.013 -0.05655 9.00000 2.2845802307 2.5789283358    1.204  3.993  3.3561 -1.098    8  0.675  1.771   425.98    -1.00    -1.00    -1.00    -1.00  0 -7.55e-06      1.70 6.647e-01 3.163e-01 7.012e-03 2.048e-03 5.278e-03  8.583 1.903e-02 -5.213 9.736 4.827 1.496 -0.818 -2.645 -5.544 -7.105 -8.292
0.013 -0.05655 9.00000 2.2845842838 2.5789284627    1.179  4.031  3.3406 -1.207    8  0.676  1.776   421.40    -1.00    -1.00    -1.00    -1.00  0 -3.54e-06      0.55 6.646e-01 3.163e-01 7.029e-03 2.047e-03 5.278e-03  8.585 1.905e-02 -5.306 6.060 2.067 -0.793 -2.709 -4.283 -6.587 -7.807 -8.600
0.013 -0.05655 9.00000 2.2845890522 2.5789286120    1.149  4.048  3.3301 -1.277    8  0.677  1.781   416.07    -1.00    -1.00    -1.00    -1.00  0 -3.73e-06      0.55 6.646e-01 3.163e-01 7.049e-03 2.047e-03 5.278e-03  8.588 1.907e-02 -5.351 6.027 2.030 -0.831 -2.747 -4.322 -6.629 -7.850 -8.644
0.013 -0.05655 9.00000 2.2845945358 2.5789287836    1.116  4.055  3.3233 -1.324    8  0.677  1.787   409.97    -1.00    -1.00    -1.00    -1.00  0 -3.39e-06      0.50 6.645e-01 3.164e-01 7.072e-03 2.047e-03 5.277e-03  8.592 1.910e-02 -5.367 5.826 1.877 -0.960 -2.856 -4.417 -6.692 -7.894 -8.663
0.013 -0.05655 9.00000 2.2846009731 2.5789289851    1.079  4.057  3.3192 -1.357    8  0.678  1.793   403.14    -1.00    -1.00    -1.00    -1.00  0 -3.21e-06      0.46 6.644e-01 3.165e-01 7.098e-03 2.047e-03 5.277e-03  8.595 1.912e-02 -5.373 5.715 1.793 -1.030 -2.914 -4.468 -6.725 -7.917 -8.671
0.013 -0.05655 9.00000 2.2846009731 2.5789289851    1.078  4.160  3.2918 -1.571    8  0.678  1.821   402.98    -1.00    -1.00    -1.00    -1.00  0    -5e-06      0.60 6.640e-01 3.167e-01 7.206e-03 2.046e-03 5.277e-03  8.610 1.924e-02 -5.631 5.883 1.851 -1.028 -2.959 -4.544 -6.874 -8.108 -8.920
0.013 -0.05655 9.00000 2.2846014500 2.5789290000    1.076  4.053  3.3177 -1.360    8  0.678  1.821   402.53    -1.00    -1.00    -1.00    -1.00  0 -2.99e-06      0.44 6.640e-01 3.167e-01 7.207e-03 2.046e-03 5.277e-03  8.610 1.924e-02 -5.361 5.664 1.758 -1.057 -2.934 -4.483 -6.730 -7.915 -8.661
0.013 -0.05655 9.00000 2.2846024036 2.5789290299    1.071  3.903  3.3530 -1.071    8  0.678  1.821   401.66    -1.00    -1.00    -1.00    -1.00  0 -5.48e-06      1.43 6.640e-01 3.167e-01 7.207e-03 2.046e-03 5.277e-03  8.610 1.924e-02 -4.987 9.128 4.431 1.211 -1.011 -2.780 -5.542 -7.026 -8.128
0.013 -0.05655 9.00000 2.2846038342 2.5789290747    1.064  3.830  3.3665 -0.947    8  0.679  1.821   400.31    -1.00    -1.00    -1.00    -1.00  0 -3.52e-06      0.97 6.640e-01 3.167e-01 7.208e-03 2.046e-03 5.277e-03  8.611 1.925e-02 -4.805 7.857 3.532 0.503 -1.556 -3.224 -5.745 -7.093 -8.041
0.013 -0.05655 9.00000 2.2846057415 2.5789291344    1.054  3.874  3.3477 -1.070    8  0.679  1.822   398.43    -1.00    -1.00    -1.00    -1.00  0 -4.46e-06      1.11 6.640e-01 3.167e-01 7.209e-03 2.046e-03 5.277e-03  8.611 1.925e-02 -4.915 8.213 3.768 0.678 -1.434 -3.135 -5.734 -7.126 -8.128
0.013 -0.05655 9.00000 2.2846081257 2.5789292090    1.041  3.942  3.3210 -1.250    8  0.679  1.822   395.99    -1.00    -1.00    -1.00    -1.00  0 -7.13e-06      1.73 6.640e-01 3.167e-01 7.212e-03 2.046e-03 5.277e-03  8.611 1.925e-02 -5.084 9.961 5.028 1.684 -0.641 -2.474 -5.389 -6.959 -8.156
0.013 -0.05655 9.00000 2.2846112251 2.5789293060    1.026  3.999  3.2962 -1.413    8  0.680  1.823   392.98    -1.00    -1.00    -1.00    -1.00  0 -9.53e-06      2.04 6.640e-01 3.167e-01 7.215e-03 2.046e-03 5.277e-03  8.611 1.925e-02 -5.228 10.752 5.581 2.113 -0.315 -2.213 -5.282 -6.940 -8.231
0.013 -0.05655 9.00000 2.2846150398 2.5789294254    1.007  4.035  3.2776 -1.532    8  0.680  1.824   389.38    -1.00    -1.00    -1.00    -1.00  0    -2e-06      0.23 6.640e-01 3.168e-01 7.219e-03 2.046e-03 5.277e-03  8.612 1.926e-02 -5.317 5.032 1.301 -1.427 -3.229 -4.727 -6.860 -7.975 -8.627
0.013 -0.05655 9.00000 2.2846195698 2.5789295672    0.985  4.051  3.2657 -1.605    8  0.681  1.826   377.84    -1.00    -1.00    -1.00    -1.00  0 -1.06e-05      1.96 6.640e-01 3.168e-01 7.226e-03 2.046e-03 5.277e-03  8.613 1.927e-02 -5.358 10.379 5.270 1.835 -0.567 -2.448 -5.477 -7.112 -8.379
0.013 -0.05655 9.00000 2.2846245766 2.5789297239    0.961  4.057  3.2599 -1.644    8  0.682  1.828   360.99    -1.00    -1.00    -1.00    -1.00  0 -9.96e-06      1.80 6.639e-01 3.168e-01 7.235e-03 2.045e-03 5.277e-03  8.614 1.927e-02 -5.371 9.867 4.884 1.515 -0.831 -2.678 -5.625 -7.213 -8.429
0.013 -0.05655 9.00000 2.2846305370 2.5789299105    0.934  4.058  3.2602 -1.657    8  0.683  1.831   342.71    -1.00    -1.00    -1.00    -1.00  0 -9.17e-06      1.62 6.639e-01 3.168e-01 7.246e-03 2.045e-03 5.277e-03  8.616 1.929e-02 -5.375 9.321 4.476 1.179 -1.107 -2.916 -5.774 -7.312 -8.473
0.013 -0.05655 9.00000 2.2846305370 2.5789299105    0.933  4.165  3.2281 -1.893    8  0.683  1.852   342.26    -1.00    -1.00    -1.00    -1.00  0 -1.25e-05      1.79 6.636e-01 3.170e-01 7.330e-03 2.045e-03 5.277e-03  8.627 1.938e-02 -5.643 9.573 4.596 1.230 -1.114 -2.959 -5.902 -7.488 -8.702
0.013 -0.05655 9.00000 2.2846310139 2.5789299254    0.931  4.058  3.2582 -1.666    8  0.683  1.852   341.05    -1.00    -1.00    -1.00    -1.00  0 -9.72e-06      1.77 6.636e-01 3.170e-01 7.330e-03 2.045e-03 5.277e-03  8.627 1.938e-02 -5.375 9.786 4.823 1.464 -0.873 -2.715 -5.649 -7.230 -8.439
0.013 -0.05655 9.00000 2.2846319675 2.5789299553    0.928  3.910  3.2988 -1.357    8  0.683  1.852   338.68    -1.00    -1.00    -1.00    -1.00  0 -5.54e-06      1.30 6.636e-01 3.170e-01 7.329e-03 2.045e-03 5.277e-03  8.627 1.938e-02 -5.005 8.697 4.106 0.940 -1.236 -2.976 -5.670 -7.116 -8.176
0.013 -0.05655 9.00000 2.2846331596 2.5789299926    0.922  3.836  3.3159 -1.218    8  0.683  1.851   335.03    -1.00    -1.00    -1.00    -1.00  0 -5.36e-06      1.54 6.636e-01 3.170e-01 7.327e-03 2.045e-03 5.277e-03  8.626 1.938e-02 -4.820 9.636 4.852 1.587 -0.673 -2.465 -5.283 -6.799 -7.936
0.013 -0.05655 9.00000 2.2846350670 2.5789300523    0.914  3.880  3.2976 -1.338    8  0.683  1.851   330.01    -1.00    -1.00    -1.00    -1.00  0 -4.42e-06      1.02 6.636e-01 3.170e-01 7.326e-03 2.045e-03 5.277e-03  8.626 1.938e-02 -4.929 7.898 3.530 0.479 -1.599 -3.279 -5.828 -7.191 -8.158
0.013 -0.05655 9.00000 2.2846374512 2.5789301269    0.904  3.946  3.2727 -1.509    8  0.684  1.851   323.59    -1.00    -1.00    -1.00    -1.00  0 -6.33e-06      1.35 6.636e-01 3.170e-01 7.325e-03 2.045e-03 5.277e-03  8.626 1.937e-02 -5.095 8.748 4.120 0.936 -1.255 -3.006 -5.723 -7.181 -8.256
0.013 -0.05655 9.00000 2.2846403122 2.5789302165    0.892  4.002  3.2522 -1.652    8  0.684  1.851   315.74    -1.00    -1.00    -1.00    -1.00  0 -7.47e-06      1.41 6.636e-01 3.170e-01 7.325e-03 2.045e-03 5.277e-03  8.626 1.937e-02 -5.235 8.793 4.119 0.910 -1.302 -3.065 -5.813 -7.289 -8.382
0.013 -0.05655 9.00000 2.2846438885 2.5789303284    0.878  4.036  3.2407 -1.740    8  0.685  1.851   306.54    -1.00    -1.00    -1.00    -1.00  0 -7.66e-06      1.28 6.636e-01 3.170e-01 7.327e-03 2.045e-03 5.277e-03  8.626 1.938e-02 -5.321 8.324 3.747 0.589 -1.581 -3.317 -6.001 -7.442 -8.496
0.013 -0.05655 9.00000 2.2846481800 2.5789304627    0.861  4.052  3.2390 -1.771    8  0.685  1.852   296.02    -1.00    -1.00    -1.00    -1.00  0 -7.42e-06      1.15 6.636e-01 3.170e-01 7.331e-03 2.045e-03 5.277e-03  8.627 1.938e-02 -5.360 7.869 3.398 0.295 -1.829 -3.536 -6.152 -7.554 -8.566
0.013 -0.05655 9.00000 2.2846531868 2.5789306194    0.842  4.057  3.2469 -1.754    8  0.686  1.854   284.29    -1.00    -1.00    -1.00    -1.00  0 -6.91e-06      1.05 6.636e-01 3.170e-01 7.338e-03 2.045e-03 5.277e-03  8.628 1.939e-02 -5.373 7.555 3.161 0.097 -1.992 -3.679 -6.245 -7.617 -8.597
0.013 -0.05655 9.00000 2.2846586704 2.5789307911    0.821  4.058  3.2650 -1.694    8  0.687  1.857   271.47    -1.00    -1.00    -1.00    -1.00  0 -6.26e-06      0.97 6.635e-01 3.171e-01 7.351e-03 2.044e-03 5.277e-03  8.630 1.940e-02 -5.375 7.312 2.980 -0.053 -2.115 -3.785 -6.310 -7.660 -8.610
0.013 -0.05655 9.00000 2.2846586704 2.5789307911    0.820  4.169  3.2352 -1.924    8  0.687  1.865   271.20    -1.00    -1.00    -1.00    -1.00  0 -8.06e-06      0.98 6.634e-01 3.171e-01 7.381e-03 2.044e-03 5.277e-03  8.633 1.944e-02 -5.652 7.046 2.710 -0.323 -2.387 -4.057 -6.585 -7.935 -8.887
0.013 -0.05655 9.00000 2.2846591473 2.5789308060    0.819  4.062  3.2598 -1.719    8  0.687  1.865   270.34    -1.00    -1.00    -1.00    -1.00  0 -6.25e-06      0.96 6.634e-01 3.172e-01 7.381e-03 2.044e-03 5.277e-03  8.633 1.944e-02 -5.384 7.268 2.944 -0.083 -2.142 -3.809 -6.329 -7.674 -8.621
0.013 -0.05655 9.00000 2.2846598625 2.5789308284    0.816  3.914  3.2918 -1.445    8  0.687  1.865   268.65    -1.00    -1.00    -1.00    -1.00  0 -3.72e-06      0.75 6.634e-01 3.172e-01 7.382e-03 2.044e-03 5.277e-03  8.634 1.944e-02 -5.015 6.973 2.820 -0.121 -2.106 -3.724 -6.133 -7.414 -8.282
0.013 -0.05655 9.00000 2.2846612930 2.5789308732    0.812  3.837  3.3024 -1.328    8  0.687  1.865   266.06    -1.00    -1.00    -1.00    -1.00  0 -7.11e-06      2.06 6.634e-01 3.172e-01 7.383e-03 2.044e-03 5.277e-03  8.634 1.944e-02 -4.822 11.215 6.029 2.555 0.120 -1.782 -4.861 -6.523 -7.821
0.013 -0.05655 9.00000 2.2846629620 2.5789309254    0.806  3.877  3.2818 -1.453    8  0.688  1.866   262.49    -1.00    -1.00    -1.00    -1.00  0 -3.05e-06      0.59 6.634e-01 3.172e-01 7.384e-03 2.044e-03 5.277e-03  8.634 1.944e-02 -4.922 6.561 2.538 -0.338 -2.266 -3.848 -6.172 -7.404 -8.212
0.013 -0.05655 9.00000 2.2846651077 2.5789309926    0.798  3.937  3.2577 -1.615    8  0.688  1.867   257.90    -1.00    -1.00    -1.00    -1.00  0 -1.03e-05      2.46 6.634e-01 3.172e-01 7.387e-03 2.044e-03 5.277e-03  8.634 1.944e-02 -5.073 12.211 6.711 3.066 0.493 -1.489 -4.771 -6.544 -7.951
0.013 -0.05655 9.00000 2.2846679688 2.5789310821    0.788  3.986  3.2417 -1.733    8  0.688  1.867   252.30    -1.00    -1.00    -1.00    -1.00  0 -1.15e-05      2.45 6.634e-01 3.172e-01 7.391e-03 2.044e-03 5.277e-03  8.635 1.945e-02 -5.195 12.057 6.565 2.924 0.355 -1.625 -4.902 -6.672 -8.077
0.013 -0.05655 9.00000 2.2846713066 2.5789311866    0.777  4.013  3.2405 -1.771    8  0.689  1.869   245.69    -1.00    -1.00    -1.00    -1.00  0 -1.22e-05      2.49 6.634e-01 3.172e-01 7.396e-03 2.044e-03 5.277e-03  8.635 1.945e-02 -5.262 12.101 6.581 2.925 0.343 -1.644 -4.938 -6.719 -8.133
0.013 -0.05655 9.00000 2.2846753597 2.5789313134    0.763  4.020  3.2584 -1.714    8  0.689  1.871   238.11    -1.00    -1.00    -1.00    -1.00  0 -1.24e-05      2.61 6.633e-01 3.172e-01 7.403e-03 2.044e-03 5.277e-03  8.636 1.946e-02 -5.281 12.437 6.828 3.123 0.503 -1.508 -4.859 -6.672 -8.117
0.013 -0.05655 9.00000 2.2846801281 2.5789314627    0.748  4.016  3.2998 -1.553    8  0.690  1.873   229.63    -1.00    -1.00    -1.00    -1.00  0 -1.23e-05      2.82 6.633e-01 3.172e-01 7.413e-03 2.044e-03 5.277e-03  8.638 1.947e-02 -5.271 13.103 7.328 3.534 0.841 -1.211 -4.670 -6.540 -8.042
0.013 -0.05655 9.00000 2.2846853733 2.5789316269    0.731  4.007  3.3704 -1.272    8  0.691  1.877   220.32    -1.00    -1.00    -1.00    -1.00  0 -1.21e-05      3.13 6.632e-01 3.173e-01 7.427e-03 2.044e-03 5.277e-03  8.639 1.949e-02 -5.248 14.072 8.059 4.135 1.338 -0.775 -4.388 -6.342 -7.927
0.013 -0.05655 9.00000 2.2846970558 2.5789319925    0.693 -9.999  4.2755  2.327    9  0.692  0.000     0.00     0.00     0.00     0.00     0.00 -1    -1e-30      0.00 6.632e-01 3.173e-01 7.450e-03 2.044e-03 5.277e-03  8.642 1.951e-02 29.767 30.416 31.328 31.502 31.567 31.669 31.940 32.015 32.084
#isochrone terminated
