# File generated by CMD 3.9 (http://stev.oapd.inaf.it/cmd) on Tue May 12 07:12:20 UTC 2026
# isochrones based on PARSEC release v1.2S +  COLIBRI S_37 + S_35 + PR16
# Basic references: Bressan et al. (2012), MNRAS, 427, 127 + Chen et al. (2014, 2015), MNRAS, 444, 2525 + MNRAS, 452, 1068 + Tang et al. (2014), MNRAS, 445, 4287 + Marigo et al. (2017), ApJ, 835, 77 + Pastorelli al. (2019), MNRAS, 485, 5666 + Pastorelli al. (2020), MNRAS, in press
# Thermal pulse cycles included 
# On RGB, assumed Reimers mass loss with efficiency eta=0.2
# LPV periods and growth rates added cf. Trabucchi et al. (2019)
# but fundamental-mode LPV periods + transition are from Trabucchi et al. (2021)
# Photometric system: <i>UBVRIJHK</i> (cf. Maiz-Apellaniz 2006 + Bessell 1990)
# Using YBC version of bolometric corrections as in Chen et al. (2019)
# O-rich circumstellar dpmod60alox40 dust from Groenewegen (2006)
# C-rich circumstellar AMCSIC15 dust from Groenewegen (2006)
# IMF: Kroupa (2001, 2002) + Kroupa et al. (2013) canonical two-part-power law IMF corrected for unresolved binaries 
# Kind of output: isochrone tables
# Zini     MH   logAge Mini        int_IMF         Mass   logL    logTe  logg  label   McoreTP C_O  period0  period1  period2  period3  period4  pmode  Mloss  tau1m   X   Y   Xc  Xn  Xo  Cexcess  Z 	 mbolmag  Umag    Bmag    Vmag    Rmag    Imag    Jmag    Hmag    Kmag
0.013 -0.05655 9.30103 0.0900000036 1.0816895926    0.090 -3.411  3.3677  5.227    0  0.000  0.545     0.00     0.00     0.00     0.00     0.00 -1 -3.96e-17      0.00 7.150e-01 2.719e-01 2.359e-03 6.364e-04 5.772e-03 -1.000 1.312e-02 13.299 22.684 19.983 18.125 15.940 13.677 11.207 10.594 10.315
0.013 -0.05655 9.30103 0.1000000015 1.1711064122    0.100 -3.226  3.3945  5.194    0  0.000  0.545     0.00     0.00     0.00     0.00     0.00 -1 -5.99e-17      0.00 7.149e-01 2.719e-01 2.359e-03 6.364e-04 5.772e-03 -1.000 1.312e-02 12.834 22.157 19.491 17.642 15.470 13.213 10.744 10.131 9.848
0.013 -0.05655 9.30103 0.1025188416 1.1918091482    0.102 -3.189  3.3993  5.187    0  0.000  0.545     0.00     0.00     0.00     0.00     0.00 -1 -6.48e-17      0.00 7.149e-01 2.720e-01 2.359e-03 6.364e-04 5.772e-03 -1.000 1.312e-02 12.743 22.054 19.395 17.548 15.378 13.122 10.653 10.040 9.757
0.013 -0.05655 9.30103 0.1200000048 1.3193154741    0.120 -2.957  3.4300  5.146    1  0.000  0.545     0.00     0.00     0.00     0.00     0.00 -1 -1.07e-16      0.00 7.147e-01 2.722e-01 2.359e-03 6.364e-04 5.772e-03 -1.000 1.312e-02 12.164 20.674 18.287 16.494 14.502 12.366 10.107 9.492 9.200
0.013 -0.05655 9.30103 0.1263790280 1.3599610389    0.126 -2.897  3.4364  5.134    1  0.000  0.545     0.00     0.00     0.00     0.00     0.00 -1 -1.22e-16      0.00 7.147e-01 2.722e-01 2.359e-03 6.364e-04 5.772e-03 -1.000 1.312e-02 12.012 20.190 17.901 16.138 14.219 12.136 9.970 9.354 9.061
0.013 -0.05655 9.30103 0.1400000006 1.4384526719    0.140 -2.777  3.4492  5.109    0  0.000  0.545     0.00     0.00     0.00     0.00     0.00 -1 -1.57e-16      0.00 7.146e-01 2.723e-01 2.359e-03 6.364e-04 5.772e-03 -1.000 1.312e-02 11.711 19.255 17.150 15.442 13.665 11.689 9.700 9.082 8.789
0.013 -0.05655 9.30103 0.1434032470 1.4565242909    0.143 -2.751  3.4516  5.104    0  0.000  0.545     0.00     0.00     0.00     0.00     0.00 -1 -1.65e-16      0.00 7.146e-01 2.723e-01 2.359e-03 6.364e-04 5.772e-03 -1.000 1.312e-02 11.648 19.073 17.002 15.302 13.553 11.599 9.643 9.024 8.731
0.013 -0.05655 9.30103 0.1599999964 1.5372931554    0.160 -2.635  3.4627  5.080    0  0.000  0.545     0.00     0.00     0.00     0.00     0.00 -1  -2.1e-16      0.00 7.144e-01 2.725e-01 2.359e-03 6.364e-04 5.772e-03 -1.000 1.312e-02 11.358 18.260 16.341 14.673 13.046 11.198 9.381 8.760 8.470
0.013 -0.05655 9.30103 0.2000000030 1.6938790862    0.200 -2.419  3.4814  5.036    1  0.000  0.545     0.00     0.00     0.00     0.00     0.00 -1 -3.25e-16      0.00 7.142e-01 2.727e-01 2.359e-03 6.364e-04 5.772e-03 -1.000 1.312e-02 10.818 16.950 15.238 13.626 12.179 10.503 8.888 8.265 7.983
0.013 -0.05655 9.30103 0.2500000000 1.8403257998    0.250 -2.218  3.4974  4.995    1  0.000  0.545     0.00     0.00     0.00     0.00     0.00 -1 -4.84e-16      0.00 7.139e-01 2.730e-01 2.359e-03 6.364e-04 5.772e-03 -1.000 1.312e-02 10.314 15.890 14.318 12.742 11.421 9.896 8.424 7.800 7.527
0.013 -0.05655 9.30103 0.3132461905 1.9787047879    0.313 -2.017  3.5104  4.944    0  0.000  0.545     0.00     0.00     0.00     0.00     0.00 -1 -7.29e-16      0.00 7.144e-01 2.725e-01 2.359e-03 6.364e-04 5.772e-03 -1.000 1.312e-02 9.812 15.003 13.523 11.988 10.752 9.328 7.952 7.324 7.062
0.013 -0.05655 9.30103 0.3377787769 2.0229200949    0.338 -1.937  3.5146  4.914    0  0.000  0.545     0.00     0.00     0.00     0.00     0.00 -1 -8.72e-16      0.00 7.150e-01 2.718e-01 2.359e-03 6.364e-04 5.772e-03 -1.000 1.312e-02 9.614 14.692 13.239 11.718 10.506 9.113 7.764 7.134 6.876
0.013 -0.05655 9.30103 0.3485652208 2.0410596271    0.349 -1.907  3.5166  4.906    0  0.000  0.545     0.00     0.00     0.00     0.00     0.00 -1 -9.28e-16      0.00 7.151e-01 2.718e-01 2.359e-03 6.364e-04 5.772e-03 -1.000 1.312e-02 9.538 14.565 13.124 11.608 10.407 9.029 7.693 7.063 6.806
0.013 -0.05655 9.30103 0.3500000238 2.0434175133    0.350 -1.903  3.5168  4.905    0  0.000  0.545     0.00     0.00     0.00     0.00     0.00 -1 -9.36e-16      0.00 7.151e-01 2.718e-01 2.359e-03 6.364e-04 5.772e-03 -1.000 1.312e-02 9.528 14.549 13.109 11.594 10.395 9.018 7.684 7.053 6.796
0.013 -0.05655 9.30103 0.3917417526 2.1069691860    0.392 -1.781  3.5260  4.868    0  0.000  0.545     0.00     0.00     0.00     0.00     0.00 -1 -1.23e-15      0.00 7.152e-01 2.717e-01 2.359e-03 6.364e-04 5.772e-03 -1.000 1.312e-02 9.222 14.034 12.632 11.141 9.988 8.678 7.400 6.765 6.515
0.013 -0.05655 9.30103 0.4000000358 2.1185024810    0.400 -1.758  3.5277  4.861    0  0.000  0.545     0.00     0.00     0.00     0.00     0.00 -1 -1.29e-15      0.00 7.152e-01 2.717e-01 2.359e-03 6.364e-04 5.772e-03 -1.000 1.312e-02 9.166 13.942 12.546 11.059 9.914 8.616 7.349 6.712 6.464
0.013 -0.05655 9.30103 0.4455694854 2.1770094769    0.445 -1.620  3.5391  4.815    0  0.000  0.545     0.00     0.00     0.00     0.00     0.00 -1 -1.77e-15      0.00 7.152e-01 2.717e-01 2.359e-03 6.364e-04 5.772e-03 -1.000 1.312e-02 8.820 13.382 12.015 10.555 9.458 8.236 7.031 6.387 6.148
0.013 -0.05655 9.30103 0.4500000179 2.1822809362    0.450 -1.607  3.5401  4.811    0  0.000  0.545     0.00     0.00     0.00     0.00     0.00 -1 -1.82e-15      0.00 7.152e-01 2.717e-01 2.359e-03 6.364e-04 5.772e-03 -1.000 1.312e-02 8.788 13.332 11.967 10.509 9.417 8.202 7.002 6.358 6.119
0.013 -0.05655 9.30103 0.5000000000 2.2374541529    0.500 -1.449  3.5555  4.760    0  0.000  0.545     0.00     0.00     0.00     0.00     0.00 -1 -2.64e-15      0.00 7.152e-01 2.717e-01 2.359e-03 6.364e-04 5.772e-03 -1.000 1.312e-02 8.393 12.710 11.357 9.925 8.885 7.770 6.646 5.992 5.764
0.013 -0.05655 9.30103 0.5361420512 2.2718428691    0.536 -1.329  3.5696  4.726    1  0.000  0.545     0.00     0.00     0.00     0.00     0.00 -1 -3.49e-15      0.00 7.185e-01 2.685e-01 2.333e-03 6.295e-04 5.709e-03 -1.000 1.297e-02 8.092 12.227 10.871 9.457 8.458 7.441 6.383 5.720 5.505
0.013 -0.05655 9.30103 0.5500000119 2.2836582633    0.550 -1.284  3.5748  4.714    1  0.000  0.545     0.00     0.00     0.00     0.00     0.00 -1 -3.87e-15      0.00 7.200e-01 2.671e-01 2.321e-03 6.263e-04 5.680e-03 -1.000 1.289e-02 7.981 12.056 10.698 9.290 8.304 7.323 6.287 5.620 5.410
0.013 -0.05655 9.30103 0.5582180619 2.2903472398    0.558 -1.256  3.5788  4.708    1  0.000  0.545     0.00     0.00     0.00     0.00     0.00 -1 -4.12e-15      0.00 7.202e-01 2.669e-01 2.320e-03 6.260e-04 5.678e-03 -1.000 1.289e-02 7.910 11.939 10.579 9.176 8.200 7.246 6.228 5.558 5.353
0.013 -0.05655 9.30103 0.6000000238 2.3211213258    0.600 -1.119  3.5984  4.681    1  0.000  0.545     0.00     0.00     0.00     0.00     0.00 -1 -5.62e-15      0.00 7.208e-01 2.663e-01 2.316e-03 6.248e-04 5.667e-03 -1.000 1.287e-02 7.569 11.388 10.014 8.649 7.719 6.884 5.936 5.249 5.074
0.013 -0.05655 9.30103 0.6162267923 2.3317871648    0.616 -1.065  3.6076  4.675    1  0.000  0.545     0.00     0.00     0.00     0.00     0.00 -1 -6.34e-15      0.00 7.210e-01 2.661e-01 2.314e-03 6.243e-04 5.663e-03 -1.000 1.288e-02 7.432 11.157 9.771 8.433 7.525 6.740 5.820 5.130 4.970
0.013 -0.05655 9.30103 0.6499999762 2.3520353107    0.650 -0.955  3.6262  4.663    1  0.000  0.545     0.00     0.00     0.00     0.00     0.00 -1 -8.05e-15      0.00 7.214e-01 2.657e-01 2.311e-03 6.235e-04 5.655e-03 -1.000 1.290e-02 7.158 10.676 9.278 8.005 7.144 6.452 5.587 4.902 4.771
0.013 -0.05655 9.30103 0.7000000477 2.3779267258    0.700 -0.798  3.6547  4.652    1  0.000  0.545     0.00     0.00     0.00     0.00     0.00 -1 -1.13e-14      0.00 7.221e-01 2.651e-01 2.306e-03 6.221e-04 5.643e-03 -1.000 1.280e-02 6.766 9.779 8.507 7.368 6.603 6.044 5.271 4.630 4.534
0.013 -0.05655 9.30103 0.7402391434 2.3958689509    0.740 -0.678  3.6769  4.645    1  0.000  0.539     0.00     0.00     0.00     0.00     0.00 -1 -1.46e-14      0.00 7.228e-01 2.645e-01 2.276e-03 6.203e-04 5.633e-03 -1.000 1.274e-02 6.466 8.963 7.921 6.895 6.219 5.731 5.038 4.466 4.385
0.013 -0.05655 9.30103 0.7500000000 2.3998889087    0.750 -0.650  3.6822  4.644    1  0.000  0.537     0.00     0.00     0.00     0.00     0.00 -1 -1.54e-14      0.00 7.229e-01 2.643e-01 2.270e-03 6.200e-04 5.632e-03 -1.000 1.282e-02 6.395 8.776 7.790 6.789 6.134 5.658 4.984 4.430 4.351
0.013 -0.05655 9.30103 0.7576608062 2.4029606808    0.758 -0.629  3.6854  4.640    1  0.000  0.537     0.00     0.00     0.00     0.00     0.00 -1 -1.62e-14      0.00 7.230e-01 2.642e-01 2.269e-03 6.196e-04 5.629e-03 -1.000 1.281e-02 6.342 8.657 7.702 6.715 6.073 5.605 4.941 4.397 4.319
0.013 -0.05655 9.30103 0.7995212078 2.4185568769    0.799 -0.516  3.7030  4.621    1  0.000  0.537     0.00     0.00     0.00     0.00     0.00 -1 -2.09e-14      0.00 7.239e-01 2.633e-01 2.263e-03 6.180e-04 5.614e-03 -1.000 1.276e-02 6.060 8.013 7.242 6.332 5.754 5.323 4.718 4.226 4.157
0.013 -0.05655 9.30103 0.8490424156 2.4347429970    0.849 -0.388  3.7223  4.596    1  0.000  0.537     0.00     0.00     0.00     0.00     0.00 -1 -2.81e-14      0.00 7.252e-01 2.621e-01 2.254e-03 6.156e-04 5.593e-03 -1.000 1.269e-02 5.739 7.333 6.755 5.922 5.407 5.010 4.468 4.031 3.970
0.013 -0.05655 9.30103 0.8887347579 2.4462299735    0.888 -0.289  3.7364  4.573    1  0.000  0.537     0.00     0.00     0.00     0.00     0.00 -1 -3.54e-14      0.00 7.264e-01 2.609e-01 2.245e-03 6.132e-04 5.572e-03 -1.000 1.267e-02 5.492 6.850 6.404 5.625 5.148 4.775 4.276 3.876 3.820
0.013 -0.05655 9.30103 0.8985635638 2.4488947628    0.898 -0.265  3.7398  4.567    1  0.000  0.537     0.00     0.00     0.00     0.00     0.00 -1 -3.74e-14      0.00 7.267e-01 2.606e-01 2.243e-03 6.126e-04 5.566e-03 -1.000 1.265e-02 5.432 6.734 6.319 5.553 5.086 4.719 4.230 3.838 3.784
0.013 -0.05655 9.30103 0.9119762778 2.4524248622    0.911 -0.232  3.7441  4.558    1  0.000  0.537     0.00     0.00     0.00     0.00     0.00 -1 -4.05e-14      0.00 7.273e-01 2.601e-01 2.239e-03 6.116e-04 5.557e-03 -1.000 1.262e-02 5.351 6.577 6.207 5.459 5.005 4.644 4.168 3.786 3.734
0.013 -0.05655 9.30103 0.9480847716 2.4613600277    0.948 -0.147  3.7553  4.534    1  0.000  0.537     0.00     0.00     0.00     0.00     0.00 -1 -4.97e-14      0.00 7.288e-01 2.587e-01 2.228e-03 6.086e-04 5.530e-03 -1.000 1.256e-02 5.137 6.177 5.918 5.216 4.793 4.450 4.004 3.648 3.601
0.013 -0.05655 9.30103 0.9707859159 2.4665878189    0.970 -0.094  3.7617  4.517    1  0.000  0.537     0.00     0.00     0.00     0.00     0.00 -1 -5.66e-14      0.00 7.301e-01 2.574e-01 2.218e-03 6.061e-04 5.508e-03 -1.000 1.248e-02 5.004 5.948 5.745 5.069 4.663 4.329 3.901 3.559 3.515
0.013 -0.05655 9.30103 0.9976059794 2.4724129260    0.998 -0.032  3.7690  4.497    1  0.000  0.537     0.00     0.00     0.00     0.00     0.00 -1 -6.59e-14      0.00 7.318e-01 2.558e-01 2.207e-03 6.029e-04 5.479e-03 -1.000 1.245e-02 4.849 5.691 5.545 4.901 4.513 4.190 3.782 3.456 3.416
0.013 -0.05655 9.30103 1.0100641251 2.4749980470    1.010 -0.003  3.7722  4.486    1  0.000  0.537     0.00     0.00     0.00     0.00     0.00 -1 -6.96e-14      0.00 7.329e-01 2.547e-01 2.199e-03 6.008e-04 5.461e-03 -1.000 1.242e-02 4.778 5.578 5.455 4.824 4.444 4.127 3.727 3.408 3.369
0.013 -0.05655 9.30103 1.0461077690 2.4820801067    1.045  0.078  3.7809  4.455    1  0.000  0.537     0.00     0.00     0.00     0.00     0.00 -1 -8.13e-14      0.00 7.363e-01 2.515e-01 2.174e-03 5.942e-04 5.401e-03 -1.000 1.228e-02 4.575 5.266 5.199 4.607 4.249 3.946 3.568 3.268 3.233
0.013 -0.05655 9.30103 1.0471271276 2.4822722586    1.046  0.080  3.7812  4.454    1  0.000  0.537     0.00     0.00     0.00     0.00     0.00 -1 -8.16e-14      0.00 7.364e-01 2.514e-01 2.174e-03 5.940e-04 5.399e-03 -1.000 1.227e-02 4.569 5.257 5.192 4.601 4.243 3.941 3.564 3.264 3.229
0.013 -0.05655 9.30103 1.0663909912 2.4858242672    1.066  0.123  3.7855  4.436    1  0.000  0.537     0.00     0.00     0.00     0.00     0.00 -1 -8.83e-14      0.00 7.388e-01 2.491e-01 2.156e-03 5.895e-04 5.358e-03 -1.000 1.218e-02 4.462 5.105 5.061 4.489 4.141 3.845 3.478 3.187 3.154
0.013 -0.05655 9.30103 1.0963773727 2.4910687828    1.095  0.189  3.7919  4.408    1  0.000  0.536     0.00     0.00     0.00     0.00     0.00 -1 -9.98e-14      0.00 7.428e-01 2.451e-01 2.127e-03 5.817e-04 5.289e-03 -1.000 1.202e-02 4.297 4.877 4.862 4.318 3.984 3.698 3.347 3.068 3.038
0.013 -0.05655 9.30103 1.0966484547 2.4911146919    1.096  0.190  3.7920  4.408    1  0.000  0.536     0.00     0.00     0.00     0.00     0.00 -1    -1e-13      0.00 7.429e-01 2.451e-01 2.127e-03 5.816e-04 5.288e-03 -1.000 1.202e-02 4.295 4.875 4.860 4.316 3.982 3.697 3.346 3.067 3.037
0.013 -0.05655 9.30103 1.1124809980 2.4937514418    1.112  0.224  3.7952  4.392    1  0.000  0.536     0.00     0.00     0.00     0.00     0.00 -1 -1.06e-13      0.00 7.442e-01 2.438e-01 2.120e-03 5.798e-04 5.273e-03 -1.000 1.199e-02 4.209 4.761 4.758 4.227 3.901 3.620 3.277 3.004 2.976
0.013 -0.05655 9.30103 1.1371386051 2.4976902493    1.136  0.277  3.8000  4.368    1  0.000  0.536     0.00     0.00     0.00     0.00     0.00 -1 -1.17e-13      0.00 7.461e-01 2.419e-01 2.112e-03 5.778e-04 5.255e-03 -1.000 1.193e-02 4.077 4.587 4.601 4.091 3.775 3.502 3.170 2.907 2.880
0.013 -0.05655 9.30103 1.1461695433 2.4990841818    1.145  0.296  3.8017  4.360    1  0.000  0.536     0.00     0.00     0.00     0.00     0.00 -1 -1.21e-13      0.00 7.467e-01 2.413e-01 2.110e-03 5.773e-04 5.252e-03 -1.000 1.191e-02 4.030 4.526 4.545 4.042 3.729 3.459 3.131 2.872 2.846
0.013 -0.05655 9.30103 1.1728072166 2.5030523109    1.172  0.352  3.8066  4.333    1  0.000  0.536     0.00     0.00     0.00     0.00     0.00 -1 -1.33e-13      0.00 7.466e-01 2.415e-01 2.115e-03 5.788e-04 5.266e-03 -1.000 1.195e-02 3.890 4.351 4.381 3.899 3.597 3.335 3.017 2.768 2.744
0.013 -0.05655 9.30103 1.1956908703 2.5062993490    1.195  0.399  3.8105  4.310    1  0.000  0.535     0.00     0.00     0.00     0.00     0.00 -1 -1.45e-13      0.00 7.463e-01 2.417e-01 2.120e-03 5.803e-04 5.280e-03 -1.000 1.200e-02 3.772 4.205 4.244 3.777 3.484 3.228 2.920 2.678 2.656
0.013 -0.05655 9.30103 1.2452119589 2.5128585200    1.245  0.496  3.8180  4.261    1  0.000  0.535     0.00     0.00     0.00     0.00     0.00 -1 -1.69e-13      0.00 7.467e-01 2.414e-01 2.118e-03 5.798e-04 5.276e-03 -1.000 1.195e-02 3.531 3.926 3.969 3.530 3.252 3.009 2.718 2.491 2.470
0.013 -0.05655 9.30103 1.2947330475 2.5188440396    1.294  0.586  3.8240  4.212    1  0.000  0.535     0.00     0.00     0.00     0.00     0.00 -1 -1.93e-13      0.00 7.467e-01 2.413e-01 2.119e-03 5.794e-04 5.279e-03 -1.000 1.199e-02 3.304 3.673 3.714 3.298 3.032 2.799 2.523 2.309 2.288
0.013 -0.05655 9.30103 1.3442542553 2.5243252649    1.344  0.672  3.8287  4.161    1  0.000  0.535     0.00     0.00     0.00     0.00     0.00 -1 -2.15e-13      0.00 7.451e-01 2.428e-01 2.128e-03 5.821e-04 5.301e-03 -1.000 1.207e-02 3.090 3.440 3.478 3.079 2.822 2.598 2.332 2.128 2.108
0.013 -0.05655 9.30103 1.3614352942 2.5261201265    1.361  0.701  3.8300  4.142    1  0.000  0.535     0.00     0.00     0.00     0.00     0.00 -1 -2.21e-13      0.00 7.453e-01 2.426e-01 2.127e-03 5.812e-04 5.299e-03 -1.000 1.205e-02 3.017 3.363 3.398 3.004 2.751 2.528 2.266 2.065 2.045
0.013 -0.05655 9.30103 1.3937754631 2.5293609890    1.394  0.756  3.8315  4.104    1  0.000  0.535     0.00     0.00     0.00     0.00     0.00 -1 -2.35e-13      0.00 7.455e-01 2.424e-01 2.126e-03 5.797e-04 5.296e-03 -1.000 1.205e-02 2.881 3.224 3.254 2.866 2.616 2.397 2.138 1.940 1.921
0.013 -0.05655 9.30103 1.4090949297 2.5308365999    1.409  0.782  3.8322  4.086    1  0.000  0.535     0.00     0.00     0.00     0.00     0.00 -1  -2.4e-13      0.00 7.455e-01 2.424e-01 2.126e-03 5.798e-04 5.295e-03 -1.000 1.207e-02 2.816 3.158 3.186 2.800 2.552 2.334 2.077 1.881 1.861
0.013 -0.05655 9.30103 1.4432967901 2.5340014006    1.443  0.839  3.8330  4.042    1  0.000  0.535     0.00     0.00     0.00     0.00     0.00 -1 -2.52e-13      0.00 7.455e-01 2.424e-01 2.126e-03 5.802e-04 5.295e-03 -1.000 1.207e-02 2.672 3.014 3.036 2.654 2.408 2.193 1.937 1.743 1.723
0.013 -0.05655 9.30103 1.4554430246 2.5350842518    1.455  0.859  3.8327  4.025    1  0.000  0.536     0.00     0.00     0.00     0.00     0.00 -1 -2.54e-13      0.00 7.455e-01 2.424e-01 2.126e-03 5.803e-04 5.293e-03 -1.000 1.206e-02 2.622 2.966 2.986 2.604 2.358 2.142 1.886 1.692 1.672
0.013 -0.05655 9.30103 1.4766212702 2.5369234068    1.476  0.893  3.8317  3.992    1  0.000  0.536     0.00     0.00     0.00     0.00     0.00 -1 -2.58e-13      0.00 7.454e-01 2.426e-01 2.127e-03 5.807e-04 5.292e-03 -1.000 1.200e-02 2.537 2.885 2.902 2.518 2.270 2.053 1.794 1.599 1.579
0.013 -0.05655 9.30103 1.4928178787 2.5382895241    1.492  0.919  3.8303  3.966    1  0.000  0.536     0.00     0.00     0.00     0.00     0.00 -1 -2.62e-13      0.00 7.452e-01 2.428e-01 2.128e-03 5.810e-04 5.293e-03 -1.000 1.200e-02 2.472 2.827 2.841 2.453 2.203 1.984 1.722 1.524 1.503
0.013 -0.05655 9.30103 1.4949609041 2.5384677311    1.495  0.923  3.8301  3.962    1  0.000  0.536     0.00     0.00     0.00     0.00     0.00 -1 -2.62e-13      0.00 7.452e-01 2.428e-01 2.128e-03 5.810e-04 5.293e-03 -1.000 1.200e-02 2.463 2.819 2.833 2.444 2.194 1.975 1.712 1.514 1.493
0.013 -0.05655 9.30103 1.5141650438 2.5400388285    1.514  0.953  3.8273  3.926    1  0.000  0.536     0.00     0.00     0.00     0.00     0.00 -1 -2.61e-13      0.00 7.451e-01 2.428e-01 2.129e-03 5.812e-04 5.297e-03 -1.000 1.207e-02 2.388 2.758 2.767 2.370 2.115 1.892 1.623 1.420 1.398
0.013 -0.05655 9.30103 1.5332310200 2.5415539338    1.533  0.982  3.8238  3.889    1  0.000  0.536     0.00     0.00     0.00     0.00     0.00 -1  -2.6e-13      0.00 7.450e-01 2.429e-01 2.130e-03 5.817e-04 5.302e-03 -1.000 1.208e-02 2.315 2.703 2.707 2.299 2.038 1.809 1.532 1.322 1.300
0.013 -0.05655 9.30103 1.5423390865 2.5422625332    1.542  0.996  3.8219  3.870    1  0.000  0.536     0.00     0.00     0.00     0.00     0.00 -1  -2.6e-13      0.00 7.449e-01 2.430e-01 2.131e-03 5.819e-04 5.304e-03 -1.000 1.208e-02 2.281 2.678 2.680 2.266 2.001 1.769 1.487 1.275 1.252
0.013 -0.05655 9.30103 1.5470031500 2.5426216805    1.547  1.003  3.8210  3.861    1  0.000  0.536     0.00     0.00     0.00     0.00     0.00 -1 -2.58e-13      0.00 7.448e-01 2.431e-01 2.131e-03 5.820e-04 5.304e-03 -1.000 1.209e-02 2.263 2.665 2.666 2.249 1.983 1.749 1.465 1.251 1.228
0.013 -0.05655 9.30103 1.5662271976 2.5440760629    1.566  1.031  3.8160  3.818    1  0.000  0.536     0.00     0.00     0.00     0.00     0.00 -1 -2.47e-13      0.00 7.446e-01 2.434e-01 2.133e-03 5.828e-04 5.308e-03 -1.000 1.206e-02 2.194 2.621 2.616 2.182 1.907 1.665 1.370 1.146 1.121
0.013 -0.05655 9.30103 1.5842288733 2.5454012302    1.584  1.056  3.8105  3.776    1  0.000  0.536     0.00     0.00     0.00     0.00     0.00 -1 -2.38e-13      0.00 7.443e-01 2.437e-01 2.135e-03 5.836e-04 5.312e-03 -1.000 1.208e-02 2.131 2.589 2.576 2.123 1.837 1.586 1.278 1.044 1.018
0.013 -0.05655 9.30103 1.5918604136 2.5459526227    1.591  1.066  3.8081  3.758    1  0.000  0.536     0.00     0.00     0.00     0.00     0.00 -1 -2.34e-13      0.00 7.441e-01 2.438e-01 2.136e-03 5.839e-04 5.313e-03 -1.000 1.209e-02 2.105 2.580 2.561 2.099 1.808 1.553 1.239 1.000 0.973
0.013 -0.05655 9.30103 1.5964287519 2.5462797942    1.596  1.072  3.8066  3.747    1  0.000  0.536     0.00     0.00     0.00     0.00     0.00 -1 -2.26e-13      0.00 7.440e-01 2.439e-01 2.136e-03 5.841e-04 5.315e-03 -1.000 1.210e-02 2.089 2.575 2.552 2.084 1.790 1.533 1.216 0.974 0.946
0.013 -0.05655 9.30103 1.6126804352 2.5474264335    1.612  1.095  3.8009  3.706    1  0.000  0.536     0.00     0.00     0.00     0.00     0.00 -1 -2.01e-13      0.00 7.437e-01 2.441e-01 2.138e-03 5.847e-04 5.319e-03 -1.000 1.212e-02 2.032 2.559 2.523 2.032 1.726 1.460 1.129 0.876 0.847
0.013 -0.05655 9.30103 1.6289734840 2.5485496195    1.628  1.124  3.7964  3.663    1  0.000  0.536     0.00     0.00     0.00     0.00     0.00 -1 -1.82e-13      0.00 7.434e-01 2.444e-01 2.140e-03 5.854e-04 5.324e-03 -1.000 1.216e-02 1.960 2.524 2.473 1.964 1.648 1.375 1.033 0.771 0.740
0.013 -0.05655 9.30103 1.6302736998 2.5486381401    1.629  1.127  3.7961  3.660    1  0.000  0.536     0.00     0.00     0.00     0.00     0.00 -1 -1.81e-13      0.00 7.434e-01 2.444e-01 2.140e-03 5.855e-04 5.325e-03 -1.000 1.216e-02 1.954 2.520 2.469 1.958 1.642 1.368 1.025 0.763 0.732
0.013 -0.05655 9.30103 1.6373322010 2.5491158735    1.636  1.181  3.8048  3.642    1  0.000  0.536     0.00     0.00     0.00     0.00     0.00 -1  -1.9e-13      0.00 7.433e-01 2.446e-01 2.141e-03 5.859e-04 5.327e-03 -1.000 1.209e-02 1.817 2.321 2.284 1.812 1.515 1.256 0.934 0.690 0.662
0.013 -0.05655 9.30103 1.6384361982 2.5491901662    1.638  1.207  3.8109  3.640    1  0.000  0.536     0.00     0.00     0.00     0.00     0.00 -1    -2e-13      0.00 7.432e-01 2.447e-01 2.142e-03 5.860e-04 5.328e-03 -1.000 1.208e-02 1.751 2.215 2.187 1.740 1.456 1.208 0.901 0.669 0.642
0.013 -0.05655 9.30103 1.6388518810 2.5492181095    1.638  1.232  3.8172  3.641    1  0.000  0.536     0.00     0.00     0.00     0.00     0.00 -1 -2.11e-13      0.00 7.432e-01 2.447e-01 2.142e-03 5.860e-04 5.328e-03 -1.000 1.208e-02 1.689 2.121 2.095 1.671 1.401 1.163 0.871 0.652 0.627
0.013 -0.05655 9.30103 1.6390780210 2.5492333043    1.638  1.259  3.8239  3.642    1  0.000  0.536     0.00     0.00     0.00     0.00     0.00 -1 -2.23e-13      0.00 7.432e-01 2.447e-01 2.142e-03 5.860e-04 5.328e-03 -1.000 1.208e-02 1.623 2.024 1.999 1.599 1.342 1.117 0.840 0.635 0.611
0.013 -0.05655 9.30103 1.6392041445 2.5492417768    1.638  1.280  3.8299  3.644    1  0.000  0.536     0.00     0.00     0.00     0.00     0.00 -1 -2.33e-13      0.00 7.432e-01 2.447e-01 2.142e-03 5.860e-04 5.328e-03 -1.000 1.208e-02 1.569 1.944 1.918 1.539 1.294 1.079 0.817 0.624 0.601
0.013 -0.05655 9.30103 1.6392527819 2.5492450436    1.638  1.288  3.8322  3.645    1  0.000  0.536     0.00     0.00     0.00     0.00     0.00 -1 -2.37e-13      0.00 7.432e-01 2.447e-01 2.142e-03 5.860e-04 5.328e-03 -1.000 1.208e-02 1.550 1.917 1.890 1.518 1.278 1.067 0.809 0.621 0.599
0.013 -0.05655 9.30103 1.6393235922 2.5492497994    1.638  1.260  3.8268  3.652    2  0.000  0.536     0.00     0.00     0.00     0.00     0.00 -1 -2.22e-13      0.00 7.432e-01 2.447e-01 2.142e-03 5.860e-04 5.328e-03 -1.000 1.208e-02 1.621 2.009 1.984 1.594 1.343 1.122 0.853 0.654 0.630
0.013 -0.05655 9.30103 1.6393712759 2.5492530016    1.638  1.240  3.8216  3.651    2  0.000  0.536     0.00     0.00     0.00     0.00     0.00 -1 -2.12e-13      0.00 7.432e-01 2.447e-01 2.142e-03 5.860e-04 5.328e-03 -1.000 1.208e-02 1.669 2.080 2.056 1.647 1.386 1.156 0.874 0.664 0.640
0.013 -0.05655 9.30103 1.6394459009 2.5492580127    1.639  1.226  3.8134  3.632    2  0.000  0.536     0.00     0.00     0.00     0.00     0.00 -1 -2.09e-13      0.00 7.432e-01 2.447e-01 2.142e-03 5.861e-04 5.328e-03 -1.000 1.208e-02 1.706 2.156 2.129 1.691 1.413 1.169 0.868 0.641 0.615
0.013 -0.05655 9.30103 1.6395637989 2.5492659286    1.639  1.232  3.8038  3.588    2  0.000  0.536     0.00     0.00     0.00     0.00     0.00 -1 -2.21e-13      0.00 7.432e-01 2.447e-01 2.142e-03 5.861e-04 5.328e-03 -1.000 1.208e-02 1.690 2.203 2.160 1.684 1.386 1.126 0.802 0.557 0.528
0.013 -0.05655 9.30103 1.6397638321 2.5492793561    1.639  1.240  3.7940  3.540    2  0.000  0.536     0.00     0.00     0.00     0.00     0.00 -1 -2.38e-13      0.00 7.432e-01 2.447e-01 2.142e-03 5.861e-04 5.329e-03 -1.000 1.208e-02 1.670 2.257 2.191 1.674 1.355 1.078 0.731 0.465 0.433
0.013 -0.05655 9.30103 1.6400774717 2.5493004020    1.639  1.237  3.7846  3.507    2  0.000  0.536     0.00     0.00     0.00     0.00     0.00 -1 -2.45e-13      0.00 7.431e-01 2.448e-01 2.142e-03 5.862e-04 5.329e-03 -1.000 1.209e-02 1.679 2.345 2.252 1.695 1.355 1.063 0.692 0.407 0.371
0.013 -0.05655 9.30103 1.6406449080 2.5493384548    1.640  1.218  3.7726  3.477    2  0.000  0.536     0.00     0.00     0.00     0.00     0.00 -1 -2.42e-13      0.00 7.406e-01 2.472e-01 2.159e-03 5.906e-04 5.369e-03 -1.000 1.221e-02 1.725 2.510 2.371 1.761 1.394 1.081 0.679 0.366 0.325
0.013 -0.05655 9.30103 1.6412117481 2.5493764373    1.640  1.191  3.7626  3.464    2  0.000  0.537     0.00     0.00     0.00     0.00     0.00 -1  -2.3e-13      0.00 7.340e-01 2.536e-01 2.204e-03 6.025e-04 5.475e-03 -1.000 1.245e-02 1.791 2.685 2.500 1.847 1.458 1.128 0.698 0.362 0.318
0.013 -0.05655 9.30103 1.6413816214 2.5493878142    1.641  1.182  3.7597  3.462    2  0.000  0.537     0.00     0.00     0.00     0.00     0.00 -1 -2.25e-13      0.00 7.320e-01 2.555e-01 2.218e-03 6.061e-04 5.508e-03 -1.000 1.252e-02 1.815 2.741 2.542 1.877 1.481 1.146 0.709 0.366 0.321
0.013 -0.05655 9.30103 1.6415808201 2.5494011517    1.641  1.171  3.7563  3.460    2  0.000  0.537     0.00     0.00     0.00     0.00     0.00 -1 -1.92e-13      0.00 7.296e-01 2.578e-01 2.234e-03 6.104e-04 5.546e-03 -1.000 1.260e-02 1.843 2.810 2.592 1.913 1.510 1.169 0.723 0.371 0.325
0.013 -0.05655 9.30103 1.6419939995 2.5494288045    1.641  1.143  3.7493  3.460    2  0.000  0.537     0.00     0.00     0.00     0.00     0.00 -1 -1.37e-13      0.00 7.261e-01 2.612e-01 2.256e-03 6.166e-04 5.600e-03 -1.000 1.270e-02 1.914 2.965 2.708 2.000 1.581 1.229 0.762 0.394 0.345
0.013 -0.05655 9.30103 1.6423975229 2.5494557957    1.642  1.114  3.7424  3.461    2  0.000  0.537     0.00     0.00     0.00     0.00     0.00 -1 -9.76e-14      0.00 7.236e-01 2.636e-01 2.272e-03 6.209e-04 5.639e-03 -1.000 1.282e-02 1.985 3.132 2.825 2.090 1.654 1.291 0.803 0.416 0.365
0.013 -0.05655 9.30103 1.6429225206 2.5494908892    1.642  1.083  3.7334  3.456    2  0.000  0.537     0.00     0.00     0.00     0.00     0.00 -1 -6.43e-14      0.00 7.213e-01 2.657e-01 2.287e-03 6.247e-04 5.673e-03 -1.000 1.293e-02 2.063 3.333 2.965 2.195 1.739 1.360 0.845 0.434 0.380
0.013 -0.05655 9.30103 1.6434460878 2.5495258615    1.643  1.071  3.7253  3.436    2  0.000  0.537     0.00     0.00     0.00     0.00     0.00 -1  -4.5e-14      0.00 7.197e-01 2.674e-01 2.295e-03 6.272e-04 5.694e-03 -1.000 1.294e-02 2.092 3.481 3.052 2.251 1.776 1.384 0.844 0.410 0.354
0.013 -0.05655 9.30103 1.6439681053 2.5495607047    1.643  1.075  3.7179  3.403    2  0.000  0.537     0.00     0.00     0.00     0.00     0.00 -1 -3.31e-14      0.00 7.181e-01 2.690e-01 2.301e-03 6.293e-04 5.711e-03 -1.000 1.295e-02 2.083 3.586 3.098 2.268 1.774 1.370 0.806 0.352 0.293
0.013 -0.05655 9.30103 1.6442172527 2.5495773257    1.643  1.091  3.7153  3.376    2  0.000  0.530     0.00     0.00     0.00     0.00     0.00 -1 -2.99e-14      0.00 7.171e-01 2.699e-01 2.271e-03 6.509e-04 5.716e-03 -1.000 1.298e-02 2.043 3.588 3.079 2.237 1.738 1.329 0.756 0.295 0.235
0.013 -0.05655 9.30103 1.6447150707 2.5496105184    1.644  1.126  3.7103  3.321    3  0.000  0.504     0.00     0.00     0.00     0.00     0.00 -1 -2.44e-14      0.00 7.149e-01 2.720e-01 2.166e-03 7.485e-04 5.727e-03 -1.000 1.305e-02 1.954 3.581 3.030 2.168 1.656 1.238 0.649 0.174 0.112
0.013 -0.05655 9.30103 1.6451694965 2.5496407977    1.644  1.168  3.7067  3.265    3  0.000  0.454     0.00     0.00     0.00     0.00     0.00 -1  -2.1e-14      0.00 7.124e-01 2.745e-01 1.954e-03 9.974e-04 5.734e-03 -1.000 1.311e-02 1.850 3.540 2.957 2.079 1.558 1.133 0.531 0.046 -0.017
0.013 -0.05655 9.30103 1.6455711126 2.5496675422    1.645  1.208  3.7038  3.213    3  0.000  0.421     0.00     0.00     0.00     0.00     0.00 -1 -1.84e-14      0.00 7.101e-01 2.768e-01 1.811e-03 1.175e-03 5.738e-03 -1.000 1.312e-02 1.749 3.489 2.881 1.990 1.461 1.031 0.420 -0.073 -0.137
0.013 -0.05655 9.30103 1.6459461451 2.5496925029    1.645  1.248  3.7013  3.163    3  0.000  0.401     0.00     0.00     0.00     0.00     0.00 -1 -1.64e-14      0.00 7.081e-01 2.788e-01 1.726e-03 1.282e-03 5.741e-03 -1.000 1.313e-02 1.649 3.432 2.803 1.901 1.366 0.931 0.311 -0.188 -0.254
0.013 -0.05655 9.30103 1.6463077068 2.5497165547    1.646  1.288  3.6990  3.114    3  0.000  0.388     0.00     0.00     0.00     0.00     0.00 -1 -1.47e-14      0.00 7.063e-01 2.805e-01 1.672e-03 1.351e-03 5.745e-03 -1.000 1.314e-02 1.550 3.374 2.725 1.812 1.271 0.832 0.204 -0.302 -0.369
0.013 -0.05655 9.30103 1.6466587782 2.5497398970    1.646  1.327  3.6968  3.066    3  0.000  0.379     0.00     0.00     0.00     0.00     0.00 -1 -1.32e-14      0.00 7.048e-01 2.821e-01 1.637e-03 1.399e-03 5.750e-03 -1.000 1.315e-02 1.452 3.318 2.648 1.724 1.178 0.734 0.098 -0.415 -0.482
0.013 -0.05655 9.30103 1.6470046043 2.5497628793    1.646  1.366  3.6945  3.018    3  0.000  0.373     0.00     0.00     0.00     0.00     0.00 -1 -1.19e-14      0.00 7.034e-01 2.834e-01 1.612e-03 1.436e-03 5.758e-03 -1.000 1.322e-02 1.354 3.262 2.571 1.637 1.085 0.637 -0.007 -0.527 -0.595
0.013 -0.05655 9.30103 1.6473464966 2.5497855893    1.647  1.405  3.6924  2.971    3  0.000  0.369     0.00     0.00     0.00     0.00     0.00 -1 -1.07e-14      0.00 7.021e-01 2.847e-01 1.595e-03 1.467e-03 5.756e-03 -1.000 1.322e-02 1.258 3.205 2.494 1.550 0.992 0.540 -0.112 -0.637 -0.706
0.013 -0.05655 9.30103 1.6478579044 2.5498195391    1.647  1.461  3.6893  2.902    3  0.000  0.367     0.00     0.00     0.00     0.00     0.00 -1 -9.08e-15      0.00 6.995e-01 2.872e-01 1.575e-03 1.522e-03 5.725e-03 -1.000 1.323e-02 1.116 3.122 2.382 1.423 0.858 0.399 -0.264 -0.798 -0.869
0.013 -0.05655 9.30103 1.6482834816 2.5498477725    1.647  1.508  3.6867  2.846    3  0.000  0.365     0.00     0.00     0.00     0.00     0.00 -1 -7.87e-15      0.00 6.974e-01 2.894e-01 1.561e-03 1.566e-03 5.693e-03 -1.000 1.323e-02 1.000 3.055 2.291 1.320 0.748 0.284 -0.388 -0.930 -1.002
0.013 -0.05655 9.30103 1.6487104893 2.5498760840    1.648  1.555  3.6841  2.789    3  0.000  0.365     0.00     0.00     0.00     0.00     0.00 -1 -6.81e-15      0.00 6.955e-01 2.912e-01 1.551e-03 1.601e-03 5.665e-03 -1.000 1.330e-02 0.883 2.989 2.199 1.217 0.637 0.169 -0.513 -1.063 -1.136
0.013 -0.05655 9.30103 1.6490480900 2.5498984557    1.648  1.592  3.6819  2.743    3  0.000  0.365     0.00     0.00     0.00     0.00     0.00 -1 -6.08e-15      0.00 6.943e-01 2.924e-01 1.546e-03 1.624e-03 5.648e-03 -1.000 1.329e-02 0.790 2.937 2.127 1.135 0.549 0.076 -0.614 -1.170 -1.244
0.013 -0.05655 9.30103 1.6494147778 2.5499227429    1.649  1.633  3.6795  2.692    3  0.000  0.364     0.00     0.00     0.00     0.00     0.00 -1 -5.38e-15      0.00 6.933e-01 2.935e-01 1.541e-03 1.642e-03 5.634e-03 -1.000 1.322e-02 0.686 2.882 2.047 1.044 0.452 -0.026 -0.725 -1.288 -1.364
0.013 -0.05655 9.30103 1.6497912407 2.5499476647    1.649  1.676  3.6769  2.639    3  0.000  0.364     0.00     0.00     0.00     0.00     0.00 -1 -4.73e-15      0.00 6.925e-01 2.943e-01 1.536e-03 1.656e-03 5.622e-03 -1.000 1.323e-02 0.580 2.828 1.968 0.953 0.353 -0.130 -0.839 -1.410 -1.488
0.013 -0.05655 9.30103 1.6501140594 2.5499690249    1.649  1.714  3.6746  2.592    3  0.000  0.364     0.00     0.00     0.00     0.00     0.00 -1 -4.25e-15      0.00 6.920e-01 2.947e-01 1.535e-03 1.663e-03 5.616e-03 -1.000 1.327e-02 0.486 2.782 1.898 0.872 0.266 -0.223 -0.940 -1.518 -1.598
0.013 -0.05655 9.30103 1.6504426003 2.5499907537    1.650  1.753  3.6721  2.543    3  0.000  0.364     0.00     0.00     0.00     0.00     0.00 -1 -3.81e-15      0.00 6.918e-01 2.950e-01 1.533e-03 1.668e-03 5.613e-03 -1.000 1.324e-02 0.388 2.734 1.825 0.788 0.175 -0.319 -1.046 -1.631 -1.712
0.013 -0.05655 9.30103 1.6507707834 2.5500124491    1.650  1.792  3.6696  2.493    3  0.000  0.364     0.00     0.00     0.00     0.00     0.00 -1 -3.42e-15      0.00 6.917e-01 2.951e-01 1.533e-03 1.670e-03 5.611e-03 -1.000 1.322e-02 0.289 2.689 1.753 0.704 0.083 -0.416 -1.152 -1.746 -1.828
0.013 -0.05655 9.30103 1.6510930061 2.5500337407    1.650  1.832  3.6670  2.444    3  0.000  0.364     0.00     0.00     0.00     0.00     0.00 -1 -3.08e-15      0.00 6.917e-01 2.951e-01 1.533e-03 1.671e-03 5.611e-03 -1.000 1.322e-02 0.191 2.661 1.687 0.622 -0.007 -0.512 -1.258 -1.859 -1.943
0.013 -0.05655 9.30103 1.6514649391 2.5500583051    1.651  1.878  3.6640  2.386    3  0.000  0.364     0.00     0.00     0.00     0.00     0.00 -1 -2.72e-15      0.00 6.917e-01 2.951e-01 1.533e-03 1.671e-03 5.611e-03 -1.000 1.322e-02 0.075 2.628 1.610 0.525 -0.114 -0.626 -1.384 -1.993 -2.079
0.013 -0.05655 9.30103 1.6517663002 2.5500781993    1.651  1.916  3.6614  2.337    3  0.000  0.364     0.00     0.00     0.00     0.00     0.00 -1 -2.47e-15      0.00 6.917e-01 2.951e-01 1.533e-03 1.671e-03 5.610e-03 -1.000 1.322e-02 -0.021 2.603 1.548 0.447 -0.202 -0.719 -1.487 -2.104 -2.191
0.013 -0.05655 9.30103 1.6520770788 2.5500987065    1.651  1.954  3.6588  2.289    3  0.000  0.364     0.00     0.00     0.00     0.00     0.00 -1 -2.22e-15      0.00 6.917e-01 2.951e-01 1.533e-03 1.672e-03 5.610e-03 -1.000 1.322e-02 -0.116 2.580 1.486 0.369 -0.289 -0.812 -1.590 -2.215 -2.303
0.013 -0.05655 9.30103 1.6524674892 2.5501244557    1.652  1.994  3.6562  2.238    3  0.000  0.364     0.00     0.00     0.00     0.00     0.00 -1  -1.9e-15      0.00 6.917e-01 2.951e-01 1.533e-03 1.672e-03 5.610e-03 -1.000 1.322e-02 -0.215 2.558 1.423 0.289 -0.379 -0.909 -1.697 -2.330 -2.420
0.013 -0.05655 9.30103 1.6528854370 2.5501520055    1.652  2.021  3.6543  2.204    3  0.000  0.364     0.00     0.00     0.00     0.00     0.00 -1 -1.53e-15      0.00 6.917e-01 2.951e-01 1.532e-03 1.672e-03 5.610e-03 -1.000 1.322e-02 -0.284 2.543 1.380 0.234 -0.441 -0.975 -1.771 -2.410 -2.501
0.013 -0.05655 9.30103 1.6531659365 2.5501704863    1.652  1.998  3.6561  2.235    3  0.000  0.364     0.00     0.00     0.00     0.00     0.00 -1 -1.17e-15      0.00 6.917e-01 2.951e-01 1.532e-03 1.673e-03 5.610e-03 -1.000 1.322e-02 -0.224 2.552 1.416 0.280 -0.388 -0.918 -1.707 -2.340 -2.430
0.013 -0.05655 9.30103 1.6533801556 2.5501845952    1.653  1.973  3.6579  2.267    3  0.000  0.364     0.00     0.00     0.00     0.00     0.00 -1  -9.4e-16      0.00 6.917e-01 2.951e-01 1.532e-03 1.673e-03 5.609e-03 -1.000 1.322e-02 -0.162 2.563 1.454 0.330 -0.332 -0.857 -1.639 -2.266 -2.356
0.013 -0.05655 9.30103 1.6535367966 2.5501949093    1.653  1.933  3.6606  2.318    3  0.000  0.364     0.00     0.00     0.00     0.00     0.00 -1 -7.46e-16      0.00 6.917e-01 2.951e-01 1.532e-03 1.673e-03 5.609e-03 -1.000 1.322e-02 -0.062 2.584 1.517 0.410 -0.241 -0.760 -1.531 -2.150 -2.238
0.013 -0.05655 9.30103 1.6536480188 2.5502022314    1.653  1.897  3.6632  2.365    3  0.000  0.364     0.00     0.00     0.00     0.00     0.00 -1 -6.19e-16      0.00 6.917e-01 2.951e-01 1.532e-03 1.673e-03 5.609e-03 -1.000 1.322e-02 0.028 2.603 1.574 0.484 -0.159 -0.672 -1.433 -2.044 -2.130
0.013 -0.05655 9.30103 1.6537861824 2.5502113256    1.653  1.847  3.6666  2.428    3  0.000  0.364     0.00     0.00     0.00     0.00     0.00 -1 -4.85e-16      0.00 6.917e-01 2.951e-01 1.532e-03 1.673e-03 5.609e-03 -1.000 1.322e-02 0.152 2.635 1.655 0.586 -0.045 -0.550 -1.298 -1.900 -1.984
0.013 -0.05655 9.30103 1.6538960934 2.5502185588    1.653  1.808  3.6693  2.478    3  0.000  0.364     0.00     0.00     0.00     0.00     0.00 -1 -3.99e-16      0.00 6.917e-01 2.951e-01 1.532e-03 1.673e-03 5.609e-03 -1.000 1.322e-02 0.250 2.661 1.719 0.667 0.045 -0.454 -1.192 -1.786 -1.868
0.013 -0.05655 9.30103 1.6540135145 2.5502262852    1.653  1.769  3.6719  2.527    3  0.000  0.364     0.00     0.00     0.00     0.00     0.00 -1 -3.28e-16      0.00 6.917e-01 2.951e-01 1.532e-03 1.673e-03 5.609e-03 -1.000 1.322e-02 0.347 2.695 1.785 0.747 0.134 -0.359 -1.087 -1.673 -1.754
0.013 -0.05655 9.30103 1.6541665792 2.5502363549    1.653  1.726  3.6748  2.581    3  0.000  0.364     0.00     0.00     0.00     0.00     0.00 -1 -2.59e-16      0.00 6.917e-01 2.951e-01 1.532e-03 1.673e-03 5.609e-03 -1.000 1.322e-02 0.455 2.745 1.864 0.839 0.234 -0.254 -0.971 -1.548 -1.627
0.013 -0.05655 9.30103 1.6542937756 2.5502447212    1.653  1.700  3.6765  2.614    3  0.000  0.364     0.00     0.00     0.00     0.00     0.00 -1 -2.18e-16      0.00 6.917e-01 2.951e-01 1.532e-03 1.674e-03 5.609e-03 -1.000 1.322e-02 0.519 2.774 1.910 0.893 0.293 -0.191 -0.901 -1.473 -1.551
0.013 -0.05655 9.30103 1.6544686556 2.5502562215    1.654  1.721  3.6752  2.588    3  0.000  0.364     0.00     0.00     0.00     0.00     0.00 -1 -2.04e-16      0.00 6.917e-01 2.951e-01 1.532e-03 1.674e-03 5.609e-03 -1.000 1.322e-02 0.467 2.749 1.872 0.849 0.245 -0.242 -0.958 -1.534 -1.613
0.013 -0.05655 9.30103 1.6548180580 2.5502791901    1.654  1.763  3.6726  2.536    3  0.000  0.364     0.00     0.00     0.00     0.00     0.00 -1 -1.79e-16      0.00 6.917e-01 2.951e-01 1.532e-03 1.674e-03 5.608e-03 -1.000 1.322e-02 0.364 2.699 1.796 0.761 0.149 -0.343 -1.069 -1.652 -1.733
0.013 -0.05655 9.30103 1.6552532911 2.5503077854    1.654  1.804  3.6699  2.484    3  0.000  0.364     0.00     0.00     0.00     0.00     0.00 -1 -1.48e-16      0.00 6.917e-01 2.951e-01 1.532e-03 1.674e-03 5.608e-03 -1.000 1.322e-02 0.261 2.657 1.722 0.673 0.054 -0.444 -1.180 -1.772 -1.854
0.013 -0.05655 9.30103 1.6556845903 2.5503361052    1.655  1.843  3.6673  2.435    3  0.000  0.364     0.00     0.00     0.00     0.00     0.00 -1 -1.22e-16      0.00 6.916e-01 2.951e-01 1.532e-03 1.675e-03 5.608e-03 -1.000 1.322e-02 0.162 2.628 1.656 0.591 -0.037 -0.541 -1.286 -1.886 -1.969
0.013 -0.05655 9.30103 1.6561461687 2.5503663944    1.655  1.885  3.6646  2.383    3  0.000  0.364     0.00     0.00     0.00     0.00     0.00 -1 -9.86e-17      0.00 6.916e-01 2.951e-01 1.532e-03 1.675e-03 5.608e-03 -1.000 1.322e-02 0.059 2.599 1.588 0.505 -0.132 -0.642 -1.398 -2.006 -2.091
0.013 -0.05655 9.30103 1.6566033363 2.5503963750    1.656  1.925  3.6619  2.331    3  0.000  0.364     0.00     0.00     0.00     0.00     0.00 -1 -7.98e-17      0.00 6.916e-01 2.951e-01 1.531e-03 1.676e-03 5.607e-03 -1.000 1.322e-02 -0.043 2.571 1.520 0.421 -0.226 -0.742 -1.509 -2.124 -2.211
0.013 -0.05655 9.30103 1.6570641994 2.5504265787    1.656  1.966  3.6591  2.279    3  0.000  0.364     0.00     0.00     0.00     0.00     0.00 -1 -6.43e-17      0.00 6.916e-01 2.951e-01 1.531e-03 1.676e-03 5.607e-03 -1.000 1.322e-02 -0.146 2.547 1.454 0.337 -0.320 -0.843 -1.620 -2.243 -2.332
0.013 -0.05655 9.30103 1.6575052738 2.5504554674    1.657  2.007  3.6563  2.228    3  0.000  0.364     0.00     0.00     0.00     0.00     0.00 -1 -5.24e-17      0.00 6.916e-01 2.952e-01 1.531e-03 1.676e-03 5.607e-03 -1.000 1.322e-02 -0.247 2.525 1.390 0.255 -0.412 -0.941 -1.729 -2.361 -2.451
0.013 -0.05655 9.30103 1.6579353809 2.5504836208    1.657  2.047  3.6535  2.176    3  0.000  0.364     0.00     0.00     0.00     0.00     0.00 -1 -4.29e-17      0.00 6.916e-01 2.952e-01 1.531e-03 1.677e-03 5.606e-03 -1.000 1.322e-02 -0.349 2.504 1.327 0.174 -0.504 -1.040 -1.839 -2.479 -2.571
0.013 -0.05655 9.30103 1.6583513021 2.5505108296    1.657  2.088  3.6507  2.124    3  0.000  0.364     0.00     0.00     0.00     0.00     0.00 -1 -3.55e-17      0.00 6.916e-01 2.952e-01 1.531e-03 1.677e-03 5.606e-03 -1.000 1.322e-02 -0.450 2.485 1.264 0.093 -0.595 -1.138 -1.949 -2.597 -2.691
0.013 -0.05655 9.30103 1.6587426662 2.5505364177    1.658  2.128  3.6479  2.073    3  0.000  0.364     0.00     0.00     0.00     0.00     0.00 -1 -2.97e-17      0.00 6.916e-01 2.952e-01 1.531e-03 1.678e-03 5.606e-03 -1.000 1.322e-02 -0.550 2.470 1.205 0.015 -0.684 -1.234 -2.056 -2.713 -2.809
0.013 -0.05655 9.30103 1.6591106653 2.5505604654    1.658  2.167  3.6451  2.023    3  0.000  0.364     0.00     0.00     0.00     0.00     0.00 -1 -2.53e-17      0.00 6.916e-01 2.952e-01 1.531e-03 1.678e-03 5.606e-03 -1.000 1.322e-02 -0.647 2.458 1.148 -0.060 -0.770 -1.328 -2.161 -2.827 -2.925
0.013 -0.05655 9.30103 1.6594728231 2.5505841194    1.658  2.207  3.6422  1.971    3  0.000  0.364     0.00     0.00     0.00     0.00     0.00 -1 -2.16e-17      0.00 6.916e-01 2.952e-01 1.531e-03 1.678e-03 5.605e-03 -1.000 1.322e-02 -0.748 2.433 1.090 -0.139 -0.858 -1.424 -2.269 -2.941 -3.042
0.013 -0.05655 9.30103 1.6598104239 2.5506061588    1.659  2.247  3.6393  1.921    3  0.000  0.364     0.00     0.00     0.00     0.00     0.00 -1 -1.87e-17      0.00 6.916e-01 2.952e-01 1.531e-03 1.678e-03 5.605e-03 -1.000 1.322e-02 -0.846 2.400 1.035 -0.217 -0.944 -1.516 -2.373 -3.051 -3.156
0.013 -0.05655 9.30103 1.6601319313 2.5506271381    1.659  2.286  3.6365  1.870    3  0.000  0.364     0.00     0.00     0.00     0.00     0.00 -1 -1.64e-17      0.00 6.916e-01 2.952e-01 1.530e-03 1.679e-03 5.605e-03 -1.000 1.322e-02 -0.945 2.365 0.980 -0.294 -1.028 -1.608 -2.478 -3.159 -3.269
0.013 -0.05655 9.30103 1.6604304314 2.5506466076    1.659  2.325  3.6336  1.820    3  0.000  0.364     0.00     0.00     0.00     0.00     0.00 -1 -1.46e-17      0.00 6.916e-01 2.952e-01 1.530e-03 1.679e-03 5.605e-03 -1.000 1.322e-02 -1.042 2.330 0.927 -0.369 -1.111 -1.698 -2.580 -3.266 -3.381
0.013 -0.05655 9.30103 1.6607189178 2.5506654164    1.660  2.364  3.6307  1.769    3  0.000  0.364     0.00     0.00     0.00     0.00     0.00 -1 -1.31e-17      0.00 6.916e-01 2.952e-01 1.530e-03 1.679e-03 5.605e-03 -1.000 1.322e-02 -1.140 2.293 0.871 -0.446 -1.195 -1.790 -2.684 -3.375 -3.495
0.013 -0.05655 9.30103 1.6609870195 2.5506828894    1.660  2.403  3.6279  1.719    3  0.000  0.364     0.00     0.00     0.00     0.00     0.00 -1 -1.18e-17      0.00 6.916e-01 2.952e-01 1.530e-03 1.680e-03 5.604e-03 -1.000 1.322e-02 -1.238 2.253 0.816 -0.520 -1.276 -1.879 -2.786 -3.482 -3.606
0.013 -0.05655 9.30103 1.6612353325 2.5506990670    1.660  2.441  3.6250  1.669    3  0.000  0.364     0.00     0.00     0.00     0.00     0.00 -1 -1.09e-17      0.00 6.916e-01 2.952e-01 1.530e-03 1.680e-03 5.604e-03 -1.000 1.322e-02 -1.332 2.215 0.763 -0.592 -1.354 -1.966 -2.886 -3.586 -3.717
0.013 -0.05655 9.30103 1.6614737511 2.5507145946    1.660  2.480  3.6220  1.619    3  0.000  0.364     0.00     0.00     0.00     0.00     0.00 -1    -1e-17      0.00 6.916e-01 2.952e-01 1.530e-03 1.680e-03 5.604e-03 -1.000 1.322e-02 -1.429 2.173 0.708 -0.665 -1.434 -2.054 -2.988 -3.693 -3.828
0.013 -0.05655 9.30103 1.6616954803 2.5507290308    1.661  2.518  3.6191  1.569    3  0.000  0.364     7.72     5.68     4.10     3.08     2.51  4 -9.38e-18      0.00 6.916e-01 2.952e-01 1.530e-03 1.680e-03 5.604e-03 -1.000 1.322e-02 -1.524 2.133 0.655 -0.736 -1.511 -2.140 -3.087 -3.797 -3.939
0.013 -0.05655 9.30103 1.6619056463 2.5507427100    1.661  2.556  3.6162  1.519    3  0.000  0.364     8.54     6.22     4.46     3.37     2.74  4 -8.84e-18      0.00 6.916e-01 2.952e-01 1.530e-03 1.680e-03 5.604e-03 -1.000 1.322e-02 -1.619 2.092 0.602 -0.806 -1.588 -2.226 -3.187 -3.902 -4.050
0.013 -0.05655 9.30103 1.6621035337 2.5507555864    1.661  2.594  3.6132  1.470    3  0.000  0.364     9.44     6.81     4.87     3.67     2.99  4 -8.39e-18      0.00 6.916e-01 2.952e-01 1.530e-03 1.681e-03 5.604e-03 -1.000 1.322e-02 -1.714 2.078 0.554 -0.872 -1.663 -2.313 -3.288 -4.010 -4.163
0.013 -0.05655 9.30103 1.6623301506 2.5507703278    1.661  2.640  3.6095  1.408    3  0.000  0.364    10.68     7.60     5.41     4.09     3.33  4 -7.96e-18      0.00 6.916e-01 2.952e-01 1.530e-03 1.681e-03 5.604e-03 -1.000 1.322e-02 -1.831 2.083 0.500 -0.948 -1.755 -2.421 -3.413 -4.145 -4.303
0.013 -0.05655 9.30103 1.6624983549 2.5507812665    1.661  2.677  3.6066  1.360    3  0.000  0.364    11.77     8.30     5.88     4.45     3.62  4  -7.7e-18      0.00 6.916e-01 2.952e-01 1.530e-03 1.681e-03 5.603e-03 -1.000 1.322e-02 -1.922 2.087 0.461 -1.004 -1.824 -2.504 -3.511 -4.252 -4.414
0.013 -0.05655 9.30103 1.6626611948 2.5507918540    1.661  2.715  3.6037  1.311    3  0.000  0.364    13.00     9.07     6.40     4.85     3.95  4 -7.49e-18      0.00 6.916e-01 2.952e-01 1.530e-03 1.681e-03 5.603e-03 -1.000 1.322e-02 -2.017 2.088 0.419 -1.064 -1.896 -2.591 -3.612 -4.360 -4.527
0.013 -0.05655 9.30103 1.6628439426 2.5508037329    1.662  2.760  3.5999  1.251    3  0.000  0.364    14.67    10.11     7.10     5.39     4.39  4  -7.3e-18      0.00 6.916e-01 2.952e-01 1.530e-03 1.681e-03 5.603e-03 -1.000 1.322e-02 -2.129 2.098 0.374 -1.131 -1.980 -2.693 -3.732 -4.492 -4.664
0.013 -0.05655 9.30103 1.6629829407 2.5508127661    1.662  2.796  3.5969  1.202    3  0.000  0.364    16.18    11.03     7.72     5.87     4.78  4 -7.21e-18      0.00 6.916e-01 2.952e-01 1.530e-03 1.681e-03 5.603e-03 -1.000 1.322e-02 -2.220 2.100 0.340 -1.180 -2.042 -2.775 -3.830 -4.598 -4.775
0.013 -0.05655 9.30103 1.6631150246 2.5508213483    1.662  2.832  3.5939  1.154    3  0.000  0.364    17.83    12.04     8.39     6.39     5.21  4 -7.14e-18      0.00 6.916e-01 2.952e-01 1.530e-03 1.681e-03 5.603e-03 -1.000 1.322e-02 -2.311 2.102 0.305 -1.230 -2.106 -2.858 -3.928 -4.704 -4.886
0.013 -0.05655 9.30103 1.6632657051 2.5508311369    1.662  2.877  3.5902  1.095    3  0.000  0.364    20.10    13.40     9.30     7.09     5.78  4 -7.12e-18      0.00 6.916e-01 2.952e-01 1.530e-03 1.682e-03 5.603e-03 -1.000 1.322e-02 -2.421 2.109 0.265 -1.288 -2.181 -2.957 -4.047 -4.834 -5.021
0.013 -0.05655 9.30103 1.6634060144 2.5508402499    1.662  2.921  3.5864  1.036    3  0.000  0.364    22.64    14.91    10.29     7.86     6.41  4 -7.15e-18      0.00 6.916e-01 2.952e-01 1.530e-03 1.682e-03 5.603e-03 -1.000 1.322e-02 -2.531 2.111 0.232 -1.337 -2.249 -3.054 -4.165 -4.962 -5.155
0.013 -0.05655 9.30103 1.6635344028 2.5508485871    1.662  2.963  3.5825  0.977    3  0.000  0.364    25.46    16.57    11.38     8.70     7.10  3 -7.22e-18      0.00 6.916e-01 2.952e-01 1.530e-03 1.682e-03 5.603e-03 -1.000 1.322e-02 -2.638 2.120 0.205 -1.381 -2.311 -3.149 -4.281 -5.089 -5.288
0.013 -0.05655 9.30103 1.6636550426 2.5508564198    1.662  3.006  3.5786  0.919    3  0.000  0.364    28.63    18.41    12.59     9.64     7.87  3 -7.34e-18      0.00 6.916e-01 2.952e-01 1.529e-03 1.682e-03 5.603e-03 -1.000 1.322e-02 -2.745 2.131 0.184 -1.417 -2.368 -3.242 -4.398 -5.215 -5.420
0.013 -0.05655 9.30103 1.6637681723 2.5508637637    1.662  3.049  3.5747  0.861    3  0.000  0.364    32.20    20.46    13.92    10.68     8.71  3  -7.5e-18      0.00 6.916e-01 2.952e-01 1.529e-03 1.682e-03 5.603e-03 -1.000 1.322e-02 -2.851 2.136 0.169 -1.441 -2.415 -3.333 -4.515 -5.341 -5.552
0.013 -0.05655 9.30103 1.6638728380 2.5508705571    1.662  3.090  3.5708  0.803    3  0.000  0.364    36.16    22.70    15.37    11.81     9.64  3  -7.7e-18      0.00 6.916e-01 2.952e-01 1.529e-03 1.682e-03 5.603e-03 -1.000 1.322e-02 -2.956 2.143 0.157 -1.464 -2.461 -3.423 -4.629 -5.465 -5.683
0.013 -0.05655 9.30103 1.6639689207 2.5508767926    1.662  3.131  3.5668  0.747    3  0.000  0.364    40.51    25.14    16.95    13.04    10.65  3 -7.94e-18      0.00 6.916e-01 2.952e-01 1.529e-03 1.682e-03 5.602e-03 -1.000 1.322e-02 -3.058 2.146 0.157 -1.467 -2.491 -3.506 -4.742 -5.586 -5.810
0.013 -0.05655 9.30103 1.6640591621 2.5508826482    1.662  3.171  3.5628  0.691    3  0.000  0.364    45.37    27.82    18.67    14.39    11.75  3 -8.22e-18      0.00 6.916e-01 2.952e-01 1.529e-03 1.682e-03 5.602e-03 -1.000 1.322e-02 -3.158 2.149 0.161 -1.464 -2.517 -3.587 -4.854 -5.707 -5.937
0.013 -0.05655 9.30103 1.6641435623 2.5508881242    1.662  3.211  3.5588  0.635    3  0.000  0.364    50.72    30.75    20.54    15.85    12.95  3 -8.53e-18      0.00 6.916e-01 2.952e-01 1.529e-03 1.682e-03 5.602e-03 -1.000 1.322e-02 -3.256 2.153 0.174 -1.451 -2.535 -3.664 -4.964 -5.825 -6.062
0.013 -0.05655 9.30103 1.6642295122 2.5508937000    1.662  3.251  3.5546  0.578    3  0.000  0.364    56.94    34.11    22.69    17.53    14.32  2 -8.88e-18      0.00 6.916e-01 2.952e-01 1.529e-03 1.682e-03 5.602e-03 -1.000 1.322e-02 -3.357 2.156 0.203 -1.415 -2.538 -3.737 -5.077 -5.947 -6.191
0.013 -0.05655 9.30103 1.6642295122 2.5508937000    1.662  1.720  3.6872  2.639    4  0.000  0.365     0.00     0.00     0.00     0.00     0.00 -1    -1e-30      0.00 6.907e-01 2.961e-01 1.533e-03 1.673e-03 5.602e-03 -1.000 1.321e-02 0.469 2.505 1.754 0.783 0.216 -0.246 -0.918 -1.456 -1.529
0.013 -0.05655 9.30103 1.6651474237 2.5509532066    1.663  1.738  3.6857  2.616    4  0.000  0.365     0.00     0.00     0.00     0.00     0.00 -1    -1e-30      0.00 6.907e-01 2.961e-01 1.533e-03 1.674e-03 5.601e-03 -1.000 1.321e-02 0.425 2.491 1.725 0.747 0.176 -0.289 -0.966 -1.510 -1.583
0.013 -0.05655 9.30103 1.6661629677 2.5510189546    1.664  1.744  3.6853  2.608    4  0.000  0.365     0.00     0.00     0.00     0.00     0.00 -1    -1e-30      0.00 6.907e-01 2.961e-01 1.533e-03 1.676e-03 5.600e-03 -1.000 1.321e-02 0.409 2.482 1.712 0.733 0.161 -0.305 -0.984 -1.528 -1.602
0.013 -0.05655 9.30103 1.6671071053 2.5510799971    1.665  1.744  3.6855  2.609    4  0.000  0.365     0.00     0.00     0.00     0.00     0.00 -1    -1e-30      0.00 6.907e-01 2.961e-01 1.532e-03 1.677e-03 5.599e-03 -1.000 1.321e-02 0.409 2.476 1.710 0.731 0.160 -0.306 -0.983 -1.527 -1.600
0.013 -0.05655 9.30103 1.6680424213 2.5511403908    1.666  1.744  3.6858  2.611    4  0.000  0.365     0.00     0.00     0.00     0.00     0.00 -1    -1e-30      0.00 6.907e-01 2.961e-01 1.532e-03 1.678e-03 5.599e-03 -1.000 1.321e-02 0.410 2.472 1.708 0.730 0.160 -0.305 -0.982 -1.524 -1.597
0.013 -0.05655 9.30103 1.6691118479 2.5512093487    1.667  1.744  3.6861  2.612    4  0.000  0.365     0.00     0.00     0.00     0.00     0.00 -1    -1e-30      0.00 6.907e-01 2.961e-01 1.532e-03 1.679e-03 5.598e-03 -1.000 1.321e-02 0.410 2.466 1.705 0.729 0.160 -0.305 -0.980 -1.522 -1.595
0.013 -0.05655 9.30103 1.6701425314 2.5512757124    1.668  1.744  3.6864  2.614    4  0.000  0.365     0.00     0.00     0.00     0.00     0.00 -1    -1e-30      0.00 6.906e-01 2.962e-01 1.531e-03 1.680e-03 5.597e-03 -1.000 1.321e-02 0.410 2.460 1.702 0.728 0.159 -0.305 -0.979 -1.520 -1.593
0.013 -0.05655 9.30103 1.6712199450 2.5513449843    1.669  1.744  3.6867  2.615    4  0.000  0.365     0.00     0.00     0.00     0.00     0.00 -1    -1e-30      0.00 6.906e-01 2.962e-01 1.531e-03 1.681e-03 5.596e-03 -1.000 1.321e-02 0.410 2.454 1.699 0.726 0.158 -0.305 -0.978 -1.518 -1.591
0.013 -0.05655 9.30103 1.6722632647 2.5514119663    1.670  1.744  3.6870  2.616    4  0.000  0.365     0.00     0.00     0.00     0.00     0.00 -1    -1e-30      0.00 6.906e-01 2.962e-01 1.531e-03 1.682e-03 5.595e-03 -1.000 1.321e-02 0.410 2.448 1.696 0.724 0.157 -0.305 -0.978 -1.517 -1.589
0.013 -0.05655 9.30103 1.6733210087 2.5514797763    1.671  1.745  3.6872  2.617    4  0.000  0.365     0.00     0.00     0.00     0.00     0.00 -1    -1e-30      0.00 6.906e-01 2.962e-01 1.530e-03 1.683e-03 5.594e-03 -1.000 1.321e-02 0.409 2.442 1.693 0.722 0.156 -0.307 -0.978 -1.517 -1.589
0.013 -0.05655 9.30103 1.6743139029 2.5515433392    1.672  1.745  3.6874  2.618    4  0.000  0.365     0.00     0.00     0.00     0.00     0.00 -1    -1e-30      0.00 6.906e-01 2.962e-01 1.530e-03 1.684e-03 5.594e-03 -1.000 1.321e-02 0.407 2.437 1.689 0.719 0.154 -0.308 -0.979 -1.517 -1.589
0.013 -0.05655 9.30103 1.6753644943 2.5516105015    1.673  1.746  3.6876  2.618    4  0.000  0.365     0.00     0.00     0.00     0.00     0.00 -1    -1e-30      0.00 6.906e-01 2.962e-01 1.530e-03 1.685e-03 5.593e-03 -1.000 1.321e-02 0.405 2.431 1.685 0.716 0.151 -0.310 -0.980 -1.518 -1.589
0.013 -0.05655 9.30103 1.6763571501 2.5516738712    1.674  1.747  3.6878  2.618    4  0.000  0.365     0.00     0.00     0.00     0.00     0.00 -1    -1e-30      0.00 6.905e-01 2.963e-01 1.529e-03 1.687e-03 5.592e-03 -1.000 1.320e-02 0.403 2.425 1.682 0.713 0.149 -0.312 -0.982 -1.519 -1.590
0.013 -0.05655 9.30103 1.6773608923 2.5517378608    1.675  1.748  3.6880  2.618    4  0.000  0.364     0.00     0.00     0.00     0.00     0.00 -1    -1e-30      0.00 6.905e-01 2.963e-01 1.529e-03 1.688e-03 5.591e-03 -1.000 1.320e-02 0.401 2.419 1.677 0.710 0.146 -0.315 -0.984 -1.520 -1.591
0.013 -0.05655 9.30103 1.6783456802 2.5518005566    1.676  1.749  3.6881  2.618    4  0.000  0.364     0.00     0.00     0.00     0.00     0.00 -1    -1e-30      0.00 6.905e-01 2.963e-01 1.529e-03 1.689e-03 5.590e-03 -1.000 1.320e-02 0.398 2.413 1.673 0.706 0.143 -0.317 -0.986 -1.521 -1.593
0.013 -0.05655 9.30103 1.6790686846 2.5518465323    1.677  1.750  3.6882  2.618    4  0.000  0.364     0.00     0.00     0.00     0.00     0.00 -1    -1e-30      0.00 6.905e-01 2.963e-01 1.529e-03 1.689e-03 5.590e-03 -1.000 1.320e-02 0.396 2.409 1.670 0.704 0.141 -0.320 -0.988 -1.523 -1.594
0.013 -0.05655 9.30103 1.6794637442 2.5518716348    1.678  1.750  3.6883  2.618    4  0.000  0.364     0.00     0.00     0.00     0.00     0.00 -1    -1e-30      0.00 6.905e-01 2.963e-01 1.529e-03 1.690e-03 5.590e-03 -1.000 1.320e-02 0.395 2.407 1.669 0.702 0.139 -0.321 -0.989 -1.524 -1.595
0.013 -0.05655 9.30103 1.6805125475 2.5519382111    1.679  1.752  3.6884  2.617    4  0.000  0.364     0.00     0.00     0.00     0.00     0.00 -1    -1e-30      0.00 6.905e-01 2.963e-01 1.528e-03 1.691e-03 5.589e-03 -1.000 1.320e-02 0.391 2.401 1.664 0.698 0.135 -0.325 -0.992 -1.527 -1.598
0.013 -0.05655 9.30103 1.6815104485 2.5520014676    1.680  1.753  3.6885  2.616    4  0.000  0.364     0.00     0.00     0.00     0.00     0.00 -1    -1e-30      0.00 6.905e-01 2.963e-01 1.528e-03 1.692e-03 5.588e-03 -1.000 1.320e-02 0.387 2.395 1.659 0.694 0.132 -0.328 -0.995 -1.530 -1.601
0.013 -0.05655 9.30103 1.6825838089 2.5520694110    1.681  1.755  3.6886  2.615    4  0.000  0.364     0.00     0.00     0.00     0.00     0.00 -1    -1e-30      0.00 6.904e-01 2.964e-01 1.528e-03 1.693e-03 5.587e-03 -1.000 1.320e-02 0.383 2.389 1.654 0.689 0.127 -0.333 -0.999 -1.533 -1.605
0.013 -0.05655 9.30103 1.6836776733 2.5521385499    1.682  1.757  3.6887  2.614    4  0.000  0.364     0.00     0.00     0.00     0.00     0.00 -1    -1e-30      0.00 6.904e-01 2.964e-01 1.527e-03 1.694e-03 5.586e-03 -1.000 1.320e-02 0.378 2.383 1.649 0.684 0.122 -0.337 -1.004 -1.538 -1.609
0.013 -0.05655 9.30103 1.6846970320 2.5522028866    1.683  1.759  3.6887  2.612    4  0.000  0.364     0.00     0.00     0.00     0.00     0.00 -1    -1e-30      0.00 6.904e-01 2.964e-01 1.527e-03 1.695e-03 5.585e-03 -1.000 1.320e-02 0.374 2.377 1.644 0.679 0.117 -0.342 -1.008 -1.542 -1.613
0.013 -0.05655 9.30103 1.6857482195 2.5522691385    1.684  1.761  3.6887  2.611    4  0.000  0.364     0.00     0.00     0.00     0.00     0.00 -1    -1e-30      0.00 6.904e-01 2.964e-01 1.527e-03 1.697e-03 5.585e-03 -1.000 1.320e-02 0.369 2.372 1.638 0.673 0.112 -0.347 -1.013 -1.547 -1.618
0.013 -0.05655 9.30103 1.6867671013 2.5523332636    1.685  1.763  3.6887  2.609    4  0.000  0.364     0.00     0.00     0.00     0.00     0.00 -1    -1e-30      0.00 6.904e-01 2.964e-01 1.526e-03 1.698e-03 5.584e-03 -1.000 1.320e-02 0.363 2.366 1.633 0.668 0.107 -0.353 -1.019 -1.553 -1.624
0.013 -0.05655 9.30103 1.6869527102 2.5523449357    1.685  1.763  3.6887  2.608    4  0.000  0.364     0.00     0.00     0.00     0.00     0.00 -1    -1e-30      0.00 6.904e-01 2.964e-01 1.526e-03 1.698e-03 5.584e-03 -1.000 1.320e-02 0.362 2.365 1.632 0.667 0.106 -0.354 -1.020 -1.554 -1.625
0.013 -0.05655 9.30103 1.6880211830 2.5524120693    1.687  1.766  3.6886  2.605    4  0.000  0.364     0.00     0.00     0.00     0.00     0.00 -1    -1e-30      0.00 6.904e-01 2.964e-01 1.526e-03 1.699e-03 5.583e-03 -1.000 1.320e-02 0.355 2.360 1.625 0.660 0.099 -0.361 -1.027 -1.561 -1.633
0.013 -0.05655 9.30103 1.6890778542 2.5524783654    1.688  1.769  3.6885  2.602    4  0.000  0.364     0.00     0.00     0.00     0.00     0.00 -1    -1e-30      0.00 6.903e-01 2.965e-01 1.526e-03 1.700e-03 5.582e-03 -1.000 1.320e-02 0.347 2.354 1.619 0.653 0.092 -0.368 -1.035 -1.570 -1.641
0.013 -0.05655 9.30103 1.6901367903 2.5525447080    1.689  1.772  3.6883  2.598    4  0.000  0.364     0.00     0.00     0.00     0.00     0.00 -1    -1e-30      0.00 6.903e-01 2.965e-01 1.525e-03 1.701e-03 5.581e-03 -1.000 1.320e-02 0.339 2.349 1.612 0.646 0.083 -0.377 -1.044 -1.579 -1.651
0.013 -0.05655 9.30103 1.6911737919 2.5526095838    1.690  1.776  3.6881  2.594    4  0.000  0.364     0.00     0.00     0.00     0.00     0.00 -1    -1e-30      0.00 6.903e-01 2.965e-01 1.525e-03 1.702e-03 5.580e-03 -1.000 1.320e-02 0.329 2.344 1.605 0.637 0.074 -0.386 -1.055 -1.590 -1.662
0.013 -0.05655 9.30103 1.6911921501 2.5526107314    1.690  1.776  3.6881  2.594    4  0.000  0.364     0.00     0.00     0.00     0.00     0.00 -1    -1e-30      0.00 6.903e-01 2.965e-01 1.525e-03 1.702e-03 5.580e-03 -1.000 1.320e-02 0.329 2.344 1.605 0.637 0.074 -0.386 -1.055 -1.591 -1.662
0.013 -0.05655 9.30103 1.6912405491 2.5526137570    1.690  1.777  3.6881  2.594    4  0.000  0.364     0.00     0.00     0.00     0.00     0.00 -1    -1e-30      0.00 6.903e-01 2.965e-01 1.525e-03 1.702e-03 5.580e-03 -1.000 1.320e-02 0.328 2.343 1.604 0.636 0.074 -0.387 -1.055 -1.591 -1.663
0.013 -0.05655 9.30103 1.6923196316 2.5526811622    1.691  1.781  3.6878  2.588    4  0.000  0.364     0.00     0.00     0.00     0.00     0.00 -1    -1e-30      0.00 6.903e-01 2.965e-01 1.525e-03 1.703e-03 5.580e-03 -1.000 1.320e-02 0.317 2.338 1.596 0.627 0.063 -0.398 -1.068 -1.605 -1.676
0.013 -0.05655 9.30103 1.6934106350 2.5527492117    1.692  1.787  3.6874  2.581    4  0.000  0.364     0.00     0.00     0.00     0.00     0.00 -1    -1e-30      0.00 6.903e-01 2.965e-01 1.524e-03 1.704e-03 5.579e-03 -1.000 1.320e-02 0.304 2.333 1.586 0.615 0.051 -0.411 -1.083 -1.620 -1.692
0.013 -0.05655 9.30103 1.6945065260 2.5528174645    1.693  1.793  3.6869  2.573    4  0.000  0.364     0.00     0.00     0.00     0.00     0.00 -1    -1e-30      0.00 6.903e-01 2.965e-01 1.524e-03 1.706e-03 5.578e-03 -1.000 1.320e-02 0.288 2.327 1.576 0.602 0.036 -0.427 -1.100 -1.639 -1.711
0.013 -0.05655 9.30103 1.6956183910 2.5528866085    1.694  1.798  3.6865  2.567    4  0.000  0.364     0.00     0.00     0.00     0.00     0.00 -1    -1e-30      0.00 6.902e-01 2.966e-01 1.524e-03 1.707e-03 5.577e-03 -1.000 1.320e-02 0.276 2.322 1.567 0.592 0.025 -0.439 -1.113 -1.654 -1.726
0.013 -0.05655 9.30103 1.6966993809 2.5529537326    1.695  1.800  3.6864  2.565    4  0.000  0.364     0.00     0.00     0.00     0.00     0.00 -1    -1e-30      0.00 6.902e-01 2.966e-01 1.524e-03 1.708e-03 5.576e-03 -1.000 1.320e-02 0.270 2.317 1.562 0.586 0.019 -0.445 -1.120 -1.660 -1.733
0.013 -0.05655 9.30103 1.6978014708 2.5530220657    1.697  1.817  3.6847  2.541    4  0.000  0.364     0.00     0.00     0.00     0.00     0.00 -1    -1e-30      0.00 6.902e-01 2.966e-01 1.523e-03 1.709e-03 5.576e-03 -1.000 1.320e-02 0.227 2.307 1.535 0.553 -0.019 -0.486 -1.167 -1.713 -1.786
0.013 -0.05655 9.30103 1.6989055872 2.5530904223    1.698  1.850  3.6816  2.497    4  0.000  0.364     0.00     0.00     0.00     0.00     0.00 -1    -1e-30      0.00 6.902e-01 2.966e-01 1.523e-03 1.710e-03 5.575e-03 -1.000 1.320e-02 0.146 2.287 1.484 0.487 -0.093 -0.567 -1.259 -1.814 -1.889
0.013 -0.05655 9.30103 1.6995661259 2.5531312678    1.698  1.890  3.6779  2.441    4  0.000  0.364     0.00     0.00     0.00     0.00     0.00 -1    -1e-30      0.00 6.902e-01 2.966e-01 1.523e-03 1.710e-03 5.574e-03 -1.000 1.320e-02 0.044 2.276 1.425 0.406 -0.186 -0.667 -1.373 -1.939 -2.016
0.013 -0.05655 9.30103 1.6998698711 2.5531500382    1.699  1.930  3.6744  2.388    4  0.000  0.364     0.00     0.00     0.00     0.00     0.00 -1    -1e-30      0.00 6.902e-01 2.966e-01 1.523e-03 1.711e-03 5.574e-03 -1.000 1.320e-02 -0.055 2.265 1.367 0.328 -0.276 -0.764 -1.483 -2.059 -2.138
0.013 -0.05655 9.30103 1.7000234127 2.5531595235    1.699  1.974  3.6707  2.329    4  0.000  0.364     0.00     0.00     0.00     0.00     0.00 -1    -1e-30      0.00 6.902e-01 2.966e-01 1.523e-03 1.711e-03 5.574e-03 -1.000 1.320e-02 -0.164 2.251 1.302 0.240 -0.376 -0.872 -1.605 -2.191 -2.273
0.013 -0.05655 9.30103 1.7000904083 2.5531636617    1.699  2.014  3.6672  2.275    4  0.000  0.364     0.00     0.00     0.00     0.00     0.00 -1    -1e-30      0.00 6.902e-01 2.966e-01 1.523e-03 1.711e-03 5.574e-03 -1.000 1.320e-02 -0.265 2.241 1.243 0.161 -0.466 -0.970 -1.716 -2.313 -2.396
0.013 -0.05655 9.30103 1.7001267672 2.5531659074    1.699  2.054  3.6639  2.222    4  0.000  0.364     0.00     0.00     0.00     0.00     0.00 -1    -1e-30      0.00 6.902e-01 2.966e-01 1.523e-03 1.711e-03 5.574e-03 -1.000 1.320e-02 -0.365 2.230 1.185 0.083 -0.556 -1.067 -1.827 -2.433 -2.518
0.013 -0.05655 9.30103 1.7001483440 2.5531672400    1.699  2.090  3.6609  2.174    4  0.000  0.364     0.00     0.00     0.00     0.00     0.00 -1    -1e-30      0.00 6.902e-01 2.966e-01 1.523e-03 1.711e-03 5.574e-03 -1.000 1.320e-02 -0.456 2.220 1.131 0.011 -0.638 -1.156 -1.927 -2.542 -2.629
0.013 -0.05655 9.30103 1.7001496553 2.5531673210    1.699  2.093  3.6607  2.170    4  0.000  0.364     0.00     0.00     0.00     0.00     0.00 -1    -1e-30      0.00 6.902e-01 2.966e-01 1.523e-03 1.711e-03 5.574e-03 -1.000 1.320e-02 -0.462 2.219 1.128 0.006 -0.644 -1.162 -1.934 -2.549 -2.636
0.013 -0.05655 9.30103 1.7001498938 2.5531673357    1.699  2.093  3.6607  2.169    7  0.000  0.364     0.00     0.00     0.00     0.00     0.00 -1    -2e-26      0.00 6.902e-01 2.965e-01 1.523e-03 1.711e-03 5.574e-03 -1.000 1.331e-02 -0.464 2.219 1.127 0.005 -0.645 -1.164 -1.935 -2.551 -2.638
0.013 -0.05655 9.30103 1.7001610994 2.5531680278    1.699  2.119  3.6586  2.136    7  0.000  0.364     0.00     0.00     0.00     0.00     0.00 -1 -2.05e-26      0.00 6.902e-01 2.965e-01 1.523e-03 1.711e-03 5.574e-03 -1.000 1.331e-02 -0.527 2.213 1.091 -0.044 -0.702 -1.225 -2.005 -2.627 -2.715
0.013 -0.05655 9.30103 1.7001805305 2.5531692278    1.699  2.165  3.6549  2.075    7  0.000  0.364     0.00     0.00     0.00     0.00     0.00 -1 -2.15e-26      0.00 6.902e-01 2.965e-01 1.523e-03 1.711e-03 5.574e-03 -1.000 1.331e-02 -0.641 2.205 1.027 -0.131 -0.803 -1.335 -2.130 -2.763 -2.854
0.013 -0.05655 9.30103 1.7002035379 2.5531706487    1.699  2.205  3.6517  2.022    7  0.000  0.364     0.00     0.00     0.00     0.00     0.00 -1  -2.2e-26      0.00 6.902e-01 2.965e-01 1.523e-03 1.711e-03 5.574e-03 -1.000 1.331e-02 -0.742 2.197 0.970 -0.208 -0.892 -1.432 -2.239 -2.882 -2.975
0.013 -0.05655 9.30103 1.7002459764 2.5531732694    1.699  2.178  3.6539  2.057    7  0.000  0.364     0.00     0.00     0.00     0.00     0.00 -1 -2.17e-26      0.00 6.902e-01 2.965e-01 1.523e-03 1.711e-03 5.574e-03 -1.000 1.331e-02 -0.675 2.200 1.006 -0.158 -0.833 -1.368 -2.167 -2.803 -2.895
0.013 -0.05655 9.30103 1.7003270388 2.5531782749    1.699  2.141  3.6569  2.106    7  0.000  0.364     0.00     0.00     0.00     0.00     0.00 -1 -2.11e-26      0.00 6.902e-01 2.965e-01 1.523e-03 1.711e-03 5.574e-03 -1.000 1.332e-02 -0.583 2.207 1.058 -0.088 -0.752 -1.279 -2.066 -2.693 -2.783
0.013 -0.05655 9.30103 1.7010122538 2.5532205642    1.700  2.135  3.6574  2.115    7  0.000  0.364     0.00     0.00     0.00     0.00     0.00 -1 -5.89e-21      0.00 6.902e-01 2.961e-01 1.523e-03 1.712e-03 5.573e-03 -1.000 1.369e-02 -0.567 2.207 1.067 -0.075 -0.737 -1.263 -2.048 -2.673 -2.763
0.013 -0.05655 9.30103 1.7018799782 2.5532740613    1.700  2.186  3.6532  2.048    7  0.000  0.364     0.00     0.00     0.00     0.00     0.00 -1 -1.67e-10      0.00 6.902e-01 2.962e-01 1.522e-03 1.712e-03 5.573e-03 -1.000 1.369e-02 -0.694 2.199 0.996 -0.172 -0.850 -1.386 -2.187 -2.826 -2.918
0.013 -0.05655 9.30103 1.7023319006 2.5533018984    1.700  2.231  3.6496  1.988    7  0.000  0.364     0.00     0.00     0.00     0.00     0.00 -1 -2.08e-10      0.00 6.901e-01 2.962e-01 1.522e-03 1.713e-03 5.572e-03 -1.000 1.369e-02 -0.807 2.188 0.933 -0.259 -0.950 -1.495 -2.311 -2.959 -3.054
0.013 -0.05655 9.30103 1.7026810646 2.5533233943    1.700  2.275  3.6460  1.930    7  0.000  0.364     0.00     0.00     0.00     0.00     0.00 -1 -2.59e-10      0.00 6.901e-01 2.962e-01 1.522e-03 1.713e-03 5.572e-03 -1.000 1.369e-02 -0.917 2.162 0.877 -0.343 -1.045 -1.598 -2.429 -3.084 -3.183
0.013 -0.05655 9.30103 1.7029676437 2.5533410296    1.700  2.318  3.6425  1.872    7  0.000  0.364     0.00     0.00     0.00     0.00     0.00 -1 -3.22e-10      0.00 6.901e-01 2.962e-01 1.522e-03 1.714e-03 5.572e-03 -1.000 1.369e-02 -1.026 2.133 0.820 -0.427 -1.138 -1.700 -2.545 -3.206 -3.311
0.013 -0.05655 9.30103 1.7032090425 2.5533558794    1.700  2.361  3.6390  1.815    7  0.000  0.364     0.00     0.00     0.00     0.00     0.00 -1 -3.98e-10      0.00 6.901e-01 2.962e-01 1.522e-03 1.714e-03 5.572e-03 -1.000 1.369e-02 -1.133 2.103 0.764 -0.508 -1.229 -1.800 -2.660 -3.326 -3.437
0.013 -0.05655 9.30103 1.7034184933 2.5533687599    1.700  2.404  3.6355  1.759    7  0.000  0.364     0.00     0.00     0.00     0.00     0.00 -1 -4.92e-10      0.00 6.901e-01 2.962e-01 1.522e-03 1.714e-03 5.572e-03 -1.000 1.368e-02 -1.239 2.073 0.709 -0.588 -1.318 -1.898 -2.773 -3.446 -3.562
0.013 -0.05655 9.30103 1.7036017179 2.5533800246    1.700  2.446  3.6320  1.703    7  0.000  0.364     0.00     0.00     0.00     0.00     0.00 -1 -6.06e-10      0.00 6.901e-01 2.962e-01 1.522e-03 1.714e-03 5.571e-03 -1.000 1.368e-02 -1.345 2.040 0.653 -0.668 -1.407 -1.995 -2.885 -3.564 -3.686
0.013 -0.05655 9.30103 1.7037653923 2.5533900850    1.700  2.488  3.6286  1.647    7  0.000  0.364     0.00     0.00     0.00     0.00     0.00 -1 -7.47e-10      0.00 6.901e-01 2.962e-01 1.522e-03 1.714e-03 5.571e-03 -1.000 1.368e-02 -1.449 2.005 0.597 -0.746 -1.493 -2.090 -2.996 -3.680 -3.808
0.013 -0.05655 9.30103 1.7039116621 2.5533990738    1.700  2.529  3.6252  1.592    7  0.000  0.364     7.45     5.48     3.96     2.98     2.42  4 -9.11e-10      0.00 6.901e-01 2.962e-01 1.522e-03 1.714e-03 5.571e-03 -1.000 1.368e-02 -1.552 1.968 0.542 -0.822 -1.576 -2.184 -3.105 -3.795 -3.930
0.013 -0.05655 9.30103 1.7040474415 2.5534074163    1.700  2.570  3.6216  1.536    7  0.000  0.364     8.33     6.07     4.36     3.28     2.67  4 -1.12e-09      0.00 6.901e-01 2.962e-01 1.522e-03 1.715e-03 5.571e-03 -1.000 1.368e-02 -1.656 1.934 0.489 -0.896 -1.659 -2.277 -3.214 -3.911 -4.053
0.013 -0.05655 9.30103 1.7041800022 2.5534155595    1.699  2.612  3.6158  1.471    7  0.000  0.364     9.50     6.82     4.88     3.68     3.00  4 -1.36e-09      0.00 6.901e-01 2.962e-01 1.522e-03 1.715e-03 5.571e-03 -1.000 1.368e-02 -1.760 1.973 0.472 -0.944 -1.726 -2.366 -3.329 -4.042 -4.192
0.013 -0.05655 9.30103 1.7042759657 2.5534214537    1.699  2.643  3.6125  1.427    7  0.000  0.364    10.38     7.39     5.27     3.98     3.24  4 -1.59e-09      0.00 6.901e-01 2.962e-01 1.521e-03 1.715e-03 5.571e-03 -1.000 1.368e-02 -1.838 1.997 0.448 -0.987 -1.783 -2.436 -3.415 -4.137 -4.292
0.013 -0.05655 9.30103 1.7043989897 2.5534290088    1.698  2.684  3.6091  1.372    7  0.000  0.364    11.60     8.17     5.79     4.38     3.57  4 -1.94e-09      0.00 6.901e-01 2.962e-01 1.520e-03 1.716e-03 5.571e-03 -1.000 1.368e-02 -1.941 2.004 0.403 -1.053 -1.863 -2.530 -3.525 -4.258 -4.417
0.013 -0.05655 9.30103 1.7045110464 2.5534358893    1.698  2.725  3.6057  1.317    7  0.000  0.363    12.94     9.01     6.36     4.82     3.93  4 -2.37e-09      0.00 6.901e-01 2.962e-01 1.519e-03 1.717e-03 5.571e-03 -1.000 1.368e-02 -2.043 2.012 0.361 -1.114 -1.938 -2.623 -3.635 -4.377 -4.541
0.013 -0.05655 9.30103 1.7046008110 2.5534414003    1.697  2.767  3.6022  1.262    7  0.000  0.363    14.47     9.96     7.00     5.31     4.33  4 -2.87e-09      0.00 6.901e-01 2.962e-01 1.517e-03 1.719e-03 5.571e-03 -1.000 1.368e-02 -2.146 2.024 0.321 -1.175 -2.015 -2.717 -3.745 -4.498 -4.667
0.013 -0.05655 9.30103 1.7046623230 2.5534451764    1.697  2.807  3.5986  1.207    7  0.000  0.362    16.16    11.00     7.70     5.85     4.77  4 -3.48e-09      0.00 6.901e-01 2.962e-01 1.515e-03 1.722e-03 5.571e-03 -1.000 1.368e-02 -2.248 2.035 0.284 -1.231 -2.087 -2.808 -3.855 -4.617 -4.792
0.013 -0.05655 9.30103 1.7047079802 2.5534479789    1.696  2.846  3.5952  1.154    7  0.000  0.362    17.98    12.11     8.44     6.42     5.23  4 -4.17e-09      0.00 6.901e-01 2.962e-01 1.513e-03 1.724e-03 5.571e-03 -1.000 1.369e-02 -2.346 2.041 0.250 -1.282 -2.153 -2.896 -3.961 -4.732 -4.912
0.013 -0.05655 9.30103 1.7047466040 2.5534503497    1.696  2.885  3.5917  1.101    7  0.000  0.361    19.98    13.31     9.24     7.04     5.74  4 -4.96e-09      0.00 6.901e-01 2.962e-01 1.511e-03 1.727e-03 5.571e-03 -1.000 1.369e-02 -2.442 2.051 0.218 -1.331 -2.217 -2.983 -4.065 -4.846 -5.031
0.013 -0.05655 9.30103 1.7047840357 2.5534526471    1.695  2.926  3.5881  1.046    7  0.000  0.361    22.34    14.72    10.17     7.76     6.33  4 -5.97e-09      0.00 6.901e-01 2.962e-01 1.509e-03 1.729e-03 5.571e-03 -1.000 1.369e-02 -2.544 2.059 0.188 -1.378 -2.281 -3.073 -4.175 -4.967 -5.157
0.013 -0.05655 9.30103 1.7048199177 2.5534548493    1.694  2.966  3.5843  0.990    7  0.000  0.361    24.99    16.27    11.19     8.55     6.97  3 -7.23e-09      0.00 6.901e-01 2.962e-01 1.508e-03 1.731e-03 5.571e-03 -1.000 1.369e-02 -2.646 2.068 0.162 -1.418 -2.340 -3.162 -4.285 -5.086 -5.283
0.013 -0.05655 9.30103 1.7048535347 2.5534569124    1.694  3.006  3.5805  0.935    7  0.000  0.361    27.92    17.98    12.31     9.42     7.69  3  -8.7e-09      0.00 6.901e-01 2.962e-01 1.507e-03 1.732e-03 5.571e-03 -1.000 1.369e-02 -2.745 2.085 0.143 -1.455 -2.396 -3.249 -4.393 -5.205 -5.408
0.013 -0.05655 9.30103 1.7048864365 2.5534589315    1.693  3.045  3.5766  0.880    7  0.000  0.360    31.19    19.86    13.54    10.37     8.47  3 -1.04e-08      0.00 6.901e-01 2.962e-01 1.507e-03 1.733e-03 5.570e-03 -1.000 1.369e-02 -2.843 2.097 0.134 -1.473 -2.437 -3.333 -4.502 -5.323 -5.532
0.013 -0.05655 9.30103 1.7049210072 2.5534610529    1.692  3.085  3.5727  0.824    7  0.000  0.360    34.85    21.95    14.89    11.43     9.33  3 -1.24e-08      0.00 6.901e-01 2.962e-01 1.506e-03 1.733e-03 5.570e-03 -1.000 1.369e-02 -2.941 2.109 0.128 -1.489 -2.476 -3.416 -4.610 -5.441 -5.656
0.013 -0.05655 9.30103 1.7049603462 2.5534634668    1.690  3.126  3.5685  0.766    7  0.000  0.360    39.17    24.38    16.46    12.65    10.33  3 -1.51e-08      0.00 6.901e-01 2.962e-01 1.506e-03 1.733e-03 5.570e-03 -1.000 1.369e-02 -3.044 2.119 0.127 -1.497 -2.510 -3.501 -4.724 -5.564 -5.786
0.013 -0.05655 9.30103 1.7050008774 2.5534659538    1.688  3.163  3.5645  0.712    7  0.000  0.360    43.67    26.88    18.07    13.91    11.36  3 -1.78e-08      0.00 6.901e-01 2.962e-01 1.506e-03 1.733e-03 5.570e-03 -1.000 1.369e-02 -3.139 2.127 0.137 -1.488 -2.529 -3.576 -4.830 -5.679 -5.907
0.013 -0.05655 9.30103 1.7050395012 2.5534683235    1.686  3.217  3.5585  0.634    7  0.000  0.360    51.11    30.95    20.68    15.95    13.03  3 -2.25e-08      0.00 6.901e-01 2.962e-01 1.506e-03 1.733e-03 5.570e-03 -1.000 1.369e-02 -3.273 2.142 0.166 -1.457 -2.544 -3.678 -4.981 -5.843 -6.080
0.013 -0.05655 9.30103 1.7050513029 2.5534690476    1.685  3.233  3.5567  0.610    7  0.000  0.360    53.58    32.29    21.53    16.62    13.58  3 -2.41e-08      0.00 6.901e-01 2.962e-01 1.506e-03 1.733e-03 5.570e-03 -1.000 1.369e-02 -3.313 2.144 0.180 -1.440 -2.543 -3.707 -5.027 -5.892 -6.133
0.013 -0.05655 9.30103 1.7050551176 2.5534692816    1.685  3.245  3.5555  0.593    7  0.000  0.360    55.41    33.28    22.17    17.11    13.98  3 -2.54e-08      0.00 6.901e-01 2.962e-01 1.506e-03 1.733e-03 5.570e-03 -1.000 1.369e-02 -3.342 2.146 0.190 -1.428 -2.543 -3.727 -5.059 -5.927 -6.170
0.013 -0.05655 9.30103 1.7050591707 2.5534695303    1.684  3.203  3.5602  0.655    7  0.000  0.360    48.97    29.79    19.94    15.37    12.56  3 -2.11e-08      0.00 6.901e-01 2.962e-01 1.506e-03 1.733e-03 5.570e-03 -1.000 1.369e-02 -3.236 2.138 0.152 -1.474 -2.546 -3.652 -4.940 -5.798 -6.033
0.013 -0.05655 9.30103 1.7050670385 2.5534700130    1.684  3.260  3.5535  0.570    7  0.000  0.360    58.07    34.72    23.07    17.83    14.57  2 -2.72e-08      0.00 6.901e-01 2.962e-01 1.506e-03 1.733e-03 5.570e-03 -1.000 1.369e-02 -3.381 2.153 0.210 -1.404 -2.536 -3.753 -5.103 -5.975 -6.221
0.013 -0.05655 9.30103 1.7050677538 2.5534700569    1.684  3.236  3.5561  0.604    7  0.000  0.360    54.21    32.64    21.75    16.79    13.72  3 -2.45e-08      0.00 6.901e-01 2.962e-01 1.506e-03 1.733e-03 5.570e-03 -1.000 1.369e-02 -3.321 2.151 0.192 -1.426 -2.535 -3.710 -5.036 -5.903 -6.144
0.013 -0.05655 9.30103 1.7050678730 2.5534700642    1.684  3.201  3.5596  0.654    7  0.000  0.360    49.09    29.85    19.98    15.40    12.58  3  -2.1e-08      0.00 6.901e-01 2.962e-01 1.506e-03 1.733e-03 5.570e-03 -1.000 1.369e-02 -3.233 2.152 0.172 -1.451 -2.528 -3.645 -4.938 -5.797 -6.033
0.013 -0.05655 9.30103 1.7050679922 2.5534700715    1.684  3.274  3.5519  0.550    7  0.000  0.360    60.46    36.00    23.89    18.47    15.09  2 -2.88e-08      0.00 6.901e-01 2.962e-01 1.506e-03 1.733e-03 5.570e-03 -1.000 1.369e-02 -3.415 2.157 0.224 -1.386 -2.533 -3.776 -5.142 -6.017 -6.266
0.013 -0.05655 9.30103 1.7050681114 2.5534700788    1.684  3.284  3.5507  0.535    7  0.000  0.360    62.31    36.98    24.51    18.95    15.49  2 -3.02e-08      0.00 6.901e-01 2.962e-01 1.506e-03 1.733e-03 5.570e-03 -1.000 1.369e-02 -3.440 2.160 0.235 -1.373 -2.531 -3.794 -5.171 -6.049 -6.299
0.013 -0.05655 9.30103 1.7050682306 2.5534700862    1.684  3.281  3.5511  0.540    7  0.000  0.360    61.73    36.67    24.32    18.80    15.37  2 -2.97e-08      0.00 6.901e-01 2.962e-01 1.506e-03 1.733e-03 5.570e-03 -1.000 1.369e-02 -3.432 2.159 0.232 -1.377 -2.532 -3.788 -5.162 -6.039 -6.289
0.013 -0.05655 9.30103 1.7050683498 2.5534700935    1.684  3.278  3.5515  0.544    7  0.000  0.360    61.17    36.37    24.12    18.65    15.24  2 -2.93e-08      0.00 6.901e-01 2.962e-01 1.506e-03 1.733e-03 5.570e-03 -1.000 1.369e-02 -3.424 2.158 0.228 -1.382 -2.533 -3.783 -5.153 -6.029 -6.278
0.013 -0.05655 9.30103 1.7050684690 2.5534701008    1.684  3.267  3.5527  0.560    7  0.000  0.360    59.25    35.35    23.48    18.14    14.83  2  -2.8e-08      0.00 6.901e-01 2.962e-01 1.506e-03 1.733e-03 5.570e-03 -1.000 1.369e-02 -3.397 2.156 0.218 -1.394 -2.534 -3.764 -5.122 -5.996 -6.243
0.013 -0.05655 9.30103 1.7050685883 2.5534701081    1.684  3.265  3.5529  0.563    7  0.000  0.360    58.95    35.18    23.37    18.06    14.76  2 -2.77e-08      0.00 6.901e-01 2.962e-01 1.506e-03 1.733e-03 5.570e-03 -1.000 1.369e-02 -3.393 2.155 0.217 -1.396 -2.534 -3.761 -5.117 -5.991 -6.237
0.013 -0.05655 9.30103 1.7050687075 2.5534701154    1.684  3.253  3.5543  0.581    7  0.000  0.360    56.83    34.05    22.65    17.50    14.30  2 -2.63e-08      0.00 6.901e-01 2.962e-01 1.506e-03 1.733e-03 5.570e-03 -1.000 1.369e-02 -3.361 2.154 0.206 -1.409 -2.534 -3.738 -5.082 -5.952 -6.197
0.013 -0.05655 9.30103 1.7050689459 2.5534701300    1.684  3.242  3.5554  0.596    7  0.000  0.360    55.14    33.14    22.07    17.04    13.92  3 -2.51e-08      0.00 6.901e-01 2.962e-01 1.506e-03 1.733e-03 5.570e-03 -1.000 1.369e-02 -3.335 2.153 0.199 -1.417 -2.533 -3.719 -5.052 -5.920 -6.163
0.013 -0.05655 9.30103 1.7050693035 2.5534701520    1.684  3.229  3.5567  0.614    7  0.000  0.360    53.13    32.05    21.38    16.50    13.48  3 -2.37e-08      0.00 6.901e-01 2.962e-01 1.506e-03 1.733e-03 5.570e-03 -1.000 1.369e-02 -3.302 2.154 0.193 -1.426 -2.529 -3.694 -5.015 -5.881 -6.121
0.013 -0.05655 9.30103 1.7050694227 2.5534701593    1.684  3.224  3.5571  0.621    7  0.000  0.360    52.38    31.65    21.12    16.30    13.31  3 -2.31e-08      0.00 6.901e-01 2.962e-01 1.506e-03 1.733e-03 5.570e-03 -1.000 1.369e-02 -3.289 2.155 0.191 -1.429 -2.528 -3.685 -5.001 -5.866 -6.105
0.013 -0.05655 9.30103 1.7050695419 2.5534701666    1.684  3.213  3.5581  0.636    7  0.000  0.360    50.84    30.81    20.59    15.88    12.97  3  -2.2e-08      0.00 6.901e-01 2.962e-01 1.506e-03 1.733e-03 5.570e-03 -1.000 1.369e-02 -3.262 2.156 0.187 -1.434 -2.524 -3.664 -4.971 -5.834 -6.072
0.013 -0.05655 9.30103 1.7050696611 2.5534701739    1.684  3.233  3.5562  0.608    7  0.000  0.360    53.81    32.42    21.61    16.68    13.63  3 -2.41e-08      0.00 6.901e-01 2.962e-01 1.506e-03 1.733e-03 5.570e-03 -1.000 1.369e-02 -3.312 2.155 0.197 -1.421 -2.529 -3.702 -5.027 -5.894 -6.135
0.013 -0.05655 9.30103 1.7050697803 2.5534701812    1.683  3.260  3.5534  0.570    7  0.000  0.360    58.06    34.71    23.07    17.82    14.57  2 -2.71e-08      0.00 6.901e-01 2.962e-01 1.506e-03 1.733e-03 5.570e-03 -1.000 1.369e-02 -3.379 2.156 0.214 -1.400 -2.533 -3.751 -5.102 -5.975 -6.220
0.013 -0.05655 9.30103 1.7050698996 2.5534701885    1.683  3.270  3.5523  0.556    7  0.000  0.360    59.78    35.63    23.66    18.28    14.94  2 -2.84e-08      0.00 6.901e-01 2.962e-01 1.506e-03 1.733e-03 5.570e-03 -1.000 1.369e-02 -3.405 2.157 0.222 -1.389 -2.533 -3.769 -5.131 -6.005 -6.253
0.013 -0.05655 9.30103 1.7050701380 2.5534702032    1.683  3.268  3.5525  0.558    7  0.000  0.360    59.45    35.45    23.54    18.20    14.87  2  -2.8e-08      0.00 6.901e-01 2.962e-01 1.506e-03 1.733e-03 5.570e-03 -1.000 1.369e-02 -3.400 2.157 0.221 -1.391 -2.532 -3.765 -5.125 -5.999 -6.247
0.013 -0.05655 9.30103 1.7050703764 2.5534702178    1.683  3.262  3.5531  0.567    7  0.000  0.360    58.45    34.92    23.20    17.93    14.65  2 -2.73e-08      0.00 6.901e-01 2.962e-01 1.506e-03 1.733e-03 5.570e-03 -1.000 1.369e-02 -3.385 2.157 0.217 -1.396 -2.532 -3.754 -5.109 -5.981 -6.228
0.013 -0.05655 9.30103 1.7050704956 2.5534702251    1.683  3.255  3.5538  0.576    7  0.000  0.360    57.39    34.35    22.84    17.65    14.42  2 -2.66e-08      0.00 6.901e-01 2.962e-01 1.506e-03 1.733e-03 5.570e-03 -1.000 1.369e-02 -3.369 2.157 0.213 -1.400 -2.530 -3.743 -5.091 -5.962 -6.207
0.013 -0.05655 9.30103 1.7050707340 2.5534702397    1.683  3.250  3.5543  0.583    7  0.000  0.360    56.57    33.91    22.56    17.43    14.24  2  -2.6e-08      0.00 6.901e-01 2.962e-01 1.506e-03 1.733e-03 5.570e-03 -1.000 1.369e-02 -3.356 2.157 0.211 -1.404 -2.529 -3.733 -5.076 -5.947 -6.191
0.013 -0.05655 9.30103 1.7050716877 2.5534702982    1.683  3.250  3.5542  0.582    7  0.000  0.360    56.64    33.94    22.58    17.44    14.25  2 -2.59e-08      0.00 6.901e-01 2.962e-01 1.506e-03 1.733e-03 5.570e-03 -1.000 1.369e-02 -3.356 2.159 0.213 -1.401 -2.527 -3.733 -5.077 -5.948 -6.192
0.013 -0.05655 9.30103 1.7050744295 2.5534704665    1.683  3.281  3.5508  0.538    7  0.000  0.360    61.92    36.77    24.38    18.85    15.41  2 -2.97e-08      0.00 6.901e-01 2.962e-01 1.506e-03 1.733e-03 5.570e-03 -1.000 1.369e-02 -3.432 2.164 0.241 -1.367 -2.524 -3.786 -5.163 -6.041 -6.291
0.013 -0.05655 9.30103 1.7050762177 2.5534705762    1.683  3.302  3.5485  0.508    7  0.000  0.360    65.74    38.80    25.66    19.86    16.23  2 -3.23e-08      0.00 6.901e-01 2.962e-01 1.506e-03 1.733e-03 5.570e-03 -1.000 1.369e-02 -3.484 2.166 0.266 -1.335 -2.517 -3.819 -5.222 -6.103 -6.357
0.013 -0.05655 9.30103 1.7050780058 2.5534706859    1.683  3.322  3.5462  0.479    7  0.000  0.360    69.79    40.94    27.01    20.92    17.10  2 -3.52e-08      0.00 6.901e-01 2.962e-01 1.506e-03 1.733e-03 5.570e-03 -1.000 1.369e-02 -3.535 2.169 0.298 -1.294 -2.505 -3.848 -5.280 -6.166 -6.424
0.013 -0.05655 9.30103 1.7050801516 2.5534708175    1.682  3.342  3.5439  0.449    7  0.000  0.360    74.02    43.16    28.41    22.02    18.00  2 -3.84e-08      0.00 6.901e-01 2.962e-01 1.506e-03 1.733e-03 5.570e-03 -1.000 1.369e-02 -3.585 2.172 0.331 -1.252 -2.491 -3.877 -5.338 -6.227 -6.489
0.013 -0.05655 9.30103 1.7050827742 2.5534709784    1.682  3.364  3.5413  0.417    7  0.000  0.360    78.97    45.75    30.03    23.30    19.05  2 -4.23e-08      0.00 6.901e-01 2.962e-01 1.506e-03 1.733e-03 5.570e-03 -1.000 1.369e-02 -3.640 2.177 0.371 -1.203 -2.473 -3.908 -5.401 -6.294 -6.561
0.013 -0.05655 9.30103 1.7050867081 2.5534712198    1.681  3.386  3.5387  0.384    7  0.519  0.360    84.44    48.58    31.80    24.70    20.20  2 -4.68e-08      0.00 6.901e-01 2.962e-01 1.506e-03 1.733e-03 5.570e-03 -1.000 1.369e-02 -3.696 2.181 0.418 -1.143 -2.450 -3.934 -5.466 -6.363 -6.634
0.013 -0.05655 9.30103 1.7050919533 2.5534715415    1.681  3.407  3.5363  0.354    7  0.520  0.360    89.69    51.29    33.49    26.03    21.29  2 -5.11e-08      0.00 6.901e-01 2.962e-01 1.506e-03 1.734e-03 5.570e-03 -1.000 1.369e-02 -3.746 2.184 0.467 -1.081 -2.426 -3.954 -5.525 -6.425 -6.701
0.013 -0.05655 9.30103 1.7050923109 2.5534715635    1.680  3.407  3.5363  0.354    8  0.520  0.379    89.70    51.29    33.50    26.03    21.29  2 -5.12e-08      0.00 6.901e-01 2.967e-01 1.593e-03 1.735e-03 5.599e-03 -1.000 1.323e-02 -3.746 2.184 0.467 -1.081 -2.426 -3.954 -5.525 -6.425 -6.701
0.013 -0.05655 9.30103 1.7050927877 2.5534715927    1.680  3.127  3.5644  0.746    8  0.520  0.379    40.70    25.23    17.01    13.08    10.68  3 -1.53e-08      0.00 6.901e-01 2.967e-01 1.593e-03 1.735e-03 5.599e-03 -1.000 1.323e-02 -3.047 2.192 0.222 -1.394 -2.434 -3.483 -4.738 -5.588 -5.815
0.013 -0.05655 9.30103 1.7050931454 2.5534716147    1.680  3.056  3.5721  0.848    8  0.520  0.379    33.18    21.00    14.28    10.95     8.94  3 -1.12e-08      0.00 6.901e-01 2.967e-01 1.593e-03 1.735e-03 5.599e-03 -1.000 1.323e-02 -2.870 2.171 0.205 -1.406 -2.394 -3.341 -4.539 -5.373 -5.588
0.013 -0.05655 9.30103 1.7050942183 2.5534716805    1.680  2.833  3.5962  1.167    8  0.520  0.379    17.44    11.79     8.23     6.26     5.10  4 -4.05e-09      0.00 6.901e-01 2.967e-01 1.593e-03 1.735e-03 5.599e-03 -1.000 1.323e-02 -2.312 2.045 0.265 -1.262 -2.129 -2.866 -3.925 -4.694 -4.872
0.013 -0.05655 9.30103 1.7050958872 2.5534717829    1.680  2.840  3.5954  1.157    8  0.520  0.379    17.79    12.01     8.37     6.37     5.19  4 -4.18e-09      0.00 6.901e-01 2.967e-01 1.593e-03 1.735e-03 5.599e-03 -1.000 1.323e-02 -2.329 2.052 0.263 -1.268 -2.137 -2.880 -3.943 -4.715 -4.894
0.013 -0.05655 9.30103 1.7050981522 2.5534719218    1.679  2.942  3.5841  1.009    8  0.520  0.379    23.96    15.68    10.80     8.25     6.73  4  -6.7e-09      0.00 6.901e-01 2.967e-01 1.593e-03 1.735e-03 5.599e-03 -1.000 1.323e-02 -2.585 2.119 0.223 -1.354 -2.276 -3.101 -4.224 -5.028 -5.224
0.013 -0.05655 9.30103 1.7051010132 2.5534720974    1.679  3.108  3.5659  0.771    8  0.520  0.379    38.75    24.15    16.31    12.54    10.24  3 -1.41e-08      0.00 6.901e-01 2.967e-01 1.593e-03 1.735e-03 5.599e-03 -1.000 1.323e-02 -3.000 2.198 0.229 -1.386 -2.415 -3.443 -4.687 -5.534 -5.759
0.013 -0.05655 9.30103 1.7051044703 2.5534723094    1.678  3.258  3.5494  0.554    8  0.520  0.379    59.90    35.70    23.70    18.32    14.97  2 -2.71e-08      0.00 6.901e-01 2.967e-01 1.593e-03 1.735e-03 5.599e-03 -1.000 1.323e-02 -3.375 2.227 0.334 -1.261 -2.431 -3.718 -5.110 -5.992 -6.243
0.013 -0.05655 9.30103 1.7051085234 2.5534725581    1.678  3.359  3.5382  0.409    8  0.521  0.379    80.25    46.41    30.44    23.63    19.32  2 -4.16e-08      0.00 6.901e-01 2.967e-01 1.593e-03 1.735e-03 5.599e-03 -1.000 1.323e-02 -3.626 2.235 0.495 -1.055 -2.366 -3.858 -5.397 -6.297 -6.568
0.013 -0.05655 9.30103 1.7051132917 2.5534728506    1.677  3.411  3.5322  0.333    8  0.521  0.379    93.55    53.26    34.72    27.00    22.09  2 -5.19e-08      0.00 6.901e-01 2.967e-01 1.593e-03 1.735e-03 5.599e-03 -1.000 1.323e-02 -3.757 2.240 0.613 -0.905 -2.308 -3.910 -5.548 -6.455 -6.737
0.013 -0.05655 9.30103 1.7051186562 2.5534731797    1.676  3.433  3.5295  0.300    8  0.521  0.379    99.99    56.54    36.76    28.61    23.41  2  -5.7e-08      0.00 6.901e-01 2.967e-01 1.593e-03 1.735e-03 5.599e-03 -1.000 1.323e-02 -3.811 2.245 0.675 -0.826 -2.273 -3.925 -5.613 -6.523 -6.810
0.013 -0.05655 9.30103 1.7051247358 2.5534735527    1.676  3.443  3.5279  0.283    8  0.521  0.379   103.35    58.24    37.81    29.45    24.09  2 -5.95e-08      0.00 6.901e-01 2.967e-01 1.593e-03 1.735e-03 5.599e-03 -1.000 1.323e-02 -3.837 2.250 0.722 -0.768 -2.244 -3.921 -5.643 -6.555 -6.845
0.013 -0.05655 9.30103 1.7051249743 2.5534735673    1.675  3.241  3.5497  0.571    8  0.521  0.379    57.84    34.59    22.99    17.77    14.52  3 -2.53e-08      0.00 6.901e-01 2.967e-01 1.593e-03 1.735e-03 5.599e-03 -1.000 1.323e-02 -3.334 2.251 0.361 -1.232 -2.397 -3.679 -5.067 -5.949 -6.199
0.013 -0.05655 9.30103 1.7051255703 2.5534736039    1.675  3.099  3.5651  0.775    8  0.522  0.379    38.36    23.93    16.17    12.43    10.15  3 -1.36e-08      0.00 6.901e-01 2.967e-01 1.593e-03 1.735e-03 5.599e-03 -1.000 1.323e-02 -2.978 2.228 0.268 -1.344 -2.378 -3.418 -4.667 -5.517 -5.742
0.013 -0.05655 9.30103 1.7051268816 2.5534736843    1.675  2.877  3.5892  1.094    8  0.522  0.379    20.18    13.45     9.33     7.11     5.79  4    -5e-09      0.00 6.901e-01 2.967e-01 1.593e-03 1.735e-03 5.599e-03 -1.000 1.323e-02 -2.422 2.127 0.281 -1.275 -2.171 -2.955 -4.050 -4.839 -5.028
0.013 -0.05655 9.30103 1.7051286697 2.5534737940    1.675  2.884  3.5884  1.084    8  0.522  0.379    20.61    13.70     9.49     7.24     5.90  4 -5.17e-09      0.00 6.901e-01 2.967e-01 1.593e-03 1.735e-03 5.599e-03 -1.000 1.323e-02 -2.440 2.131 0.279 -1.280 -2.180 -2.970 -4.069 -4.861 -5.051
0.013 -0.05655 9.30103 1.7051310539 2.5534739403    1.674  2.986  3.5773  0.937    8  0.522  0.379    27.69    17.86    12.23     9.36     7.63  3 -8.23e-09      0.00 6.901e-01 2.967e-01 1.593e-03 1.735e-03 5.599e-03 -1.000 1.323e-02 -2.695 2.187 0.254 -1.342 -2.299 -3.187 -4.351 -5.172 -5.379
0.013 -0.05655 9.30103 1.7051341534 2.5534741304    1.674  3.151  3.5594  0.701    8  0.522  0.379    44.56    27.38    18.39    14.16    11.57  3 -1.71e-08      0.00 6.901e-01 2.967e-01 1.593e-03 1.735e-03 5.599e-03 -1.000 1.323e-02 -3.107 2.242 0.290 -1.321 -2.397 -3.518 -4.812 -5.674 -5.908
0.013 -0.05655 9.30103 1.7051379681 2.5534743644    1.673  3.300  3.5432  0.486    8  0.522  0.379    68.62    40.33    26.62    20.62    16.85  2 -3.26e-08      0.00 6.901e-01 2.967e-01 1.593e-03 1.735e-03 5.599e-03 -1.000 1.323e-02 -3.480 2.255 0.445 -1.123 -2.366 -3.764 -5.234 -6.126 -6.388
0.013 -0.05655 9.30103 1.7051424980 2.5534746423    1.673  3.400  3.5322  0.342    8  0.523  0.379    91.76    52.34    34.15    26.55    21.72  2 -4.99e-08      0.00 6.901e-01 2.967e-01 1.593e-03 1.735e-03 5.599e-03 -1.000 1.323e-02 -3.730 2.258 0.636 -0.879 -2.281 -3.883 -5.522 -6.429 -6.711
0.013 -0.05655 9.30103 1.7051476240 2.5534749568    1.672  3.453  3.5264  0.266    8  0.523  0.379   106.98    60.07    38.95    30.34    24.83  2 -6.24e-08      0.00 6.901e-01 2.967e-01 1.593e-03 1.735e-03 5.599e-03 -1.000 1.323e-02 -3.862 2.258 0.772 -0.705 -2.212 -3.916 -5.674 -6.588 -6.881
0.013 -0.05655 9.30103 1.7051534653 2.5534753151    1.671  3.476  3.5237  0.232    8  0.524  0.379   114.54    63.86    41.29    32.20    26.35  2 -6.89e-08      0.00 6.901e-01 2.967e-01 1.593e-03 1.735e-03 5.599e-03 -1.000 1.323e-02 -3.920 2.259 0.844 -0.615 -2.174 -3.922 -5.741 -6.657 -6.956
0.013 -0.05655 9.30103 1.7051601410 2.5534757246    1.670  3.488  3.5223  0.214    8  0.524  0.379   118.70    65.94    42.57    33.22    27.18  2 -7.25e-08      0.00 6.901e-01 2.967e-01 1.593e-03 1.735e-03 5.599e-03 -1.000 1.323e-02 -3.950 2.261 0.885 -0.564 -2.151 -3.923 -5.776 -6.693 -6.995
0.013 -0.05655 9.30103 1.7051603794 2.5534757392    1.670  3.295  3.5432  0.491    8  0.524  0.379    67.92    39.96    26.39    20.44    16.70  2  -3.2e-08      0.00 6.901e-01 2.967e-01 1.593e-03 1.735e-03 5.599e-03 -1.000 1.323e-02 -3.466 2.264 0.454 -1.114 -2.355 -3.751 -5.220 -6.113 -6.374
0.013 -0.05655 9.30103 1.7051610947 2.5534757831    1.670  3.153  3.5587  0.694    8  0.524  0.379    45.11    27.68    18.58    14.31    11.69  3 -1.74e-08      0.00 6.901e-01 2.967e-01 1.593e-03 1.735e-03 5.599e-03 -1.000 1.323e-02 -3.113 2.251 0.306 -1.302 -2.385 -3.518 -4.820 -5.683 -5.919
0.013 -0.05655 9.30103 1.7051624060 2.5534758636    1.670  2.931  3.5829  1.013    8  0.524  0.379    23.71    15.54    10.71     8.18     6.67  4 -6.47e-09      0.00 6.901e-01 2.967e-01 1.593e-03 1.735e-03 5.599e-03 -1.000 1.323e-02 -2.557 2.167 0.271 -1.307 -2.234 -3.069 -4.198 -5.006 -5.204
0.013 -0.05655 9.30103 1.7051644325 2.5534759879    1.669  2.938  3.5822  1.004    8  0.524  0.379    24.18    15.82    10.89     8.32     6.79  4 -6.67e-09      0.00 6.901e-01 2.967e-01 1.593e-03 1.735e-03 5.599e-03 -1.000 1.323e-02 -2.574 2.171 0.269 -1.312 -2.242 -3.083 -4.217 -5.026 -5.225
0.013 -0.05655 9.30103 1.7051670551 2.5534761488    1.669  3.038  3.5712  0.860    8  0.525  0.379    32.31    20.51    13.96    10.71     8.74  3 -1.05e-08      0.00 6.901e-01 2.967e-01 1.593e-03 1.735e-03 5.599e-03 -1.000 1.323e-02 -2.824 2.221 0.265 -1.343 -2.335 -3.292 -4.495 -5.331 -5.547
0.013 -0.05655 9.30103 1.7051705122 2.5534763608    1.668  3.198  3.5536  0.628    8  0.525  0.379    51.51    31.18    20.82    16.06    13.12  3 -2.12e-08      0.00 6.901e-01 2.967e-01 1.593e-03 1.735e-03 5.599e-03 -1.000 1.323e-02 -3.226 2.259 0.346 -1.254 -2.382 -3.599 -4.948 -5.822 -6.066
0.013 -0.05655 9.30103 1.7051745653 2.5534766095    1.668  3.344  3.5376  0.419    8  0.525  0.379    78.58    45.54    29.90    23.20    18.97  2 -3.97e-08      0.00 6.901e-01 2.967e-01 1.593e-03 1.735e-03 5.599e-03 -1.000 1.323e-02 -3.590 2.270 0.548 -0.995 -2.313 -3.814 -5.363 -6.264 -6.535
0.013 -0.05655 9.30103 1.7051794529 2.5534769093    1.667  3.441  3.5269  0.278    8  0.526  0.379   104.24    58.68    38.08    29.67    24.27  2 -5.99e-08      0.00 6.901e-01 2.967e-01 1.593e-03 1.735e-03 5.599e-03 -1.000 1.323e-02 -3.833 2.270 0.771 -0.709 -2.204 -3.898 -5.643 -6.556 -6.848
0.013 -0.05655 9.30103 1.7051850557 2.5534772530    1.666  3.492  3.5213  0.205    8  0.526  0.379   120.72    66.94    43.19    33.71    27.59  2 -7.41e-08      0.00 6.901e-01 2.967e-01 1.593e-03 1.735e-03 5.599e-03 -1.000 1.323e-02 -3.959 2.270 0.921 -0.520 -2.125 -3.914 -5.788 -6.707 -7.010
0.013 -0.05655 9.30103 1.7051914930 2.5534776478    1.665  3.513  3.5189  0.174    8  0.527  0.379   128.46    70.77    45.54    35.58    29.12  2 -8.11e-08      0.00 6.901e-01 2.967e-01 1.593e-03 1.735e-03 5.599e-03 -1.000 1.323e-02 -4.012 2.272 0.995 -0.425 -2.083 -3.911 -5.849 -6.770 -7.078
0.013 -0.05655 9.30103 1.7051987648 2.5534780939    1.663  3.522  3.5178  0.160    8  0.527  0.379   132.26    72.65    46.70    36.49    29.87  2 -8.46e-08      0.00 6.901e-01 2.967e-01 1.593e-03 1.735e-03 5.599e-03 -1.000 1.323e-02 -4.036 2.272 1.034 -0.374 -2.058 -3.903 -5.877 -6.799 -7.110
0.013 -0.05655 9.30103 1.7051990032 2.5534781085    1.663  3.339  3.5380  0.424    8  0.527  0.379    77.72    45.09    29.61    22.98    18.79  2 -3.92e-08      0.00 6.901e-01 2.967e-01 1.593e-03 1.735e-03 5.599e-03 -1.000 1.323e-02 -3.578 2.274 0.546 -0.999 -2.312 -3.806 -5.349 -6.250 -6.520
0.013 -0.05655 9.30103 1.7051997185 2.5534781524    1.663  3.199  3.5535  0.626    8  0.527  0.379    51.68    31.27    20.88    16.11    13.16  3 -2.15e-08      0.00 6.901e-01 2.967e-01 1.593e-03 1.735e-03 5.599e-03 -1.000 1.323e-02 -3.227 2.262 0.350 -1.250 -2.380 -3.598 -4.949 -5.823 -6.067
0.013 -0.05655 9.30103 1.7052011490 2.5534782401    1.663  2.977  3.5780  0.946    8  0.527  0.379    27.11    17.53    12.01     9.19     7.50  3 -8.06e-09      0.00 6.901e-01 2.967e-01 1.593e-03 1.735e-03 5.599e-03 -1.000 1.323e-02 -2.672 2.192 0.261 -1.333 -2.286 -3.166 -4.325 -5.145 -5.350
0.013 -0.05655 9.30103 1.7052031755 2.5534783644    1.662  2.983  3.5773  0.937    8  0.528  0.379    27.62    17.82    12.20     9.34     7.62  3  -8.3e-09      0.00 6.901e-01 2.967e-01 1.593e-03 1.735e-03 5.599e-03 -1.000 1.323e-02 -2.688 2.195 0.261 -1.334 -2.291 -3.179 -4.343 -5.164 -5.371
0.013 -0.05655 9.30103 1.7052059174 2.5534785326    1.662  3.081  3.5665  0.796    8  0.528  0.379    36.69    23.00    15.57    11.96     9.76  3 -1.28e-08      0.00 6.901e-01 2.967e-01 1.593e-03 1.735e-03 5.599e-03 -1.000 1.323e-02 -2.932 2.237 0.277 -1.334 -2.358 -3.378 -4.616 -5.463 -5.686
0.013 -0.05655 9.30103 1.7052093744 2.5534787447    1.661  3.237  3.5491  0.569    8  0.528  0.379    57.92    34.64    23.02    17.79    14.54  2 -2.54e-08      0.00 6.901e-01 2.967e-01 1.593e-03 1.735e-03 5.599e-03 -1.000 1.323e-02 -3.323 2.270 0.390 -1.199 -2.371 -3.663 -5.059 -5.941 -6.193
0.013 -0.05655 9.30103 1.7052136660 2.5534790079    1.660  3.379  3.5333  0.365    8  0.529  0.379    87.52    50.16    32.78    25.48    20.84  2 -4.66e-08      0.00 6.901e-01 2.967e-01 1.593e-03 1.735e-03 5.599e-03 -1.000 1.323e-02 -3.677 2.279 0.639 -0.880 -2.264 -3.845 -5.465 -6.371 -6.650
0.013 -0.05655 9.30103 1.7052186728 2.5534793150    1.659  3.473  3.5228  0.228    8  0.529  0.379   115.18    64.17    41.47    32.35    26.48  2 -6.93e-08      0.00 6.901e-01 2.967e-01 1.593e-03 1.735e-03 5.599e-03 -1.000 1.323e-02 -3.912 2.280 0.893 -0.557 -2.133 -3.896 -5.736 -6.654 -6.954
0.013 -0.05655 9.30103 1.7052243948 2.5534796660    1.658  3.521  3.5174  0.158    8  0.530  0.379   132.57    72.79    46.78    36.56    29.93  2 -8.47e-08      0.00 6.901e-01 2.967e-01 1.593e-03 1.735e-03 5.599e-03 -1.000 1.323e-02 -4.032 2.282 1.060 -0.341 -2.036 -3.887 -5.874 -6.797 -7.109
0.013 -0.05655 9.30103 1.7052310705 2.5534800755    1.657  3.540  3.5152  0.130    8  0.530  0.379   140.32    76.59    49.11    38.41    31.45  2  -9.2e-08      0.00 6.901e-01 2.967e-01 1.593e-03 1.735e-03 5.599e-03 -1.000 1.323e-02 -4.080 2.283 1.137 -0.241 -1.989 -3.873 -5.929 -6.854 -7.171
0.013 -0.05655 9.30103 1.7052384615 2.5534805288    1.656  3.548  3.5143  0.118    8  0.531  0.379   143.71    78.25    50.12    39.22    32.11  2 -9.53e-08      0.00 6.901e-01 2.967e-01 1.593e-03 1.735e-03 5.599e-03 -1.000 1.323e-02 -4.100 2.284 1.168 -0.200 -1.970 -3.868 -5.952 -6.878 -7.197
0.013 -0.05655 9.30103 1.7052386999 2.5534805435    1.655  3.376  3.5336  0.367    8  0.531  0.379    87.03    49.90    32.62    25.35    20.73  2 -4.65e-08      0.00 6.901e-01 2.967e-01 1.593e-03 1.735e-03 5.599e-03 -1.000 1.323e-02 -3.670 2.281 0.636 -0.884 -2.265 -3.841 -5.457 -6.363 -6.642
0.013 -0.05655 9.30103 1.7052395344 2.5534805946    1.655  3.237  3.5492  0.568    8  0.531  0.379    57.99    34.68    23.04    17.81    14.55  2 -2.57e-08      0.00 6.901e-01 2.967e-01 1.593e-03 1.735e-03 5.599e-03 -1.000 1.323e-02 -3.323 2.270 0.388 -1.202 -2.374 -3.664 -5.058 -5.941 -6.192
0.013 -0.05655 9.30103 1.7052410841 2.5534806897    1.655  3.016  3.5741  0.889    8  0.531  0.379    30.37    19.42    13.24    10.15     8.28  3 -9.77e-09      0.00 6.901e-01 2.967e-01 1.593e-03 1.735e-03 5.599e-03 -1.000 1.323e-02 -2.770 2.204 0.255 -1.349 -2.325 -3.249 -4.434 -5.263 -5.475
0.013 -0.05655 9.30103 1.7052433491 2.5534808286    1.654  3.023  3.5734  0.879    8  0.532  0.379    30.96    19.75    13.46    10.32     8.42  3 -1.01e-08      0.00 6.901e-01 2.967e-01 1.593e-03 1.735e-03 5.599e-03 -1.000 1.323e-02 -2.786 2.208 0.255 -1.350 -2.330 -3.263 -4.452 -5.283 -5.496
0.013 -0.05655 9.30103 1.7052463293 2.5534810114    1.654  3.118  3.5626  0.740    8  0.532  0.379    40.98    25.40    17.12    13.17    10.75  3 -1.54e-08      0.00 6.901e-01 2.967e-01 1.593e-03 1.735e-03 5.599e-03 -1.000 1.323e-02 -3.026 2.245 0.287 -1.325 -2.378 -3.453 -4.722 -5.577 -5.806
0.013 -0.05655 9.30103 1.7052502632 2.5534812527    1.653  3.271  3.5453  0.518    8  0.532  0.379    64.16    37.97    25.12    19.45    15.90  2 -2.99e-08      0.00 6.901e-01 2.967e-01 1.593e-03 1.735e-03 5.599e-03 -1.000 1.323e-02 -3.408 2.274 0.440 -1.135 -2.352 -3.712 -5.156 -6.045 -6.303
0.013 -0.05655 9.30103 1.7052549124 2.5534815379    1.652  3.410  3.5296  0.317    8  0.533  0.379    96.24    54.61    35.55    27.67    22.63  2 -5.38e-08      0.00 6.901e-01 2.967e-01 1.593e-03 1.735e-03 5.599e-03 -1.000 1.323e-02 -3.754 2.287 0.720 -0.778 -2.221 -3.870 -5.554 -6.465 -6.751
0.013 -0.05655 9.30103 1.7052605152 2.5534818815    1.650  3.501  3.5191  0.183    8  0.533  0.379   126.05    69.56    44.79    34.99    28.64  2 -7.92e-08      0.00 6.901e-01 2.967e-01 1.593e-03 1.735e-03 5.599e-03 -1.000 1.323e-02 -3.983 2.291 1.010 -0.410 -2.063 -3.887 -5.820 -6.741 -7.049
0.013 -0.05655 9.30103 1.7052668333 2.5534822690    1.649  3.548  3.5137  0.114    8  0.534  0.379   144.76    78.74    50.42    39.46    32.31  2 -9.64e-08      0.00 6.901e-01 2.967e-01 1.593e-03 1.735e-03 5.599e-03 -1.000 1.323e-02 -4.100 2.293 1.197 -0.163 -1.946 -3.853 -5.954 -6.881 -7.200
0.013 -0.05655 9.30103 1.7052742243 2.5534827224    1.647  3.567  3.5115  0.086    8  0.535  0.379   153.21    82.85    52.92    41.45    33.94  2 -1.05e-07      0.00 6.901e-01 2.967e-01 1.593e-03 1.735e-03 5.599e-03 -1.000 1.323e-02 -4.148 2.295 1.274 -0.061 -1.898 -3.838 -6.009 -6.938 -7.262
0.013 -0.05655 9.30103 1.7052824497 2.5534832269    1.646  3.575  3.5106  0.073    8  0.536  0.379   157.03    84.69    54.05    42.35    34.68  2 -1.09e-07      0.00 6.901e-01 2.967e-01 1.593e-03 1.735e-03 5.599e-03 -1.000 1.323e-02 -4.168 2.295 1.306 -0.020 -1.879 -3.833 -6.033 -6.962 -7.288
0.013 -0.05655 9.30103 1.7052826881 2.5534832415    1.645  3.417  3.5288  0.304    8  0.536  0.379    98.58    55.79    36.28    28.25    23.11  2 -5.62e-08      0.00 6.901e-01 2.967e-01 1.593e-03 1.735e-03 5.599e-03 -1.000 1.323e-02 -3.773 2.287 0.741 -0.752 -2.211 -3.873 -5.576 -6.487 -6.775
0.013 -0.05655 9.30103 1.7052835226 2.5534832927    1.645  3.280  3.5445  0.504    8  0.536  0.379    65.84    38.86    25.68    19.89    16.26  2 -3.15e-08      0.00 6.901e-01 2.967e-01 1.593e-03 1.735e-03 5.599e-03 -1.000 1.323e-02 -3.430 2.273 0.445 -1.128 -2.354 -3.727 -5.179 -6.070 -6.329
0.013 -0.05655 9.30103 1.7052850723 2.5534833877    1.645  3.060  3.5699  0.826    8  0.536  0.379    34.44    21.74    14.75    11.33     9.24  3 -1.21e-08      0.00 6.901e-01 2.967e-01 1.593e-03 1.735e-03 5.599e-03 -1.000 1.323e-02 -2.880 2.215 0.245 -1.369 -2.370 -3.342 -4.554 -5.394 -5.612
0.013 -0.05655 9.30103 1.7052874565 2.5534835340    1.644  3.067  3.5691  0.816    8  0.536  0.379    35.13    22.13    15.00    11.52     9.41  3 -1.25e-08      0.00 6.901e-01 2.967e-01 1.593e-03 1.735e-03 5.599e-03 -1.000 1.323e-02 -2.896 2.217 0.248 -1.367 -2.373 -3.356 -4.574 -5.414 -5.634
0.013 -0.05655 9.30103 1.7052905560 2.5534837241    1.643  3.160  3.5583  0.679    8  0.537  0.379    46.31    28.35    19.00    14.65    11.97  3 -1.89e-08      0.00 6.901e-01 2.967e-01 1.593e-03 1.735e-03 5.599e-03 -1.000 1.323e-02 -3.131 2.250 0.301 -1.310 -2.396 -3.534 -4.839 -5.703 -5.939
0.013 -0.05655 9.30103 1.7052944899 2.5534839653    1.642  3.309  3.5412  0.461    8  0.537  0.379    71.84    42.01    27.67    21.46    17.54  2 -3.59e-08      0.00 6.901e-01 2.967e-01 1.593e-03 1.735e-03 5.599e-03 -1.000 1.323e-02 -3.503 2.279 0.496 -1.065 -2.333 -3.768 -5.263 -6.159 -6.424
0.013 -0.05655 9.30103 1.7052992582 2.5534842578    1.641  3.443  3.5256  0.264    8  0.538  0.379   106.87    59.98    38.87    30.31    24.79  2 -6.33e-08      0.00 6.901e-01 2.967e-01 1.593e-03 1.735e-03 5.599e-03 -1.000 1.323e-02 -3.839 2.291 0.830 -0.640 -2.161 -3.877 -5.653 -6.568 -6.862
0.013 -0.05655 9.30103 1.7053049803 2.5534846087    1.639  3.533  3.5152  0.133    8  0.539  0.379   139.29    76.05    48.77    38.15    31.23  2 -9.21e-08      0.00 6.901e-01 2.967e-01 1.593e-03 1.735e-03 5.599e-03 -1.000 1.323e-02 -4.062 2.299 1.154 -0.222 -1.970 -3.855 -5.912 -6.837 -7.153
0.013 -0.05655 9.30103 1.7053115368 2.5534850108    1.638  3.579  3.5098  0.065    8  0.539  0.379   159.74    85.98    54.83    42.97    35.19  2 -1.12e-07      0.00 6.901e-01 2.967e-01 1.593e-03 1.735e-03 5.599e-03 -1.000 1.323e-02 -4.177 2.303 1.343 0.027 -1.851 -3.818 -6.044 -6.975 -7.302
0.013 -0.05655 9.30103 1.7053189278 2.5534854641    1.636  3.598  3.5075  0.036    8  0.540  0.379   169.25    90.54    57.60    45.19    37.00  2 -1.21e-07      0.00 6.901e-01 2.967e-01 1.593e-03 1.735e-03 5.599e-03 -1.000 1.323e-02 -4.225 2.301 1.409 0.115 -1.811 -3.803 -6.100 -7.032 -7.364
0.013 -0.05655 9.30103 1.7053273916 2.5534859832    1.634  3.607  3.5064  0.022    8  0.541  0.379   173.94    92.78    58.96    46.27    37.89  2 -1.26e-07      0.00 6.901e-01 2.967e-01 1.593e-03 1.735e-03 5.599e-03 -1.000 1.323e-02 -4.247 2.300 1.442 0.157 -1.791 -3.795 -6.125 -7.059 -7.393
0.013 -0.05655 9.30103 1.7053276300 2.5534859979    1.633  3.463  3.5234  0.234    8  0.541  0.379   113.48    63.28    40.91    31.93    26.12  2 -6.97e-08      0.00 6.901e-01 2.967e-01 1.593e-03 1.735e-03 5.599e-03 -1.000 1.323e-02 -3.887 2.294 0.891 -0.563 -2.128 -3.882 -5.709 -6.626 -6.925
0.013 -0.05655 9.30103 1.7053284645 2.5534860490    1.633  3.328  3.5393  0.432    8  0.541  0.379    75.99    44.18    29.03    22.54    18.42  2 -3.95e-08      0.00 6.901e-01 2.967e-01 1.593e-03 1.735e-03 5.599e-03 -1.000 1.323e-02 -3.549 2.280 0.525 -1.029 -2.323 -3.795 -5.316 -6.215 -6.483
0.013 -0.05655 9.30103 1.7053298950 2.5534861368    1.633  3.109  3.5650  0.754    8  0.542  0.379    39.68    24.68    16.65    12.81    10.46  3 -1.54e-08      0.00 6.901e-01 2.967e-01 1.593e-03 1.735e-03 5.599e-03 -1.000 1.323e-02 -3.002 2.222 0.251 -1.365 -2.401 -3.441 -4.691 -5.540 -5.766
0.013 -0.05655 9.30103 1.7053320408 2.5534862684    1.632  3.115  3.5642  0.744    8  0.542  0.379    40.49    25.13    16.94    13.04    10.65  3 -1.59e-08      0.00 6.901e-01 2.967e-01 1.593e-03 1.735e-03 5.599e-03 -1.000 1.323e-02 -3.019 2.224 0.255 -1.361 -2.403 -3.454 -4.710 -5.561 -5.788
0.013 -0.05655 9.30103 1.7053350210 2.5534864511    1.631  3.207  3.5535  0.610    8  0.542  0.379    53.10    32.05    21.36    16.51    13.48  3 -2.36e-08      0.00 6.901e-01 2.967e-01 1.593e-03 1.735e-03 5.599e-03 -1.000 1.323e-02 -3.247 2.255 0.334 -1.270 -2.400 -3.618 -4.969 -5.842 -6.087
0.013 -0.05655 9.30103 1.7053387165 2.5534866778    1.630  3.351  3.5365  0.397    8  0.543  0.379    81.49    47.03    30.81    23.94    19.58  2 -4.38e-08      0.00 6.901e-01 2.967e-01 1.593e-03 1.735e-03 5.599e-03 -1.000 1.323e-02 -3.606 2.285 0.583 -0.955 -2.292 -3.815 -5.383 -6.285 -6.559
0.013 -0.05655 9.30103 1.7053432465 2.5534869556    1.629  3.480  3.5210  0.205    8  0.543  0.379   120.04    66.54    42.92    33.52    27.43  2 -7.56e-08      0.00 6.901e-01 2.967e-01 1.593e-03 1.735e-03 5.599e-03 -1.000 1.323e-02 -3.931 2.302 0.962 -0.475 -2.086 -3.880 -5.761 -6.680 -6.984
0.013 -0.05655 9.30103 1.7053486109 2.5534872846    1.627  3.567  3.5107  0.077    8  0.544  0.379   155.46    83.88    53.54    41.96    34.36  2 -1.08e-07      0.00 6.901e-01 2.967e-01 1.593e-03 1.735e-03 5.599e-03 -1.000 1.323e-02 -4.147 2.312 1.323 -0.002 -1.860 -3.813 -6.011 -6.941 -7.267
0.013 -0.05655 9.30103 1.7053546906 2.5534876574    1.625  3.611  3.5053  0.011    8  0.545  0.379   177.77    94.58    60.04    47.14    38.61  2 -1.31e-07      0.00 6.901e-01 2.967e-01 1.593e-03 1.735e-03 5.599e-03 -1.000 1.323e-02 -4.258 2.311 1.491 0.218 -1.754 -3.772 -6.140 -7.074 -7.411
0.013 -0.05655 9.30103 1.7053617239 2.5534880888    1.623  3.630  3.5029 -0.018    8  0.546  0.379   188.32    99.58    63.07    49.56    40.59  2 -1.42e-07      0.00 6.901e-01 2.967e-01 1.593e-03 1.735e-03 5.599e-03 -1.000 1.323e-02 -4.305 2.312 1.571 0.323 -1.702 -3.747 -6.194 -7.131 -7.472
0.013 -0.05655 9.30103 1.7053697109 2.5534885786    1.620  3.639  3.5018 -0.032    8  0.547  0.379   193.73   102.13    64.61    50.79    41.60  2 -1.47e-07      0.00 6.901e-01 2.967e-01 1.593e-03 1.735e-03 5.599e-03 -1.000 1.323e-02 -4.327 2.315 1.614 0.378 -1.674 -3.733 -6.220 -7.158 -7.502
0.013 -0.05655 9.30103 1.7053699493 2.5534885932    1.620  3.509  3.5174  0.161    8  0.547  0.379   131.27    72.07    46.32    36.22    29.65  2 -8.63e-08      0.00 6.901e-01 2.967e-01 1.593e-03 1.735e-03 5.599e-03 -1.000 1.323e-02 -4.001 2.311 1.090 -0.312 -2.006 -3.857 -5.844 -6.767 -7.078
0.013 -0.05655 9.30103 1.7053707838 2.5534886444    1.620  3.375  3.5334  0.358    8  0.547  0.379    88.14    50.45    32.94    25.63    20.96  2 -4.95e-08      0.00 6.901e-01 2.967e-01 1.593e-03 1.735e-03 5.599e-03 -1.000 1.323e-02 -3.668 2.293 0.647 -0.874 -2.258 -3.837 -5.456 -6.361 -6.641
0.013 -0.05655 9.30103 1.7053722143 2.5534887321    1.619  3.157  3.5596  0.680    8  0.547  0.379    45.95    28.16    18.87    14.56    11.89  3 -1.96e-08      0.00 6.901e-01 2.967e-01 1.593e-03 1.735e-03 5.599e-03 -1.000 1.323e-02 -3.124 2.238 0.273 -1.344 -2.419 -3.536 -4.828 -5.689 -5.923
0.013 -0.05655 9.30103 1.7053744793 2.5534888710    1.618  3.164  3.5588  0.670    8  0.547  0.379    46.89    28.68    19.21    14.82    12.10  3 -2.02e-08      0.00 6.901e-01 2.967e-01 1.593e-03 1.735e-03 5.599e-03 -1.000 1.323e-02 -3.140 2.241 0.281 -1.334 -2.417 -3.547 -4.847 -5.710 -5.946
0.013 -0.05655 9.30103 1.7053774595 2.5534890538    1.617  3.253  3.5481  0.538    8  0.548  0.379    61.21    36.40    24.12    18.68    15.26  2 -2.96e-08      0.00 6.901e-01 2.967e-01 1.593e-03 1.735e-03 5.599e-03 -1.000 1.323e-02 -3.362 2.269 0.393 -1.197 -2.383 -3.693 -5.101 -5.985 -6.238
0.013 -0.05655 9.30103 1.7053812742 2.5534892877    1.616  3.392  3.5312  0.331    8  0.548  0.379    92.92    52.89    34.46    26.83    21.94  2 -5.35e-08      0.00 6.901e-01 2.967e-01 1.593e-03 1.735e-03 5.599e-03 -1.000 1.323e-02 -3.710 2.300 0.697 -0.811 -2.229 -3.850 -5.505 -6.413 -6.697
0.013 -0.05655 9.30103 1.7053858042 2.5534895655    1.614  3.517  3.5159  0.144    8  0.549  0.379   135.48    74.13    47.57    37.23    30.47  2 -9.03e-08      0.00 6.901e-01 2.967e-01 1.593e-03 1.735e-03 5.599e-03 -1.000 1.323e-02 -4.023 2.320 1.151 -0.233 -1.963 -3.836 -5.870 -6.794 -7.109
0.013 -0.05655 9.30103 1.7053912878 2.5534899018    1.612  3.600  3.5057  0.020    8  0.550  0.379   174.20    92.83    58.97    46.30    37.92  2 -1.28e-07      0.00 6.901e-01 2.967e-01 1.593e-03 1.735e-03 5.599e-03 -1.000 1.323e-02 -4.230 2.327 1.496 0.221 -1.743 -3.755 -6.111 -7.045 -7.380
0.013 -0.05655 9.30103 1.7053976059 2.5534902893    1.609  3.643  3.5003 -0.045    8  0.551  0.379   198.46   104.31    65.91    51.85    42.47  1 -1.52e-07      0.00 6.901e-01 2.967e-01 1.593e-03 1.735e-03 5.599e-03 -1.000 1.323e-02 -4.337 2.331 1.683 0.464 -1.621 -3.698 -6.235 -7.174 -7.520
0.013 -0.05655 9.30103 1.7054047585 2.5534907279    1.607  3.660  3.4979 -0.073    8  0.552  0.379   209.95   109.68    69.15    54.43    44.59  0 -1.66e-07      0.00 6.901e-01 2.967e-01 1.593e-03 1.735e-03 5.599e-03 -1.000 1.323e-02 -4.381 2.332 1.755 0.552 -1.577 -3.673 -6.287 -7.228 -7.579
0.013 -0.05655 9.30103 1.7054128647 2.5534912250    1.603  3.669  3.4967 -0.087    8  0.553  0.379   215.92   112.45    70.81    55.77    45.69  0 -1.82e-07      0.00 6.901e-01 2.967e-01 1.593e-03 1.735e-03 5.599e-03 -1.000 1.323e-02 -4.402 2.335 1.792 0.597 -1.553 -3.658 -6.311 -7.254 -7.607
0.013 -0.05655 9.30103 1.7054131031 2.5534912396    1.603  3.553  3.5110  0.086    8  0.553  0.379   152.25    82.26    52.54    41.19    33.71  2 -1.07e-07      0.00 6.901e-01 2.967e-01 1.593e-03 1.735e-03 5.599e-03 -1.000 1.323e-02 -4.112 2.336 1.339 0.012 -1.838 -3.786 -5.975 -6.905 -7.230
0.013 -0.05655 9.30103 1.7054138184 2.5534912835    1.603  3.422  3.5272  0.282    8  0.553  0.379   102.45    57.71    37.45    29.21    23.89  2 -6.21e-08      0.00 6.901e-01 2.967e-01 1.593e-03 1.735e-03 5.599e-03 -1.000 1.323e-02 -3.784 2.313 0.808 -0.673 -2.164 -3.853 -5.593 -6.506 -6.797
0.013 -0.05655 9.30103 1.7054151297 2.5534913639    1.602  3.205  3.5539  0.606    8  0.553  0.379    53.26    32.14    21.41    16.56    13.52  3 -2.48e-08      0.00 6.901e-01 2.967e-01 1.593e-03 1.735e-03 5.599e-03 -1.000 1.323e-02 -3.242 2.257 0.328 -1.279 -2.406 -3.617 -4.963 -5.835 -6.079
0.013 -0.05655 9.30103 1.7054171562 2.5534914881    1.601  3.211  3.5532  0.596    8  0.554  0.379    54.30    32.70    21.77    16.83    13.75  2 -2.56e-08      0.00 6.901e-01 2.967e-01 1.593e-03 1.735e-03 5.599e-03 -1.000 1.323e-02 -3.258 2.260 0.336 -1.270 -2.404 -3.627 -4.981 -5.855 -6.100
0.013 -0.05655 9.30103 1.7054198980 2.5534916563    1.600  3.297  3.5425  0.467    8  0.554  0.379    70.40    41.25    27.17    21.09    17.23  2 -3.69e-08      0.00 6.901e-01 2.967e-01 1.593e-03 1.735e-03 5.599e-03 -1.000 1.323e-02 -3.472 2.287 0.481 -1.088 -2.340 -3.750 -5.228 -6.121 -6.384
0.013 -0.05655 9.30103 1.7054232359 2.5534918610    1.598  3.430  3.5259  0.267    8  0.554  0.379   105.45    59.21    38.38    29.94    24.49  2 -6.48e-08      0.00 6.901e-01 2.967e-01 1.593e-03 1.735e-03 5.599e-03 -1.000 1.323e-02 -3.805 2.318 0.847 -0.626 -2.140 -3.851 -5.618 -6.533 -6.826
0.013 -0.05655 9.30103 1.7054274082 2.5534921168    1.596  3.550  3.5110  0.087    8  0.555  0.379   151.72    81.98    52.36    41.05    33.60  2 -1.07e-07      0.00 6.901e-01 2.967e-01 1.593e-03 1.735e-03 5.599e-03 -1.000 1.323e-02 -4.104 2.343 1.347 0.020 -1.830 -3.778 -5.967 -6.897 -7.222
0.013 -0.05655 9.30103 1.7054322958 2.5534924165    1.594  3.629  3.5010 -0.032    8  0.556  0.379   193.08   101.70    64.33    50.60    41.44  1 -1.48e-07      0.00 6.901e-01 2.967e-01 1.593e-03 1.735e-03 5.599e-03 -1.000 1.323e-02 -4.302 2.347 1.675 0.448 -1.619 -3.686 -6.197 -7.136 -7.481
0.013 -0.05655 9.30103 1.7054380178 2.5534927674    1.591  3.668  3.4959 -0.093    8  0.557  0.379   218.38   113.53    71.45    56.29    46.12  0 -1.87e-07      0.00 6.901e-01 2.967e-01 1.593e-03 1.735e-03 5.599e-03 -1.000 1.323e-02 -4.401 2.348 1.830 0.641 -1.523 -3.634 -6.313 -7.257 -7.611
0.013 -0.05655 9.30103 1.7054444551 2.5534931622    1.588  3.684  3.4937 -0.119    8  0.558  0.379   229.82   118.81    74.62    58.83    48.20  0 -2.22e-07      0.00 6.901e-01 2.967e-01 1.593e-03 1.735e-03 5.599e-03 -1.000 1.323e-02 -4.441 2.350 1.894 0.718 -1.484 -3.612 -6.360 -7.305 -7.664
0.013 -0.05655 9.30103 1.7054517269 2.5534936081    1.584  3.691  3.4928 -0.131    8  0.559  0.379   235.24   121.29    76.10    60.03    49.18  0  -2.4e-07      0.00 6.901e-01 2.967e-01 1.593e-03 1.735e-03 5.599e-03 -1.000 1.323e-02 -4.458 2.353 1.924 0.755 -1.465 -3.600 -6.380 -7.326 -7.687
0.013 -0.05655 9.30103 1.7054519653 2.5534936227    1.584  3.589  3.5057  0.024    8  0.559  0.379   172.17    91.75    58.29    45.79    37.49  2 -1.28e-07      0.00 6.901e-01 2.967e-01 1.593e-03 1.735e-03 5.599e-03 -1.000 1.323e-02 -4.202 2.351 1.518 0.243 -1.718 -3.730 -6.082 -7.016 -7.351
0.013 -0.05655 9.30103 1.7054526806 2.5534936665    1.583  3.459  3.5221  0.218    8  0.559  0.379   116.14    64.53    41.66    32.55    26.63  2 -7.54e-08      0.00 6.901e-01 2.967e-01 1.593e-03 1.735e-03 5.599e-03 -1.000 1.323e-02 -3.879 2.331 0.962 -0.483 -2.073 -3.849 -5.705 -6.623 -6.925
0.013 -0.05655 9.30103 1.7054539919 2.5534937469    1.582  3.244  3.5494  0.543    8  0.559  0.379    60.26    35.89    23.79    18.43    15.06  2 -3.06e-08      0.00 6.901e-01 2.967e-01 1.593e-03 1.735e-03 5.599e-03 -1.000 1.323e-02 -3.340 2.271 0.372 -1.226 -2.397 -3.683 -5.075 -5.956 -6.208
0.013 -0.05655 9.30103 1.7054558992 2.5534938639    1.581  3.250  3.5486  0.533    8  0.560  0.379    61.46    36.53    24.19    18.75    15.32  2 -3.15e-08      0.00 6.901e-01 2.967e-01 1.593e-03 1.735e-03 5.599e-03 -1.000 1.323e-02 -3.356 2.273 0.385 -1.210 -2.390 -3.691 -5.093 -5.975 -6.228
0.013 -0.05655 9.30103 1.7054586411 2.5534940320    1.579  3.334  3.5379  0.406    8  0.560  0.379    79.37    45.91    30.09    23.40    19.13  2  -4.5e-08      0.00 6.901e-01 2.967e-01 1.593e-03 1.735e-03 5.599e-03 -1.000 1.323e-02 -3.564 2.303 0.569 -0.980 -2.296 -3.792 -5.336 -6.236 -6.508
0.013 -0.05655 9.30103 1.7054619789 2.5534942367    1.577  3.462  3.5214  0.211    8  0.561  0.379   117.73    65.31    42.13    32.93    26.94  2 -7.72e-08      0.00 6.901e-01 2.967e-01 1.593e-03 1.735e-03 5.599e-03 -1.000 1.323e-02 -3.886 2.337 0.986 -0.454 -2.057 -3.843 -5.715 -6.634 -6.937
0.013 -0.05655 9.30103 1.7054660320 2.5534944852    1.575  3.578  3.5066  0.036    8  0.561  0.379   167.79    89.63    57.00    44.77    36.65  2 -1.25e-07      0.00 6.901e-01 2.967e-01 1.593e-03 1.735e-03 5.599e-03 -1.000 1.323e-02 -4.174 2.359 1.500 0.216 -1.726 -3.727 -6.052 -6.985 -7.318
0.013 -0.05655 9.30103 1.7054708004 2.5534947776    1.571  3.654  3.4967 -0.080    8  0.562  0.379   212.18   110.53    69.63    54.86    44.94  0  -1.7e-07      0.00 6.901e-01 2.967e-01 1.593e-03 1.735e-03 5.599e-03 -1.000 1.323e-02 -4.364 2.366 1.823 0.630 -1.518 -3.622 -6.273 -7.216 -7.568
0.013 -0.05655 9.30103 1.7054764032 2.5534951212    1.568  3.692  3.4916 -0.140    8  0.563  0.379   239.32   123.05    77.14    60.88    49.88  0  -2.5e-07      0.00 6.901e-01 2.967e-01 1.593e-03 1.735e-03 5.599e-03 -1.000 1.323e-02 -4.459 2.371 1.976 0.814 -1.424 -3.568 -6.385 -7.332 -7.694
0.013 -0.05655 9.30103 1.7054827213 2.5534955086    1.564  3.707  3.4894 -0.165    8  0.564  0.379   251.79   128.74    80.53    63.61    52.12  0 -2.97e-07      0.00 6.901e-01 2.967e-01 1.593e-03 1.735e-03 5.599e-03 -1.000 1.323e-02 -4.498 2.375 2.038 0.884 -1.388 -3.546 -6.430 -7.379 -7.746
0.013 -0.05655 9.30103 1.7054898739 2.5534959472    1.559  3.714  3.4884 -0.178    8  0.565  0.379   258.01   131.54    82.20    64.95    53.22  0 -3.21e-07      0.00 6.901e-01 2.967e-01 1.593e-03 1.735e-03 5.599e-03 -1.000 1.323e-02 -4.515 2.378 2.059 0.901 -1.378 -3.539 -6.450 -7.399 -7.768
0.013 -0.05655 9.30103 1.7054901123 2.5534959618    1.559  3.625  3.5000 -0.042    8  0.565  0.379   195.99   102.90    65.02    51.19    41.92  0 -1.55e-07      0.00 6.901e-01 2.967e-01 1.593e-03 1.735e-03 5.599e-03 -1.000 1.323e-02 -4.291 2.377 1.740 0.525 -1.565 -3.644 -6.190 -7.130 -7.477
0.013 -0.05655 9.30103 1.7054907084 2.5534959983    1.558  3.497  3.5165  0.151    8  0.565  0.379   132.51    72.55    46.57    36.48    29.84  2 -9.25e-08      0.00 6.901e-01 2.967e-01 1.593e-03 1.735e-03 5.599e-03 -1.000 1.323e-02 -3.973 2.357 1.166 -0.225 -1.940 -3.804 -5.818 -6.742 -7.055
0.013 -0.05655 9.30103 1.7054919004 2.5534960714    1.557  3.283  3.5444  0.477    8  0.566  0.379    68.56    40.28    26.55    20.61    16.84  2  -3.8e-08      0.00 6.901e-01 2.967e-01 1.593e-03 1.735e-03 5.599e-03 -1.000 1.323e-02 -3.438 2.290 0.452 -1.128 -2.358 -3.734 -5.188 -6.078 -6.338
0.013 -0.05655 9.30103 1.7054938078 2.5534961884    1.555  3.289  3.5436  0.467    8  0.566  0.379    69.92    40.99    26.99    20.97    17.13  2 -3.91e-08      0.00 6.901e-01 2.967e-01 1.593e-03 1.735e-03 5.599e-03 -1.000 1.323e-02 -3.453 2.294 0.467 -1.110 -2.350 -3.741 -5.206 -6.097 -6.359
0.013 -0.05655 9.30103 1.7054961920 2.5534963346    1.553  3.370  3.5329  0.343    8  0.566  0.379    89.89    51.30    33.44    26.06    21.31  2 -5.52e-08      0.00 6.901e-01 2.967e-01 1.593e-03 1.735e-03 5.599e-03 -1.000 1.323e-02 -3.656 2.324 0.684 -0.837 -2.229 -3.818 -5.445 -6.351 -6.632
0.013 -0.05655 9.30103 1.7054992914 2.5534965246    1.551  3.494  3.5166  0.153    8  0.567  0.379   131.96    72.26    46.38    36.34    29.73  2 -9.26e-08      0.00 6.901e-01 2.967e-01 1.593e-03 1.735e-03 5.599e-03 -1.000 1.323e-02 -3.965 2.363 1.169 -0.223 -1.936 -3.799 -5.810 -6.734 -7.047
0.013 -0.05655 9.30103 1.7055029869 2.5534967512    1.547  3.605  3.5020 -0.017    8  0.567  0.379   186.12    98.21    62.17    48.93    40.06  1 -1.46e-07      0.00 6.901e-01 2.967e-01 1.593e-03 1.735e-03 5.599e-03 -1.000 1.323e-02 -4.241 2.384 1.678 0.442 -1.601 -3.656 -6.134 -7.072 -7.414
0.013 -0.05655 9.30103 1.7055073977 2.5534970216    1.544  3.677  3.4922 -0.130    8  0.568  0.379   233.60   120.27    75.44    59.56    48.78  0 -2.27e-07      0.00 6.901e-01 2.967e-01 1.593e-03 1.735e-03 5.599e-03 -1.000 1.323e-02 -4.423 2.391 1.979 0.814 -1.412 -3.550 -6.346 -7.293 -7.654
0.013 -0.05655 9.30103 1.7055125237 2.5534973359    1.539  3.713  3.4872 -0.187    8  0.569  0.379   262.40   133.38    83.27    65.85    53.95  0 -3.34e-07      0.00 6.901e-01 2.967e-01 1.593e-03 1.735e-03 5.599e-03 -1.000 1.323e-02 -4.513 2.397 2.098 0.936 -1.350 -3.514 -6.452 -7.402 -7.773
0.013 -0.05655 9.30103 1.7055183649 2.5534976941    1.534  3.728  3.4850 -0.212    8  0.570  0.379   271.97   139.32    86.80    68.69    56.28  0 -3.93e-07      0.00 6.901e-01 2.967e-01 1.593e-03 1.735e-03 5.599e-03 -1.000 1.323e-02 -4.550 2.403 2.141 0.969 -1.333 -3.502 -6.494 -7.446 -7.821
0.013 -0.05655 9.30103 1.7055249214 2.5534980961    1.529  3.734  3.4840 -0.224    8  0.571  0.379   276.35   142.25    88.54    70.10    57.44  0 -4.24e-07      0.00 6.901e-01 2.967e-01 1.593e-03 1.735e-03 5.599e-03 -1.000 1.323e-02 -4.565 2.408 2.164 0.987 -1.322 -3.494 -6.513 -7.465 -7.842
0.013 -0.05655 9.30103 1.7055250406 2.5534981034    1.528  3.657  3.4943 -0.106    8  0.571  0.379   222.08   114.86    72.18    56.97    46.65  0  -1.9e-07      0.00 6.901e-01 2.967e-01 1.593e-03 1.735e-03 5.599e-03 -1.000 1.323e-02 -4.372 2.401 1.930 0.753 -1.437 -3.560 -6.289 -7.234 -7.591
0.013 -0.05655 9.30103 1.7055257559 2.5534981473    1.528  3.532  3.5110  0.086    8  0.571  0.379   150.52    81.19    51.83    40.69    33.30  2 -1.13e-07      0.00 6.901e-01 2.967e-01 1.593e-03 1.735e-03 5.599e-03 -1.000 1.323e-02 -4.059 2.390 1.393 0.065 -1.784 -3.733 -5.922 -6.852 -7.177
0.013 -0.05655 9.30103 1.7055268288 2.5534982130    1.526  3.319  3.5393  0.412    8  0.572  0.379    77.70    45.02    29.51    22.97    18.77  2 -4.69e-08      0.00 6.901e-01 2.967e-01 1.593e-03 1.735e-03 5.599e-03 -1.000 1.323e-02 -3.527 2.318 0.552 -1.008 -2.303 -3.774 -5.294 -6.191 -6.461
0.013 -0.05655 9.30103 1.7055284977 2.5534983154    1.524  3.325  3.5385  0.402    8  0.572  0.379    79.29    45.84    30.02    23.38    19.10  2 -4.83e-08      0.00 6.901e-01 2.967e-01 1.593e-03 1.735e-03 5.599e-03 -1.000 1.323e-02 -3.542 2.322 0.572 -0.982 -2.291 -3.777 -5.312 -6.211 -6.481
0.013 -0.05655 9.30103 1.7055307627 2.5534984542    1.522  3.404  3.5278  0.280    8  0.572  0.379   101.64    57.20    37.09    28.97    23.69  2 -6.76e-08      0.00 6.901e-01 2.967e-01 1.593e-03 1.735e-03 5.599e-03 -1.000 1.323e-02 -3.740 2.353 0.827 -0.661 -2.141 -3.821 -5.547 -6.459 -6.749
0.013 -0.05655 9.30103 1.7055335045 2.5534986223    1.518  3.524  3.5116  0.094    8  0.573  0.379   147.96    79.93    51.05    40.08    32.80  2 -1.11e-07      0.00 6.901e-01 2.967e-01 1.593e-03 1.735e-03 5.599e-03 -1.000 1.323e-02 -4.039 2.396 1.379 0.045 -1.790 -3.730 -5.900 -6.829 -7.153
0.013 -0.05655 9.30103 1.7055369616 2.5534988343    1.514  3.630  3.4970 -0.072    8  0.574  0.379   206.99   107.79    67.92    53.57    43.86  0 -1.72e-07      0.00 6.901e-01 2.967e-01 1.593e-03 1.735e-03 5.599e-03 -1.000 1.323e-02 -4.305 2.415 1.864 0.669 -1.472 -3.573 -6.213 -7.156 -7.507
0.013 -0.05655 9.30103 1.7055410147 2.5534990828    1.509  3.700  3.4873 -0.182    8  0.574  0.379   258.49   131.36    82.03    64.90    53.16  0  -3.1e-07      0.00 6.901e-01 2.967e-01 1.593e-03 1.735e-03 5.599e-03 -1.000 1.323e-02 -4.479 2.423 2.123 0.963 -1.321 -3.484 -6.418 -7.367 -7.738
0.013 -0.05655 9.30103 1.7055456638 2.5534993679    1.504  3.735  3.4823 -0.238    8  0.575  0.379   280.46   145.44    90.40    71.64    58.70  0 -4.52e-07      0.00 6.901e-01 2.967e-01 1.593e-03 1.735e-03 5.599e-03 -1.000 1.323e-02 -4.567 2.433 2.220 1.037 -1.283 -3.459 -6.519 -7.473 -7.853
0.013 -0.05655 9.30103 1.7055510283 2.5534996968    1.497  3.749  3.4800 -0.264    8  0.576  0.379   290.45   152.04    94.31    74.79    61.29  0 -5.32e-07      0.01 6.901e-01 2.967e-01 1.593e-03 1.735e-03 5.599e-03 -1.000 1.323e-02 -4.602 2.444 2.270 1.076 -1.260 -3.442 -6.561 -7.517 -7.901
0.013 -0.05655 9.30103 1.7055571079 2.5535000695    1.490  3.755  3.4787 -0.277    8  0.577  0.379   295.61   155.56    96.38    76.48    62.67  0 -5.77e-07      0.01 6.901e-01 2.967e-01 1.593e-03 1.735e-03 5.599e-03 -1.000 1.323e-02 -4.618 2.452 2.294 1.094 -1.249 -3.435 -6.580 -7.536 -7.923
0.013 -0.05655 9.30103 1.7055572271 2.5535000768    1.490  3.689  3.4877 -0.175    8  0.577  0.379   254.45   129.37    80.82    63.95    52.38  0 -2.91e-07      0.00 6.901e-01 2.967e-01 1.593e-03 1.735e-03 5.599e-03 -1.000 1.323e-02 -4.453 2.439 2.133 0.975 -1.306 -3.467 -6.390 -7.340 -7.709
0.013 -0.05655 9.30103 1.7055578232 2.5535001134    1.489  3.566  3.5046  0.016    8  0.577  0.379   172.79    91.66    58.16    45.79    37.47  1  -1.4e-07      0.00 6.901e-01 2.967e-01 1.593e-03 1.735e-03 5.599e-03 -1.000 1.323e-02 -4.144 2.427 1.632 0.370 -1.615 -3.639 -6.028 -6.963 -7.300
0.013 -0.05655 9.30103 1.7055588961 2.5535001791    1.487  3.354  3.5335  0.343    8  0.578  0.379    88.94    50.74    33.06    25.81    21.09  2 -5.89e-08      0.00 6.901e-01 2.967e-01 1.593e-03 1.735e-03 5.599e-03 -1.000 1.323e-02 -3.615 2.357 0.702 -0.825 -2.208 -3.786 -5.402 -6.307 -6.587
0.013 -0.05655 9.30103 1.7055604458 2.5535002742    1.485  3.360  3.5326  0.332    8  0.578  0.379    90.80    51.69    33.65    26.27    21.47  2 -6.07e-08      0.00 6.901e-01 2.967e-01 1.593e-03 1.735e-03 5.599e-03 -1.000 1.323e-02 -3.630 2.362 0.725 -0.797 -2.194 -3.789 -5.421 -6.327 -6.608
0.013 -0.05655 9.30103 1.7055625916 2.5535004057    1.481  3.437  3.5218  0.211    8  0.578  0.379   116.11    64.32    41.46    32.48    26.56  2 -8.41e-08      0.00 6.901e-01 2.967e-01 1.593e-03 1.735e-03 5.599e-03 -1.000 1.323e-02 -3.823 2.396 1.032 -0.413 -2.009 -3.788 -5.651 -6.569 -6.871
0.013 -0.05655 9.30103 1.7055652142 2.5535005665    1.477  3.553  3.5057  0.029    8  0.579  0.379   167.77    89.23    56.67    44.62    36.51  1 -1.36e-07      0.00 6.901e-01 2.967e-01 1.593e-03 1.735e-03 5.599e-03 -1.000 1.323e-02 -4.112 2.436 1.605 0.332 -1.628 -3.640 -5.992 -6.927 -7.262
0.013 -0.05655 9.30103 1.7055684328 2.5535007638    1.472  3.655  3.4913 -0.132    8  0.579  0.379   232.92   119.44    74.86    59.20    48.47  0 -2.14e-07      0.00 6.901e-01 2.967e-01 1.593e-03 1.735e-03 5.599e-03 -1.000 1.323e-02 -4.368 2.455 2.073 0.917 -1.324 -3.469 -6.294 -7.243 -7.605
0.013 -0.05655 9.30103 1.7055723667 2.5535010050    1.466  3.722  3.4816 -0.240    8  0.580  0.379   278.22   144.84    89.99    71.38    58.47  0 -4.35e-07      0.00 6.901e-01 2.967e-01 1.593e-03 1.735e-03 5.599e-03 -1.000 1.323e-02 -4.535 2.468 2.268 1.084 -1.238 -3.415 -6.490 -7.445 -7.825
0.013 -0.05655 9.30103 1.7055767775 2.5535012755    1.458  3.756  3.4765 -0.296    8  0.581  0.379   301.39   160.06    99.00    78.65    64.44  0 -6.27e-07      0.01 6.901e-01 2.967e-01 1.593e-03 1.735e-03 5.599e-03 -1.000 1.323e-02 -4.619 2.484 2.356 1.146 -1.206 -3.398 -6.587 -7.545 -7.934
0.013 -0.05655 9.30103 1.7055817842 2.5535015824    1.450  3.769  3.4741 -0.321    8  0.582  0.379   312.21   167.39   103.30    82.14    67.30  0 -7.37e-07      0.01 6.901e-01 2.967e-01 1.593e-03 1.735e-03 5.599e-03 -1.000 1.323e-02 -4.653 2.498 2.401 1.177 -1.189 -3.388 -6.626 -7.586 -7.980
0.013 -0.05655 9.30103 1.7055875063 2.5535019332    1.441  3.775  3.4727 -0.336    8  0.583  0.379   318.08   171.49   105.71    84.10    68.91  0 -8.01e-07      0.01 6.901e-01 2.967e-01 1.593e-03 1.735e-03 5.599e-03 -1.000 1.323e-02 -4.668 2.516 2.435 1.202 -1.172 -3.376 -6.644 -7.605 -8.001
0.013 -0.05655 9.30103 1.7055876255 2.5535019405    1.441  3.720  3.4805 -0.249    8  0.583  0.379   280.26   146.69    91.06    72.28    59.20  0  -4.5e-07      0.00 6.901e-01 2.967e-01 1.593e-03 1.735e-03 5.599e-03 -1.000 1.323e-02 -4.529 2.491 2.311 1.123 -1.206 -3.385 -6.487 -7.443 -7.825
0.013 -0.05655 9.30103 1.7055882215 2.5535019771    1.439  3.598  3.4975 -0.060    8  0.583  0.379   200.08   104.14    65.65    51.85    42.43  0 -1.76e-07      0.00 6.901e-01 2.967e-01 1.593e-03 1.735e-03 5.599e-03 -1.000 1.323e-02 -4.226 2.479 1.913 0.716 -1.414 -3.510 -6.132 -7.074 -7.425
0.013 -0.05655 9.30103 1.7055891752 2.5535020355    1.437  3.388  3.5271  0.268    8  0.584  0.379   102.58    57.53    37.24    29.16    23.83  2 -7.51e-08      0.00 6.901e-01 2.967e-01 1.593e-03 1.735e-03 5.599e-03 -1.000 1.323e-02 -3.699 2.410 0.900 -0.585 -2.077 -3.768 -5.509 -6.421 -6.713
0.013 -0.05655 9.30103 1.7055906057 2.5535021232    1.434  3.394  3.5261  0.257    8  0.584  0.379   104.82    58.63    37.93    29.71    24.28  2 -7.75e-08      0.00 6.901e-01 2.967e-01 1.593e-03 1.735e-03 5.599e-03 -1.000 1.323e-02 -3.714 2.416 0.933 -0.544 -2.056 -3.764 -5.527 -6.440 -6.734
0.013 -0.05655 9.30103 1.7055926323 2.5535022475    1.429  3.469  3.5152  0.137    8  0.584  0.379   133.85    72.84    46.65    36.66    29.98  2 -1.07e-07      0.00 6.901e-01 2.967e-01 1.593e-03 1.735e-03 5.599e-03 -1.000 1.323e-02 -3.903 2.455 1.309 -0.067 -1.814 -3.697 -5.752 -6.677 -6.993
0.013 -0.05655 9.30103 1.7055951357 2.5535024010    1.423  3.581  3.4991 -0.041    8  0.585  0.379   192.24   100.41    63.38    50.05    40.96  0 -1.69e-07      0.00 6.901e-01 2.967e-01 1.593e-03 1.735e-03 5.599e-03 -1.000 1.323e-02 -4.182 2.494 1.884 0.677 -1.426 -3.510 -6.083 -7.024 -7.372
0.013 -0.05655 9.30103 1.7055981159 2.5535025837    1.416  3.679  3.4846 -0.200    8  0.585  0.379   258.90   133.56    83.22    66.01    54.05  0 -3.14e-07      0.00 6.901e-01 2.967e-01 1.593e-03 1.735e-03 5.599e-03 -1.000 1.323e-02 -4.428 2.509 2.259 1.090 -1.209 -3.377 -6.375 -7.326 -7.700
0.013 -0.05655 9.30103 1.7056016922 2.5535028029    1.407  3.743  3.4749 -0.305    8  0.586  0.379   301.56   161.33    99.66    79.29    64.95  0 -6.25e-07      0.01 6.901e-01 2.967e-01 1.593e-03 1.735e-03 5.599e-03 -1.000 1.323e-02 -4.588 2.531 2.426 1.211 -1.146 -3.342 -6.560 -7.519 -7.910
0.013 -0.05655 9.30103 1.7056058645 2.5535030587    1.397  3.775  3.4697 -0.361    8  0.587  0.379   326.51   178.12   109.53    87.29    71.51  0 -8.93e-07      0.02 6.901e-01 2.967e-01 1.593e-03 1.735e-03 5.599e-03 -1.000 1.323e-02 -4.668 2.573 2.528 1.279 -1.109 -3.322 -6.651 -7.614 -8.016
0.013 -0.05655 9.30103 1.7056105137 2.5535033438    1.386  3.788  3.4671 -0.387    8  0.588  0.379   338.55   186.47   114.41    91.26    74.78  0 -1.05e-06      0.02 6.901e-01 2.967e-01 1.593e-03 1.735e-03 5.599e-03 -1.000 1.323e-02 -4.699 2.602 2.581 1.317 -1.087 -3.310 -6.687 -7.652 -8.059
0.013 -0.05655 9.30103 1.7056158781 2.5535036726    1.374  3.793  3.4655 -0.403    8  0.589  0.379   345.50   191.46   117.31    93.64    76.72  0 -1.15e-06      0.02 6.901e-01 2.967e-01 1.593e-03 1.735e-03 5.599e-03 -1.000 1.323e-02 -4.713 2.639 2.628 1.352 -1.063 -3.293 -6.702 -7.669 -8.080
0.013 -0.05655 9.30103 1.7056159973 2.5535036799    1.373  3.748  3.4721 -0.332    8  0.589  0.379   310.90   168.25   103.69    82.61    67.67  0 -7.15e-07      0.01 6.901e-01 2.967e-01 1.593e-03 1.735e-03 5.599e-03 -1.000 1.323e-02 -4.600 2.569 2.502 1.272 -1.100 -3.303 -6.579 -7.540 -7.936
0.013 -0.05655 9.30103 1.7056164742 2.5535037092    1.372  3.628  3.4894 -0.144    8  0.589  0.379   235.23   119.66    74.88    59.36    48.58  0 -2.27e-07      0.00 6.901e-01 2.967e-01 1.593e-03 1.735e-03 5.599e-03 -1.000 1.323e-02 -4.300 2.548 2.215 1.067 -1.198 -3.353 -6.232 -7.182 -7.547
0.013 -0.05655 9.30103 1.7056174278 2.5535037676    1.368  3.419  3.5196  0.186    8  0.589  0.379   120.00    65.93    42.38    33.31    27.22  2 -9.87e-08      0.00 6.901e-01 2.967e-01 1.593e-03 1.735e-03 5.599e-03 -1.000 1.323e-02 -3.777 2.489 1.189 -0.238 -1.879 -3.695 -5.612 -6.533 -6.840
0.013 -0.05655 9.30103 1.7056188583 2.5535038553    1.363  3.425  3.5185  0.174    8  0.590  0.379   122.87    67.31    43.22    33.98    27.77  2 -1.02e-07      0.00 6.901e-01 2.967e-01 1.593e-03 1.735e-03 5.599e-03 -1.000 1.323e-02 -3.792 2.497 1.237 -0.177 -1.844 -3.678 -5.630 -6.552 -6.861
0.013 -0.05655 9.30103 1.7056206465 2.5535039650    1.356  3.498  3.5073  0.053    8  0.590  0.379   157.06    83.61    53.16    41.94    34.29  1  -1.4e-07      0.00 6.901e-01 2.967e-01 1.593e-03 1.735e-03 5.599e-03 -1.000 1.323e-02 -3.976 2.537 1.657 0.369 -1.557 -3.550 -5.851 -6.784 -7.115
0.013 -0.05655 9.30103 1.7056229115 2.5535041038    1.347  3.606  3.4909 -0.123    8  0.591  0.379   225.01   114.84    71.97    57.06    46.69  0 -2.19e-07      0.00 6.901e-01 2.967e-01 1.593e-03 1.735e-03 5.599e-03 -1.000 1.323e-02 -4.246 2.572 2.201 1.050 -1.193 -3.339 -6.173 -7.122 -7.484
0.013 -0.05655 9.30103 1.7056257725 2.5535042792    1.337  3.701  3.4762 -0.280    8  0.591  0.379   285.28   152.22    94.18    75.00    61.40  0 -4.83e-07      0.01 6.901e-01 2.967e-01 1.593e-03 1.735e-03 5.599e-03 -1.000 1.323e-02 -4.483 2.590 2.472 1.270 -1.076 -3.267 -6.453 -7.411 -7.798
0.013 -0.05655 9.30103 1.7056291103 2.5535044838    1.324  3.763  3.4662 -0.386    8  0.592  0.379   332.36   183.70   112.67    90.01    73.72  0 -9.49e-07      0.02 6.901e-01 2.967e-01 1.593e-03 1.735e-03 5.599e-03 -1.000 1.323e-02 -4.636 2.655 2.648 1.388 -1.016 -3.239 -6.628 -7.592 -7.999
0.013 -0.05655 9.30103 1.7056329250 2.5535047177    1.310  3.793  3.4607 -0.443    8  0.593  0.379   360.58   203.22   124.05    99.28    81.33  0 -1.36e-06      0.03 6.901e-01 2.967e-01 1.593e-03 1.735e-03 5.599e-03 -1.000 1.323e-02 -4.712 2.754 2.783 1.481 -0.961 -3.209 -6.708 -7.679 -8.101
0.013 -0.05655 9.30103 1.7056373358 2.5535049881    1.294  3.805  3.4577 -0.472    8  0.594  0.379   375.19   213.65   130.08   104.24    85.39  0 -1.61e-06      0.04 6.901e-01 2.967e-01 1.593e-03 1.735e-03 5.599e-03 -1.000 1.323e-02 -4.742 2.815 2.859 1.545 -0.924 -3.188 -6.739 -7.714 -8.142
0.013 -0.05655 9.30103 1.7056423426 2.5535052950    1.276  3.810  3.4556 -0.492    8  0.595  0.379   384.58   220.57   134.06   107.53    88.09  0 -1.78e-06      0.05 6.901e-01 2.967e-01 1.593e-03 1.735e-03 5.599e-03 -1.000 1.323e-02 -4.755 2.859 2.915 1.595 -0.891 -3.167 -6.754 -7.730 -8.163
0.013 -0.05655 9.30103 1.7056424618 2.5535053023    1.275  3.774  3.4610 -0.435    8  0.595  0.379   353.02   198.83   121.41    97.24    79.63  0 -1.22e-06      0.03 6.901e-01 2.967e-01 1.593e-03 1.735e-03 5.599e-03 -1.000 1.323e-02 -4.665 2.763 2.798 1.505 -0.931 -3.175 -6.664 -7.634 -8.052
0.013 -0.05655 9.30103 1.7056429386 2.5535053316    1.272  3.656  3.4786 -0.247    8  0.595  0.379   266.64   141.51    87.74    69.93    57.22  0 -3.58e-07      0.00 6.901e-01 2.967e-01 1.593e-03 1.735e-03 5.599e-03 -1.000 1.323e-02 -4.370 2.651 2.502 1.313 -1.018 -3.200 -6.334 -7.291 -7.674
0.013 -0.05655 9.30103 1.7056437731 2.5535053827    1.267  3.448  3.5099  0.085    8  0.595  0.379   145.27    77.62    49.44    39.06    31.91  1 -1.39e-07      0.00 6.901e-01 2.967e-01 1.593e-03 1.735e-03 5.599e-03 -1.000 1.323e-02 -3.850 2.613 1.655 0.342 -1.531 -3.494 -5.716 -6.647 -6.974
0.013 -0.05655 9.30103 1.7056450844 2.5535054631    1.259  3.454  3.5086  0.071    8  0.595  0.379   149.22    79.44    50.54    39.95    32.64  1 -1.45e-07      0.00 6.901e-01 2.967e-01 1.593e-03 1.735e-03 5.599e-03 -1.000 1.323e-02 -3.864 2.622 1.704 0.404 -1.495 -3.473 -5.734 -6.667 -6.996
0.013 -0.05655 9.30103 1.7056467533 2.5535055654    1.249  3.526  3.4970 -0.051    8  0.596  0.379   191.55    98.88    62.28    49.41    40.39  0 -1.98e-07      0.00 6.901e-01 2.967e-01 1.593e-03 1.735e-03 5.599e-03 -1.000 1.323e-02 -4.044 2.659 2.111 0.921 -1.215 -3.314 -5.951 -6.895 -7.246
0.013 -0.05655 9.30103 1.7056488991 2.5535056970    1.236  3.630  3.4800 -0.228    8  0.596  0.379   256.49   135.75    84.27    67.19    54.96  0 -3.07e-07      0.00 6.901e-01 2.967e-01 1.593e-03 1.735e-03 5.599e-03 -1.000 1.323e-02 -4.306 2.686 2.520 1.338 -0.984 -3.161 -6.266 -7.222 -7.602
0.013 -0.05655 9.30103 1.7056515217 2.5535058577    1.220  3.722  3.4648 -0.386    8  0.597  0.379   323.33   179.93   110.26    88.32    72.29  0 -8.24e-07      0.01 6.901e-01 2.967e-01 1.593e-03 1.735e-03 5.599e-03 -1.000 1.323e-02 -4.534 2.746 2.763 1.505 -0.898 -3.124 -6.531 -7.495 -7.902
0.013 -0.05655 9.30103 1.7056547403 2.5535060550    1.202  3.780  3.4543 -0.493    8  0.598  0.379   377.93   217.62   132.17   106.23    86.98  0 -1.61e-06      0.05 6.901e-01 2.967e-01 1.593e-03 1.735e-03 5.599e-03 -1.000 1.323e-02 -4.681 2.912 2.991 1.680 -0.807 -3.086 -6.685 -7.660 -8.092
0.013 -0.05655 9.30103 1.7056583166 2.5535062743    1.181  3.809  3.4482 -0.554    8  0.598  0.379   411.90   241.85   146.14   117.71    96.39  0 -2.32e-06      0.08 6.901e-01 2.967e-01 1.593e-03 1.735e-03 5.599e-03 -1.000 1.323e-02 -4.753 3.116 3.188 1.839 -0.722 -3.042 -6.747 -7.733 -8.186
0.013 -0.05655 9.30103 1.7056623697 2.5535065227    1.158  3.821  3.4448 -0.588    8  0.599  0.379   417.70    -1.00    -1.00    -1.00    -1.00  0 -2.81e-06      0.11 6.901e-01 2.967e-01 1.593e-03 1.735e-03 5.599e-03 -1.000 1.323e-02 -4.782 3.267 3.323 1.956 -0.655 -3.001 -6.766 -7.760 -8.225
0.013 -0.05655 9.30103 1.7056670189 2.5535068078    1.133  3.826  3.4422 -0.613    8  0.600  0.379   413.05    -1.00    -1.00    -1.00    -1.00  0 -3.19e-06      0.14 6.901e-01 2.967e-01 1.593e-03 1.735e-03 5.599e-03 -1.000 1.323e-02 -4.794 3.443 3.465 2.074 -0.583 -2.951 -6.764 -7.767 -8.246
0.013 -0.05655 9.30103 1.7056671381 2.5535068151    1.131  3.798  3.4465 -0.569    8  0.600  0.379   412.79    -1.00    -1.00    -1.00    -1.00  0  -2.4e-06      0.09 6.901e-01 2.967e-01 1.593e-03 1.735e-03 5.599e-03 -1.000 1.323e-02 -4.725 3.191 3.268 1.919 -0.659 -2.990 -6.720 -7.707 -8.163
0.013 -0.05655 9.30103 1.7056676149 2.5535068443    1.127  3.682  3.4651 -0.379    8  0.600  0.379   311.91   174.30   106.77    85.73    70.12  0 -7.13e-07      0.01 6.901e-01 2.967e-01 1.593e-03 1.735e-03 5.599e-03 -1.000 1.323e-02 -4.434 2.819 2.839 1.587 -0.811 -3.034 -6.433 -7.396 -7.801
0.013 -0.05655 9.30103 1.7056683302 2.5535068881    1.120  3.475  3.4983 -0.042    8  0.601  0.379   184.41    94.55    59.52    47.38    38.69  0 -2.22e-07      0.00 6.901e-01 2.967e-01 1.593e-03 1.735e-03 5.599e-03 -1.000 1.323e-02 -3.916 2.769 2.180 0.979 -1.135 -3.225 -5.819 -6.761 -7.110
0.013 -0.05655 9.30103 1.7056695223 2.5535069612    1.109  3.480  3.4970 -0.057    8  0.601  0.379   190.00    96.94    60.95    48.55    39.65  0 -2.34e-07      0.00 6.901e-01 2.967e-01 1.593e-03 1.735e-03 5.599e-03 -1.000 1.323e-02 -3.930 2.780 2.231 1.038 -1.100 -3.200 -5.838 -6.781 -7.132
0.013 -0.05655 9.30103 1.7056711912 2.5535070635    1.095  3.551  3.4848 -0.182    8  0.601  0.379   229.02   121.09    75.35    60.25    49.22  0  -3.2e-07      0.00 6.901e-01 2.967e-01 1.593e-03 1.735e-03 5.599e-03 -1.000 1.323e-02 -4.107 2.815 2.560 1.396 -0.897 -3.063 -6.052 -7.004 -7.378
0.013 -0.05655 9.30103 1.7056732178 2.5535071878    1.077  3.652  3.4673 -0.361    8  0.602  0.379   298.68   166.56   102.13    82.09    67.12  0 -6.08e-07      0.01 6.901e-01 2.967e-01 1.593e-03 1.735e-03 5.599e-03 -1.000 1.323e-02 -4.360 2.850 2.848 1.607 -0.780 -2.995 -6.354 -7.316 -7.717
0.013 -0.05655 9.30103 1.7056756020 2.5535073339    1.056  3.740  3.4515 -0.520    8  0.602  0.379   378.35   221.13   133.82   108.09    88.42  0 -1.65e-06      0.05 6.901e-01 2.967e-01 1.593e-03 1.735e-03 5.599e-03 -1.000 1.323e-02 -4.580 3.063 3.165 1.851 -0.656 -2.949 -6.590 -7.566 -8.002
0.013 -0.05655 9.30103 1.7056785822 2.5535075166    1.031  3.797  3.4408 -0.630    8  0.603  0.379   394.08    -1.00    -1.00    -1.00    -1.00  0 -3.23e-06      0.14 6.901e-01 2.967e-01 1.593e-03 1.735e-03 5.599e-03 -1.000 1.323e-02 -4.721 3.578 3.595 2.199 -0.477 -2.856 -6.690 -7.695 -8.178
0.013 -0.05655 9.30103 1.7056819201 2.5535077212    1.004  3.824  3.4347 -0.694    8  0.604  0.379   388.73    -1.00    -1.00    -1.00    -1.00  0 -4.74e-06      0.39 6.901e-01 2.967e-01 1.593e-03 1.735e-03 5.599e-03 -1.000 1.323e-02 -4.791 4.915 4.512 2.879 -0.064 -2.550 -6.594 -7.680 -8.257
0.013 -0.05655 9.30103 1.7056857347 2.5535079551    0.973  3.835  3.4315 -0.731    8  0.605  0.379   369.19    -1.00    -1.00    -1.00    -1.00  0 -5.89e-06      0.49 6.901e-01 2.967e-01 1.593e-03 1.735e-03 5.599e-03 -1.000 1.323e-02 -4.818 5.437 4.881 3.163 0.108 -2.424 -6.560 -7.677 -8.290
0.013 -0.05655 9.30103 1.7056900263 2.5535082181    0.939  3.840  3.4295 -0.759    8  0.606  0.379   346.49    -1.00    -1.00    -1.00    -1.00  0 -6.92e-06      0.64 6.901e-01 2.967e-01 1.593e-03 1.735e-03 5.599e-03 -1.000 1.323e-02 -4.829 6.261 5.424 3.567 0.366 -2.221 -6.465 -7.632 -8.297
0.013 -0.05655 9.30103 1.7057112455 2.5535095188    0.610 -9.999  4.0000  1.393    9  0.610  0.000     0.00     0.00     0.00     0.00     0.00 -1    -1e-30      0.00 6.901e-01 2.967e-01 1.593e-03 1.735e-03 5.599e-03 -1.000 1.323e-02 29.767 29.725 29.988 30.036 30.024 30.021 30.069 30.067 30.084
#isochrone terminated
