# File generated by CMD 3.9 (http://stev.oapd.inaf.it/cmd) on Tue May 12 07:14:15 UTC 2026
# isochrones based on PARSEC release v1.2S +  COLIBRI S_37 + S_35 + PR16
# Basic references: Bressan et al. (2012), MNRAS, 427, 127 + Chen et al. (2014, 2015), MNRAS, 444, 2525 + MNRAS, 452, 1068 + Tang et al. (2014), MNRAS, 445, 4287 + Marigo et al. (2017), ApJ, 835, 77 + Pastorelli al. (2019), MNRAS, 485, 5666 + Pastorelli al. (2020), MNRAS, in press
# Thermal pulse cycles included 
# On RGB, assumed Reimers mass loss with efficiency eta=0.2
# LPV periods and growth rates added cf. Trabucchi et al. (2019)
# but fundamental-mode LPV periods + transition are from Trabucchi et al. (2021)
# Photometric system: <i>UBVRIJHK</i> (cf. Maiz-Apellaniz 2006 + Bessell 1990)
# Using YBC version of bolometric corrections as in Chen et al. (2019)
# O-rich circumstellar dpmod60alox40 dust from Groenewegen (2006)
# C-rich circumstellar AMCSIC15 dust from Groenewegen (2006)
# IMF: Kroupa (2001, 2002) + Kroupa et al. (2013) canonical two-part-power law IMF corrected for unresolved binaries 
# Kind of output: isochrone tables
# Zini     MH   logAge Mini        int_IMF         Mass   logL    logTe  logg  label   McoreTP C_O  period0  period1  period2  period3  period4  pmode  Mloss  tau1m   X   Y   Xc  Xn  Xo  Cexcess  Z 	 mbolmag  Umag    Bmag    Vmag    Rmag    Imag    Jmag    Hmag    Kmag
0.013 -0.05655 9.47712 0.0900000036 1.0816895926    0.090 -3.413  3.3676  5.228    1  0.000  0.545     0.00     0.00     0.00     0.00     0.00 -1 -3.94e-17      0.00 7.149e-01 2.720e-01 2.359e-03 6.364e-04 5.772e-03 -1.000 1.312e-02 13.303 22.690 19.988 18.129 15.944 13.681 11.211 10.598 10.319
0.013 -0.05655 9.47712 0.1000000015 1.1711064122    0.100 -3.226  3.3945  5.194    0  0.000  0.545     0.00     0.00     0.00     0.00     0.00 -1 -5.99e-17      0.00 7.148e-01 2.721e-01 2.359e-03 6.364e-04 5.772e-03 -1.000 1.312e-02 12.834 22.158 19.492 17.642 15.470 13.213 10.744 10.131 9.848
0.013 -0.05655 9.47712 0.1149708852 1.2852376724    0.115 -3.020  3.4217  5.157    1  0.000  0.545     0.00     0.00     0.00     0.00     0.00 -1 -9.34e-17      0.00 7.145e-01 2.723e-01 2.359e-03 6.364e-04 5.772e-03 -1.000 1.312e-02 12.321 21.331 18.781 16.956 14.853 12.640 10.243 9.630 9.341
0.013 -0.05655 9.47712 0.1200000048 1.3193154741    0.120 -2.957  3.4300  5.146    1  0.000  0.545     0.00     0.00     0.00     0.00     0.00 -1 -1.07e-16      0.00 7.145e-01 2.724e-01 2.359e-03 6.364e-04 5.772e-03 -1.000 1.312e-02 12.163 20.670 18.284 16.492 14.500 12.364 10.107 9.491 9.199
0.013 -0.05655 9.47712 0.1400000006 1.4384526719    0.140 -2.776  3.4492  5.109    1  0.000  0.545     0.00     0.00     0.00     0.00     0.00 -1 -1.57e-16      0.00 7.143e-01 2.726e-01 2.359e-03 6.364e-04 5.772e-03 -1.000 1.312e-02 11.711 19.252 17.147 15.439 13.664 11.687 9.700 9.081 8.788
0.013 -0.05655 9.47712 0.1599999964 1.5372931554    0.160 -2.635  3.4628  5.080    0  0.000  0.545     0.00     0.00     0.00     0.00     0.00 -1  -2.1e-16      0.00 7.140e-01 2.729e-01 2.359e-03 6.364e-04 5.772e-03 -1.000 1.312e-02 11.357 18.257 16.338 14.670 13.044 11.197 9.381 8.760 8.469
0.013 -0.05655 9.47712 0.2000000030 1.6938790862    0.200 -2.419  3.4815  5.036    1  0.000  0.545     0.00     0.00     0.00     0.00     0.00 -1 -3.26e-16      0.00 7.136e-01 2.733e-01 2.359e-03 6.364e-04 5.772e-03 -1.000 1.312e-02 10.817 16.945 15.234 13.622 12.176 10.501 8.886 8.263 7.981
0.013 -0.05655 9.47712 0.2500000000 1.8403257998    0.250 -2.216  3.4975  4.993    1  0.000  0.545     0.00     0.00     0.00     0.00     0.00 -1 -4.87e-16      0.00 7.133e-01 2.736e-01 2.359e-03 6.364e-04 5.772e-03 -1.000 1.312e-02 10.309 15.882 14.311 12.736 11.415 9.890 8.419 7.795 7.522
0.013 -0.05655 9.47712 0.3000000119 1.9529139769    0.300 -2.058  3.5080  4.957    1  0.000  0.545     0.00     0.00     0.00     0.00     0.00 -1 -6.04e-16      0.00 7.130e-01 2.738e-01 2.359e-03 6.364e-04 5.772e-03 -1.000 1.312e-02 9.915 15.174 13.678 12.135 10.884 9.442 8.049 7.423 7.159
0.013 -0.05655 9.47712 0.3364556730 2.0206432194    0.336 -1.940  3.5144  4.914    0  0.000  0.545     0.00     0.00     0.00     0.00     0.00 -1 -8.69e-16      0.00 7.148e-01 2.721e-01 2.359e-03 6.364e-04 5.772e-03 -1.000 1.312e-02 9.620 14.702 13.249 11.727 10.515 9.120 7.769 7.140 6.881
0.013 -0.05655 9.47712 0.3500000238 2.0434175133    0.350 -1.899  3.5165  4.899    0  0.000  0.545     0.00     0.00     0.00     0.00     0.00 -1 -9.53e-16      0.00 7.151e-01 2.718e-01 2.359e-03 6.364e-04 5.772e-03 -1.000 1.312e-02 9.517 14.542 13.102 11.587 10.387 9.008 7.671 7.041 6.784
0.013 -0.05655 9.47712 0.4000000358 2.1185024810    0.400 -1.756  3.5277  4.859    0  0.000  0.545     0.00     0.00     0.00     0.00     0.00 -1  -1.3e-15      0.00 7.152e-01 2.717e-01 2.359e-03 6.364e-04 5.772e-03 -1.000 1.312e-02 9.160 13.936 12.541 11.054 9.909 8.611 7.342 6.706 6.457
0.013 -0.05655 9.47712 0.4500000179 2.1822809362    0.450 -1.605  3.5400  4.807    1  0.000  0.545     0.00     0.00     0.00     0.00     0.00 -1 -1.84e-15      0.00 7.152e-01 2.717e-01 2.359e-03 6.364e-04 5.772e-03 -1.000 1.312e-02 8.781 13.327 11.962 10.505 9.412 8.195 6.994 6.350 6.111
0.013 -0.05655 9.47712 0.5000000000 2.2374541529    0.500 -1.446  3.5555  4.757    1  0.000  0.545     0.00     0.00     0.00     0.00     0.00 -1 -2.66e-15      0.00 7.152e-01 2.717e-01 2.359e-03 6.364e-04 5.772e-03 -1.000 1.312e-02 8.385 12.703 11.350 9.918 8.878 7.763 6.639 5.984 5.757
0.013 -0.05655 9.47712 0.5399802327 2.2751852002    0.540 -1.312  3.5712  4.718    1  0.000  0.545     0.00     0.00     0.00     0.00     0.00 -1 -3.65e-15      0.00 7.208e-01 2.663e-01 2.315e-03 6.246e-04 5.665e-03 -1.000 1.286e-02 8.049 12.167 10.810 9.398 8.403 7.396 6.345 5.680 5.467
0.013 -0.05655 9.47712 0.5500000119 2.2836582633    0.550 -1.279  3.5749  4.709    1  0.000  0.545     0.00     0.00     0.00     0.00     0.00 -1 -3.93e-15      0.00 7.224e-01 2.648e-01 2.303e-03 6.213e-04 5.635e-03 -1.000 1.278e-02 7.968 12.042 10.683 9.276 8.291 7.310 6.275 5.607 5.398
0.013 -0.05655 9.47712 0.6000000238 2.3211213258    0.600 -1.113  3.5989  4.676    1  0.000  0.545     0.00     0.00     0.00     0.00     0.00 -1 -5.74e-15      0.00 7.235e-01 2.637e-01 2.295e-03 6.191e-04 5.616e-03 -1.000 1.274e-02 7.552 11.368 9.992 8.629 7.700 6.868 5.921 5.233 5.059
0.013 -0.05655 9.47712 0.6090355515 2.3271410005    0.609 -1.082  3.6041  4.673    1  0.000  0.545     0.00     0.00     0.00     0.00     0.00 -1 -6.14e-15      0.00 7.237e-01 2.636e-01 2.293e-03 6.188e-04 5.613e-03 -1.000 1.274e-02 7.475 11.237 9.855 8.506 7.590 6.786 5.855 5.166 5.000
0.013 -0.05655 9.47712 0.6499999762 2.3520353107    0.650 -0.947  3.6272  4.658    1  0.000  0.545     0.00     0.00     0.00     0.00     0.00 -1 -8.26e-15      0.00 7.246e-01 2.627e-01 2.287e-03 6.172e-04 5.598e-03 -1.000 1.275e-02 7.136 10.644 9.245 7.975 7.118 6.430 5.568 4.883 4.754
0.013 -0.05655 9.47712 0.6825683117 2.3693947920    0.683 -0.842  3.6462  4.651    1  0.000  0.545     0.00     0.00     0.00     0.00     0.00 -1 -1.03e-14      0.00 7.252e-01 2.621e-01 2.282e-03 6.159e-04 5.587e-03 -1.000 1.269e-02 6.875 10.070 8.731 7.549 6.753 6.159 5.356 4.694 4.590
0.013 -0.05655 9.47712 0.7000000477 2.3779267258    0.700 -0.788  3.6560  4.647    1  0.000  0.545     0.00     0.00     0.00     0.00     0.00 -1 -1.16e-14      0.00 7.255e-01 2.618e-01 2.280e-03 6.152e-04 5.581e-03 -1.000 1.266e-02 6.739 9.721 8.461 7.330 6.570 6.017 5.248 4.611 4.516
0.013 -0.05655 9.47712 0.7276890278 2.3905175740    0.728 -0.703  3.6716  4.641    1  0.000  0.540     0.00     0.00     0.00     0.00     0.00 -1 -1.39e-14      0.00 7.262e-01 2.612e-01 2.258e-03 6.135e-04 5.570e-03 -1.000 1.264e-02 6.528 9.152 8.048 6.996 6.299 5.796 5.083 4.492 4.409
0.013 -0.05655 9.47712 0.7500000000 2.3998889087    0.750 -0.637  3.6836  4.637    1  0.000  0.537     0.00     0.00     0.00     0.00     0.00 -1 -1.61e-14      0.00 7.266e-01 2.607e-01 2.242e-03 6.124e-04 5.564e-03 -1.000 1.266e-02 6.362 8.713 7.741 6.746 6.098 5.625 4.956 4.406 4.328
0.013 -0.05655 9.47712 0.7628273964 2.4049923268    0.763 -0.601  3.6892  4.630    1  0.000  0.537     0.00     0.00     0.00     0.00     0.00 -1 -1.74e-14      0.00 7.271e-01 2.603e-01 2.239e-03 6.116e-04 5.557e-03 -1.000 1.264e-02 6.272 8.509 7.591 6.621 5.993 5.534 4.883 4.350 4.274
0.013 -0.05655 9.47712 0.7995212078 2.4185568769    0.799 -0.500  3.7049  4.612    1  0.000  0.537     0.00     0.00     0.00     0.00     0.00 -1  -2.2e-14      0.00 7.282e-01 2.592e-01 2.231e-03 6.094e-04 5.537e-03 -1.000 1.259e-02 6.019 7.937 7.184 6.282 5.710 5.283 4.684 4.198 4.129
0.013 -0.05655 9.47712 0.8259707093 2.4274795834    0.826 -0.429  3.7154  4.597    1  0.000  0.537     0.00     0.00     0.00     0.00     0.00 -1 -2.59e-14      0.00 7.292e-01 2.583e-01 2.224e-03 6.075e-04 5.520e-03 -1.000 1.255e-02 5.841 7.559 6.913 6.054 5.517 5.109 4.545 4.088 4.025
0.013 -0.05655 9.47712 0.8490424156 2.4347429970    0.849 -0.368  3.7244  4.584    1  0.000  0.537     0.00     0.00     0.00     0.00     0.00 -1 -2.98e-14      0.00 7.300e-01 2.575e-01 2.218e-03 6.059e-04 5.505e-03 -1.000 1.251e-02 5.690 7.247 6.690 5.865 5.355 4.962 4.426 3.994 3.934
0.013 -0.05655 9.47712 0.8583257794 2.4375391942    0.858 -0.344  3.7278  4.578    1  0.000  0.537     0.00     0.00     0.00     0.00     0.00 -1 -3.15e-14      0.00 7.305e-01 2.571e-01 2.215e-03 6.051e-04 5.498e-03 -1.000 1.248e-02 5.629 7.129 6.605 5.792 5.292 4.904 4.378 3.956 3.897
0.013 -0.05655 9.47712 0.8985635638 2.4488947628    0.898 -0.241  3.7420  4.552    1  0.000  0.537     0.00     0.00     0.00     0.00     0.00 -1 -4.02e-14      0.00 7.324e-01 2.552e-01 2.201e-03 6.014e-04 5.465e-03 -1.000 1.236e-02 5.372 6.634 6.242 5.486 5.026 4.662 4.180 3.793 3.740
0.013 -0.05655 9.47712 0.8991588354 2.4490540027    0.898 -0.239  3.7422  4.551    1  0.000  0.537     0.00     0.00     0.00     0.00     0.00 -1 -4.04e-14      0.00 7.324e-01 2.552e-01 2.201e-03 6.013e-04 5.465e-03 -1.000 1.236e-02 5.368 6.626 6.237 5.482 5.022 4.658 4.177 3.791 3.737
0.013 -0.05655 9.47712 0.9284065962 2.4565897150    0.928 -0.166  3.7515  4.529    1  0.000  0.537     0.00     0.00     0.00     0.00     0.00 -1 -4.83e-14      0.00 7.342e-01 2.535e-01 2.188e-03 5.979e-04 5.433e-03 -1.000 1.233e-02 5.185 6.281 5.989 5.273 4.840 4.491 4.035 3.670 3.622
0.013 -0.05655 9.47712 0.9480847716 2.4613600277    0.947 -0.117  3.7575  4.514    1  0.000  0.537     0.00     0.00     0.00     0.00     0.00 -1 -5.45e-14      0.00 7.355e-01 2.522e-01 2.179e-03 5.954e-04 5.411e-03 -1.000 1.230e-02 5.063 6.067 5.829 5.137 4.720 4.380 3.941 3.589 3.544
0.013 -0.05655 9.47712 0.9685567617 2.4660869385    0.968 -0.067  3.7633  4.496    1  0.000  0.537     0.00     0.00     0.00     0.00     0.00 -1 -6.18e-14      0.00 7.373e-01 2.505e-01 2.166e-03 5.920e-04 5.381e-03 -1.000 1.225e-02 4.936 5.856 5.667 4.999 4.597 4.265 3.841 3.503 3.460
0.013 -0.05655 9.47712 0.9946959019 2.4717983330    0.995 -0.003  3.7704  4.472    1  0.000  0.537     0.00     0.00     0.00     0.00     0.00 -1 -7.27e-14      0.00 7.397e-01 2.481e-01 2.148e-03 5.873e-04 5.339e-03 -1.000 1.218e-02 4.777 5.599 5.463 4.826 4.441 4.121 3.716 3.394 3.354
0.013 -0.05655 9.47712 0.9976059794 2.4724129260    0.997  0.004  3.7712  4.469    1  0.000  0.537     0.00     0.00     0.00     0.00     0.00 -1  -7.4e-14      0.00 7.400e-01 2.479e-01 2.146e-03 5.868e-04 5.334e-03 -1.000 1.218e-02 4.759 5.571 5.441 4.807 4.424 4.106 3.703 3.381 3.342
0.013 -0.05655 9.47712 1.0178650618 2.4765797764    1.017  0.054  3.7762  4.448    1  0.000  0.536     0.00     0.00     0.00     0.00     0.00 -1 -8.16e-14      0.00 7.427e-01 2.453e-01 2.127e-03 5.816e-04 5.288e-03 -1.000 1.206e-02 4.636 5.384 5.288 4.676 4.306 3.995 3.605 3.295 3.258
0.013 -0.05655 9.47712 1.0390522480 2.4807382273    1.038  0.105  3.7812  4.426    1  0.000  0.536     0.00     0.00     0.00     0.00     0.00 -1 -9.05e-14      0.00 7.457e-01 2.423e-01 2.105e-03 5.757e-04 5.235e-03 -1.000 1.194e-02 4.508 5.196 5.130 4.540 4.182 3.880 3.503 3.203 3.169
0.013 -0.05655 9.47712 1.0471271276 2.4822722586    1.046  0.124  3.7830  4.418    1  0.000  0.536     0.00     0.00     0.00     0.00     0.00 -1 -9.41e-14      0.00 7.470e-01 2.411e-01 2.097e-03 5.733e-04 5.214e-03 -1.000 1.190e-02 4.460 5.129 5.072 4.490 4.136 3.837 3.464 3.168 3.134
0.013 -0.05655 9.47712 1.0644655228 2.4854758810    1.064  0.166  3.7867  4.398    1  0.000  0.536     0.00     0.00     0.00     0.00     0.00 -1 -1.02e-13      0.00 7.501e-01 2.381e-01 2.074e-03 5.673e-04 5.160e-03 -1.000 1.178e-02 4.356 4.987 4.948 4.382 4.037 3.743 3.379 3.090 3.058
0.013 -0.05655 9.47712 1.0838797092 2.4889235330    1.083  0.212  3.7907  4.376    1  0.000  0.536     0.00     0.00     0.00     0.00     0.00 -1 -1.12e-13      0.00 7.538e-01 2.345e-01 2.048e-03 5.602e-04 5.096e-03 -1.000 1.163e-02 4.240 4.833 4.811 4.262 3.926 3.638 3.284 3.003 2.973
0.013 -0.05655 9.47712 1.0966484547 2.4911146919    1.096  0.242  3.7932  4.360    1  0.000  0.536     0.00     0.00     0.00     0.00     0.00 -1 -1.19e-13      0.00 7.564e-01 2.321e-01 2.029e-03 5.552e-04 5.052e-03 -1.000 1.151e-02 4.165 4.735 4.722 4.184 3.853 3.570 3.222 2.946 2.916
0.013 -0.05655 9.47712 1.1022850275 2.4920633935    1.101  0.255  3.7943  4.354    1  0.000  0.535     0.00     0.00     0.00     0.00     0.00 -1 -1.22e-13      0.00 7.570e-01 2.316e-01 2.027e-03 5.547e-04 5.048e-03 -1.000 1.149e-02 4.132 4.692 4.683 4.150 3.822 3.540 3.194 2.920 2.891
0.013 -0.05655 9.47712 1.1195148230 2.4948953758    1.118  0.296  3.7974  4.332    1  0.000  0.535     0.00     0.00     0.00     0.00     0.00 -1 -1.32e-13      0.00 7.583e-01 2.302e-01 2.023e-03 5.539e-04 5.041e-03 -1.000 1.147e-02 4.030 4.563 4.565 4.046 3.724 3.448 3.109 2.842 2.814
0.013 -0.05655 9.47712 1.1348402500 2.4973314211    1.134  0.331  3.8001  4.313    1  0.000  0.535     0.00     0.00     0.00     0.00     0.00 -1 -1.42e-13      0.00 7.592e-01 2.294e-01 2.023e-03 5.538e-04 5.041e-03 -1.000 1.144e-02 3.941 4.452 4.463 3.954 3.639 3.366 3.034 2.772 2.745
0.013 -0.05655 9.47712 1.1461695433 2.4990841818    1.145  0.357  3.8019  4.299    1  0.000  0.535     0.00     0.00     0.00     0.00     0.00 -1  -1.5e-13      0.00 7.597e-01 2.288e-01 2.024e-03 5.542e-04 5.046e-03 -1.000 1.146e-02 3.877 4.374 4.389 3.888 3.577 3.307 2.979 2.721 2.694
0.013 -0.05655 9.47712 1.1628704071 2.5015964967    1.162  0.394  3.8041  4.278    1  0.000  0.535     0.00     0.00     0.00     0.00     0.00 -1  -1.6e-13      0.00 7.596e-01 2.289e-01 2.028e-03 5.553e-04 5.056e-03 -1.000 1.152e-02 3.786 4.267 4.286 3.795 3.489 3.223 2.900 2.646 2.621
0.013 -0.05655 9.47712 1.1831026077 2.5045310350    1.182  0.436  3.8061  4.251    1  0.000  0.534     0.00     0.00     0.00     0.00     0.00 -1 -1.74e-13      0.00 7.593e-01 2.292e-01 2.032e-03 5.568e-04 5.071e-03 -1.000 1.154e-02 3.681 4.149 4.171 3.689 3.387 3.124 2.806 2.556 2.531
0.013 -0.05655 9.47712 1.1956908703 2.5062993490    1.195  0.460  3.8068  4.234    1  0.000  0.534     0.00     0.00     0.00     0.00     0.00 -1 -1.82e-13      0.00 7.590e-01 2.294e-01 2.036e-03 5.578e-04 5.080e-03 -1.000 1.156e-02 3.620 4.083 4.106 3.626 3.326 3.065 2.748 2.500 2.476
0.013 -0.05655 9.47712 1.2007054090 2.5069918928    1.200  0.470  3.8070  4.228    1  0.000  0.534     0.00     0.00     0.00     0.00     0.00 -1 -1.85e-13      0.00 7.590e-01 2.294e-01 2.036e-03 5.578e-04 5.081e-03 -1.000 1.157e-02 3.596 4.058 4.081 3.602 3.303 3.042 2.726 2.478 2.453
0.013 -0.05655 9.47712 1.2452119589 2.5128585200    1.244  0.551  3.8074  4.164    1  0.000  0.534     0.00     0.00     0.00     0.00     0.00 -1 -2.15e-13      0.00 7.590e-01 2.295e-01 2.037e-03 5.581e-04 5.088e-03 -1.000 1.157e-02 3.394 3.855 3.873 3.398 3.100 2.841 2.525 2.279 2.255
0.013 -0.05655 9.47712 1.2775362730 2.5168259406    1.277  0.609  3.8063  4.113    1  0.000  0.534     0.00     0.00     0.00     0.00     0.00 -1 -2.39e-13      0.00 7.587e-01 2.297e-01 2.040e-03 5.581e-04 5.098e-03 -1.000 1.159e-02 3.248 3.719 3.731 3.252 2.953 2.692 2.374 2.126 2.101
0.013 -0.05655 9.47712 1.2947330475 2.5188440396    1.294  0.639  3.8052  4.084    1  0.000  0.533     0.00     0.00     0.00     0.00     0.00 -1 -2.53e-13      0.00 7.586e-01 2.298e-01 2.042e-03 5.582e-04 5.104e-03 -1.000 1.160e-02 3.172 3.652 3.659 3.177 2.875 2.613 2.292 2.043 2.017
0.013 -0.05655 9.47712 1.3157182932 2.5212247272    1.315  0.676  3.8033  4.046    1  0.000  0.533     0.00     0.00     0.00     0.00     0.00 -1  -2.7e-13      0.00 7.575e-01 2.309e-01 2.048e-03 5.595e-04 5.122e-03 -1.000 1.162e-02 3.080 3.575 3.574 3.085 2.780 2.514 2.189 1.936 1.909
0.013 -0.05655 9.47712 1.3418242931 2.5240671425    1.341  0.721  3.8000  3.996    1  0.000  0.533     0.00     0.00     0.00     0.00     0.00 -1 -2.93e-13      0.00 7.561e-01 2.322e-01 2.057e-03 5.621e-04 5.143e-03 -1.000 1.166e-02 2.967 3.487 3.475 2.974 2.662 2.392 2.059 1.800 1.772
0.013 -0.05655 9.47712 1.3442542553 2.5243252649    1.344  0.726  3.7997  3.992    1  0.000  0.533     0.00     0.00     0.00     0.00     0.00 -1 -2.96e-13      0.00 7.560e-01 2.324e-01 2.058e-03 5.624e-04 5.145e-03 -1.000 1.166e-02 2.956 3.479 3.466 2.964 2.651 2.380 2.047 1.787 1.759
0.013 -0.05655 9.47712 1.3544197083 2.5253935503    1.354  0.743  3.7981  3.970    1  0.000  0.533     0.00     0.00     0.00     0.00     0.00 -1 -3.05e-13      0.00 7.559e-01 2.325e-01 2.059e-03 5.623e-04 5.145e-03 -1.000 1.166e-02 2.911 3.449 3.429 2.920 2.604 2.331 1.993 1.731 1.702
0.013 -0.05655 9.47712 1.3804488182 2.5280466524    1.380  0.790  3.7934  3.913    1  0.000  0.534     0.00     0.00     0.00     0.00     0.00 -1 -3.32e-13      0.00 7.554e-01 2.329e-01 2.062e-03 5.622e-04 5.147e-03 -1.000 1.172e-02 2.794 3.372 3.334 2.806 2.481 2.201 1.852 1.581 1.550
0.013 -0.05655 9.47712 1.3937754631 2.5293609890    1.393  0.815  3.7908  3.882    1  0.000  0.534     0.00     0.00     0.00     0.00     0.00 -1 -3.48e-13      0.00 7.551e-01 2.331e-01 2.064e-03 5.623e-04 5.149e-03 -1.000 1.176e-02 2.732 3.333 3.285 2.747 2.417 2.132 1.777 1.501 1.469
0.013 -0.05655 9.47712 1.4070881605 2.5306454050    1.407  0.843  3.7884  3.849    1  0.000  0.534     0.00     0.00     0.00     0.00     0.00 -1 -3.66e-13      0.00 7.547e-01 2.335e-01 2.066e-03 5.634e-04 5.155e-03 -1.000 1.174e-02 2.663 3.286 3.228 2.680 2.345 2.057 1.696 1.415 1.381
0.013 -0.05655 9.47712 1.4160088301 2.5314905521    1.415  0.886  3.7916  3.821    1  0.000  0.535     0.00     0.00     0.00     0.00     0.00 -1 -4.02e-13      0.00 7.545e-01 2.338e-01 2.068e-03 5.640e-04 5.159e-03 -1.000 1.176e-02 2.555 3.151 3.101 2.568 2.240 1.957 1.604 1.330 1.298
0.013 -0.05655 9.47712 1.4199274778 2.5318579478    1.419  0.923  3.7962  3.804    1  0.000  0.535     0.00     0.00     0.00     0.00     0.00 -1 -4.39e-13      0.00 7.543e-01 2.339e-01 2.069e-03 5.643e-04 5.161e-03 -1.000 1.177e-02 2.463 3.022 2.983 2.470 2.152 1.877 1.535 1.271 1.241
0.013 -0.05655 9.47712 1.4210877419 2.5319662822    1.421  0.957  3.8014  3.791    1  0.000  0.535     0.00     0.00     0.00     0.00     0.00 -1  -4.8e-13      0.00 7.542e-01 2.340e-01 2.070e-03 5.645e-04 5.161e-03 -1.000 1.177e-02 2.377 2.897 2.869 2.378 2.072 1.806 1.476 1.223 1.194
0.013 -0.05655 9.47712 1.4215712547 2.5320113680    1.421  0.991  3.8060  3.776    1  0.000  0.535     0.00     0.00     0.00     0.00     0.00 -1 -5.26e-13      0.00 7.542e-01 2.340e-01 2.070e-03 5.645e-04 5.162e-03 -1.000 1.177e-02 2.294 2.782 2.761 2.290 1.994 1.736 1.417 1.174 1.146
0.013 -0.05655 9.47712 1.4218125343 2.5320338533    1.421  1.014  3.8090  3.765    1  0.000  0.535     0.00     0.00     0.00     0.00     0.00 -1 -5.62e-13      0.00 7.542e-01 2.340e-01 2.070e-03 5.645e-04 5.162e-03 -1.000 1.177e-02 2.236 2.705 2.688 2.229 1.940 1.687 1.375 1.137 1.111
0.013 -0.05655 9.47712 1.4218957424 2.5320416056    1.421  1.000  3.8073  3.772    2  0.000  0.535     0.00     0.00     0.00     0.00     0.00 -1 -5.43e-13      0.00 7.542e-01 2.340e-01 2.070e-03 5.645e-04 5.162e-03 -1.000 1.177e-02 2.270 2.750 2.730 2.265 1.972 1.716 1.400 1.159 1.133
0.013 -0.05655 9.47712 1.4220498800 2.5320559634    1.422  0.979  3.8033  3.777    2  0.000  0.535     0.00     0.00     0.00     0.00     0.00 -1 -5.17e-13      0.00 7.542e-01 2.340e-01 2.070e-03 5.646e-04 5.162e-03 -1.000 1.177e-02 2.322 2.830 2.804 2.321 2.019 1.756 1.431 1.182 1.154
0.013 -0.05655 9.47712 1.4224281311 2.5320911821    1.422  0.979  3.7943  3.741    2  0.000  0.535     0.00     0.00     0.00     0.00     0.00 -1 -5.33e-13      0.00 7.542e-01 2.341e-01 2.070e-03 5.646e-04 5.163e-03 -1.000 1.177e-02 2.322 2.900 2.850 2.330 2.009 1.732 1.385 1.118 1.086
0.013 -0.05655 9.47712 1.4236351252 2.5322034205    1.423  0.983  3.7830  3.692    2  0.000  0.535     0.00     0.00     0.00     0.00     0.00 -1 -5.67e-13      0.00 7.524e-01 2.358e-01 2.082e-03 5.678e-04 5.190e-03 -1.000 1.180e-02 2.312 2.988 2.901 2.333 1.988 1.692 1.317 1.027 0.991
0.013 -0.05655 9.47712 1.4262249470 2.5324435109    1.426  0.968  3.7682  3.649    2  0.000  0.536     0.00     0.00     0.00     0.00     0.00 -1 -5.71e-13      0.00 7.418e-01 2.460e-01 2.155e-03 5.872e-04 5.364e-03 -1.000 1.219e-02 2.351 3.183 3.029 2.397 2.019 1.697 1.284 0.959 0.918
0.013 -0.05655 9.47712 1.4281805754 2.5326241448    1.428  0.942  3.7576  3.633    2  0.000  0.536     0.00     0.00     0.00     0.00     0.00 -1 -5.45e-13      0.00 7.340e-01 2.535e-01 2.207e-03 6.010e-04 5.487e-03 -1.000 1.248e-02 2.416 3.371 3.160 2.484 2.082 1.743 1.301 0.951 0.905
0.013 -0.05655 9.47712 1.4295300245 2.5327484569    1.429  0.915  3.7490  3.626    2  0.000  0.536     0.00     0.00     0.00     0.00     0.00 -1 -5.15e-13      0.00 7.292e-01 2.582e-01 2.238e-03 6.094e-04 5.562e-03 -1.000 1.264e-02 2.482 3.547 3.282 2.571 2.149 1.796 1.329 0.959 0.909
0.013 -0.05655 9.47712 1.4304358959 2.5328317551    1.430  0.894  3.7425  3.621    2  0.000  0.537     0.00     0.00     0.00     0.00     0.00 -1 -4.92e-13      0.00 7.265e-01 2.608e-01 2.255e-03 6.139e-04 5.602e-03 -1.000 1.271e-02 2.535 3.691 3.377 2.641 2.203 1.840 1.354 0.966 0.915
0.013 -0.05655 9.47712 1.4312837124 2.5329096050    1.431  0.874  3.7360  3.615    2  0.000  0.537     0.00     0.00     0.00     0.00     0.00 -1 -4.71e-13      0.00 7.245e-01 2.628e-01 2.268e-03 6.173e-04 5.633e-03 -1.000 1.277e-02 2.584 3.831 3.470 2.709 2.256 1.883 1.377 0.972 0.919
0.013 -0.05655 9.47712 1.4321013689 2.5329845852    1.432  0.863  3.7299  3.603    2  0.000  0.537     0.00     0.00     0.00     0.00     0.00 -1 -4.63e-13      0.00 7.228e-01 2.643e-01 2.277e-03 6.198e-04 5.654e-03 -1.000 1.283e-02 2.614 3.944 3.542 2.757 2.290 1.907 1.382 0.962 0.906
0.013 -0.05655 9.47712 1.4331624508 2.5330817411    1.433  0.857  3.7225  3.579    2  0.000  0.536     0.00     0.00     0.00     0.00     0.00 -1 -4.66e-13      0.00 7.208e-01 2.663e-01 2.284e-03 6.235e-04 5.677e-03 -1.000 1.292e-02 2.628 4.070 3.610 2.797 2.312 1.916 1.368 0.927 0.869
0.013 -0.05655 9.47712 1.4346953630 2.5332218074    1.434  0.878  3.7136  3.523    2  0.000  0.532     0.00     0.00     0.00     0.00     0.00 -1 -5.16e-13      0.00 7.177e-01 2.693e-01 2.276e-03 6.335e-04 5.703e-03 -1.000 1.297e-02 2.575 4.156 3.624 2.778 2.271 1.860 1.282 0.816 0.755
0.013 -0.05655 9.47712 1.4351912737 2.5332670464    1.435  0.891  3.7112  3.500    2  0.000  0.528     0.00     0.00     0.00     0.00     0.00 -1 -5.45e-13      0.00 7.166e-01 2.704e-01 2.261e-03 6.421e-04 5.710e-03 -1.000 1.301e-02 2.542 4.161 3.610 2.755 2.242 1.827 1.241 0.767 0.705
0.013 -0.05655 9.47712 1.4357941151 2.5333219917    1.435  0.915  3.7090  3.468    2  0.000  0.506     0.00     0.00     0.00     0.00     0.00 -1 -5.96e-13      0.00 7.147e-01 2.723e-01 2.169e-03 7.392e-04 5.716e-03 -1.000 1.302e-02 2.483 4.137 3.568 2.704 2.186 1.766 1.173 0.694 0.631
0.013 -0.05655 9.47712 1.4372642040 2.5334557591    1.437  0.980  3.7044  3.385    3  0.000  0.446     0.00     0.00     0.00     0.00     0.00 -1 -7.55e-13      0.00 7.095e-01 2.774e-01 1.914e-03 1.040e-03 5.729e-03 -1.000 1.307e-02 2.320 4.054 3.446 2.561 2.031 1.603 0.994 0.502 0.437
0.013 -0.05655 9.47712 1.4385148287 2.5335693093    1.438  1.043  3.7010  3.309    3  0.000  0.411     0.00     0.00     0.00     0.00     0.00 -1 -9.47e-13      0.00 7.052e-01 2.817e-01 1.770e-03 1.221e-03 5.736e-03 -1.000 1.312e-02 2.162 3.953 3.317 2.417 1.879 1.444 0.824 0.323 0.257
0.013 -0.05655 9.47712 1.4396324158 2.5336705885    1.439  1.103  3.6982  3.238    3  0.000  0.395     0.00     0.00     0.00     0.00     0.00 -1 -1.18e-12      0.00 7.020e-01 2.849e-01 1.702e-03 1.309e-03 5.743e-03 -1.000 1.313e-02 2.012 3.854 3.193 2.279 1.734 1.294 0.664 0.154 0.087
0.013 -0.05655 9.47712 1.4408217669 2.5337781728    1.440  1.170  3.6952  3.159    3  0.000  0.385     0.00     0.00     0.00     0.00     0.00 -1 -1.49e-12      0.00 6.995e-01 2.873e-01 1.662e-03 1.363e-03 5.751e-03 -1.000 1.318e-02 1.846 3.745 3.055 2.127 1.574 1.128 0.486 -0.032 -0.100
0.013 -0.05655 9.47712 1.4418597221 2.5338718955    1.441  1.229  3.6924  3.089    3  0.000  0.380     0.00     0.00     0.00     0.00     0.00 -1 -1.85e-12      0.00 6.979e-01 2.889e-01 1.642e-03 1.394e-03 5.759e-03 -1.000 1.320e-02 1.697 3.648 2.933 1.991 1.431 0.979 0.328 -0.198 -0.267
0.013 -0.05655 9.47712 1.4428305626 2.5339594178    1.442  1.286  3.6897  3.021    3  0.000  0.377     0.00     0.00     0.00     0.00     0.00 -1 -2.27e-12      0.00 6.968e-01 2.900e-01 1.629e-03 1.415e-03 5.763e-03 -1.000 1.320e-02 1.554 3.557 2.816 1.861 1.294 0.837 0.176 -0.358 -0.429
0.013 -0.05655 9.47712 1.4432967901 2.5340014006    1.443  1.314  3.6883  2.988    3  0.000  0.376     0.00     0.00     0.00     0.00     0.00 -1 -2.51e-12      0.00 6.963e-01 2.905e-01 1.625e-03 1.423e-03 5.764e-03 -1.000 1.321e-02 1.485 3.514 2.760 1.799 1.228 0.768 0.102 -0.436 -0.507
0.013 -0.05655 9.47712 1.4436285496 2.5340312558    1.443  1.338  3.6871  2.959    3  0.000  0.375     0.00     0.00     0.00     0.00     0.00 -1 -2.74e-12      0.00 6.959e-01 2.909e-01 1.622e-03 1.429e-03 5.763e-03 -1.000 1.321e-02 1.424 3.477 2.711 1.744 1.170 0.708 0.037 -0.504 -0.576
0.013 -0.05655 9.47712 1.4442007542 2.5340827117    1.444  1.379  3.6850  2.910    3  0.000  0.375     0.00     0.00     0.00     0.00     0.00 -1 -3.18e-12      0.00 6.955e-01 2.913e-01 1.618e-03 1.435e-03 5.761e-03 -1.000 1.320e-02 1.322 3.415 2.629 1.653 1.073 0.606 -0.072 -0.619 -0.692
0.013 -0.05655 9.47712 1.4448351860 2.5341397087    1.444  1.426  3.6826  2.854    3  0.000  0.374     0.00     0.00     0.00     0.00     0.00 -1 -3.77e-12      0.00 6.952e-01 2.915e-01 1.616e-03 1.440e-03 5.758e-03 -1.000 1.328e-02 1.204 3.345 2.535 1.548 0.961 0.490 -0.197 -0.752 -0.826
0.013 -0.05655 9.47712 1.4453301430 2.5341841354    1.445  1.466  3.6804  2.806    3  0.000  0.374     0.00     0.00     0.00     0.00     0.00 -1 -4.35e-12      0.00 6.951e-01 2.917e-01 1.615e-03 1.443e-03 5.758e-03 -1.000 1.322e-02 1.106 3.288 2.458 1.460 0.868 0.393 -0.302 -0.863 -0.939
0.013 -0.05655 9.47712 1.4457706213 2.5342236428    1.445  1.503  3.6784  2.761    3  0.000  0.374     0.00     0.00     0.00     0.00     0.00 -1 -4.98e-12      0.00 6.950e-01 2.918e-01 1.614e-03 1.445e-03 5.757e-03 -1.000 1.321e-02 1.013 3.236 2.386 1.380 0.782 0.302 -0.401 -0.968 -1.045
0.013 -0.05655 9.47712 1.4462831020 2.5342695733    1.446  1.546  3.6760  2.708    3  0.000  0.374     0.00     0.00     0.00     0.00     0.00 -1 -5.84e-12      0.00 6.949e-01 2.919e-01 1.613e-03 1.446e-03 5.756e-03 -1.000 1.321e-02 0.904 3.177 2.302 1.284 0.680 0.194 -0.518 -1.092 -1.171
0.013 -0.05655 9.47712 1.4467189312 2.5343086046    1.446  1.583  3.6739  2.663    3  0.000  0.374     0.00     0.00     0.00     0.00     0.00 -1 -6.68e-12      0.00 6.949e-01 2.919e-01 1.613e-03 1.446e-03 5.756e-03 -1.000 1.321e-02 0.813 3.128 2.232 1.205 0.594 0.104 -0.616 -1.196 -1.276
0.013 -0.05655 9.47712 1.4471880198 2.5343505843    1.446  1.620  3.6717  2.617    3  0.000  0.374     0.00     0.00     0.00     0.00     0.00 -1 -7.65e-12      0.00 6.949e-01 2.919e-01 1.613e-03 1.446e-03 5.756e-03 -1.000 1.321e-02 0.720 3.079 2.162 1.124 0.508 0.013 -0.715 -1.302 -1.383
0.013 -0.05655 9.47712 1.4476226568 2.5343894529    1.447  1.651  3.6699  2.579    3  0.000  0.374     0.00     0.00     0.00     0.00     0.00 -1 -8.58e-12      0.00 6.949e-01 2.919e-01 1.612e-03 1.447e-03 5.755e-03 -1.000 1.321e-02 0.641 3.038 2.102 1.056 0.435 -0.064 -0.799 -1.392 -1.474
0.013 -0.05655 9.47712 1.4481351376 2.5344352484    1.447  1.683  3.6681  2.540    3  0.000  0.374     0.00     0.00     0.00     0.00     0.00 -1 -9.62e-12      0.00 6.949e-01 2.919e-01 1.612e-03 1.447e-03 5.755e-03 -1.000 1.321e-02 0.563 2.998 2.044 0.990 0.363 -0.140 -0.882 -1.481 -1.564
0.013 -0.05655 9.47712 1.4487115145 2.5344867093    1.448  1.708  3.6666  2.509    3  0.000  0.373     0.00     0.00     0.00     0.00     0.00 -1 -1.06e-11      0.00 6.949e-01 2.919e-01 1.612e-03 1.448e-03 5.755e-03 -1.000 1.321e-02 0.500 2.965 1.996 0.935 0.304 -0.202 -0.950 -1.553 -1.637
0.013 -0.05655 9.47712 1.4491133690 2.5345225603    1.448  1.698  3.6674  2.523    3  0.000  0.373     0.00     0.00     0.00     0.00     0.00 -1 -1.02e-11      0.00 6.949e-01 2.919e-01 1.612e-03 1.448e-03 5.755e-03 -1.000 1.322e-02 0.526 2.974 2.014 0.956 0.328 -0.176 -0.921 -1.522 -1.605
0.013 -0.05655 9.47712 1.4494376183 2.5345514712    1.449  1.667  3.6694  2.562    3  0.000  0.373     0.00     0.00     0.00     0.00     0.00 -1 -9.16e-12      0.00 6.949e-01 2.919e-01 1.612e-03 1.449e-03 5.755e-03 -1.000 1.322e-02 0.603 3.008 2.069 1.020 0.398 -0.102 -0.839 -1.433 -1.515
0.013 -0.05655 9.47712 1.4496487379 2.5345702872    1.449  1.640  3.6712  2.596    3  0.000  0.373     0.00     0.00     0.00     0.00     0.00 -1 -8.28e-12      0.00 6.949e-01 2.919e-01 1.611e-03 1.449e-03 5.755e-03 -1.000 1.322e-02 0.671 3.040 2.118 1.078 0.460 -0.035 -0.765 -1.354 -1.435
0.013 -0.05655 9.47712 1.4498249292 2.5345859853    1.449  1.612  3.6730  2.631    3  0.000  0.373     0.00     0.00     0.00     0.00     0.00 -1 -7.46e-12      0.00 6.949e-01 2.919e-01 1.611e-03 1.449e-03 5.755e-03 -1.000 1.322e-02 0.740 3.072 2.169 1.137 0.524 0.033 -0.691 -1.274 -1.354
0.013 -0.05655 9.47712 1.4500193596 2.5346033035    1.449  1.580  3.6750  2.671    3  0.000  0.373     0.00     0.00     0.00     0.00     0.00 -1 -6.62e-12      0.00 6.949e-01 2.919e-01 1.611e-03 1.449e-03 5.754e-03 -1.000 1.322e-02 0.820 3.111 2.227 1.205 0.598 0.111 -0.605 -1.182 -1.261
0.013 -0.05655 9.47712 1.4502340555 2.5346224205    1.449  1.547  3.6771  2.713    3  0.000  0.373     0.00     0.00     0.00     0.00     0.00 -1 -5.83e-12      0.00 6.949e-01 2.919e-01 1.611e-03 1.449e-03 5.754e-03 -1.000 1.322e-02 0.903 3.151 2.289 1.276 0.675 0.192 -0.515 -1.086 -1.164
0.013 -0.05655 9.47712 1.4504277706 2.5346396637    1.450  1.522  3.6787  2.744    3  0.000  0.373     0.00     0.00     0.00     0.00     0.00 -1 -5.27e-12      0.00 6.949e-01 2.919e-01 1.611e-03 1.450e-03 5.754e-03 -1.000 1.322e-02 0.965 3.181 2.335 1.329 0.733 0.253 -0.448 -1.014 -1.091
0.013 -0.05655 9.47712 1.4507656097 2.5346697233    1.450  1.552  3.6770  2.707    3  0.000  0.373     0.00     0.00     0.00     0.00     0.00 -1 -5.84e-12      0.00 6.949e-01 2.919e-01 1.611e-03 1.450e-03 5.754e-03 -1.000 1.322e-02 0.889 3.140 2.277 1.263 0.662 0.178 -0.530 -1.101 -1.179
0.013 -0.05655 9.47712 1.4513362646 2.5347204612    1.450  1.598  3.6743  2.650    3  0.000  0.373     0.00     0.00     0.00     0.00     0.00 -1 -6.87e-12      0.00 6.949e-01 2.919e-01 1.611e-03 1.450e-03 5.754e-03 -1.000 1.322e-02 0.775 3.081 2.190 1.164 0.555 0.066 -0.652 -1.232 -1.311
0.013 -0.05655 9.47712 1.4518955946 2.5347701478    1.451  1.642  3.6717  2.597    3  0.000  0.373     0.00     0.00     0.00     0.00     0.00 -1 -8.07e-12      0.00 6.949e-01 2.919e-01 1.610e-03 1.451e-03 5.754e-03 -1.000 1.322e-02 0.665 3.024 2.107 1.069 0.453 -0.041 -0.769 -1.357 -1.438
0.013 -0.05655 9.47712 1.4524409771 2.5348185530    1.451  1.685  3.6691  2.543    3  0.000  0.373     0.00     0.00     0.00     0.00     0.00 -1 -9.45e-12      0.00 6.949e-01 2.919e-01 1.610e-03 1.451e-03 5.753e-03 -1.000 1.322e-02 0.557 2.970 2.027 0.977 0.353 -0.147 -0.885 -1.481 -1.563
0.013 -0.05655 9.47712 1.4529845715 2.5348667579    1.452  1.730  3.6664  2.488    3  0.000  0.373     0.00     0.00     0.00     0.00     0.00 -1 -1.11e-11      0.00 6.948e-01 2.919e-01 1.610e-03 1.452e-03 5.753e-03 -1.000 1.322e-02 0.446 2.920 1.946 0.883 0.251 -0.255 -1.004 -1.608 -1.692
0.013 -0.05655 9.47712 1.4534972906 2.5349121869    1.452  1.773  3.6637  2.433    3  0.000  0.373     0.00     0.00     0.00     0.00     0.00 -1 -1.31e-11      0.00 6.948e-01 2.919e-01 1.610e-03 1.452e-03 5.753e-03 -1.000 1.322e-02 0.337 2.886 1.872 0.791 0.150 -0.363 -1.122 -1.733 -1.819
0.013 -0.05655 9.47712 1.4539830685 2.5349551947    1.453  1.817  3.6609  2.379    3  0.000  0.373     0.00     0.00     0.00     0.00     0.00 -1 -1.54e-11      0.00 6.948e-01 2.919e-01 1.609e-03 1.453e-03 5.753e-03 -1.000 1.322e-02 0.228 2.852 1.798 0.699 0.049 -0.470 -1.239 -1.859 -1.946
0.013 -0.05655 9.47712 1.4544357061 2.5349952388    1.453  1.860  3.6582  2.326    3  0.000  0.373     0.00     0.00     0.00     0.00     0.00 -1  -1.8e-11      0.00 6.948e-01 2.919e-01 1.609e-03 1.453e-03 5.752e-03 -1.000 1.322e-02 0.121 2.823 1.727 0.611 -0.049 -0.574 -1.355 -1.982 -2.071
0.013 -0.05655 9.47712 1.4548611641 2.5350328522    1.454  1.902  3.6554  2.272    3  0.000  0.373     0.00     0.00     0.00     0.00     0.00 -1 -2.11e-11      0.00 6.948e-01 2.919e-01 1.609e-03 1.454e-03 5.752e-03 -1.000 1.323e-02 0.015 2.797 1.659 0.525 -0.146 -0.678 -1.469 -2.105 -2.196
0.013 -0.05655 9.47712 1.4552761316 2.5350695139    1.454  1.946  3.6526  2.217    3  0.000  0.373     0.00     0.00     0.00     0.00     0.00 -1 -2.48e-11      0.00 6.948e-01 2.919e-01 1.609e-03 1.454e-03 5.752e-03 -1.000 1.323e-02 -0.095 2.770 1.588 0.436 -0.246 -0.784 -1.587 -2.231 -2.324
0.013 -0.05655 9.47712 1.4556491375 2.5351024478    1.454  1.988  3.6498  2.163    3  0.000  0.373     0.00     0.00     0.00     0.00     0.00 -1  -2.9e-11      0.00 6.948e-01 2.920e-01 1.609e-03 1.455e-03 5.752e-03 -1.000 1.323e-02 -0.201 2.747 1.522 0.350 -0.342 -0.887 -1.701 -2.354 -2.448
0.013 -0.05655 9.47712 1.4560043812 2.5351337953    1.455  2.031  3.6469  2.109    3  0.000  0.373     0.00     0.00     0.00     0.00     0.00 -1 -3.41e-11      0.00 6.948e-01 2.920e-01 1.608e-03 1.455e-03 5.752e-03 -1.000 1.323e-02 -0.309 2.727 1.456 0.265 -0.438 -0.991 -1.817 -2.478 -2.575
0.013 -0.05655 9.47712 1.4563268423 2.5351622348    1.455  2.073  3.6440  2.055    3  0.000  0.373     0.00     0.00     0.00     0.00     0.00 -1 -3.99e-11      0.00 6.948e-01 2.920e-01 1.608e-03 1.455e-03 5.752e-03 -1.000 1.323e-02 -0.414 2.712 1.394 0.184 -0.530 -1.092 -1.929 -2.600 -2.699
0.013 -0.05655 9.47712 1.4566277266 2.5351887583    1.455  2.115  3.6410  2.002    3  0.000  0.373     0.00     0.00     0.00     0.00     0.00 -1 -4.67e-11      0.00 6.948e-01 2.920e-01 1.608e-03 1.455e-03 5.752e-03 -1.000 1.323e-02 -0.519 2.697 1.332 0.103 -0.623 -1.193 -2.042 -2.722 -2.823
0.013 -0.05655 9.47712 1.4569052458 2.5352132110    1.455  2.157  3.6381  1.949    3  0.000  0.373     0.00     0.00     0.00     0.00     0.00 -1 -5.46e-11      0.00 6.948e-01 2.920e-01 1.608e-03 1.456e-03 5.751e-03 -1.000 1.323e-02 -0.622 2.660 1.273 0.021 -0.713 -1.290 -2.152 -2.837 -2.942
0.013 -0.05655 9.47712 1.4571671486 2.5352362778    1.455  2.199  3.6352  1.895    3  0.000  0.373     0.00     0.00     0.00     0.00     0.00 -1 -6.39e-11      0.00 6.948e-01 2.920e-01 1.608e-03 1.456e-03 5.751e-03 -1.000 1.323e-02 -0.728 2.622 1.214 -0.062 -0.803 -1.389 -2.263 -2.953 -3.062
0.013 -0.05655 9.47712 1.4574097395 2.5352576353    1.456  2.241  3.6322  1.841    3  0.000  0.373     0.00     0.00     0.00     0.00     0.00 -1 -7.48e-11      0.00 6.948e-01 2.920e-01 1.608e-03 1.456e-03 5.751e-03 -1.000 1.323e-02 -0.832 2.581 1.154 -0.144 -0.893 -1.486 -2.374 -3.067 -3.182
0.013 -0.05655 9.47712 1.4576321840 2.5352772119    1.456  2.282  3.6292  1.788    3  0.000  0.373     0.00     0.00     0.00     0.00     0.00 -1 -8.74e-11      0.00 6.948e-01 2.920e-01 1.608e-03 1.456e-03 5.751e-03 -1.000 1.323e-02 -0.935 2.541 1.096 -0.224 -0.980 -1.582 -2.482 -3.181 -3.301
0.013 -0.05655 9.47712 1.4578380585 2.5352953241    1.456  2.323  3.6262  1.735    3  0.000  0.373     0.00     0.00     0.00     0.00     0.00 -1 -1.02e-10      0.00 6.948e-01 2.920e-01 1.607e-03 1.457e-03 5.751e-03 -1.000 1.323e-02 -1.038 2.497 1.038 -0.303 -1.066 -1.676 -2.590 -3.293 -3.418
0.013 -0.05655 9.47712 1.4580289125 2.5353121096    1.456  2.364  3.6232  1.682    3  0.000  0.373     0.00     0.00     0.00     0.00     0.00 -1 -1.19e-10      0.00 6.948e-01 2.920e-01 1.607e-03 1.457e-03 5.751e-03 -1.000 1.323e-02 -1.140 2.454 0.980 -0.381 -1.150 -1.770 -2.698 -3.405 -3.537
0.013 -0.05655 9.47712 1.4582042694 2.5353275277    1.456  2.404  3.6202  1.630    3  0.000  0.373     0.00     0.00     0.00     0.00     0.00 -1 -1.39e-10      0.00 6.948e-01 2.920e-01 1.607e-03 1.457e-03 5.751e-03 -1.000 1.323e-02 -1.241 2.409 0.921 -0.458 -1.235 -1.862 -2.803 -3.516 -3.653
0.013 -0.05655 9.47712 1.4583697319 2.5353420719    1.456  2.445  3.6171  1.577    3  0.000  0.373     0.00     0.00     0.00     0.00     0.00 -1 -1.62e-10      0.00 6.948e-01 2.920e-01 1.607e-03 1.457e-03 5.751e-03 -1.000 1.323e-02 -1.343 2.362 0.864 -0.533 -1.317 -1.955 -2.910 -3.627 -3.771
0.013 -0.05655 9.47712 1.4585202932 2.5353553030    1.456  2.485  3.6141  1.525    3  0.000  0.373     0.00     0.00     0.00     0.00     0.00 -1 -1.89e-10      0.00 6.948e-01 2.920e-01 1.607e-03 1.457e-03 5.751e-03 -1.000 1.323e-02 -1.442 2.319 0.809 -0.606 -1.396 -2.044 -3.014 -3.736 -3.886
0.013 -0.05655 9.47712 1.4586635828 2.5353678922    1.456  2.525  3.6110  1.472    3  0.000  0.373     8.89     6.55     4.68     3.54     2.88  4  -2.2e-10      0.00 6.948e-01 2.920e-01 1.607e-03 1.457e-03 5.751e-03 -1.000 1.323e-02 -1.543 2.299 0.756 -0.677 -1.477 -2.136 -3.120 -3.850 -4.006
0.013 -0.05655 9.47712 1.4587942362 2.5353793686    1.456  2.564  3.6079  1.420    3  0.000  0.373     9.88     7.19     5.11     3.88     3.16  4 -2.56e-10      0.00 6.948e-01 2.920e-01 1.607e-03 1.458e-03 5.751e-03 -1.000 1.323e-02 -1.641 2.301 0.712 -0.739 -1.553 -2.226 -3.226 -3.964 -4.124
0.013 -0.05655 9.47712 1.4589170218 2.5353901519    1.456  2.604  3.6049  1.369    3  0.000  0.373    10.98     7.90     5.59     4.25     3.46  4 -2.97e-10      0.00 6.948e-01 2.920e-01 1.607e-03 1.458e-03 5.751e-03 -1.000 1.323e-02 -1.740 2.303 0.669 -0.801 -1.628 -2.317 -3.331 -4.079 -4.243
0.013 -0.05655 9.47712 1.4590322971 2.5354002736    1.455  2.643  3.6017  1.316    3  0.000  0.373    12.20     8.68     6.12     4.66     3.79  4 -3.46e-10      0.00 6.948e-01 2.920e-01 1.607e-03 1.458e-03 5.750e-03 -1.000 1.323e-02 -1.839 2.307 0.626 -0.863 -1.703 -2.407 -3.437 -4.193 -4.362
0.013 -0.05655 9.47712 1.4591362476 2.5354093994    1.455  2.681  3.5986  1.266    3  0.000  0.373    13.52     9.51     6.68     5.09     4.14  4    -4e-10      0.00 6.948e-01 2.920e-01 1.607e-03 1.458e-03 5.750e-03 -1.000 1.323e-02 -1.934 2.312 0.588 -0.917 -1.771 -2.493 -3.539 -4.304 -4.477
0.013 -0.05655 9.47712 1.4592353106 2.5354180948    1.455  2.720  3.5955  1.215    3  0.000  0.373    15.00    10.42     7.29     5.56     4.53  4 -4.64e-10      0.00 6.948e-01 2.920e-01 1.607e-03 1.458e-03 5.750e-03 -1.000 1.323e-02 -2.030 2.312 0.551 -0.970 -1.838 -2.580 -3.642 -4.416 -4.594
0.013 -0.05655 9.47712 1.4593286514 2.5354262866    1.455  2.758  3.5923  1.164    3  0.000  0.373    16.65    11.43     7.96     6.09     4.95  4 -5.38e-10      0.00 6.948e-01 2.920e-01 1.607e-03 1.458e-03 5.750e-03 -1.000 1.323e-02 -2.126 2.315 0.514 -1.022 -1.905 -2.667 -3.746 -4.528 -4.711
0.013 -0.05655 9.47712 1.4594135284 2.5354337346    1.455  2.795  3.5891  1.114    3  0.000  0.373    18.43    12.52     8.68     6.64     5.41  4 -6.22e-10      0.00 6.948e-01 2.920e-01 1.607e-03 1.458e-03 5.750e-03 -1.000 1.323e-02 -2.219 2.320 0.483 -1.069 -1.965 -2.750 -3.846 -4.637 -4.825
0.013 -0.05655 9.47712 1.4594941139 2.5354408051    1.454  2.833  3.5859  1.063    3  0.000  0.373    20.41    13.70     9.47     7.25     5.91  4 -7.19e-10      0.00 6.948e-01 2.920e-01 1.607e-03 1.458e-03 5.750e-03 -1.000 1.323e-02 -2.312 2.321 0.455 -1.110 -2.022 -2.833 -3.946 -4.746 -4.939
0.013 -0.05655 9.47712 1.4595710039 2.5354475505    1.454  2.871  3.5826  1.012    3  0.000  0.373    22.64    15.03    10.34     7.93     6.46  3 -8.33e-10      0.00 6.948e-01 2.920e-01 1.607e-03 1.458e-03 5.750e-03 -1.000 1.323e-02 -2.407 2.323 0.426 -1.153 -2.081 -2.917 -4.049 -4.857 -5.055
0.013 -0.05655 9.47712 1.4596560001 2.5354550061    1.454  2.915  3.5785  0.951    3  0.000  0.373    25.64    16.79    11.49     8.83     7.20  3 -9.91e-10      0.00 6.948e-01 2.920e-01 1.607e-03 1.458e-03 5.750e-03 -1.000 1.323e-02 -2.518 2.333 0.404 -1.189 -2.139 -3.015 -4.170 -4.989 -5.194
0.013 -0.05655 9.47712 1.4597353935 2.5354619693    1.453  2.960  3.5744  0.890    3  0.000  0.373    29.03    18.75    12.77     9.83     8.01  3 -1.18e-09      0.00 6.948e-01 2.920e-01 1.607e-03 1.458e-03 5.750e-03 -1.000 1.323e-02 -2.630 2.339 0.389 -1.214 -2.189 -3.110 -4.293 -5.121 -5.332
0.013 -0.05655 9.47712 1.4598090649 2.5354684299    1.453  3.004  3.5703  0.829    3  0.000  0.372    32.84    20.92    14.18    10.93     8.91  3  -1.4e-09      0.00 6.948e-01 2.920e-01 1.607e-03 1.459e-03 5.750e-03 -1.000 1.323e-02 -2.739 2.347 0.377 -1.238 -2.236 -3.204 -4.413 -5.251 -5.469
0.013 -0.05655 9.47712 1.4598771334 2.5354743985    1.452  3.047  3.5661  0.769    3  0.000  0.372    37.10    23.31    15.72    12.14     9.90  3 -1.67e-09      0.00 6.948e-01 2.920e-01 1.606e-03 1.459e-03 5.750e-03 -1.000 1.323e-02 -2.847 2.349 0.378 -1.238 -2.266 -3.292 -4.533 -5.380 -5.605
0.013 -0.05655 9.47712 1.4599401951 2.5354799275    1.451  3.090  3.5619  0.710    3  0.000  0.372    41.88    25.96    17.43    13.48    11.00  3 -1.97e-09      0.00 6.948e-01 2.920e-01 1.606e-03 1.459e-03 5.750e-03 -1.000 1.323e-02 -2.954 2.352 0.383 -1.235 -2.293 -3.378 -4.652 -5.508 -5.739
0.013 -0.05655 9.47712 1.4599989653 2.5354850797    1.451  3.132  3.5576  0.650    3  0.000  0.372    47.29    28.92    19.32    14.97    12.21  2 -2.34e-09      0.00 6.948e-01 2.920e-01 1.606e-03 1.459e-03 5.750e-03 -1.000 1.323e-02 -3.060 2.354 0.400 -1.215 -2.308 -3.459 -4.770 -5.635 -5.873
0.013 -0.05655 9.47712 1.4600534439 2.5354898553    1.450  3.174  3.5533  0.591    3  0.000  0.372    53.31    32.17    21.38    16.59    13.54  2 -2.77e-09      0.00 6.948e-01 2.920e-01 1.606e-03 1.459e-03 5.750e-03 -1.000 1.323e-02 -3.164 2.356 0.427 -1.181 -2.314 -3.534 -4.887 -5.760 -6.006
0.013 -0.05655 9.47712 1.4601032734 2.5354942230    1.449  3.214  3.5490  0.533    3  0.000  0.372    59.95    35.71    23.62    18.36    14.99  2 -3.26e-09      0.00 6.948e-01 2.920e-01 1.606e-03 1.459e-03 5.750e-03 -1.000 1.323e-02 -3.264 2.359 0.463 -1.135 -2.310 -3.603 -5.000 -5.882 -6.134
0.013 -0.05655 9.47712 1.4601515532 2.5354984545    1.448  3.255  3.5446  0.474    3  0.000  0.372    67.54    39.70    26.14    20.35    16.61  2 -3.84e-09      0.00 6.948e-01 2.920e-01 1.606e-03 1.459e-03 5.750e-03 -1.000 1.323e-02 -3.367 2.360 0.517 -1.065 -2.293 -3.665 -5.117 -6.006 -6.266
0.013 -0.05655 9.47712 1.4601954222 2.5355022992    1.447  3.294  3.5402  0.418    3  0.000  0.372    75.82    43.99    28.83    22.48    18.36  2 -4.51e-09      0.00 6.948e-01 2.920e-01 1.606e-03 1.459e-03 5.750e-03 -1.000 1.323e-02 -3.464 2.366 0.582 -0.984 -2.267 -3.722 -5.229 -6.125 -6.392
0.013 -0.05655 9.47712 1.4602376223 2.5355059973    1.445  3.332  3.5359  0.361    3  0.000  0.372    85.03    48.71    31.78    24.81    20.27  2  -5.3e-09      0.00 6.948e-01 2.920e-01 1.606e-03 1.459e-03 5.750e-03 -1.000 1.323e-02 -3.561 2.368 0.663 -0.879 -2.228 -3.763 -5.340 -6.242 -6.518
0.013 -0.05655 9.47712 1.4602792263 2.5355096430    1.444  3.369  3.5316  0.307    3  0.000  0.372    94.99    53.74    34.90    27.30    22.30  2 -6.19e-09      0.00 6.948e-01 2.920e-01 1.606e-03 1.459e-03 5.750e-03 -1.000 1.323e-02 -3.653 2.372 0.748 -0.771 -2.186 -3.800 -5.448 -6.355 -6.638
0.013 -0.05655 9.47712 1.4602792263 2.5355096430    1.444  1.744  3.6802  2.527    4  0.000  0.376     0.00     0.00     0.00     0.00     0.00 -1    -1e-30      0.00 6.939e-01 2.929e-01 1.622e-03 1.435e-03 5.761e-03 -1.000 1.321e-02 0.411 2.582 1.763 0.761 0.175 -0.301 -0.998 -1.557 -1.633
0.013 -0.05655 9.47712 1.4607684612 2.5355524956    1.444  1.758  3.6790  2.508    4  0.000  0.375     0.00     0.00     0.00     0.00     0.00 -1    -1e-30      0.00 6.939e-01 2.929e-01 1.622e-03 1.435e-03 5.761e-03 -1.000 1.321e-02 0.376 2.571 1.740 0.732 0.144 -0.335 -1.037 -1.600 -1.677
0.013 -0.05655 9.47712 1.4612551928 2.5355950962    1.445  1.763  3.6787  2.501    4  0.000  0.375     0.00     0.00     0.00     0.00     0.00 -1    -1e-30      0.00 6.939e-01 2.929e-01 1.622e-03 1.436e-03 5.761e-03 -1.000 1.321e-02 0.362 2.564 1.730 0.720 0.131 -0.349 -1.052 -1.616 -1.693
0.013 -0.05655 9.47712 1.4617483616 2.5356382269    1.445  1.764  3.6789  2.502    4  0.000  0.375     0.00     0.00     0.00     0.00     0.00 -1    -1e-30      0.00 6.939e-01 2.929e-01 1.621e-03 1.436e-03 5.760e-03 -1.000 1.321e-02 0.361 2.559 1.727 0.718 0.129 -0.350 -1.052 -1.615 -1.692
0.013 -0.05655 9.47712 1.4622459412 2.5356817095    1.446  1.763  3.6792  2.504    4  0.000  0.375     0.00     0.00     0.00     0.00     0.00 -1    -1e-30      0.00 6.939e-01 2.929e-01 1.621e-03 1.437e-03 5.760e-03 -1.000 1.321e-02 0.364 2.554 1.726 0.719 0.131 -0.347 -1.049 -1.611 -1.688
0.013 -0.05655 9.47712 1.4627468586 2.5357254494    1.446  1.762  3.6796  2.507    4  0.000  0.375     0.00     0.00     0.00     0.00     0.00 -1    -1e-30      0.00 6.939e-01 2.929e-01 1.621e-03 1.437e-03 5.760e-03 -1.000 1.321e-02 0.366 2.549 1.725 0.719 0.132 -0.345 -1.045 -1.606 -1.683
0.013 -0.05655 9.47712 1.4632474184 2.5357691237    1.447  1.761  3.6799  2.509    4  0.000  0.375     0.00     0.00     0.00     0.00     0.00 -1    -1e-30      0.00 6.939e-01 2.929e-01 1.620e-03 1.438e-03 5.760e-03 -1.000 1.321e-02 0.368 2.544 1.723 0.719 0.133 -0.343 -1.042 -1.602 -1.678
0.013 -0.05655 9.47712 1.4637513161 2.5358130545    1.448  1.760  3.6802  2.512    4  0.000  0.375     0.00     0.00     0.00     0.00     0.00 -1    -1e-30      0.00 6.939e-01 2.929e-01 1.620e-03 1.438e-03 5.759e-03 -1.000 1.321e-02 0.370 2.540 1.722 0.720 0.135 -0.342 -1.039 -1.598 -1.674
0.013 -0.05655 9.47712 1.4642621279 2.5358575526    1.448  1.759  3.6805  2.514    4  0.000  0.375     0.00     0.00     0.00     0.00     0.00 -1    -1e-30      0.00 6.938e-01 2.929e-01 1.620e-03 1.439e-03 5.759e-03 -1.000 1.321e-02 0.372 2.536 1.721 0.720 0.136 -0.340 -1.036 -1.595 -1.670
0.013 -0.05655 9.47712 1.4647628069 2.5359011334    1.449  1.759  3.6808  2.516    4  0.000  0.375     0.00     0.00     0.00     0.00     0.00 -1    -1e-30      0.00 6.938e-01 2.929e-01 1.620e-03 1.439e-03 5.759e-03 -1.000 1.321e-02 0.373 2.531 1.720 0.720 0.136 -0.339 -1.034 -1.591 -1.667
0.013 -0.05655 9.47712 1.4652373791 2.5359424101    1.449  1.758  3.6811  2.517    4  0.000  0.375     0.00     0.00     0.00     0.00     0.00 -1    -1e-30      0.00 6.938e-01 2.929e-01 1.619e-03 1.440e-03 5.759e-03 -1.000 1.321e-02 0.374 2.527 1.718 0.719 0.137 -0.338 -1.032 -1.589 -1.665
0.013 -0.05655 9.47712 1.4657492638 2.5359868978    1.450  1.759  3.6813  2.518    4  0.000  0.375     0.00     0.00     0.00     0.00     0.00 -1    -1e-30      0.00 6.938e-01 2.929e-01 1.619e-03 1.440e-03 5.758e-03 -1.000 1.321e-02 0.374 2.523 1.716 0.717 0.136 -0.338 -1.032 -1.588 -1.664
0.013 -0.05655 9.47712 1.4662227631 2.5360280175    1.450  1.759  3.6815  2.519    4  0.000  0.375     0.00     0.00     0.00     0.00     0.00 -1    -1e-30      0.00 6.938e-01 2.929e-01 1.619e-03 1.441e-03 5.758e-03 -1.000 1.321e-02 0.373 2.518 1.713 0.716 0.135 -0.339 -1.032 -1.587 -1.663
0.013 -0.05655 9.47712 1.4667340517 2.5360723847    1.451  1.759  3.6817  2.519    4  0.000  0.375     0.00     0.00     0.00     0.00     0.00 -1    -1e-30      0.00 6.938e-01 2.929e-01 1.618e-03 1.441e-03 5.758e-03 -1.000 1.321e-02 0.373 2.514 1.711 0.714 0.134 -0.340 -1.032 -1.587 -1.662
0.013 -0.05655 9.47712 1.4672160149 2.5361141746    1.451  1.759  3.6819  2.520    4  0.000  0.375     0.00     0.00     0.00     0.00     0.00 -1    -1e-30      0.00 6.938e-01 2.929e-01 1.618e-03 1.442e-03 5.758e-03 -1.000 1.321e-02 0.372 2.509 1.708 0.713 0.133 -0.340 -1.032 -1.586 -1.661
0.013 -0.05655 9.47712 1.4672644138 2.5361183694    1.451  1.759  3.6819  2.520    4  0.000  0.375     0.00     0.00     0.00     0.00     0.00 -1    -1e-30      0.00 6.938e-01 2.929e-01 1.618e-03 1.442e-03 5.758e-03 -1.000 1.321e-02 0.372 2.509 1.708 0.712 0.132 -0.341 -1.032 -1.586 -1.661
0.013 -0.05655 9.47712 1.4673264027 2.5361237416    1.451  1.759  3.6819  2.520    4  0.000  0.375     0.00     0.00     0.00     0.00     0.00 -1    -1e-30      0.00 6.938e-01 2.929e-01 1.618e-03 1.442e-03 5.758e-03 -1.000 1.321e-02 0.372 2.509 1.708 0.712 0.132 -0.341 -1.032 -1.586 -1.661
0.013 -0.05655 9.47712 1.4678192139 2.5361664321    1.452  1.760  3.6821  2.520    4  0.000  0.375     0.00     0.00     0.00     0.00     0.00 -1    -1e-30      0.00 6.938e-01 2.930e-01 1.618e-03 1.442e-03 5.757e-03 -1.000 1.321e-02 0.371 2.504 1.705 0.710 0.131 -0.342 -1.033 -1.586 -1.661
0.013 -0.05655 9.47712 1.4683003426 2.5362080788    1.452  1.760  3.6822  2.521    4  0.000  0.375     0.00     0.00     0.00     0.00     0.00 -1    -1e-30      0.00 6.938e-01 2.930e-01 1.617e-03 1.443e-03 5.757e-03 -1.000 1.321e-02 0.369 2.500 1.702 0.708 0.129 -0.343 -1.034 -1.587 -1.662
0.013 -0.05655 9.47712 1.4687994719 2.5362512504    1.453  1.761  3.6823  2.520    4  0.000  0.375     0.00     0.00     0.00     0.00     0.00 -1    -1e-30      0.00 6.938e-01 2.930e-01 1.617e-03 1.443e-03 5.757e-03 -1.000 1.321e-02 0.367 2.496 1.699 0.706 0.127 -0.345 -1.035 -1.588 -1.663
0.013 -0.05655 9.47712 1.4692983627 2.5362943678    1.454  1.762  3.6824  2.520    4  0.000  0.375     0.00     0.00     0.00     0.00     0.00 -1    -1e-30      0.00 6.938e-01 2.930e-01 1.617e-03 1.444e-03 5.757e-03 -1.000 1.321e-02 0.365 2.492 1.696 0.703 0.124 -0.348 -1.038 -1.590 -1.665
0.013 -0.05655 9.47712 1.4697874784 2.5363366076    1.454  1.763  3.6824  2.519    4  0.000  0.375     0.00     0.00     0.00     0.00     0.00 -1    -1e-30      0.00 6.938e-01 2.930e-01 1.617e-03 1.444e-03 5.756e-03 -1.000 1.321e-02 0.362 2.488 1.692 0.699 0.121 -0.351 -1.040 -1.593 -1.668
0.013 -0.05655 9.47712 1.4702756405 2.5363787328    1.455  1.765  3.6825  2.518    4  0.000  0.374     0.00     0.00     0.00     0.00     0.00 -1    -1e-30      0.00 6.938e-01 2.930e-01 1.616e-03 1.445e-03 5.756e-03 -1.000 1.321e-02 0.358 2.484 1.689 0.696 0.117 -0.354 -1.044 -1.596 -1.671
0.013 -0.05655 9.47712 1.4707722664 2.5364215555    1.455  1.766  3.6824  2.516    4  0.000  0.374     0.00     0.00     0.00     0.00     0.00 -1    -1e-30      0.00 6.938e-01 2.930e-01 1.616e-03 1.445e-03 5.756e-03 -1.000 1.321e-02 0.354 2.480 1.685 0.691 0.113 -0.359 -1.048 -1.600 -1.675
0.013 -0.05655 9.47712 1.4708943367 2.5364320762    1.455  1.767  3.6824  2.516    4  0.000  0.374     0.00     0.00     0.00     0.00     0.00 -1    -1e-30      0.00 6.938e-01 2.930e-01 1.616e-03 1.445e-03 5.756e-03 -1.000 1.321e-02 0.353 2.479 1.683 0.690 0.112 -0.360 -1.049 -1.602 -1.676
0.013 -0.05655 9.47712 1.4712548256 2.5364631333    1.456  1.768  3.6824  2.514    4  0.000  0.374     0.00     0.00     0.00     0.00     0.00 -1    -1e-30      0.00 6.938e-01 2.930e-01 1.616e-03 1.446e-03 5.756e-03 -1.000 1.321e-02 0.349 2.476 1.680 0.687 0.108 -0.363 -1.053 -1.606 -1.681
0.013 -0.05655 9.47712 1.4717448950 2.5365053262    1.456  1.771  3.6823  2.512    4  0.000  0.374     0.00     0.00     0.00     0.00     0.00 -1    -1e-30      0.00 6.938e-01 2.930e-01 1.616e-03 1.446e-03 5.755e-03 -1.000 1.321e-02 0.343 2.472 1.675 0.682 0.103 -0.369 -1.059 -1.612 -1.687
0.013 -0.05655 9.47712 1.4722447395 2.5365483273    1.457  1.773  3.6821  2.508    4  0.000  0.374     0.00     0.00     0.00     0.00     0.00 -1    -1e-30      0.00 6.938e-01 2.930e-01 1.615e-03 1.447e-03 5.755e-03 -1.000 1.321e-02 0.336 2.468 1.670 0.675 0.096 -0.376 -1.067 -1.620 -1.695
0.013 -0.05655 9.47712 1.4727164507 2.5365888774    1.457  1.777  3.6819  2.505    4  0.000  0.374     0.00     0.00     0.00     0.00     0.00 -1    -1e-30      0.00 6.938e-01 2.930e-01 1.615e-03 1.447e-03 5.755e-03 -1.000 1.321e-02 0.328 2.464 1.664 0.668 0.089 -0.384 -1.075 -1.629 -1.705
0.013 -0.05655 9.47712 1.4731906652 2.5366296126    1.458  1.780  3.6816  2.500    4  0.000  0.374     0.00     0.00     0.00     0.00     0.00 -1    -1e-30      0.00 6.938e-01 2.930e-01 1.615e-03 1.448e-03 5.755e-03 -1.000 1.321e-02 0.319 2.460 1.657 0.660 0.080 -0.393 -1.086 -1.641 -1.716
0.013 -0.05655 9.47712 1.4736688137 2.5366706552    1.458  1.785  3.6813  2.494    4  0.000  0.374     0.00     0.00     0.00     0.00     0.00 -1    -1e-30      0.00 6.938e-01 2.930e-01 1.614e-03 1.448e-03 5.754e-03 -1.000 1.321e-02 0.308 2.457 1.650 0.651 0.070 -0.404 -1.098 -1.653 -1.729
0.013 -0.05655 9.47712 1.4741464853 2.5367116263    1.459  1.790  3.6809  2.488    4  0.000  0.374     0.00     0.00     0.00     0.00     0.00 -1    -1e-30      0.00 6.938e-01 2.930e-01 1.614e-03 1.448e-03 5.754e-03 -1.000 1.321e-02 0.296 2.454 1.642 0.641 0.059 -0.416 -1.111 -1.668 -1.744
0.013 -0.05655 9.47712 1.4746234417 2.5367525056    1.459  1.793  3.6807  2.484    4  0.000  0.374     0.00     0.00     0.00     0.00     0.00 -1    -1e-30      0.00 6.938e-01 2.930e-01 1.614e-03 1.449e-03 5.754e-03 -1.000 1.321e-02 0.288 2.452 1.637 0.634 0.051 -0.424 -1.120 -1.678 -1.754
0.013 -0.05655 9.47712 1.4751056433 2.5367938036    1.460  1.800  3.6800  2.474    4  0.000  0.374     0.00     0.00     0.00     0.00     0.00 -1    -1e-30      0.00 6.938e-01 2.930e-01 1.614e-03 1.449e-03 5.754e-03 -1.000 1.321e-02 0.270 2.449 1.626 0.620 0.034 -0.442 -1.141 -1.700 -1.776
0.013 -0.05655 9.47712 1.4755882025 2.5368351011    1.460  1.809  3.6792  2.462    4  0.000  0.374     0.00     0.00     0.00     0.00     0.00 -1    -1e-30      0.00 6.938e-01 2.930e-01 1.613e-03 1.450e-03 5.753e-03 -1.000 1.321e-02 0.248 2.447 1.613 0.602 0.014 -0.464 -1.165 -1.727 -1.803
0.013 -0.05655 9.47712 1.4760721922 2.5368764898    1.461  1.828  3.6775  2.436    4  0.000  0.374     0.00     0.00     0.00     0.00     0.00 -1    -1e-30      0.00 6.938e-01 2.930e-01 1.613e-03 1.450e-03 5.753e-03 -1.000 1.321e-02 0.200 2.444 1.586 0.565 -0.029 -0.511 -1.219 -1.785 -1.863
0.013 -0.05655 9.47712 1.4765654802 2.5369186416    1.461  1.866  3.6739  2.385    4  0.000  0.374     0.00     0.00     0.00     0.00     0.00 -1    -1e-30      0.00 6.938e-01 2.930e-01 1.613e-03 1.451e-03 5.753e-03 -1.000 1.321e-02 0.105 2.437 1.532 0.491 -0.115 -0.604 -1.325 -1.902 -1.981
0.013 -0.05655 9.47712 1.4768104553 2.5369395628    1.462  1.905  3.6705  2.332    4  0.000  0.374     0.00     0.00     0.00     0.00     0.00 -1    -1e-30      0.00 6.938e-01 2.930e-01 1.613e-03 1.451e-03 5.753e-03 -1.000 1.321e-02 0.009 2.428 1.476 0.414 -0.202 -0.699 -1.433 -2.020 -2.101
0.013 -0.05655 9.47712 1.4769295454 2.5369497304    1.462  1.943  3.6671  2.281    4  0.000  0.374     0.00     0.00     0.00     0.00     0.00 -1    -1e-30      0.00 6.938e-01 2.930e-01 1.613e-03 1.451e-03 5.753e-03 -1.000 1.321e-02 -0.087 2.422 1.423 0.341 -0.287 -0.792 -1.538 -2.135 -2.219
0.013 -0.05655 9.47712 1.4769911766 2.5369549916    1.462  1.982  3.6637  2.228    4  0.000  0.374     0.00     0.00     0.00     0.00     0.00 -1    -1e-30      0.00 6.938e-01 2.930e-01 1.612e-03 1.451e-03 5.753e-03 -1.000 1.321e-02 -0.184 2.415 1.368 0.265 -0.375 -0.886 -1.647 -2.253 -2.339
0.013 -0.05655 9.47712 1.4770200253 2.5369574541    1.462  2.019  3.6605  2.178    4  0.000  0.374     0.00     0.00     0.00     0.00     0.00 -1    -1e-30      0.00 6.938e-01 2.930e-01 1.612e-03 1.451e-03 5.753e-03 -1.000 1.321e-02 -0.276 2.407 1.315 0.194 -0.457 -0.976 -1.748 -2.365 -2.452
0.013 -0.05655 9.47712 1.4770369530 2.5369588990    1.462  2.057  3.6572  2.127    4  0.000  0.374     0.00     0.00     0.00     0.00     0.00 -1    -1e-30      0.00 6.938e-01 2.930e-01 1.612e-03 1.451e-03 5.753e-03 -1.000 1.321e-02 -0.373 2.403 1.262 0.121 -0.542 -1.069 -1.854 -2.480 -2.570
0.013 -0.05655 9.47712 1.4770469666 2.5369597537    1.462  2.092  3.6543  2.080    4  0.000  0.374     0.00     0.00     0.00     0.00     0.00 -1    -1e-30      0.00 6.938e-01 2.930e-01 1.612e-03 1.451e-03 5.753e-03 -1.000 1.321e-02 -0.460 2.400 1.215 0.055 -0.619 -1.153 -1.950 -2.585 -2.677
0.013 -0.05655 9.47712 1.4770493507 2.5369599572    1.462  2.101  3.6535  2.067    4  0.000  0.374     0.00     0.00     0.00     0.00     0.00 -1    -1e-30      0.00 6.938e-01 2.930e-01 1.612e-03 1.451e-03 5.753e-03 -1.000 1.321e-02 -0.484 2.399 1.202 0.037 -0.640 -1.175 -1.976 -2.614 -2.706
0.013 -0.05655 9.47712 1.4770494699 2.5369599673    1.462  2.102  3.6534  2.067    7  0.000  0.374     0.00     0.00     0.00     0.00     0.00 -1 -2.97e-26      0.00 6.938e-01 2.928e-01 1.612e-03 1.451e-03 5.753e-03 -1.000 1.334e-02 -0.485 2.399 1.201 0.036 -0.641 -1.177 -1.977 -2.615 -2.707
0.013 -0.05655 9.47712 1.4770524502 2.5369602217    1.462  2.117  3.6522  2.047    7  0.000  0.374     0.00     0.00     0.00     0.00     0.00 -1 -3.02e-26      0.00 6.938e-01 2.928e-01 1.612e-03 1.451e-03 5.753e-03 -1.000 1.334e-02 -0.522 2.397 1.181 0.008 -0.674 -1.212 -2.018 -2.659 -2.752
0.013 -0.05655 9.47712 1.4770613909 2.5369609848    1.462  2.162  3.6485  1.987    7  0.000  0.374     0.00     0.00     0.00     0.00     0.00 -1 -3.16e-26      0.00 6.938e-01 2.928e-01 1.612e-03 1.451e-03 5.753e-03 -1.000 1.334e-02 -0.635 2.388 1.120 -0.078 -0.773 -1.321 -2.141 -2.793 -2.889
0.013 -0.05655 9.47712 1.4770686626 2.5369616055    1.462  2.197  3.6456  1.940    7  0.000  0.374     0.00     0.00     0.00     0.00     0.00 -1 -3.27e-26      0.00 6.938e-01 2.928e-01 1.612e-03 1.451e-03 5.753e-03 -1.000 1.334e-02 -0.723 2.368 1.076 -0.144 -0.848 -1.403 -2.235 -2.892 -2.992
0.013 -0.05655 9.47712 1.4770795107 2.5369625314    1.462  2.232  3.6428  1.895    7  0.000  0.374     0.00     0.00     0.00     0.00     0.00 -1 -3.37e-26      0.00 6.938e-01 2.928e-01 1.612e-03 1.451e-03 5.753e-03 -1.000 1.334e-02 -0.809 2.346 1.031 -0.210 -0.922 -1.484 -2.328 -2.990 -3.094
0.013 -0.05655 9.47712 1.4770973921 2.5369640575    1.462  2.202  3.6453  1.934    7  0.000  0.374     0.00     0.00     0.00     0.00     0.00 -1 -3.42e-26      0.00 6.938e-01 2.928e-01 1.612e-03 1.451e-03 5.753e-03 -1.000 1.334e-02 -0.736 2.363 1.068 -0.155 -0.860 -1.415 -2.249 -2.906 -3.007
0.013 -0.05655 9.47712 1.4771186113 2.5369658685    1.462  2.173  3.6477  1.973    7  0.000  0.374     0.00     0.00     0.00     0.00     0.00 -1 -5.74e-26      0.00 6.938e-01 2.928e-01 1.612e-03 1.451e-03 5.753e-03 -1.000 1.335e-02 -0.662 2.380 1.105 -0.099 -0.796 -1.346 -2.170 -2.823 -2.920
0.013 -0.05655 9.47712 1.4771969318 2.5369725523    1.462  2.145  3.6500  2.010    7  0.000  0.374     0.00     0.00     0.00     0.00     0.00 -1 -7.87e-25      0.00 6.938e-01 2.928e-01 1.612e-03 1.451e-03 5.753e-03 -1.000 1.338e-02 -0.592 2.391 1.141 -0.046 -0.736 -1.280 -2.094 -2.743 -2.837
0.013 -0.05655 9.47712 1.4775620699 2.5370037021    1.462  2.170  3.6479  1.977    7  0.000  0.374     0.00     0.00     0.00     0.00     0.00 -1 -2.48e-10      0.00 6.938e-01 2.924e-01 1.612e-03 1.452e-03 5.752e-03 -1.000 1.381e-02 -0.654 2.384 1.111 -0.092 -0.789 -1.338 -2.161 -2.814 -2.911
0.013 -0.05655 9.47712 1.4777795076 2.5370222432    1.462  2.212  3.6444  1.921    7  0.000  0.374     0.00     0.00     0.00     0.00     0.00 -1 -3.06e-10      0.00 6.938e-01 2.924e-01 1.612e-03 1.452e-03 5.752e-03 -1.000 1.381e-02 -0.759 2.360 1.057 -0.172 -0.879 -1.437 -2.274 -2.934 -3.035
0.013 -0.05655 9.47712 1.4779620171 2.5370378011    1.462  2.255  3.6408  1.863    7  0.000  0.374     0.00     0.00     0.00     0.00     0.00 -1  -3.8e-10      0.00 6.938e-01 2.924e-01 1.612e-03 1.452e-03 5.752e-03 -1.000 1.381e-02 -0.867 2.332 1.001 -0.255 -0.972 -1.538 -2.390 -3.056 -3.163
0.013 -0.05655 9.47712 1.4781115055 2.5370505409    1.462  2.297  3.6373  1.807    7  0.000  0.374     0.00     0.00     0.00     0.00     0.00 -1 -4.68e-10      0.00 6.938e-01 2.924e-01 1.612e-03 1.452e-03 5.752e-03 -1.000 1.381e-02 -0.973 2.303 0.946 -0.335 -1.061 -1.636 -2.503 -3.175 -3.287
0.013 -0.05655 9.47712 1.4782377481 2.5370612973    1.461  2.339  3.6338  1.751    7  0.000  0.374     0.00     0.00     0.00     0.00     0.00 -1 -5.83e-10      0.00 6.938e-01 2.924e-01 1.612e-03 1.453e-03 5.752e-03 -1.000 1.381e-02 -1.077 2.273 0.893 -0.412 -1.148 -1.732 -2.614 -3.292 -3.410
0.013 -0.05655 9.47712 1.4783471823 2.5370706198    1.461  2.380  3.6304  1.696    7  0.000  0.374     0.00     0.00     0.00     0.00     0.00 -1 -7.17e-10      0.00 6.938e-01 2.924e-01 1.612e-03 1.453e-03 5.752e-03 -1.000 1.381e-02 -1.181 2.241 0.838 -0.491 -1.235 -1.828 -2.724 -3.408 -3.532
0.013 -0.05655 9.47712 1.4784421921 2.5370787122    1.461  2.421  3.6270  1.641    7  0.000  0.374     0.00     0.00     0.00     0.00     0.00 -1 -8.81e-10      0.00 6.938e-01 2.924e-01 1.612e-03 1.453e-03 5.752e-03 -1.000 1.381e-02 -1.284 2.206 0.784 -0.566 -1.318 -1.921 -2.833 -3.523 -3.653
0.013 -0.05655 9.47712 1.4785257578 2.5370858290    1.460  2.462  3.6236  1.587    7  0.000  0.374     0.00     0.00     0.00     0.00     0.00 -1 -1.07e-09      0.00 6.938e-01 2.924e-01 1.612e-03 1.453e-03 5.752e-03 -1.000 1.381e-02 -1.386 2.170 0.730 -0.640 -1.401 -2.014 -2.941 -3.637 -3.773
0.013 -0.05655 9.47712 1.4786008596 2.5370922241    1.460  2.503  3.6202  1.532    7  0.000  0.374     7.88     5.88     4.22     3.19     2.59  4 -1.31e-09      0.00 6.938e-01 2.924e-01 1.612e-03 1.453e-03 5.752e-03 -1.000 1.381e-02 -1.487 2.135 0.676 -0.715 -1.483 -2.105 -3.048 -3.750 -3.893
0.013 -0.05655 9.47712 1.4786692858 2.5370980501    1.459  2.544  3.6165  1.477    7  0.000  0.374     8.82     6.50     4.64     3.52     2.86  4  -1.6e-09      0.00 6.938e-01 2.924e-01 1.611e-03 1.453e-03 5.752e-03 -1.000 1.381e-02 -1.589 2.124 0.632 -0.780 -1.560 -2.196 -3.157 -3.867 -4.017
0.013 -0.05655 9.47712 1.4787324667 2.5371034290    1.459  2.584  3.6126  1.421    7  0.000  0.373     9.88     7.19     5.11     3.88     3.16  4 -1.94e-09      0.00 6.938e-01 2.924e-01 1.611e-03 1.453e-03 5.752e-03 -1.000 1.381e-02 -1.690 2.145 0.594 -0.840 -1.636 -2.288 -3.266 -3.988 -4.143
0.013 -0.05655 9.47712 1.4787776470 2.5371072750    1.458  2.615  3.6080  1.371    7  0.000  0.373    10.93     7.86     5.57     4.23     3.44  4 -2.26e-09      0.00 6.938e-01 2.924e-01 1.611e-03 1.453e-03 5.752e-03 -1.000 1.381e-02 -1.766 2.205 0.594 -0.865 -1.679 -2.352 -3.352 -4.089 -4.249
0.013 -0.05655 9.47712 1.4788335562 2.5371120340    1.457  2.655  3.6040  1.315    7  0.000  0.373    12.25     8.70     6.14     4.67     3.80  4 -2.73e-09      0.00 6.938e-01 2.924e-01 1.610e-03 1.454e-03 5.752e-03 -1.000 1.381e-02 -1.867 2.227 0.563 -0.918 -1.749 -2.442 -3.462 -4.210 -4.376
0.013 -0.05655 9.47712 1.4788852930 2.5371164375    1.457  2.695  3.6006  1.261    7  0.000  0.373    13.67     9.60     6.74     5.14     4.18  4 -3.33e-09      0.00 6.938e-01 2.924e-01 1.608e-03 1.456e-03 5.752e-03 -1.000 1.382e-02 -1.968 2.238 0.523 -0.978 -1.824 -2.534 -3.570 -4.328 -4.499
0.013 -0.05655 9.47712 1.4789342880 2.5371206073    1.456  2.735  3.5972  1.207    7  0.000  0.372    15.23    10.57     7.38     5.64     4.59  4    -4e-09      0.00 6.938e-01 2.924e-01 1.605e-03 1.459e-03 5.752e-03 -1.000 1.382e-02 -2.066 2.244 0.487 -1.031 -1.892 -2.623 -3.676 -4.443 -4.619
0.013 -0.05655 9.47712 1.4789839983 2.5371248377    1.454  2.774  3.5937  1.153    7  0.000  0.371    17.01    11.66     8.11     6.20     5.05  4 -4.83e-09      0.00 6.938e-01 2.924e-01 1.601e-03 1.463e-03 5.752e-03 -1.000 1.382e-02 -2.166 2.254 0.455 -1.081 -1.958 -2.712 -3.783 -4.560 -4.742
0.013 -0.05655 9.47712 1.4790322781 2.5371289460    1.453  2.814  3.5900  1.098    7  0.000  0.370    19.02    12.87     8.92     6.83     5.56  4 -5.88e-09      0.00 6.938e-01 2.924e-01 1.598e-03 1.467e-03 5.752e-03 -1.000 1.382e-02 -2.266 2.265 0.423 -1.131 -2.024 -2.801 -3.892 -4.679 -4.866
0.013 -0.05655 9.47712 1.4790741205 2.5371325063    1.451  2.855  3.5862  1.042    7  0.000  0.370    21.32    14.25     9.83     7.53     6.14  3 -7.14e-09      0.00 6.938e-01 2.924e-01 1.595e-03 1.471e-03 5.752e-03 -1.000 1.382e-02 -2.368 2.274 0.397 -1.171 -2.083 -2.890 -4.002 -4.799 -4.993
0.013 -0.05655 9.47712 1.4791023731 2.5371349101    1.450  2.894  3.5826  0.988    7  0.000  0.369    23.78    15.70    10.78     8.28     6.74  3 -8.55e-09      0.00 6.938e-01 2.924e-01 1.593e-03 1.473e-03 5.752e-03 -1.000 1.382e-02 -2.465 2.282 0.373 -1.211 -2.140 -2.976 -4.108 -4.915 -5.114
0.013 -0.05655 9.47712 1.4791216850 2.5371365532    1.449  2.930  3.5792  0.938    7  0.000  0.369    26.31    17.18    11.74     9.03     7.36  3    -1e-08      0.00 6.938e-01 2.924e-01 1.591e-03 1.476e-03 5.752e-03 -1.000 1.386e-02 -2.555 2.296 0.357 -1.240 -2.187 -3.054 -4.205 -5.021 -5.226
0.013 -0.05655 9.47712 1.4791386127 2.5371379933    1.448  2.967  3.5755  0.886    7  0.000  0.368    29.27    18.88    12.86     9.90     8.07  3 -1.19e-08      0.00 6.938e-01 2.924e-01 1.589e-03 1.478e-03 5.752e-03 -1.000 1.386e-02 -2.648 2.307 0.351 -1.254 -2.223 -3.133 -4.309 -5.133 -5.343
0.013 -0.05655 9.47712 1.4791537523 2.5371392813    1.447  3.004  3.5717  0.833    7  0.000  0.368    32.58    20.77    14.08    10.86     8.85  3 -1.41e-08      0.00 6.938e-01 2.924e-01 1.588e-03 1.480e-03 5.752e-03 -1.000 1.386e-02 -2.741 2.319 0.346 -1.268 -2.260 -3.211 -4.412 -5.246 -5.462
0.013 -0.05655 9.47712 1.4791679382 2.5371404882    1.445  3.042  3.5678  0.780    7  0.000  0.368    36.28    22.86    15.43    11.91     9.71  3 -1.67e-08      0.00 6.938e-01 2.924e-01 1.587e-03 1.481e-03 5.752e-03 -1.000 1.386e-02 -2.834 2.328 0.349 -1.270 -2.287 -3.287 -4.515 -5.358 -5.580
0.013 -0.05655 9.47712 1.4791815281 2.5371416443    1.444  3.080  3.5638  0.725    7  0.000  0.368    40.55    25.23    16.95    13.11    10.69  3 -1.99e-08      0.00 6.938e-01 2.924e-01 1.586e-03 1.483e-03 5.752e-03 -1.000 1.386e-02 -2.929 2.336 0.360 -1.260 -2.305 -3.363 -4.623 -5.474 -5.702
0.013 -0.05655 9.47712 1.4791940451 2.5371427091    1.442  3.116  3.5598  0.673    7  0.000  0.367    45.07    27.72    18.54    14.36    11.72  2 -2.32e-08      0.00 6.938e-01 2.924e-01 1.585e-03 1.484e-03 5.752e-03 -1.000 1.386e-02 -3.019 2.347 0.375 -1.245 -2.319 -3.433 -4.723 -5.583 -5.818
0.013 -0.05655 9.47712 1.4792085886 2.5371439463    1.440  3.154  3.5555  0.617    7  0.000  0.367    50.50    30.66    20.42    15.84    12.92  2 -2.76e-08      0.00 6.938e-01 2.924e-01 1.585e-03 1.484e-03 5.752e-03 -1.000 1.386e-02 -3.114 2.355 0.411 -1.201 -2.314 -3.499 -4.831 -5.700 -5.942
0.013 -0.05655 9.47712 1.4792252779 2.5371453660    1.437  3.194  3.5508  0.557    7  0.000  0.367    57.03    34.16    22.64    17.59    14.36  2  -3.3e-08      0.00 6.938e-01 2.924e-01 1.585e-03 1.484e-03 5.752e-03 -1.000 1.386e-02 -3.215 2.366 0.452 -1.152 -2.308 -3.570 -4.946 -5.824 -6.074
0.013 -0.05655 9.47712 1.4792436361 2.5371469276    1.433  3.231  3.5465  0.501    7  0.000  0.367    63.82    37.74    24.90    19.38    15.82  2 -3.92e-08      0.00 6.938e-01 2.924e-01 1.585e-03 1.484e-03 5.752e-03 -1.000 1.386e-02 -3.308 2.373 0.507 -1.081 -2.285 -3.623 -5.052 -5.938 -6.195
0.013 -0.05655 9.47712 1.4792480469 2.5371473028    1.432  3.231  3.5465  0.501    7  0.000  0.367    63.81    37.74    24.90    19.38    15.82  2 -3.91e-08      0.00 6.938e-01 2.924e-01 1.585e-03 1.484e-03 5.752e-03 -1.000 1.386e-02 -3.307 2.374 0.508 -1.081 -2.285 -3.623 -5.051 -5.937 -6.194
0.013 -0.05655 9.47712 1.4792505503 2.5371475157    1.432  3.227  3.5468  0.506    7  0.000  0.367    63.14    37.38    24.67    19.20    15.67  2 -3.86e-08      0.00 6.938e-01 2.924e-01 1.585e-03 1.484e-03 5.752e-03 -1.000 1.386e-02 -3.298 2.375 0.504 -1.085 -2.286 -3.617 -5.040 -5.926 -6.182
0.013 -0.05655 9.47712 1.4792517424 2.5371476171    1.431  3.249  3.5442  0.474    7  0.000  0.367    67.40    39.61    26.08    20.31    16.58  2 -4.25e-08      0.00 6.938e-01 2.924e-01 1.585e-03 1.484e-03 5.752e-03 -1.000 1.386e-02 -3.351 2.381 0.545 -1.034 -2.266 -3.646 -5.103 -5.992 -6.253
0.013 -0.05655 9.47712 1.4792529345 2.5371477185    1.431  3.276  3.5410  0.434    7  0.000  0.367    73.14    42.60    27.95    21.79    17.79  2 -4.78e-08      0.00 6.938e-01 2.924e-01 1.585e-03 1.484e-03 5.752e-03 -1.000 1.386e-02 -3.419 2.388 0.596 -0.971 -2.243 -3.684 -5.181 -6.076 -6.342
0.013 -0.05655 9.47712 1.4792546034 2.5371478605    1.430  3.310  3.5367  0.382    7  0.526  0.367    81.22    46.75    30.55    23.85    19.48  2 -5.47e-08      0.00 6.938e-01 2.924e-01 1.585e-03 1.484e-03 5.752e-03 -1.000 1.386e-02 -3.504 2.397 0.683 -0.861 -2.197 -3.717 -5.281 -6.182 -6.456
0.013 -0.05655 9.47712 1.4792567492 2.5371480430    1.430  3.348  3.5320  0.325    7  0.527  0.367    91.29    51.86    33.73    26.37    21.55  2 -6.43e-08      0.00 6.938e-01 2.924e-01 1.585e-03 1.484e-03 5.752e-03 -1.000 1.386e-02 -3.600 2.406 0.781 -0.736 -2.144 -3.751 -5.393 -6.300 -6.583
0.013 -0.05655 9.47712 1.4792600870 2.5371483270    1.428  3.384  3.5273  0.270    7  0.528  0.367   102.12    57.28    37.09    29.04    23.73  2 -7.57e-08      0.00 6.938e-01 2.924e-01 1.585e-03 1.484e-03 5.752e-03 -1.000 1.386e-02 -3.690 2.416 0.902 -0.584 -2.074 -3.762 -5.499 -6.412 -6.703
0.013 -0.05655 9.47712 1.4792602062 2.5371483371    1.428  3.384  3.5273  0.270    8  0.528  0.386   102.12    57.28    37.09    29.04    23.73  2 -7.54e-08      0.00 6.938e-01 2.930e-01 1.674e-03 1.486e-03 5.776e-03 -1.000 1.325e-02 -3.690 2.416 0.902 -0.584 -2.074 -3.762 -5.499 -6.412 -6.703
0.013 -0.05655 9.47712 1.4792604446 2.5371483574    1.428  3.133  3.5563  0.637    8  0.528  0.386    48.37    29.51    19.68    15.26    12.45  2 -2.59e-08      0.00 6.938e-01 2.930e-01 1.674e-03 1.486e-03 5.776e-03 -1.000 1.325e-02 -3.063 2.379 0.434 -1.177 -2.282 -3.454 -4.778 -5.645 -5.885
0.013 -0.05655 9.47712 1.4792606831 2.5371483777    1.428  3.047  3.5664  0.764    8  0.528  0.386    37.32    23.44    15.80    12.21     9.96  3 -1.77e-08      0.00 6.938e-01 2.930e-01 1.674e-03 1.486e-03 5.776e-03 -1.000 1.325e-02 -2.846 2.349 0.372 -1.246 -2.273 -3.293 -4.532 -5.377 -5.601
0.013 -0.05655 9.47712 1.4792612791 2.5371484284    1.427  2.845  3.5900  1.059    8  0.528  0.386    20.44    13.74     9.49     7.27     5.92  3 -7.15e-09      0.00 6.938e-01 2.930e-01 1.674e-03 1.486e-03 5.776e-03 -1.000 1.325e-02 -2.343 2.216 0.354 -1.207 -2.101 -2.877 -3.969 -4.755 -4.943
0.013 -0.05655 9.47712 1.4792622328 2.5371485095    1.427  2.859  3.5882  1.038    8  0.528  0.386    21.35    14.28     9.84     7.55     6.15  3 -7.64e-09      0.00 6.938e-01 2.930e-01 1.674e-03 1.486e-03 5.776e-03 -1.000 1.325e-02 -2.378 2.230 0.355 -1.213 -2.116 -2.907 -4.008 -4.799 -4.990
0.013 -0.05655 9.47712 1.4792634249 2.5371486109    1.427  2.970  3.5749  0.874    8  0.528  0.386    29.83    19.21    13.07    10.07     8.21  3 -1.27e-08      0.00 6.938e-01 2.930e-01 1.674e-03 1.486e-03 5.776e-03 -1.000 1.325e-02 -2.655 2.317 0.357 -1.251 -2.223 -3.138 -4.318 -5.144 -5.355
0.013 -0.05655 9.47712 1.4792649746 2.5371487427    1.426  3.131  3.5558  0.636    8  0.529  0.386    48.44    29.55    19.71    15.28    12.47  2 -2.58e-08      0.00 6.938e-01 2.930e-01 1.674e-03 1.486e-03 5.776e-03 -1.000 1.325e-02 -3.059 2.392 0.454 -1.155 -2.265 -3.446 -4.774 -5.643 -5.884
0.013 -0.05655 9.47712 1.4792668819 2.5371489049    1.425  3.274  3.5388  0.425    8  0.529  0.386    74.37    43.23    28.34    22.10    18.05  2 -4.75e-08      0.00 6.938e-01 2.930e-01 1.674e-03 1.486e-03 5.776e-03 -1.000 1.325e-02 -3.415 2.426 0.679 -0.872 -2.174 -3.654 -5.183 -6.082 -6.352
0.013 -0.05655 9.47712 1.4792690277 2.5371490874    1.424  3.370  3.5272  0.282    8  0.529  0.386    99.51    55.97    36.28    28.40    23.21  2 -7.14e-08      0.00 6.938e-01 2.930e-01 1.674e-03 1.486e-03 5.776e-03 -1.000 1.325e-02 -3.655 2.442 0.938 -0.544 -2.034 -3.724 -5.464 -6.377 -6.668
0.013 -0.05655 9.47712 1.4792715311 2.5371493004    1.423  3.424  3.5205  0.201    8  0.529  0.386   117.28    64.76    41.69    32.71    26.74  2 -8.94e-08      0.00 6.938e-01 2.930e-01 1.674e-03 1.486e-03 5.776e-03 -1.000 1.325e-02 -3.789 2.454 1.132 -0.301 -1.923 -3.726 -5.621 -6.541 -6.846
0.013 -0.05655 9.47712 1.4792742729 2.5371495336    1.421  3.452  3.5167  0.158    8  0.530  0.386   128.11    70.04    44.93    35.30    28.86  2 -1.01e-07      0.00 6.938e-01 2.930e-01 1.674e-03 1.486e-03 5.776e-03 -1.000 1.325e-02 -3.859 2.464 1.268 -0.123 -1.834 -3.695 -5.704 -6.627 -6.940
0.013 -0.05655 9.47712 1.4792774916 2.5371498074    1.420  3.471  3.5140  0.128    8  0.530  0.386   136.22    73.95    47.32    37.21    30.42  2 -1.09e-07      0.00 6.938e-01 2.930e-01 1.674e-03 1.486e-03 5.776e-03 -1.000 1.325e-02 -3.906 2.473 1.374 0.014 -1.763 -3.665 -5.760 -6.686 -7.005
0.013 -0.05655 9.47712 1.4792776108 2.5371498175    1.420  3.290  3.5351  0.393    8  0.530  0.386    79.34    45.78    29.94    23.37    19.09  2 -5.12e-08      0.00 6.938e-01 2.930e-01 1.674e-03 1.486e-03 5.776e-03 -1.000 1.325e-02 -3.455 2.456 0.784 -0.744 -2.100 -3.646 -5.236 -6.140 -6.416
0.013 -0.05655 9.47712 1.4792779684 2.5371498479    1.420  3.138  3.5529  0.616    8  0.530  0.386    50.38    30.59    20.37    15.81    12.90  2 -2.68e-08      0.00 6.938e-01 2.930e-01 1.674e-03 1.486e-03 5.776e-03 -1.000 1.325e-02 -3.075 2.429 0.519 -1.081 -2.215 -3.443 -4.799 -5.674 -5.919
0.013 -0.05655 9.47712 1.4792786837 2.5371499088    1.419  2.935  3.5768  0.915    8  0.530  0.386    27.40    17.82    12.16     9.36     7.63  3 -1.09e-08      0.00 6.938e-01 2.930e-01 1.674e-03 1.486e-03 5.776e-03 -1.000 1.325e-02 -2.566 2.343 0.399 -1.201 -2.162 -3.056 -4.223 -5.045 -5.253
0.013 -0.05655 9.47712 1.4792797565 2.5371500000    1.419  2.945  3.5755  0.899    8  0.530  0.386    28.29    18.34    12.49     9.62     7.84  3 -1.15e-08      0.00 6.938e-01 2.930e-01 1.674e-03 1.486e-03 5.776e-03 -1.000 1.325e-02 -2.593 2.350 0.401 -1.201 -2.169 -3.078 -4.253 -5.078 -5.288
0.013 -0.05655 9.47712 1.4792810678 2.5371501116    1.418  3.050  3.5631  0.744    8  0.531  0.386    38.80    24.27    16.33    12.63    10.30  3 -1.84e-08      0.00 6.938e-01 2.930e-01 1.674e-03 1.486e-03 5.776e-03 -1.000 1.325e-02 -2.856 2.403 0.442 -1.171 -2.219 -3.286 -4.551 -5.404 -5.633
0.013 -0.05655 9.47712 1.4792828560 2.5371502637    1.417  3.204  3.5450  0.518    8  0.531  0.386    61.50    36.52    24.12    18.77    15.32  2 -3.57e-08      0.00 6.938e-01 2.930e-01 1.674e-03 1.486e-03 5.776e-03 -1.000 1.325e-02 -3.240 2.446 0.616 -0.958 -2.177 -3.541 -4.988 -5.877 -6.136
0.013 -0.05655 9.47712 1.4792848825 2.5371504360    1.416  3.337  3.5292  0.321    8  0.531  0.386    91.85    52.12    33.88    26.50    21.65  2  -6.3e-08      0.00 6.938e-01 2.930e-01 1.674e-03 1.486e-03 5.776e-03 -1.000 1.325e-02 -3.573 2.467 0.914 -0.580 -2.029 -3.683 -5.375 -6.286 -6.573
0.013 -0.05655 9.47712 1.4792872667 2.5371506388    1.415  3.424  3.5190  0.193    8  0.532  0.386   119.25    65.70    42.27    33.18    27.12  2 -9.08e-08      0.00 6.938e-01 2.930e-01 1.674e-03 1.486e-03 5.776e-03 -1.000 1.325e-02 -3.790 2.478 1.207 -0.208 -1.863 -3.689 -5.627 -6.549 -6.856
0.013 -0.05655 9.47712 1.4792901278 2.5371508822    1.413  3.467  3.5138  0.128    8  0.532  0.386   136.01    73.83    47.25    37.15    30.37  2 -1.09e-07      0.00 6.938e-01 2.930e-01 1.674e-03 1.486e-03 5.776e-03 -1.000 1.325e-02 -3.898 2.483 1.392 0.035 -1.746 -3.651 -5.752 -6.679 -6.998
0.013 -0.05655 9.47712 1.4792932272 2.5371511458    1.411  3.484  3.5117  0.102    8  0.533  0.386   143.29    77.31    49.37    38.85    31.77  2 -1.17e-07      0.00 6.938e-01 2.930e-01 1.674e-03 1.486e-03 5.776e-03 -1.000 1.325e-02 -3.941 2.485 1.464 0.130 -1.700 -3.636 -5.802 -6.731 -7.054
0.013 -0.05655 9.47712 1.4792968035 2.5371514500    1.409  3.491  3.5110  0.092    8  0.533  0.386   146.30    78.75    50.25    39.55    32.34  2 -1.21e-07      0.00 6.938e-01 2.930e-01 1.674e-03 1.486e-03 5.776e-03 -1.000 1.325e-02 -3.958 2.486 1.491 0.165 -1.684 -3.632 -5.821 -6.751 -7.075
0.013 -0.05655 9.47712 1.4792969227 2.5371514601    1.409  3.319  3.5315  0.346    8  0.533  0.386    87.17    49.75    32.40    25.34    20.69  2 -5.93e-08      0.00 6.938e-01 2.930e-01 1.674e-03 1.486e-03 5.776e-03 -1.000 1.325e-02 -3.528 2.465 0.861 -0.647 -2.058 -3.672 -5.322 -6.231 -6.513
0.013 -0.05655 9.47712 1.4792973995 2.5371515007    1.409  3.169  3.5494  0.568    8  0.533  0.386    55.44    33.31    22.09    17.17    14.01  2 -3.13e-08      0.00 6.938e-01 2.930e-01 1.674e-03 1.486e-03 5.776e-03 -1.000 1.325e-02 -3.152 2.438 0.551 -1.042 -2.210 -3.496 -4.886 -5.769 -6.019
0.013 -0.05655 9.47712 1.4792982340 2.5371515716    1.409  2.967  3.5736  0.867    8  0.533  0.386    30.14    19.40    13.18    10.16     8.28  3 -1.29e-08      0.00 6.938e-01 2.930e-01 1.674e-03 1.486e-03 5.776e-03 -1.000 1.325e-02 -2.646 2.354 0.394 -1.214 -2.194 -3.124 -4.312 -5.141 -5.354
0.013 -0.05655 9.47712 1.4792993069 2.5371516629    1.408  2.978  3.5722  0.849    8  0.534  0.386    31.24    20.02    13.59    10.48     8.54  3 -1.36e-08      0.00 6.938e-01 2.930e-01 1.674e-03 1.486e-03 5.776e-03 -1.000 1.325e-02 -2.675 2.363 0.397 -1.214 -2.201 -3.147 -4.344 -5.178 -5.393
0.013 -0.05655 9.47712 1.4793008566 2.5371517947    1.407  3.083  3.5596  0.694    8  0.534  0.386    42.89    26.52    17.77    13.77    11.23  3 -2.17e-08      0.00 6.938e-01 2.930e-01 1.674e-03 1.486e-03 5.776e-03 -1.000 1.325e-02 -2.938 2.415 0.457 -1.156 -2.231 -3.349 -4.642 -5.503 -5.738
0.013 -0.05655 9.47712 1.4793028831 2.5371519671    1.406  3.235  3.5412  0.468    8  0.534  0.386    67.92    39.87    26.23    20.44    16.69  2 -4.19e-08      0.00 6.938e-01 2.930e-01 1.674e-03 1.486e-03 5.776e-03 -1.000 1.325e-02 -3.318 2.457 0.675 -0.884 -2.150 -3.584 -5.078 -5.974 -6.238
0.013 -0.05655 9.47712 1.4793051481 2.5371521597    1.404  3.368  3.5252  0.271    8  0.535  0.386   101.53    56.94    36.86    28.88    23.60  2 -7.34e-08      0.00 6.938e-01 2.930e-01 1.674e-03 1.486e-03 5.776e-03 -1.000 1.325e-02 -3.649 2.480 1.034 -0.430 -1.958 -3.680 -5.465 -6.380 -6.675
0.013 -0.05655 9.47712 1.4793078899 2.5371523929    1.402  3.454  3.5145  0.141    8  0.535  0.386   132.32    72.01    46.13    36.27    29.65  2 -1.06e-07      0.00 6.938e-01 2.930e-01 1.674e-03 1.486e-03 5.776e-03 -1.000 1.325e-02 -3.866 2.495 1.378 0.013 -1.748 -3.641 -5.717 -6.644 -6.961
0.013 -0.05655 9.47712 1.4793111086 2.5371526667    1.400  3.499  3.5089  0.073    8  0.536  0.386   151.93    81.39    51.85    40.84    33.40  1 -1.28e-07      0.00 6.938e-01 2.930e-01 1.674e-03 1.486e-03 5.776e-03 -1.000 1.325e-02 -3.978 2.502 1.574 0.270 -1.622 -3.597 -5.848 -6.780 -7.108
0.013 -0.05655 9.47712 1.4793146849 2.5371529709    1.398  3.519  3.5064  0.042    8  0.536  0.386   161.57    85.94    54.61    43.05    35.21  1 -1.39e-07      0.00 6.938e-01 2.930e-01 1.674e-03 1.486e-03 5.776e-03 -1.000 1.325e-02 -4.027 2.503 1.653 0.374 -1.571 -3.575 -5.905 -6.839 -7.172
0.013 -0.05655 9.47712 1.4793186188 2.5371533055    1.395  3.529  3.5050  0.026    8  0.537  0.386   166.88    88.42    56.11    44.26    36.20  1 -1.45e-07      0.00 6.938e-01 2.930e-01 1.674e-03 1.486e-03 5.776e-03 -1.000 1.325e-02 -4.051 2.506 1.699 0.434 -1.540 -3.559 -5.933 -6.869 -7.205
0.013 -0.05655 9.47712 1.4793187380 2.5371533156    1.395  3.368  3.5246  0.265    8  0.537  0.386   102.47    57.39    37.14    29.11    23.78  2 -7.48e-08      0.00 6.938e-01 2.930e-01 1.674e-03 1.486e-03 5.776e-03 -1.000 1.325e-02 -3.649 2.490 1.061 -0.399 -1.937 -3.669 -5.467 -6.383 -6.679
0.013 -0.05655 9.47712 1.4793192148 2.5371533562    1.395  3.219  3.5427  0.486    8  0.537  0.386    65.33    38.51    25.37    19.77    16.14  2 -4.01e-08      0.00 6.938e-01 2.930e-01 1.674e-03 1.486e-03 5.776e-03 -1.000 1.325e-02 -3.278 2.463 0.662 -0.903 -2.151 -3.558 -5.034 -5.927 -6.190
0.013 -0.05655 9.47712 1.4793201685 2.5371534373    1.394  3.018  3.5672  0.785    8  0.537  0.386    35.48    22.42    15.13    11.70     9.54  3 -1.68e-08      0.00 6.938e-01 2.930e-01 1.674e-03 1.486e-03 5.776e-03 -1.000 1.325e-02 -2.775 2.392 0.421 -1.195 -2.215 -3.225 -4.458 -5.302 -5.525
0.013 -0.05655 9.47712 1.4793213606 2.5371535387    1.393  3.030  3.5657  0.766    8  0.538  0.386    36.85    23.19    15.63    12.09     9.85  3 -1.77e-08      0.00 6.938e-01 2.930e-01 1.674e-03 1.486e-03 5.776e-03 -1.000 1.325e-02 -2.806 2.399 0.430 -1.185 -2.217 -3.248 -4.493 -5.341 -5.566
0.013 -0.05655 9.47712 1.4793230295 2.5371536806    1.392  3.134  3.5529  0.612    8  0.538  0.386    50.52    30.67    20.41    15.85    12.93  2 -2.79e-08      0.00 6.938e-01 2.930e-01 1.674e-03 1.486e-03 5.776e-03 -1.000 1.325e-02 -3.064 2.444 0.531 -1.070 -2.205 -3.432 -4.788 -5.663 -5.908
0.013 -0.05655 9.47712 1.4793251753 2.5371538631    1.390  3.283  3.5346  0.389    8  0.538  0.386    79.62    45.89    29.99    23.43    19.13  2 -5.29e-08      0.00 6.938e-01 2.930e-01 1.674e-03 1.486e-03 5.776e-03 -1.000 1.325e-02 -3.437 2.484 0.824 -0.699 -2.063 -3.621 -5.220 -6.125 -6.402
0.013 -0.05655 9.47712 1.4793276787 2.5371540760    1.388  3.413  3.5184  0.193    8  0.539  0.386   118.60    65.31    42.01    33.00    26.97  2 -9.15e-08      0.00 6.938e-01 2.930e-01 1.674e-03 1.486e-03 5.776e-03 -1.000 1.325e-02 -3.763 2.510 1.262 -0.146 -1.813 -3.646 -5.601 -6.524 -6.832
0.013 -0.05655 9.47712 1.4793306589 2.5371543295    1.386  3.499  3.5076  0.063    8  0.540  0.386   154.52    82.55    52.54    41.41    33.86  1 -1.31e-07      0.00 6.938e-01 2.930e-01 1.674e-03 1.486e-03 5.776e-03 -1.000 1.325e-02 -3.977 2.523 1.637 0.348 -1.571 -3.560 -5.851 -6.784 -7.115
0.013 -0.05655 9.47712 1.4793341160 2.5371546235    1.383  3.544  3.5018 -0.006    8  0.540  0.386   177.94    93.53    59.19    46.74    38.23  0 -1.58e-07      0.00 6.938e-01 2.930e-01 1.674e-03 1.486e-03 5.776e-03 -1.000 1.325e-02 -4.090 2.528 1.831 0.600 -1.445 -3.501 -5.982 -6.921 -7.263
0.013 -0.05655 9.47712 1.4793380499 2.5371549581    1.380  3.565  3.4989 -0.039    8  0.541  0.386   190.30    99.24    62.64    49.51    40.50  0 -1.73e-07      0.00 6.938e-01 2.930e-01 1.674e-03 1.486e-03 5.776e-03 -1.000 1.325e-02 -4.142 2.533 1.929 0.724 -1.381 -3.466 -6.043 -6.985 -7.333
0.013 -0.05655 9.47712 1.4793423414 2.5371553231    1.377  3.576  3.4971 -0.059    8  0.542  0.386   198.01   102.78    64.76    51.22    41.90  0 -1.83e-07      0.00 6.938e-01 2.930e-01 1.674e-03 1.486e-03 5.776e-03 -1.000 1.325e-02 -4.171 2.537 1.984 0.791 -1.345 -3.444 -6.078 -7.021 -7.372
0.013 -0.05655 9.47712 1.4793424606 2.5371553332    1.377  3.429  3.5155  0.162    8  0.542  0.386   126.16    68.95    44.24    34.78    28.43  2    -1e-07      0.00 6.938e-01 2.930e-01 1.674e-03 1.486e-03 5.776e-03 -1.000 1.325e-02 -3.802 2.530 1.383 0.010 -1.726 -3.604 -5.650 -6.576 -6.891
0.013 -0.05655 9.47712 1.4793429375 2.5371553738    1.376  3.282  3.5337  0.381    8  0.542  0.386    80.59    46.36    30.28    23.67    19.33  2 -5.44e-08      0.00 6.938e-01 2.930e-01 1.674e-03 1.486e-03 5.776e-03 -1.000 1.325e-02 -3.436 2.501 0.858 -0.660 -2.036 -3.609 -5.221 -6.128 -6.406
0.013 -0.05655 9.47712 1.4793438911 2.5371554549    1.375  3.082  3.5588  0.682    8  0.543  0.386    43.62    26.92    18.02    13.97    11.39  2 -2.31e-08      0.00 6.938e-01 2.930e-01 1.674e-03 1.486e-03 5.776e-03 -1.000 1.325e-02 -2.934 2.439 0.486 -1.127 -2.209 -3.340 -4.641 -5.504 -5.739
0.013 -0.05655 9.47712 1.4793450832 2.5371555563    1.374  3.093  3.5572  0.664    8  0.543  0.386    45.28    27.83    18.60    14.43    11.77  2 -2.44e-08      0.00 6.938e-01 2.930e-01 1.674e-03 1.486e-03 5.776e-03 -1.000 1.325e-02 -2.964 2.445 0.502 -1.107 -2.203 -3.360 -4.675 -5.541 -5.779
0.013 -0.05655 9.47712 1.4793468714 2.5371557084    1.373  3.194  3.5446  0.512    8  0.543  0.386    61.68    36.59    24.15    18.81    15.35  2 -3.77e-08      0.00 6.938e-01 2.930e-01 1.674e-03 1.486e-03 5.776e-03 -1.000 1.325e-02 -3.214 2.482 0.658 -0.913 -2.139 -3.511 -4.964 -5.854 -6.113
0.013 -0.05655 9.47712 1.4793488979 2.5371558807    1.370  3.337  3.5264  0.295    8  0.544  0.386    96.09    54.17    35.13    27.53    22.48  2 -6.94e-08      0.00 6.938e-01 2.930e-01 1.674e-03 1.486e-03 5.776e-03 -1.000 1.325e-02 -3.574 2.521 1.048 -0.422 -1.925 -3.627 -5.385 -6.300 -6.592
0.013 -0.05655 9.47712 1.4793515205 2.5371561038    1.368  3.463  3.5104  0.105    8  0.544  0.386   141.60    76.34    48.74    38.39    31.39  2 -1.17e-07      0.00 6.938e-01 2.930e-01 1.674e-03 1.486e-03 5.776e-03 -1.000 1.325e-02 -3.887 2.552 1.586 0.273 -1.588 -3.544 -5.751 -6.683 -7.008
0.013 -0.05655 9.47712 1.4793545008 2.5371563572    1.365  3.545  3.4997 -0.021    8  0.545  0.386   182.99    95.77    60.53    47.84    39.13  0 -1.65e-07      0.00 6.938e-01 2.930e-01 1.674e-03 1.486e-03 5.776e-03 -1.000 1.325e-02 -4.092 2.559 1.933 0.725 -1.363 -3.441 -5.991 -6.932 -7.278
0.013 -0.05655 9.47712 1.4793579578 2.5371566512    1.361  3.587  3.4940 -0.088    8  0.546  0.386   209.57   107.95    67.86    53.73    43.96  0 -1.97e-07      0.00 6.938e-01 2.930e-01 1.674e-03 1.486e-03 5.776e-03 -1.000 1.325e-02 -4.199 2.561 2.101 0.930 -1.259 -3.381 -6.116 -7.062 -7.418
0.013 -0.05655 9.47712 1.4793617725 2.5371569757    1.358  3.606  3.4912 -0.119    8  0.547  0.386   223.27   114.14    71.56    56.72    46.41  0 -2.14e-07      0.00 6.938e-01 2.930e-01 1.674e-03 1.486e-03 5.776e-03 -1.000 1.325e-02 -4.246 2.566 2.187 1.034 -1.204 -3.347 -6.172 -7.121 -7.482
0.013 -0.05655 9.47712 1.4793661833 2.5371573508    1.353  3.616  3.4895 -0.137    8  0.548  0.386   231.54   117.84    73.77    58.50    47.87  0 -2.25e-07      0.00 6.938e-01 2.930e-01 1.674e-03 1.486e-03 5.776e-03 -1.000 1.325e-02 -4.271 2.570 2.235 1.088 -1.174 -3.328 -6.202 -7.152 -7.517
0.013 -0.05655 9.47712 1.4793663025 2.5371573609    1.353  3.484  3.5066  0.064    8  0.548  0.386   153.54    81.94    52.14    41.13    33.62  1 -1.31e-07      0.00 6.938e-01 2.930e-01 1.674e-03 1.486e-03 5.776e-03 -1.000 1.325e-02 -3.939 2.569 1.718 0.443 -1.495 -3.494 -5.816 -6.751 -7.083
0.013 -0.05655 9.47712 1.4793667793 2.5371574015    1.352  3.339  3.5251  0.282    8  0.548  0.386    98.24    55.20    35.76    28.04    22.90  2 -7.26e-08      0.00 6.938e-01 2.930e-01 1.674e-03 1.486e-03 5.776e-03 -1.000 1.325e-02 -3.578 2.542 1.103 -0.357 -1.884 -3.607 -5.393 -6.310 -6.604
0.013 -0.05655 9.47712 1.4793677330 2.5371574826    1.351  3.139  3.5508  0.585    8  0.548  0.386    52.95    31.96    21.22    16.51    13.46  2 -3.13e-08      0.00 6.938e-01 2.930e-01 1.674e-03 1.486e-03 5.776e-03 -1.000 1.325e-02 -3.078 2.481 0.582 -1.014 -2.169 -3.432 -4.808 -5.688 -5.936
0.013 -0.05655 9.47712 1.4793690443 2.5371575941    1.350  3.151  3.5492  0.566    8  0.549  0.386    54.96    33.03    21.89    17.04    13.90  2 -3.31e-08      0.00 6.938e-01 2.930e-01 1.674e-03 1.486e-03 5.776e-03 -1.000 1.325e-02 -3.107 2.487 0.604 -0.987 -2.158 -3.448 -4.842 -5.724 -5.975
0.013 -0.05655 9.47712 1.4793707132 2.5371577360    1.347  3.248  3.5366  0.418    8  0.549  0.386    74.41    43.17    28.27    22.10    18.04  2 -5.02e-08      0.00 6.938e-01 2.930e-01 1.674e-03 1.486e-03 5.776e-03 -1.000 1.325e-02 -3.350 2.523 0.827 -0.706 -2.039 -3.560 -5.126 -6.028 -6.301
0.013 -0.05655 9.47712 1.4793728590 2.5371579185    1.344  3.386  3.5185  0.206    8  0.550  0.386   114.62    63.25    40.71    32.00    26.14  2 -8.97e-08      0.00 6.938e-01 2.930e-01 1.674e-03 1.486e-03 5.776e-03 -1.000 1.325e-02 -3.695 2.565 1.318 -0.087 -1.750 -3.582 -5.533 -6.456 -6.764
0.013 -0.05655 9.47712 1.4793753624 2.5371581314    1.341  3.506  3.5026  0.022    8  0.550  0.386   167.12    88.25    55.96    44.20    36.14  0 -1.48e-07      0.00 6.938e-01 2.930e-01 1.674e-03 1.486e-03 5.776e-03 -1.000 1.325e-02 -3.996 2.588 1.864 0.628 -1.393 -3.436 -5.885 -6.824 -7.163
0.013 -0.05655 9.47712 1.4793783426 2.5371583849    1.337  3.585  3.4921 -0.100    8  0.551  0.386   214.29   109.90    69.00    54.69    44.74  0 -2.05e-07      0.00 6.938e-01 2.930e-01 1.674e-03 1.486e-03 5.776e-03 -1.000 1.325e-02 -4.192 2.595 2.189 1.033 -1.187 -3.322 -6.114 -7.063 -7.422
0.013 -0.05655 9.47712 1.4793817997 2.5371586789    1.332  3.625  3.4865 -0.164    8  0.552  0.386   239.95   123.32    77.01    61.15    50.04  0 -2.43e-07      0.00 6.938e-01 2.930e-01 1.674e-03 1.486e-03 5.776e-03 -1.000 1.325e-02 -4.292 2.594 2.313 1.156 -1.125 -3.286 -6.233 -7.184 -7.554
0.013 -0.05655 9.47712 1.4793857336 2.5371590135    1.327  3.642  3.4838 -0.194    8  0.553  0.386   250.42   130.02    81.00    64.37    52.68  0 -2.68e-07      0.00 6.938e-01 2.930e-01 1.674e-03 1.486e-03 5.776e-03 -1.000 1.325e-02 -4.336 2.597 2.362 1.195 -1.104 -3.272 -6.285 -7.238 -7.612
0.013 -0.05655 9.47712 1.4793901443 2.5371593886    1.321  3.651  3.4823 -0.211    8  0.555  0.386   256.38   133.92    83.31    66.25    54.22  0 -2.99e-07      0.00 6.938e-01 2.930e-01 1.674e-03 1.486e-03 5.776e-03 -1.000 1.325e-02 -4.358 2.602 2.394 1.220 -1.089 -3.262 -6.312 -7.266 -7.643
0.013 -0.05655 9.47712 1.4793902636 2.5371593987    1.321  3.534  3.4979 -0.031    8  0.555  0.386   185.69    96.73    61.06    48.33    39.52  0 -1.73e-07      0.00 6.938e-01 2.930e-01 1.674e-03 1.486e-03 5.776e-03 -1.000 1.325e-02 -4.065 2.610 2.035 0.841 -1.275 -3.365 -5.969 -6.912 -7.260
0.013 -0.05655 9.47712 1.4793907404 2.5371594392    1.320  3.392  3.5168  0.186    8  0.555  0.386   118.98    65.29    41.95    33.01    26.97  2 -9.69e-08      0.00 6.938e-01 2.930e-01 1.674e-03 1.486e-03 5.776e-03 -1.000 1.325e-02 -3.709 2.587 1.399 0.013 -1.691 -3.548 -5.553 -6.477 -6.789
0.013 -0.05655 9.47712 1.4793915749 2.5371595102    1.318  3.193  3.5432  0.490    8  0.555  0.386    63.81    37.67    24.81    19.36    15.80  2 -4.25e-08      0.00 6.938e-01 2.930e-01 1.674e-03 1.486e-03 5.776e-03 -1.000 1.325e-02 -3.212 2.519 0.709 -0.859 -2.100 -3.497 -4.966 -5.858 -6.120
0.013 -0.05655 9.47712 1.4793927670 2.5371596116    1.316  3.204  3.5416  0.472    8  0.555  0.386    66.25    38.93    25.60    19.99    16.31  2 -4.48e-08      0.00 6.938e-01 2.930e-01 1.674e-03 1.486e-03 5.776e-03 -1.000 1.325e-02 -3.240 2.526 0.739 -0.823 -2.084 -3.510 -4.999 -5.894 -6.158
0.013 -0.05655 9.47712 1.4793944359 2.5371597535    1.313  3.298  3.5289  0.326    8  0.556  0.386    89.24    50.63    32.90    25.80    21.06  2 -6.69e-08      0.00 6.938e-01 2.930e-01 1.674e-03 1.486e-03 5.776e-03 -1.000 1.325e-02 -3.475 2.565 1.023 -0.465 -1.919 -3.578 -5.277 -6.190 -6.476
0.013 -0.05655 9.47712 1.4793963432 2.5371599157    1.309  3.431  3.5109  0.120    8  0.556  0.386   136.02    73.43    46.93    37.00    30.23  1 -1.17e-07      0.00 6.938e-01 2.930e-01 1.674e-03 1.486e-03 5.776e-03 -1.000 1.325e-02 -3.807 2.613 1.631 0.313 -1.533 -3.479 -5.669 -6.600 -6.924
0.013 -0.05655 9.47712 1.4793988466 2.5371601286    1.304  3.546  3.4951 -0.060    8  0.557  0.386   196.40   101.52    63.93    50.65    41.42  0 -1.87e-07      0.00 6.938e-01 2.930e-01 1.674e-03 1.486e-03 5.776e-03 -1.000 1.325e-02 -4.094 2.630 2.137 0.962 -1.203 -3.314 -6.007 -6.953 -7.306
0.013 -0.05655 9.47712 1.4794015884 2.5371603618    1.299  3.620  3.4846 -0.178    8  0.558  0.386   242.56   125.63    78.35    62.29    50.96  0 -2.56e-07      0.00 6.938e-01 2.930e-01 1.674e-03 1.486e-03 5.776e-03 -1.000 1.325e-02 -4.281 2.631 2.383 1.220 -1.071 -3.237 -6.227 -7.180 -7.552
0.013 -0.05655 9.47712 1.4794049263 2.5371606456    1.293  3.658  3.4790 -0.241    8  0.559  0.386   265.76   140.52    87.18    69.44    56.82  0 -3.48e-07      0.00 6.938e-01 2.930e-01 1.674e-03 1.486e-03 5.776e-03 -1.000 1.325e-02 -4.376 2.636 2.483 1.296 -1.033 -3.213 -6.339 -7.295 -7.677
0.013 -0.05655 9.47712 1.4794085026 2.5371609498    1.285  3.675  3.4764 -0.270    8  0.560  0.386   277.15   148.03    91.62    73.04    59.77  0 -4.21e-07      0.00 6.938e-01 2.930e-01 1.674e-03 1.486e-03 5.776e-03 -1.000 1.325e-02 -4.417 2.641 2.524 1.324 -1.018 -3.207 -6.387 -7.345 -7.731
0.013 -0.05655 9.47712 1.4794126749 2.5371613046    1.278  3.683  3.4748 -0.288    8  0.561  0.386   283.74   152.48    94.23    75.17    61.52  0 -4.69e-07      0.00 6.938e-01 2.930e-01 1.674e-03 1.486e-03 5.776e-03 -1.000 1.325e-02 -4.438 2.647 2.551 1.344 -1.006 -3.199 -6.412 -7.370 -7.759
0.013 -0.05655 9.47712 1.4794127941 2.5371613147    1.277  3.580  3.4889 -0.128    8  0.561  0.386   223.79   114.32    71.57    56.85    46.50  0 -2.29e-07      0.00 6.938e-01 2.930e-01 1.674e-03 1.486e-03 5.776e-03 -1.000 1.325e-02 -4.181 2.656 2.332 1.187 -1.075 -3.229 -6.114 -7.064 -7.429
0.013 -0.05655 9.47712 1.4794132710 2.5371613553    1.276  3.441  3.5082  0.088    8  0.561  0.386   144.55    77.33    49.27    38.91    31.79  1 -1.31e-07      0.00 6.938e-01 2.930e-01 1.674e-03 1.486e-03 5.776e-03 -1.000 1.325e-02 -3.832 2.642 1.745 0.456 -1.449 -3.430 -5.703 -6.637 -6.966
0.013 -0.05655 9.47712 1.4794141054 2.5371614262    1.273  3.243  3.5354  0.394    8  0.562  0.386    77.12    44.46    29.04    22.75    18.56  2 -5.84e-08      0.00 6.938e-01 2.930e-01 1.674e-03 1.486e-03 5.776e-03 -1.000 1.325e-02 -3.337 2.570 0.892 -0.638 -1.990 -3.532 -5.117 -6.021 -6.297
0.013 -0.05655 9.47712 1.4794151783 2.5371615175    1.270  3.254  3.5337  0.374    8  0.562  0.386    80.18    46.00    30.00    23.52    19.19  2 -6.17e-08      0.00 6.938e-01 2.930e-01 1.674e-03 1.486e-03 5.776e-03 -1.000 1.325e-02 -3.365 2.579 0.934 -0.585 -1.963 -3.537 -5.151 -6.057 -6.336
0.013 -0.05655 9.47712 1.4794167280 2.5371616493    1.265  3.345  3.5208  0.230    8  0.563  0.386   107.68    59.63    38.43    30.25    24.70  2 -9.09e-08      0.00 6.938e-01 2.930e-01 1.674e-03 1.486e-03 5.776e-03 -1.000 1.325e-02 -3.592 2.622 1.300 -0.129 -1.741 -3.536 -5.423 -6.343 -6.647
0.013 -0.05655 9.47712 1.4794186354 2.5371618115    1.259  3.472  3.5027  0.028    8  0.563  0.386   162.85    85.79    54.39    43.04    35.18  0 -1.55e-07      0.00 6.938e-01 2.930e-01 1.674e-03 1.486e-03 5.776e-03 -1.000 1.325e-02 -3.911 2.666 1.942 0.708 -1.311 -3.354 -5.800 -6.739 -7.078
0.013 -0.05655 9.47712 1.4794209003 2.5371620041    1.252  3.582  3.4868 -0.147    8  0.564  0.386   228.51   117.74    73.58    58.52    47.86  0 -2.44e-07      0.00 6.938e-01 2.930e-01 1.674e-03 1.486e-03 5.776e-03 -1.000 1.325e-02 -4.186 2.683 2.397 1.245 -1.030 -3.189 -6.125 -7.077 -7.445
0.013 -0.05655 9.47712 1.4794236422 2.5371622372    1.244  3.654  3.4762 -0.264    8  0.565  0.386   271.32   145.12    89.83    71.68    58.64  0 -3.79e-07      0.00 6.938e-01 2.930e-01 1.674e-03 1.486e-03 5.776e-03 -1.000 1.325e-02 -4.364 2.686 2.572 1.375 -0.965 -3.154 -6.335 -7.292 -7.678
0.013 -0.05655 9.47712 1.4794267416 2.5371625008    1.235  3.690  3.4704 -0.327    8  0.566  0.386   297.19   162.22    99.90    79.86    65.36  0 -5.68e-07      0.01 6.938e-01 2.930e-01 1.674e-03 1.486e-03 5.776e-03 -1.000 1.325e-02 -4.455 2.701 2.664 1.437 -0.933 -3.138 -6.441 -7.401 -7.797
0.013 -0.05655 9.47712 1.4794303179 2.5371628049    1.224  3.705  3.4674 -0.358    8  0.567  0.386   310.43   171.22   105.16    84.16    68.88  0 -6.88e-07      0.01 6.938e-01 2.930e-01 1.674e-03 1.486e-03 5.776e-03 -1.000 1.325e-02 -4.494 2.719 2.714 1.472 -0.914 -3.129 -6.486 -7.448 -7.849
0.013 -0.05655 9.47712 1.4794342518 2.5371631395    1.213  3.713  3.4655 -0.377    8  0.568  0.386   318.63   176.95   108.50    86.90    71.12  0 -7.73e-07      0.01 6.938e-01 2.930e-01 1.674e-03 1.486e-03 5.776e-03 -1.000 1.325e-02 -4.513 2.745 2.756 1.503 -0.894 -3.117 -6.510 -7.473 -7.878
0.013 -0.05655 9.47712 1.4794343710 2.5371631496    1.212  3.625  3.4782 -0.239    8  0.568  0.386   258.76   137.69    85.38    68.14    55.73  0 -3.17e-07      0.00 6.938e-01 2.930e-01 1.674e-03 1.486e-03 5.776e-03 -1.000 1.325e-02 -4.292 2.719 2.579 1.391 -0.937 -3.119 -6.258 -7.214 -7.597
0.013 -0.05655 9.47712 1.4794348478 2.5371631902    1.210  3.488  3.4978 -0.024    8  0.568  0.386   179.93    93.29    58.87    46.72    38.17  0 -1.85e-07      0.00 6.938e-01 2.930e-01 1.674e-03 1.486e-03 5.776e-03 -1.000 1.325e-02 -3.949 2.720 2.149 0.957 -1.159 -3.249 -5.853 -6.797 -7.145
0.013 -0.05655 9.47712 1.4794355631 2.5371632510    1.206  3.291  3.5260  0.284    8  0.569  0.386    95.35    53.42    34.56    27.21    22.20  2  -8.4e-08      0.00 6.938e-01 2.930e-01 1.674e-03 1.486e-03 5.776e-03 -1.000 1.325e-02 -3.457 2.651 1.185 -0.284 -1.795 -3.503 -5.270 -6.185 -6.478
0.013 -0.05655 9.47712 1.4794366360 2.5371633422    1.201  3.302  3.5241  0.264    8  0.569  0.386    99.33    55.36    35.76    28.16    22.98  2  -8.9e-08      0.00 6.938e-01 2.930e-01 1.674e-03 1.486e-03 5.776e-03 -1.000 1.325e-02 -3.484 2.663 1.248 -0.206 -1.754 -3.494 -5.304 -6.221 -6.517
0.013 -0.05655 9.47712 1.4794380665 2.5371634639    1.193  3.390  3.5109  0.121    8  0.570  0.386   133.26    71.59    45.71    36.15    29.51  1  -1.3e-07      0.00 6.938e-01 2.930e-01 1.674e-03 1.486e-03 5.776e-03 -1.000 1.325e-02 -3.704 2.715 1.733 0.415 -1.430 -3.377 -5.567 -6.498 -6.821
0.013 -0.05655 9.47712 1.4794398546 2.5371636159    1.184  3.511  3.4926 -0.078    8  0.570  0.386   200.42   102.32    64.27    51.11    41.77  0 -2.16e-07      0.00 6.938e-01 2.930e-01 1.674e-03 1.486e-03 5.776e-03 -1.000 1.325e-02 -4.009 2.754 2.336 1.180 -1.026 -3.156 -5.930 -6.878 -7.236
0.013 -0.05655 9.47712 1.4794420004 2.5371637984    1.174  3.616  3.4764 -0.251    8  0.571  0.386   260.53   139.61    86.46    69.09    56.50  0 -3.35e-07      0.00 6.938e-01 2.930e-01 1.674e-03 1.486e-03 5.776e-03 -1.000 1.325e-02 -4.271 2.762 2.646 1.454 -0.882 -3.068 -6.241 -7.198 -7.583
0.013 -0.05655 9.47712 1.4794445038 2.5371640113    1.161  3.684  3.4656 -0.367    8  0.572  0.386   308.98   171.62   105.27    84.42    69.06  0 -6.62e-07      0.01 6.938e-01 2.930e-01 1.674e-03 1.486e-03 5.776e-03 -1.000 1.325e-02 -4.439 2.788 2.806 1.561 -0.831 -3.051 -6.438 -7.400 -7.802
0.013 -0.05655 9.47712 1.4794473648 2.5371642546    1.147  3.718  3.4594 -0.430    8  0.573  0.386   338.80   191.98   117.14    94.13    77.02  0 -9.86e-07      0.02 6.938e-01 2.930e-01 1.674e-03 1.486e-03 5.776e-03 -1.000 1.325e-02 -4.524 2.852 2.924 1.645 -0.786 -3.031 -6.533 -7.500 -7.916
0.013 -0.05655 9.47712 1.4794507027 2.5371645384    1.131  3.732  3.4561 -0.464    8  0.574  0.386   354.86   203.28   123.68    99.52    81.43  0  -1.2e-06      0.03 6.938e-01 2.930e-01 1.674e-03 1.486e-03 5.776e-03 -1.000 1.325e-02 -4.560 2.915 3.004 1.713 -0.747 -3.012 -6.571 -7.540 -7.963
0.013 -0.05655 9.47712 1.4794543982 2.5371648526    1.114  3.739  3.4538 -0.487    8  0.575  0.386   365.58   211.03   128.13   103.22    84.46  0 -1.36e-06      0.04 6.938e-01 2.930e-01 1.674e-03 1.486e-03 5.776e-03 -1.000 1.325e-02 -4.577 2.967 3.067 1.769 -0.712 -2.990 -6.589 -7.560 -7.989
0.013 -0.05655 9.47712 1.4794545174 2.5371648628    1.112  3.664  3.4650 -0.368    8  0.575  0.386   305.19   170.14   104.30    83.76    68.50  0 -6.26e-07      0.01 6.938e-01 2.930e-01 1.674e-03 1.486e-03 5.776e-03 -1.000 1.325e-02 -4.390 2.838 2.863 1.618 -0.774 -2.996 -6.391 -7.353 -7.756
0.013 -0.05655 9.47712 1.4794548750 2.5371648932    1.109  3.529  3.4851 -0.154    8  0.575  0.386   220.44   115.44    72.01    57.51    46.99  0  -2.8e-07      0.00 6.938e-01 2.930e-01 1.674e-03 1.486e-03 5.776e-03 -1.000 1.325e-02 -4.053 2.835 2.578 1.421 -0.862 -3.024 -5.997 -6.950 -7.321
0.013 -0.05655 9.47712 1.4794555902 2.5371649540    1.102  3.334  3.5144  0.156    8  0.576  0.386   121.96    65.80    42.09    33.35    27.21  1 -1.31e-07      0.00 6.938e-01 2.930e-01 1.674e-03 1.486e-03 5.776e-03 -1.000 1.325e-02 -3.564 2.786 1.679 0.320 -1.442 -3.336 -5.415 -6.343 -6.659
0.013 -0.05655 9.47712 1.4794566631 2.5371650452    1.093  3.344  3.5122  0.133    8  0.576  0.386   127.74    68.46    43.71    34.66    28.28  1  -1.4e-07      0.00 6.938e-01 2.930e-01 1.674e-03 1.486e-03 5.776e-03 -1.000 1.325e-02 -3.591 2.804 1.774 0.441 -1.374 -3.301 -5.449 -6.379 -6.700
0.013 -0.05655 9.47712 1.4794579744 2.5371651567    1.081  3.430  3.4984 -0.012    8  0.577  0.386   172.29    88.75    55.99    44.58    36.39  0 -2.03e-07      0.00 6.938e-01 2.930e-01 1.674e-03 1.486e-03 5.776e-03 -1.000 1.325e-02 -3.804 2.851 2.263 1.067 -1.036 -3.121 -5.706 -6.649 -6.996
0.013 -0.05655 9.47712 1.4794596434 2.5371652987    1.066  3.547  3.4794 -0.211    8  0.577  0.386   237.10   126.76    78.67    63.00    51.47  0 -3.35e-07      0.00 6.938e-01 2.930e-01 1.674e-03 1.486e-03 5.776e-03 -1.000 1.325e-02 -4.096 2.887 2.729 1.550 -0.770 -2.946 -6.057 -7.014 -7.394
0.013 -0.05655 9.47712 1.4794616699 2.5371654710    1.048  3.647  3.4626 -0.386    8  0.578  0.386   307.57   173.09   105.89    85.24    69.68  0 -6.41e-07      0.01 6.938e-01 2.930e-01 1.674e-03 1.486e-03 5.776e-03 -1.000 1.325e-02 -4.347 2.915 2.969 1.715 -0.687 -2.916 -6.353 -7.317 -7.722
0.013 -0.05655 9.47712 1.4794639349 2.5371656636    1.028  3.711  3.4510 -0.505    8  0.579  0.386   366.57   213.60   129.38   104.56    85.50  0 -1.35e-06      0.04 6.938e-01 2.930e-01 1.674e-03 1.486e-03 5.776e-03 -1.000 1.325e-02 -4.507 3.065 3.195 1.900 -0.597 -2.887 -6.526 -7.497 -7.928
0.013 -0.05655 9.47712 1.4794666767 2.5371658967    1.005  3.743  3.4442 -0.574    8  0.580  0.386   388.92    -1.00    -1.00    -1.00    -1.00  0 -2.04e-06      0.07 6.938e-01 2.930e-01 1.674e-03 1.486e-03 5.776e-03 -1.000 1.325e-02 -4.588 3.258 3.384 2.065 -0.515 -2.852 -6.598 -7.579 -8.031
0.013 -0.05655 9.47712 1.4794697762 2.5371661603    0.979  3.757  3.4403 -0.615    8  0.581  0.386   373.48    -1.00    -1.00    -1.00    -1.00  0 -2.58e-06      0.10 6.938e-01 2.930e-01 1.674e-03 1.486e-03 5.776e-03 -1.000 1.325e-02 -4.622 3.422 3.531 2.192 -0.444 -2.810 -6.623 -7.612 -8.078
0.013 -0.05655 9.47712 1.4794732332 2.5371664542    0.951  3.763  3.4375 -0.645    8  0.582  0.386   354.46    -1.00    -1.00    -1.00    -1.00  0 -3.04e-06      0.14 6.938e-01 2.930e-01 1.674e-03 1.486e-03 5.776e-03 -1.000 1.325e-02 -4.638 3.638 3.699 2.332 -0.363 -2.755 -6.620 -7.621 -8.103
0.013 -0.05655 9.47712 1.4794894457 2.5371678328    0.588 -9.999  4.0000  1.487    9  0.588  0.000     0.00     0.00     0.00     0.00     0.00 -1    -1e-30      0.00 6.938e-01 2.930e-01 1.674e-03 1.486e-03 5.776e-03 -1.000 1.325e-02 29.767 29.725 29.988 30.036 30.024 30.021 30.069 30.067 30.084
#isochrone terminated
