# File generated by CMD 3.9 (http://stev.oapd.inaf.it/cmd) on Tue May 12 07:14:43 UTC 2026
# isochrones based on PARSEC release v1.2S +  COLIBRI S_37 + S_35 + PR16
# Basic references: Bressan et al. (2012), MNRAS, 427, 127 + Chen et al. (2014, 2015), MNRAS, 444, 2525 + MNRAS, 452, 1068 + Tang et al. (2014), MNRAS, 445, 4287 + Marigo et al. (2017), ApJ, 835, 77 + Pastorelli al. (2019), MNRAS, 485, 5666 + Pastorelli al. (2020), MNRAS, in press
# Thermal pulse cycles included 
# On RGB, assumed Reimers mass loss with efficiency eta=0.2
# LPV periods and growth rates added cf. Trabucchi et al. (2019)
# but fundamental-mode LPV periods + transition are from Trabucchi et al. (2021)
# Photometric system: <i>UBVRIJHK</i> (cf. Maiz-Apellaniz 2006 + Bessell 1990)
# Using YBC version of bolometric corrections as in Chen et al. (2019)
# O-rich circumstellar dpmod60alox40 dust from Groenewegen (2006)
# C-rich circumstellar AMCSIC15 dust from Groenewegen (2006)
# IMF: Kroupa (2001, 2002) + Kroupa et al. (2013) canonical two-part-power law IMF corrected for unresolved binaries 
# Kind of output: isochrone tables
# Zini     MH   logAge Mini        int_IMF         Mass   logL    logTe  logg  label   McoreTP C_O  period0  period1  period2  period3  period4  pmode  Mloss  tau1m   X   Y   Xc  Xn  Xo  Cexcess  Z 	 mbolmag  Umag    Bmag    Vmag    Rmag    Imag    Jmag    Hmag    Kmag
0.013 -0.05655 9.60206 0.0900000036 1.0816895926    0.090 -3.413  3.3677  5.228    1  0.000  0.545     0.00     0.00     0.00     0.00     0.00 -1 -3.94e-17      0.00 7.147e-01 2.721e-01 2.359e-03 6.364e-04 5.772e-03 -1.000 1.312e-02 13.302 22.690 19.988 18.129 15.944 13.681 11.211 10.597 10.319
0.013 -0.05655 9.60206 0.1000000015 1.1711064122    0.100 -3.225  3.3946  5.194    1  0.000  0.545     0.00     0.00     0.00     0.00     0.00 -1 -5.99e-17      0.00 7.146e-01 2.723e-01 2.359e-03 6.364e-04 5.772e-03 -1.000 1.312e-02 12.834 22.157 19.491 17.642 15.470 13.212 10.744 10.131 9.848
0.013 -0.05655 9.60206 0.1169947237 1.2991801632    0.117 -2.994  3.4252  5.153    1  0.000  0.545     0.00     0.00     0.00     0.00     0.00 -1 -9.88e-17      0.00 7.142e-01 2.726e-01 2.359e-03 6.364e-04 5.772e-03 -1.000 1.312e-02 12.256 21.057 18.575 16.764 14.707 12.526 10.187 9.573 9.283
0.013 -0.05655 9.60206 0.1200000048 1.3193154741    0.120 -2.957  3.4301  5.146    1  0.000  0.545     0.00     0.00     0.00     0.00     0.00 -1 -1.07e-16      0.00 7.142e-01 2.727e-01 2.359e-03 6.364e-04 5.772e-03 -1.000 1.312e-02 12.162 20.666 18.281 16.489 14.498 12.363 10.106 9.491 9.199
0.013 -0.05655 9.60206 0.1400000006 1.4384526719    0.140 -2.776  3.4493  5.109    1  0.000  0.545     0.00     0.00     0.00     0.00     0.00 -1 -1.57e-16      0.00 7.139e-01 2.730e-01 2.359e-03 6.364e-04 5.772e-03 -1.000 1.312e-02 11.710 19.249 17.145 15.437 13.662 11.686 9.699 9.080 8.788
0.013 -0.05655 9.60206 0.1460149735 1.4700189035    0.146 -2.731  3.4536  5.100    1  0.000  0.545     0.00     0.00     0.00     0.00     0.00 -1 -1.72e-16      0.00 7.138e-01 2.731e-01 2.359e-03 6.364e-04 5.772e-03 -1.000 1.312e-02 11.599 18.929 16.886 15.191 13.465 11.530 9.599 8.979 8.687
0.013 -0.05655 9.60206 0.1599999964 1.5372931554    0.160 -2.635  3.4628  5.080    1  0.000  0.545     0.00     0.00     0.00     0.00     0.00 -1  -2.1e-16      0.00 7.136e-01 2.733e-01 2.359e-03 6.364e-04 5.772e-03 -1.000 1.312e-02 11.356 18.253 16.335 14.668 13.042 11.195 9.380 8.759 8.469
0.013 -0.05655 9.60206 0.2000000030 1.6938790862    0.200 -2.418  3.4816  5.035    1  0.000  0.545     0.00     0.00     0.00     0.00     0.00 -1 -3.26e-16      0.00 7.131e-01 2.738e-01 2.359e-03 6.364e-04 5.772e-03 -1.000 1.312e-02 10.815 16.940 15.230 13.618 12.173 10.498 8.885 8.262 7.980
0.013 -0.05655 9.60206 0.2500000000 1.8403257998    0.250 -2.214  3.4975  4.992    1  0.000  0.545     0.00     0.00     0.00     0.00     0.00 -1  -4.9e-16      0.00 7.126e-01 2.743e-01 2.359e-03 6.364e-04 5.772e-03 -1.000 1.312e-02 10.304 15.874 14.304 12.729 11.409 9.885 8.414 7.790 7.518
0.013 -0.05655 9.60206 0.3000000119 1.9529139769    0.300 -2.054  3.5080  4.953    1  0.000  0.545     0.00     0.00     0.00     0.00     0.00 -1  -5.7e-16      0.00 7.123e-01 2.746e-01 2.359e-03 6.364e-04 5.772e-03 -1.000 1.312e-02 9.906 15.163 13.668 12.126 10.875 9.433 8.040 7.413 7.149
0.013 -0.05655 9.60206 0.3500000238 2.0434175133    0.350 -1.897  3.5166  4.897    0  0.000  0.545     0.00     0.00     0.00     0.00     0.00 -1 -9.58e-16      0.00 7.151e-01 2.718e-01 2.359e-03 6.364e-04 5.772e-03 -1.000 1.312e-02 9.513 14.537 13.097 11.583 10.383 9.004 7.667 7.037 6.780
0.013 -0.05655 9.60206 0.4000000358 2.1185024810    0.400 -1.754  3.5276  4.856    0  0.000  0.545     0.00     0.00     0.00     0.00     0.00 -1 -1.31e-15      0.00 7.151e-01 2.717e-01 2.359e-03 6.364e-04 5.772e-03 -1.000 1.312e-02 9.154 13.930 12.535 11.049 9.904 8.605 7.336 6.700 6.451
0.013 -0.05655 9.60206 0.4500000179 2.1822809362    0.450 -1.602  3.5399  4.805    1  0.000  0.545     0.00     0.00     0.00     0.00     0.00 -1 -1.86e-15      0.00 7.152e-01 2.717e-01 2.359e-03 6.364e-04 5.772e-03 -1.000 1.312e-02 8.775 13.321 11.956 10.499 9.406 8.189 6.988 6.343 6.104
0.013 -0.05655 9.60206 0.4702092111 2.2054975856    0.470 -1.536  3.5464  4.784    1  0.000  0.545     0.00     0.00     0.00     0.00     0.00 -1 -2.17e-15      0.00 7.152e-01 2.717e-01 2.359e-03 6.364e-04 5.772e-03 -1.000 1.312e-02 8.609 13.056 11.698 10.253 9.182 8.008 6.839 6.190 5.956
0.013 -0.05655 9.60206 0.5000000000 2.2374541529    0.500 -1.443  3.5555  4.754    1  0.000  0.545     0.00     0.00     0.00     0.00     0.00 -1 -2.69e-15      0.00 7.152e-01 2.717e-01 2.359e-03 6.364e-04 5.772e-03 -1.000 1.312e-02 8.378 12.695 11.342 9.911 8.870 7.756 6.631 5.976 5.749
0.013 -0.05655 9.60206 0.5177097321 2.2549946561    0.518 -1.382  3.5626  4.736    1  0.000  0.545     0.00     0.00     0.00     0.00     0.00 -1 -3.11e-15      0.00 7.184e-01 2.686e-01 2.334e-03 6.297e-04 5.711e-03 -1.000 1.298e-02 8.224 12.447 11.094 9.672 8.653 7.587 6.497 5.838 5.616
0.013 -0.05655 9.60206 0.5500000119 2.2836582633    0.550 -1.274  3.5752  4.705    1  0.000  0.545     0.00     0.00     0.00     0.00     0.00 -1    -4e-15      0.00 7.248e-01 2.625e-01 2.285e-03 6.164e-04 5.591e-03 -1.000 1.273e-02 7.956 12.027 10.667 9.261 8.276 7.297 6.263 5.595 5.386
0.013 -0.05655 9.60206 0.6000000238 2.3211213258    0.600 -1.106  3.5995  4.672    1  0.000  0.545     0.00     0.00     0.00     0.00     0.00 -1 -5.85e-15      0.00 7.262e-01 2.611e-01 2.274e-03 6.136e-04 5.566e-03 -1.000 1.265e-02 7.536 11.346 9.969 8.608 7.680 6.851 5.906 5.218 5.045
0.013 -0.05655 9.60206 0.6499999762 2.3520353107    0.650 -0.938  3.6283  4.654    1  0.000  0.545     0.00     0.00     0.00     0.00     0.00 -1 -8.46e-15      0.00 7.276e-01 2.598e-01 2.264e-03 6.110e-04 5.543e-03 -1.000 1.265e-02 7.115 10.610 9.209 7.945 7.090 6.408 5.549 4.865 4.737
0.013 -0.05655 9.60206 0.6991232634 2.3775092580    0.699 -0.780  3.6569  4.642    1  0.000  0.545     0.00     0.00     0.00     0.00     0.00 -1 -1.19e-14      0.00 7.288e-01 2.586e-01 2.254e-03 6.085e-04 5.520e-03 -1.000 1.255e-02 6.719 9.679 8.428 7.302 6.546 5.997 5.231 4.596 4.503
0.013 -0.05655 9.60206 0.7000000477 2.3779267258    0.700 -0.777  3.6574  4.642    1  0.000  0.545     0.00     0.00     0.00     0.00     0.00 -1  -1.2e-14      0.00 7.289e-01 2.586e-01 2.254e-03 6.084e-04 5.520e-03 -1.000 1.254e-02 6.712 9.660 8.414 7.290 6.537 5.990 5.226 4.592 4.499
0.013 -0.05655 9.60206 0.7195988894 2.3869539204    0.720 -0.716  3.6686  4.637    1  0.000  0.542     0.00     0.00     0.00     0.00     0.00 -1 -1.37e-14      0.00 7.295e-01 2.580e-01 2.238e-03 6.069e-04 5.510e-03 -1.000 1.255e-02 6.560 9.253 8.117 7.050 6.341 5.830 5.106 4.505 4.420
0.013 -0.05655 9.60206 0.7500000000 2.3998889087    0.750 -0.624  3.6852  4.630    1  0.000  0.537     0.00     0.00     0.00     0.00     0.00 -1 -1.67e-14      0.00 7.303e-01 2.572e-01 2.214e-03 6.049e-04 5.496e-03 -1.000 1.250e-02 6.329 8.647 7.691 6.704 6.061 5.592 4.928 4.383 4.305
0.013 -0.05655 9.60206 0.7637201548 2.4053401824    0.764 -0.584  3.6913  4.622    1  0.000  0.537     0.00     0.00     0.00     0.00     0.00 -1 -1.83e-14      0.00 7.309e-01 2.566e-01 2.210e-03 6.038e-04 5.486e-03 -1.000 1.248e-02 6.230 8.424 7.528 6.568 5.947 5.492 4.848 4.321 4.247
0.013 -0.05655 9.60206 0.7995212078 2.4185568769    0.799 -0.483  3.7067  4.603    1  0.000  0.537     0.00     0.00     0.00     0.00     0.00 -1  -2.3e-14      0.00 7.324e-01 2.552e-01 2.199e-03 6.009e-04 5.461e-03 -1.000 1.245e-02 5.978 7.859 7.126 6.231 5.666 5.242 4.650 4.169 4.101
0.013 -0.05655 9.60206 0.8110685945 2.4225346984    0.811 -0.451  3.7115  4.596    1  0.000  0.537     0.00     0.00     0.00     0.00     0.00 -1 -2.48e-14      0.00 7.329e-01 2.546e-01 2.195e-03 5.999e-04 5.451e-03 -1.000 1.242e-02 5.898 7.689 7.004 6.128 5.579 5.163 4.586 4.119 4.053
0.013 -0.05655 9.60206 0.8490424156 2.4347429970    0.849 -0.347  3.7265  4.572    1  0.000  0.537     0.00     0.00     0.00     0.00     0.00 -1 -3.16e-14      0.00 7.348e-01 2.529e-01 2.182e-03 5.964e-04 5.419e-03 -1.000 1.235e-02 5.638 7.158 6.623 5.806 5.302 4.912 4.383 3.957 3.897
0.013 -0.05655 9.60206 0.8805738688 2.4439653312    0.880 -0.263  3.7379  4.549    1  0.000  0.537     0.00     0.00     0.00     0.00     0.00 -1 -3.88e-14      0.00 7.368e-01 2.510e-01 2.168e-03 5.926e-04 5.386e-03 -1.000 1.221e-02 5.427 6.756 6.326 5.554 5.083 4.712 4.217 3.821 3.766
0.013 -0.05655 9.60206 0.8985635638 2.4488947628    0.898 -0.215  3.7442  4.535    1  0.000  0.537     0.00     0.00     0.00     0.00     0.00 -1 -4.35e-14      0.00 7.380e-01 2.499e-01 2.160e-03 5.904e-04 5.366e-03 -1.000 1.214e-02 5.308 6.528 6.162 5.416 4.963 4.602 4.126 3.745 3.693
0.013 -0.05655 9.60206 0.9142935872 2.4530227012    0.914 -0.174  3.7493  4.522    1  0.000  0.537     0.00     0.00     0.00     0.00     0.00 -1 -4.82e-14      0.00 7.392e-01 2.487e-01 2.151e-03 5.879e-04 5.344e-03 -1.000 1.212e-02 5.205 6.334 6.023 5.298 4.860 4.507 4.046 3.676 3.626
0.013 -0.05655 9.60206 0.9352138042 2.4582660196    0.934 -0.119  3.7558  4.503    1  0.000  0.537     0.00     0.00     0.00     0.00     0.00 -1 -5.53e-14      0.00 7.410e-01 2.470e-01 2.138e-03 5.845e-04 5.314e-03 -1.000 1.206e-02 5.067 6.096 5.844 5.145 4.725 4.382 3.938 3.582 3.536
0.013 -0.05655 9.60206 0.9480847716 2.4613600277    0.947 -0.086  3.7598  4.491    1  0.000  0.536     0.00     0.00     0.00     0.00     0.00 -1 -6.01e-14      0.00 7.421e-01 2.459e-01 2.130e-03 5.824e-04 5.295e-03 -1.000 1.201e-02 4.984 5.953 5.736 5.053 4.642 4.305 3.872 3.525 3.481
0.013 -0.05655 9.60206 0.9668954015 2.4657119108    0.966 -0.036  3.7650  4.471    1  0.000  0.536     0.00     0.00     0.00     0.00     0.00 -1 -6.82e-14      0.00 7.442e-01 2.438e-01 2.115e-03 5.783e-04 5.258e-03 -1.000 1.194e-02 4.861 5.756 5.580 4.920 4.522 4.194 3.774 3.439 3.397
0.013 -0.05655 9.60206 0.9854891300 2.4698263885    0.985  0.012  3.7700  4.451    1  0.000  0.536     0.00     0.00     0.00     0.00     0.00 -1 -7.73e-14      0.00 7.465e-01 2.416e-01 2.099e-03 5.739e-04 5.218e-03 -1.000 1.185e-02 4.740 5.567 5.429 4.789 4.404 4.084 3.678 3.354 3.314
0.013 -0.05655 9.60206 0.9976059794 2.4724129260    0.997  0.044  3.7731  4.438    1  0.000  0.536     0.00     0.00     0.00     0.00     0.00 -1 -8.39e-14      0.00 7.481e-01 2.401e-01 2.088e-03 5.709e-04 5.191e-03 -1.000 1.180e-02 4.661 5.448 5.331 4.706 4.328 4.013 3.615 3.298 3.260
0.013 -0.05655 9.60206 1.0034554005 2.4736359004    1.003  0.059  3.7745  4.431    1  0.000  0.536     0.00     0.00     0.00     0.00     0.00 -1 -8.66e-14      0.00 7.491e-01 2.391e-01 2.081e-03 5.690e-04 5.174e-03 -1.000 1.177e-02 4.623 5.392 5.284 4.665 4.292 3.978 3.584 3.270 3.233
0.013 -0.05655 9.60206 1.0196214914 2.4769320758    1.019  0.101  3.7783  4.411    1  0.000  0.536     0.00     0.00     0.00     0.00     0.00 -1 -9.46e-14      0.00 7.520e-01 2.363e-01 2.060e-03 5.634e-04 5.124e-03 -1.000 1.169e-02 4.518 5.239 5.156 4.554 4.190 3.883 3.499 3.193 3.157
0.013 -0.05655 9.60206 1.0348564386 2.4799302474    1.034  0.140  3.7817  4.391    1  0.000  0.536     0.00     0.00     0.00     0.00     0.00 -1 -1.03e-13      0.00 7.549e-01 2.335e-01 2.039e-03 5.578e-04 5.074e-03 -1.000 1.157e-02 4.419 5.102 5.037 4.451 4.094 3.793 3.417 3.119 3.084
0.013 -0.05655 9.60206 1.0471271276 2.4822722586    1.046  0.172  3.7844  4.375    1  0.000  0.536     0.00     0.00     0.00     0.00     0.00 -1  -1.1e-13      0.00 7.573e-01 2.312e-01 2.021e-03 5.531e-04 5.032e-03 -1.000 1.147e-02 4.340 4.995 4.944 4.368 4.018 3.721 3.351 3.058 3.025
0.013 -0.05655 9.60206 1.0610086918 2.4848467662    1.060  0.208  3.7871  4.356    1  0.000  0.535     0.00     0.00     0.00     0.00     0.00 -1 -1.19e-13      0.00 7.605e-01 2.282e-01 1.999e-03 5.470e-04 4.978e-03 -1.000 1.131e-02 4.250 4.878 4.838 4.275 3.931 3.638 3.275 2.987 2.955
0.013 -0.05655 9.60206 1.0742503405 2.4872314215    1.073  0.242  3.7896  4.337    1  0.000  0.535     0.00     0.00     0.00     0.00     0.00 -1 -1.28e-13      0.00 7.637e-01 2.251e-01 1.976e-03 5.410e-04 4.924e-03 -1.000 1.121e-02 4.164 4.768 4.739 4.186 3.848 3.559 3.202 2.919 2.888
0.013 -0.05655 9.60206 1.0870296955 2.4894695832    1.086  0.275  3.7918  4.318    1  0.000  0.535     0.00     0.00     0.00     0.00     0.00 -1 -1.38e-13      0.00 7.668e-01 2.221e-01 1.954e-03 5.350e-04 4.870e-03 -1.000 1.109e-02 4.082 4.665 4.645 4.102 3.769 3.483 3.131 2.853 2.823
0.013 -0.05655 9.60206 1.0966484547 2.4911146919    1.096  0.300  3.7933  4.303    1  0.000  0.535     0.00     0.00     0.00     0.00     0.00 -1 -1.45e-13      0.00 7.692e-01 2.198e-01 1.937e-03 5.303e-04 4.829e-03 -1.000 1.101e-02 4.021 4.591 4.576 4.039 3.709 3.426 3.078 2.803 2.773
0.013 -0.05655 9.60206 1.1044871807 2.4924310181    1.103  0.319  3.7944  4.291    1  0.000  0.535     0.00     0.00     0.00     0.00     0.00 -1 -1.51e-13      0.00 7.697e-01 2.193e-01 1.936e-03 5.304e-04 4.829e-03 -1.000 1.101e-02 3.972 4.533 4.521 3.989 3.662 3.381 3.035 2.762 2.733
0.013 -0.05655 9.60206 1.1161233187 2.4943458743    1.115  0.347  3.7958  4.273    1  0.000  0.534     0.00     0.00     0.00     0.00     0.00 -1 -1.61e-13      0.00 7.703e-01 2.187e-01 1.937e-03 5.311e-04 4.834e-03 -1.000 1.099e-02 3.902 4.450 4.443 3.918 3.594 3.315 2.973 2.703 2.674
0.013 -0.05655 9.60206 1.1272752285 2.4961384468    1.126  0.374  3.7970  4.256    1  0.000  0.534     0.00     0.00     0.00     0.00     0.00 -1  -1.7e-13      0.00 7.706e-01 2.184e-01 1.941e-03 5.322e-04 4.844e-03 -1.000 1.104e-02 3.835 4.374 4.370 3.850 3.529 3.252 2.912 2.644 2.616
0.013 -0.05655 9.60206 1.1460381746 2.4990640860    1.145  0.421  3.7989  4.223    1  0.000  0.534     0.00     0.00     0.00     0.00     0.00 -1 -1.89e-13      0.00 7.703e-01 2.185e-01 1.952e-03 5.357e-04 4.875e-03 -1.000 1.113e-02 3.717 4.241 4.241 3.729 3.412 3.139 2.803 2.540 2.512
0.013 -0.05655 9.60206 1.1461695433 2.4990841818    1.145  0.422  3.7989  4.223    1  0.000  0.534     0.00     0.00     0.00     0.00     0.00 -1 -1.89e-13      0.00 7.703e-01 2.185e-01 1.952e-03 5.357e-04 4.875e-03 -1.000 1.113e-02 3.716 4.240 4.240 3.728 3.412 3.138 2.803 2.539 2.511
0.013 -0.05655 9.60206 1.1653572321 2.5019635136    1.164  0.461  3.7985  4.189    1  0.000  0.534     0.00     0.00     0.00     0.00     0.00 -1 -2.06e-13      0.00 7.693e-01 2.196e-01 1.962e-03 5.380e-04 4.903e-03 -1.000 1.118e-02 3.618 4.145 4.142 3.630 3.313 3.039 2.703 2.439 2.411
0.013 -0.05655 9.60206 1.1814919710 2.5043016546    1.180  0.491  3.7975  4.161    1  0.000  0.533     0.00     0.00     0.00     0.00     0.00 -1  -2.2e-13      0.00 7.686e-01 2.201e-01 1.969e-03 5.387e-04 4.924e-03 -1.000 1.121e-02 3.542 4.078 4.070 3.554 3.235 2.960 2.621 2.355 2.327
0.013 -0.05655 9.60206 1.1883990765 2.5052802974    1.187  0.514  3.7984  4.144    1  0.000  0.533     0.00     0.00     0.00     0.00     0.00 -1 -2.32e-13      0.00 7.684e-01 2.204e-01 1.972e-03 5.390e-04 4.932e-03 -1.000 1.122e-02 3.485 4.015 4.008 3.497 3.180 2.906 2.569 2.305 2.277
0.013 -0.05655 9.60206 1.1923340559 2.5058320038    1.191  0.531  3.7994  4.133    1  0.000  0.533     0.00     0.00     0.00     0.00     0.00 -1 -2.42e-13      0.00 7.684e-01 2.204e-01 1.972e-03 5.389e-04 4.934e-03 -1.000 1.121e-02 3.443 3.964 3.960 3.454 3.139 2.867 2.533 2.271 2.243
0.013 -0.05655 9.60206 1.1950736046 2.5062136381    1.194  0.545  3.8006  4.124    1  0.000  0.533     0.00     0.00     0.00     0.00     0.00 -1 -2.51e-13      0.00 7.685e-01 2.203e-01 1.972e-03 5.386e-04 4.935e-03 -1.000 1.121e-02 3.407 3.919 3.917 3.416 3.104 2.833 2.502 2.243 2.216
0.013 -0.05655 9.60206 1.1956908703 2.5062993490    1.195  0.549  3.8010  4.122    1  0.000  0.533     0.00     0.00     0.00     0.00     0.00 -1 -2.54e-13      0.00 7.686e-01 2.202e-01 1.972e-03 5.385e-04 4.934e-03 -1.000 1.120e-02 3.397 3.907 3.906 3.406 3.095 2.825 2.495 2.236 2.209
0.013 -0.05655 9.60206 1.1957517862 2.5063078020    1.195  0.549  3.8010  4.122    1  0.000  0.533     0.00     0.00     0.00     0.00     0.00 -1 -2.54e-13      0.00 7.686e-01 2.202e-01 1.972e-03 5.385e-04 4.934e-03 -1.000 1.120e-02 3.397 3.906 3.906 3.406 3.094 2.825 2.494 2.236 2.209
0.013 -0.05655 9.60206 1.2035357952 2.5073798606    1.202  0.597  3.8042  4.090    1  0.000  0.533     0.00     0.00     0.00     0.00     0.00 -1 -2.88e-13      0.00 7.683e-01 2.205e-01 1.974e-03 5.387e-04 4.941e-03 -1.000 1.120e-02 3.278 3.766 3.770 3.284 2.980 2.716 2.393 2.141 2.115
0.013 -0.05655 9.60206 1.2085763216 2.5080656059    1.207  0.613  3.8035  4.073    1  0.000  0.533     0.00     0.00     0.00     0.00     0.00 -1 -3.02e-13      0.00 7.680e-01 2.208e-01 1.976e-03 5.391e-04 4.946e-03 -1.000 1.121e-02 3.237 3.730 3.732 3.243 2.938 2.673 2.348 2.095 2.069
0.013 -0.05655 9.60206 1.2294886112 2.5108417155    1.228  0.672  3.7999  4.007    2  0.000  0.532     0.00     0.00     0.00     0.00     0.00 -1 -3.54e-13      0.00 7.669e-01 2.218e-01 1.983e-03 5.405e-04 4.969e-03 -1.000 1.125e-02 3.090 3.611 3.600 3.098 2.786 2.515 2.182 1.922 1.894
0.013 -0.05655 9.60206 1.2450482845 2.5128378273    1.244  0.715  3.7953  3.952    2  0.000  0.532     0.00     0.00     0.00     0.00     0.00 -1    -4e-13      0.00 7.661e-01 2.226e-01 1.989e-03 5.415e-04 4.985e-03 -1.000 1.129e-02 2.984 3.545 3.515 2.995 2.674 2.396 2.052 1.784 1.754
0.013 -0.05655 9.60206 1.2452119589 2.5128585200    1.244  0.715  3.7953  3.951    2  0.000  0.532     0.00     0.00     0.00     0.00     0.00 -1    -4e-13      0.00 7.661e-01 2.226e-01 1.989e-03 5.416e-04 4.986e-03 -1.000 1.129e-02 2.983 3.544 3.514 2.994 2.672 2.395 2.050 1.782 1.752
0.013 -0.05655 9.60206 1.2559641600 2.5142043011    1.255  0.740  3.7884  3.902    2  0.000  0.532     0.00     0.00     0.00     0.00     0.00 -1 -4.36e-13      0.00 7.637e-01 2.249e-01 2.005e-03 5.460e-04 5.025e-03 -1.000 1.140e-02 2.919 3.540 3.486 2.937 2.602 2.313 1.952 1.671 1.638
0.013 -0.05655 9.60206 1.2645921707 2.5152652002    1.264  0.751  3.7784  3.854    2  0.000  0.533     0.00     0.00     0.00     0.00     0.00 -1 -4.62e-13      0.00 7.572e-01 2.312e-01 2.050e-03 5.580e-04 5.132e-03 -1.000 1.165e-02 2.892 3.610 3.513 2.922 2.566 2.261 1.875 1.573 1.536
0.013 -0.05655 9.60206 1.2728439569 2.5162643802    1.272  0.730  3.7600  3.804    2  0.000  0.534     0.00     0.00     0.00     0.00     0.00 -1 -4.58e-13      0.00 7.423e-01 2.456e-01 2.151e-03 5.847e-04 5.372e-03 -1.000 1.217e-02 2.944 3.872 3.676 3.007 2.609 2.274 1.839 1.495 1.450
0.013 -0.05655 9.60206 1.2783821821 2.5169266719    1.277  0.695  3.7409  3.764    2  0.000  0.535     0.00     0.00     0.00     0.00     0.00 -1 -4.36e-13      0.00 7.310e-01 2.564e-01 2.226e-03 6.044e-04 5.549e-03 -1.000 1.260e-02 3.031 4.220 3.885 3.142 2.698 2.333 1.843 1.451 1.400
0.013 -0.05655 9.60206 1.2813386917 2.5172775334    1.280  0.674  3.7289  3.738    2  0.000  0.535     0.00     0.00     0.00     0.00     0.00 -1 -4.24e-13      0.00 7.256e-01 2.616e-01 2.259e-03 6.131e-04 5.627e-03 -1.000 1.278e-02 3.084 4.444 4.021 3.232 2.759 2.375 1.848 1.425 1.369
0.013 -0.05655 9.60206 1.2827581167 2.5174453219    1.282  0.673  3.7240  3.721    2  0.000  0.535     0.00     0.00     0.00     0.00     0.00 -1  -4.3e-13      0.00 7.239e-01 2.633e-01 2.268e-03 6.158e-04 5.649e-03 -1.000 1.282e-02 3.087 4.522 4.060 3.252 2.768 2.375 1.832 1.396 1.338
0.013 -0.05655 9.60206 1.2839088440 2.5175810349    1.283  0.675  3.7203  3.705    2  0.000  0.535     0.00     0.00     0.00     0.00     0.00 -1 -4.37e-13      0.00 7.226e-01 2.645e-01 2.273e-03 6.176e-04 5.664e-03 -1.000 1.286e-02 3.083 4.576 4.084 3.261 2.768 2.369 1.814 1.368 1.309
0.013 -0.05655 9.60206 1.2847446203 2.5176794283    1.284  0.677  3.7177  3.692    2  0.000  0.535     0.00     0.00     0.00     0.00     0.00 -1 -4.45e-13      0.00 7.218e-01 2.654e-01 2.277e-03 6.188e-04 5.674e-03 -1.000 1.287e-02 3.077 4.611 4.098 3.265 2.765 2.362 1.799 1.345 1.285
0.013 -0.05655 9.60206 1.2857578993 2.5177985214    1.285  0.682  3.7148  3.676    2  0.000  0.535     0.00     0.00     0.00     0.00     0.00 -1 -4.56e-13      0.00 7.208e-01 2.663e-01 2.280e-03 6.201e-04 5.684e-03 -1.000 1.289e-02 3.065 4.646 4.108 3.265 2.757 2.349 1.776 1.314 1.253
0.013 -0.05655 9.60206 1.2869372368 2.5179368601    1.286  0.689  3.7117  3.657    2  0.000  0.535     0.00     0.00     0.00     0.00     0.00 -1 -4.71e-13      0.00 7.197e-01 2.674e-01 2.284e-03 6.215e-04 5.695e-03 -1.000 1.291e-02 3.048 4.681 4.116 3.261 2.745 2.331 1.748 1.276 1.214
0.013 -0.05655 9.60206 1.2883268595 2.5180994920    1.287  0.702  3.7087  3.632    2  0.000  0.534     0.00     0.00     0.00     0.00     0.00 -1 -4.97e-13      0.00 7.185e-01 2.686e-01 2.287e-03 6.230e-04 5.706e-03 -1.000 1.293e-02 3.014 4.695 4.105 3.239 2.716 2.297 1.703 1.223 1.160
0.013 -0.05655 9.60206 1.2884721756 2.5181164755    1.287  0.704  3.7084  3.630    2  0.000  0.534     0.00     0.00     0.00     0.00     0.00 -1    -5e-13      0.00 7.183e-01 2.687e-01 2.287e-03 6.232e-04 5.707e-03 -1.000 1.293e-02 3.011 4.695 4.104 3.236 2.713 2.293 1.698 1.217 1.154
0.013 -0.05655 9.60206 1.2888253927 2.5181577386    1.288  0.709  3.7080  3.623    2  0.000  0.533     0.00     0.00     0.00     0.00     0.00 -1  -5.1e-13      0.00 7.180e-01 2.691e-01 2.281e-03 6.273e-04 5.709e-03 -1.000 1.294e-02 2.997 4.689 4.094 3.225 2.700 2.279 1.684 1.201 1.138
0.013 -0.05655 9.60206 1.2913738489 2.5184546822    1.290  0.749  3.7051  3.572    3  0.000  0.518     0.00     0.00     0.00     0.00     0.00 -1 -5.88e-13      0.00 7.151e-01 2.719e-01 2.220e-03 6.798e-04 5.721e-03 -1.000 1.300e-02 2.897 4.633 4.018 3.137 2.606 2.179 1.574 1.083 1.018
0.013 -0.05655 9.60206 1.2941824198 2.5187803768    1.293  0.798  3.7025  3.514    3  0.000  0.487     0.00     0.00     0.00     0.00     0.00 -1 -6.98e-13      0.00 7.117e-01 2.753e-01 2.089e-03 8.240e-04 5.732e-03 -1.000 1.304e-02 2.776 4.549 3.917 3.026 2.489 2.058 1.443 0.945 0.879
0.013 -0.05655 9.60206 1.2947330475 2.5188440396    1.294  0.807  3.7020  3.502    3  0.000  0.480     0.00     0.00     0.00     0.00     0.00 -1 -7.22e-13      0.00 7.110e-01 2.760e-01 2.060e-03 8.571e-04 5.734e-03 -1.000 1.305e-02 2.751 4.531 3.896 3.004 2.466 2.033 1.417 0.918 0.852
0.013 -0.05655 9.60206 1.2974408865 2.5191562121    1.296  0.857  3.7001  3.446    3  0.000  0.450     0.00     0.00     0.00     0.00     0.00 -1 -8.56e-13      0.00 7.077e-01 2.792e-01 1.937e-03 1.011e-03 5.741e-03 -1.000 1.309e-02 2.627 4.437 3.788 2.887 2.344 1.908 1.286 0.781 0.714
0.013 -0.05655 9.60206 1.2998596430 2.5194337935    1.299  0.907  3.6984  3.390    3  0.000  0.432     0.00     0.00     0.00     0.00     0.00 -1 -1.02e-12      0.00 7.049e-01 2.821e-01 1.859e-03 1.109e-03 5.746e-03 -1.000 1.306e-02 2.501 4.344 3.678 2.770 2.222 1.783 1.154 0.645 0.577
0.013 -0.05655 9.60206 1.3020881414 2.5196884910    1.301  0.959  3.6967  3.332    3  0.000  0.419     0.00     0.00     0.00     0.00     0.00 -1 -1.22e-12      0.00 7.024e-01 2.845e-01 1.805e-03 1.177e-03 5.749e-03 -1.000 1.311e-02 2.373 4.248 3.567 2.649 2.098 1.655 1.020 0.505 0.437
0.013 -0.05655 9.60206 1.3040870428 2.5199160962    1.303  1.010  3.6949  3.274    3  0.000  0.411     0.00     0.00     0.00     0.00     0.00 -1 -1.45e-12      0.00 7.007e-01 2.861e-01 1.772e-03 1.218e-03 5.752e-03 -1.000 1.318e-02 2.245 4.153 3.455 2.529 1.973 1.527 0.885 0.365 0.297
0.013 -0.05655 9.60206 1.3058556318 2.5201168088    1.305  1.060  3.6931  3.218    3  0.000  0.406     0.00     0.00     0.00     0.00     0.00 -1 -1.73e-12      0.00 6.995e-01 2.874e-01 1.751e-03 1.245e-03 5.753e-03 -1.000 1.315e-02 2.119 4.060 3.347 2.412 1.851 1.401 0.753 0.228 0.159
0.013 -0.05655 9.60206 1.3074190617 2.5202937185    1.306  1.109  3.6912  3.162    3  0.000  0.403     0.00     0.00     0.00     0.00     0.00 -1 -2.06e-12      0.00 6.987e-01 2.882e-01 1.738e-03 1.262e-03 5.754e-03 -1.000 1.314e-02 1.997 3.973 3.242 2.298 1.733 1.279 0.624 0.095 0.024
0.013 -0.05655 9.60206 1.3087868690 2.5204480940    1.308  1.156  3.6894  3.108    3  0.000  0.401     0.00     0.00     0.00     0.00     0.00 -1 -2.43e-12      0.00 6.982e-01 2.886e-01 1.730e-03 1.272e-03 5.755e-03 -1.000 1.314e-02 1.879 3.891 3.143 2.189 1.619 1.162 0.500 -0.035 -0.106
0.013 -0.05655 9.60206 1.3100752831 2.5205931699    1.309  1.205  3.6873  3.051    3  0.000  0.400     0.00     0.00     0.00     0.00     0.00 -1 -2.89e-12      0.00 6.979e-01 2.889e-01 1.725e-03 1.279e-03 5.755e-03 -1.000 1.319e-02 1.758 3.809 3.042 2.078 1.503 1.041 0.372 -0.169 -0.241
0.013 -0.05655 9.60206 1.3111554384 2.5207145431    1.310  1.250  3.6854  2.999    3  0.000  0.399     0.00     0.00     0.00     0.00     0.00 -1 -3.39e-12      0.00 6.977e-01 2.891e-01 1.722e-03 1.283e-03 5.756e-03 -1.000 1.316e-02 1.646 3.736 2.950 1.977 1.396 0.930 0.253 -0.293 -0.366
0.013 -0.05655 9.60206 1.3121135235 2.5208220075    1.311  1.293  3.6834  2.948    3  0.000  0.399     0.00     0.00     0.00     0.00     0.00 -1 -3.96e-12      0.00 6.977e-01 2.892e-01 1.720e-03 1.285e-03 5.756e-03 -1.000 1.312e-02 1.537 3.665 2.861 1.878 1.292 0.822 0.139 -0.414 -0.488
0.013 -0.05655 9.60206 1.3129905462 2.5209202213    1.312  1.336  3.6814  2.897    3  0.000  0.398     0.00     0.00     0.00     0.00     0.00 -1 -4.63e-12      0.00 6.977e-01 2.892e-01 1.719e-03 1.287e-03 5.756e-03 -1.000 1.312e-02 1.429 3.596 2.773 1.781 1.189 0.715 0.024 -0.534 -0.609
0.013 -0.05655 9.60206 1.3138141632 2.5210123172    1.313  1.381  3.6793  2.845    3  0.000  0.398     0.00     0.00     0.00     0.00     0.00 -1 -5.44e-12      0.00 6.977e-01 2.892e-01 1.718e-03 1.288e-03 5.756e-03 -1.000 1.312e-02 1.319 3.528 2.683 1.681 1.084 0.606 -0.093 -0.658 -0.734
0.013 -0.05655 9.60206 1.3145103455 2.5210900599    1.313  1.421  3.6772  2.796    3  0.000  0.398     0.00     0.00     0.00     0.00     0.00 -1  -6.3e-12      0.00 6.976e-01 2.892e-01 1.718e-03 1.288e-03 5.756e-03 -1.000 1.312e-02 1.217 3.468 2.603 1.592 0.989 0.506 -0.201 -0.772 -0.850
0.013 -0.05655 9.60206 1.3151782751 2.5211645588    1.314  1.463  3.6751  2.746    3  0.000  0.398     0.00     0.00     0.00     0.00     0.00 -1 -7.33e-12      0.00 6.976e-01 2.892e-01 1.717e-03 1.289e-03 5.756e-03 -1.000 1.312e-02 1.113 3.407 2.521 1.500 0.891 0.404 -0.311 -0.889 -0.968
0.013 -0.05655 9.60206 1.3157701492 2.5212305019    1.314  1.501  3.6731  2.700    3  0.000  0.398     0.00     0.00     0.00     0.00     0.00 -1 -8.44e-12      0.00 6.976e-01 2.892e-01 1.717e-03 1.290e-03 5.756e-03 -1.000 1.312e-02 1.017 3.352 2.445 1.415 0.801 0.309 -0.414 -0.998 -1.077
0.013 -0.05655 9.60206 1.3163391352 2.5212938307    1.315  1.540  3.6710  2.653    3  0.000  0.398     0.00     0.00     0.00     0.00     0.00 -1 -9.72e-12      0.00 6.976e-01 2.893e-01 1.716e-03 1.291e-03 5.756e-03 -1.000 1.312e-02 0.921 3.298 2.371 1.331 0.710 0.214 -0.516 -1.106 -1.188
0.013 -0.05655 9.60206 1.3168771267 2.5213536519    1.315  1.571  3.6693  2.615    3  0.000  0.397     0.00     0.00     0.00     0.00     0.00 -1 -1.09e-11      0.00 6.976e-01 2.893e-01 1.716e-03 1.291e-03 5.756e-03 -1.000 1.312e-02 0.842 3.254 2.310 1.262 0.637 0.137 -0.600 -1.195 -1.278
0.013 -0.05655 9.60206 1.3176710606 2.5214418297    1.316  1.609  3.6673  2.569    3  0.000  0.397     0.00     0.00     0.00     0.00     0.00 -1 -1.26e-11      0.00 6.976e-01 2.893e-01 1.715e-03 1.292e-03 5.756e-03 -1.000 1.312e-02 0.747 3.201 2.237 1.179 0.548 0.044 -0.701 -1.303 -1.386
0.013 -0.05655 9.60206 1.3180143833 2.5214799228    1.316  1.595  3.6683  2.588    3  0.000  0.397     0.00     0.00     0.00     0.00     0.00 -1  -1.2e-11      0.00 6.976e-01 2.893e-01 1.714e-03 1.293e-03 5.756e-03 -1.000 1.312e-02 0.783 3.216 2.262 1.209 0.581 0.080 -0.661 -1.260 -1.343
0.013 -0.05655 9.60206 1.3184908628 2.5215327523    1.317  1.556  3.6709  2.637    3  0.000  0.397     0.00     0.00     0.00     0.00     0.00 -1 -1.04e-11      0.00 6.976e-01 2.893e-01 1.714e-03 1.293e-03 5.756e-03 -1.000 1.312e-02 0.879 3.258 2.331 1.290 0.670 0.173 -0.558 -1.148 -1.229
0.013 -0.05655 9.60206 1.3185207844 2.5215360684    1.317  1.554  3.6710  2.639    3  0.000  0.397     0.00     0.00     0.00     0.00     0.00 -1 -1.03e-11      0.00 6.976e-01 2.893e-01 1.714e-03 1.293e-03 5.756e-03 -1.000 1.312e-02 0.885 3.261 2.334 1.294 0.675 0.179 -0.552 -1.142 -1.223
0.013 -0.05655 9.60206 1.3188341856 2.5215707910    1.317  1.581  3.6695  2.607    3  0.000  0.397     0.00     0.00     0.00     0.00     0.00 -1 -1.13e-11      0.00 6.976e-01 2.893e-01 1.714e-03 1.294e-03 5.756e-03 -1.000 1.312e-02 0.817 3.225 2.283 1.236 0.612 0.113 -0.624 -1.219 -1.301
0.013 -0.05655 9.60206 1.3193562031 2.5216285846    1.318  1.626  3.6669  2.551    3  0.000  0.397     0.00     0.00     0.00     0.00     0.00 -1 -1.32e-11      0.00 6.976e-01 2.893e-01 1.713e-03 1.294e-03 5.756e-03 -1.000 1.312e-02 0.705 3.167 2.199 1.139 0.508 0.003 -0.744 -1.347 -1.430
0.013 -0.05655 9.60206 1.3198592663 2.5216842299    1.318  1.671  3.6643  2.496    3  0.000  0.397     0.00     0.00     0.00     0.00     0.00 -1 -1.56e-11      0.00 6.976e-01 2.893e-01 1.713e-03 1.295e-03 5.756e-03 -1.000 1.312e-02 0.591 3.112 2.115 1.043 0.403 -0.108 -0.864 -1.475 -1.561
0.013 -0.05655 9.60206 1.3203160763 2.5217347169    1.318  1.715  3.6616  2.441    3  0.000  0.397     0.00     0.00     0.00     0.00     0.00 -1 -1.84e-11      0.00 6.976e-01 2.893e-01 1.712e-03 1.296e-03 5.756e-03 -1.000 1.312e-02 0.482 3.074 2.039 0.950 0.301 -0.216 -0.983 -1.601 -1.688
0.013 -0.05655 9.60206 1.3207414150 2.5217816895    1.319  1.759  3.6590  2.387    3  0.000  0.397     0.00     0.00     0.00     0.00     0.00 -1 -2.17e-11      0.00 6.976e-01 2.893e-01 1.712e-03 1.296e-03 5.756e-03 -1.000 1.312e-02 0.371 3.039 1.964 0.857 0.199 -0.324 -1.101 -1.727 -1.816
0.013 -0.05655 9.60206 1.3211390972 2.5218255763    1.319  1.804  3.6562  2.331    3  0.000  0.396     0.00     0.00     0.00     0.00     0.00 -1 -2.55e-11      0.00 6.976e-01 2.893e-01 1.712e-03 1.297e-03 5.757e-03 -1.000 1.312e-02 0.260 3.008 1.890 0.766 0.098 -0.432 -1.220 -1.855 -1.945
0.013 -0.05655 9.60206 1.3214989901 2.5218652667    1.319  1.847  3.6535  2.277    3  0.000  0.396     0.00     0.00     0.00     0.00     0.00 -1    -3e-11      0.00 6.976e-01 2.893e-01 1.711e-03 1.297e-03 5.757e-03 -1.000 1.312e-02 0.151 2.979 1.819 0.676 -0.002 -0.538 -1.337 -1.980 -2.072
0.013 -0.05655 9.60206 1.3218311071 2.5219018718    1.320  1.891  3.6507  2.223    3  0.000  0.396     0.00     0.00     0.00     0.00     0.00 -1 -3.53e-11      0.00 6.976e-01 2.893e-01 1.711e-03 1.297e-03 5.757e-03 -1.000 1.312e-02 0.043 2.952 1.748 0.588 -0.101 -0.644 -1.454 -2.105 -2.198
0.013 -0.05655 9.60206 1.3221410513 2.5219360140    1.320  1.934  3.6479  2.168    3  0.000  0.396     0.00     0.00     0.00     0.00     0.00 -1 -4.16e-11      0.00 6.975e-01 2.893e-01 1.711e-03 1.298e-03 5.757e-03 -1.000 1.312e-02 -0.066 2.928 1.680 0.501 -0.199 -0.749 -1.570 -2.230 -2.326
0.013 -0.05655 9.60206 1.3224223852 2.5219669887    1.320  1.977  3.6451  2.114    3  0.000  0.396     0.00     0.00     0.00     0.00     0.00 -1 -4.88e-11      0.00 6.975e-01 2.893e-01 1.710e-03 1.298e-03 5.757e-03 -1.000 1.312e-02 -0.173 2.906 1.614 0.416 -0.294 -0.853 -1.685 -2.354 -2.451
0.013 -0.05655 9.60206 1.3226811886 2.5219954694    1.320  2.020  3.6423  2.059    3  0.000  0.396     0.00     0.00     0.00     0.00     0.00 -1 -5.73e-11      0.00 6.975e-01 2.893e-01 1.710e-03 1.298e-03 5.757e-03 -1.000 1.312e-02 -0.281 2.887 1.549 0.332 -0.390 -0.956 -1.800 -2.478 -2.577
0.013 -0.05655 9.60206 1.3229181767 2.5220215381    1.320  2.063  3.6394  2.005    3  0.000  0.396     0.00     0.00     0.00     0.00     0.00 -1 -6.73e-11      0.00 6.975e-01 2.893e-01 1.710e-03 1.299e-03 5.757e-03 -1.000 1.313e-02 -0.387 2.871 1.485 0.249 -0.484 -1.058 -1.914 -2.601 -2.702
0.013 -0.05655 9.60206 1.3231405020 2.5220459842    1.320  2.106  3.6364  1.950    3  0.000  0.396     0.00     0.00     0.00     0.00     0.00 -1 -7.91e-11      0.00 6.975e-01 2.893e-01 1.710e-03 1.299e-03 5.757e-03 -1.000 1.313e-02 -0.495 2.833 1.424 0.164 -0.576 -1.160 -2.028 -2.720 -2.826
0.013 -0.05655 9.60206 1.3233379126 2.5220676828    1.320  2.147  3.6335  1.897    3  0.000  0.396     0.00     0.00     0.00     0.00     0.00 -1 -9.25e-11      0.00 6.975e-01 2.893e-01 1.710e-03 1.299e-03 5.757e-03 -1.000 1.313e-02 -0.598 2.794 1.366 0.083 -0.665 -1.256 -2.138 -2.833 -2.944
0.013 -0.05655 9.60206 1.3235242367 2.5220881560    1.320  2.190  3.6306  1.843    3  0.000  0.396     0.00     0.00     0.00     0.00     0.00 -1 -1.09e-10      0.00 6.975e-01 2.893e-01 1.709e-03 1.300e-03 5.757e-03 -1.000 1.313e-02 -0.704 2.751 1.304 -0.001 -0.756 -1.355 -2.249 -2.949 -3.065
0.013 -0.05655 9.60206 1.3236962557 2.5221070515    1.320  2.231  3.6276  1.789    3  0.000  0.396     0.00     0.00     0.00     0.00     0.00 -1 -1.27e-10      0.00 6.975e-01 2.893e-01 1.709e-03 1.300e-03 5.757e-03 -1.000 1.313e-02 -0.809 2.708 1.245 -0.082 -0.844 -1.452 -2.359 -3.064 -3.185
0.013 -0.05655 9.60206 1.3238538504 2.5221243575    1.320  2.273  3.6246  1.736    3  0.000  0.396     0.00     0.00     0.00     0.00     0.00 -1 -1.49e-10      0.00 6.975e-01 2.894e-01 1.709e-03 1.300e-03 5.757e-03 -1.000 1.313e-02 -0.912 2.662 1.185 -0.161 -0.930 -1.548 -2.468 -3.177 -3.304
0.013 -0.05655 9.60206 1.3240017891 2.5221405989    1.320  2.315  3.6215  1.682    3  0.000  0.396     0.00     0.00     0.00     0.00     0.00 -1 -1.75e-10      0.00 6.975e-01 2.894e-01 1.709e-03 1.300e-03 5.757e-03 -1.000 1.313e-02 -1.017 2.615 1.125 -0.242 -1.018 -1.644 -2.578 -3.292 -3.424
0.013 -0.05655 9.60206 1.3241345882 2.5221551747    1.320  2.356  3.6185  1.629    3  0.000  0.396     0.00     0.00     0.00     0.00     0.00 -1 -2.04e-10      0.00 6.975e-01 2.894e-01 1.709e-03 1.300e-03 5.757e-03 -1.000 1.313e-02 -1.119 2.570 1.067 -0.319 -1.101 -1.736 -2.684 -3.403 -3.542
0.013 -0.05655 9.60206 1.3242614269 2.5221690931    1.320  2.397  3.6154  1.575    3  0.000  0.396     0.00     0.00     0.00     0.00     0.00 -1 -2.39e-10      0.00 6.975e-01 2.894e-01 1.709e-03 1.300e-03 5.757e-03 -1.000 1.313e-02 -1.223 2.521 1.008 -0.396 -1.186 -1.831 -2.794 -3.517 -3.662
0.013 -0.05655 9.60206 1.3243757486 2.5221816354    1.320  2.438  3.6124  1.522    3  0.000  0.396     0.00     0.00     0.00     0.00     0.00 -1 -2.79e-10      0.00 6.975e-01 2.894e-01 1.709e-03 1.301e-03 5.757e-03 -1.000 1.313e-02 -1.325 2.475 0.950 -0.471 -1.267 -1.922 -2.899 -3.628 -3.780
0.013 -0.05655 9.60206 1.3244822025 2.5221933122    1.319  2.478  3.6093  1.469    3  0.000  0.396     0.00     0.00     0.00     0.00     0.00 -1 -3.26e-10      0.00 6.975e-01 2.894e-01 1.708e-03 1.301e-03 5.757e-03 -1.000 1.313e-02 -1.426 2.457 0.899 -0.540 -1.347 -2.014 -3.007 -3.743 -3.900
0.013 -0.05655 9.60206 1.3245817423 2.5222042287    1.319  2.519  3.6061  1.416    3  0.000  0.396     9.60     7.07     5.02     3.82     3.11  4 -3.81e-10      0.00 6.975e-01 2.894e-01 1.708e-03 1.301e-03 5.757e-03 -1.000 1.313e-02 -1.528 2.457 0.853 -0.605 -1.426 -2.108 -3.116 -3.861 -4.023
0.013 -0.05655 9.60206 1.3246715069 2.5222140715    1.319  2.559  3.6030  1.363    3  0.000  0.396    10.68     7.77     5.49     4.19     3.41  4 -4.43e-10      0.00 6.975e-01 2.894e-01 1.708e-03 1.301e-03 5.757e-03 -1.000 1.313e-02 -1.627 2.460 0.810 -0.667 -1.500 -2.199 -3.222 -3.976 -4.142
0.013 -0.05655 9.60206 1.3247556686 2.5222232986    1.319  2.599  3.5999  1.311    3  0.000  0.396    11.89     8.54     6.02     4.59     3.73  4 -5.17e-10      0.00 6.975e-01 2.894e-01 1.708e-03 1.301e-03 5.757e-03 -1.000 1.313e-02 -1.727 2.465 0.767 -0.728 -1.576 -2.290 -3.328 -4.091 -4.262
0.013 -0.05655 9.60206 1.3248351812 2.5222320147    1.318  2.639  3.5966  1.258    3  0.000  0.396    13.26     9.41     6.59     5.04     4.10  4 -6.03e-10      0.00 6.975e-01 2.894e-01 1.708e-03 1.301e-03 5.757e-03 -1.000 1.313e-02 -1.827 2.463 0.727 -0.784 -1.646 -2.381 -3.436 -4.208 -4.384
0.013 -0.05655 9.60206 1.3249064684 2.5222398282    1.318  2.677  3.5934  1.206    3  0.000  0.396    14.73    10.32     7.21     5.52     4.49  4 -7.01e-10      0.00 6.975e-01 2.894e-01 1.708e-03 1.301e-03 5.757e-03 -1.000 1.313e-02 -1.924 2.466 0.691 -0.836 -1.712 -2.468 -3.540 -4.320 -4.501
0.013 -0.05655 9.60206 1.3249735832 2.5222471834    1.317  2.716  3.5902  1.154    3  0.000  0.396    16.37    11.34     7.88     6.04     4.92  4 -8.14e-10      0.00 6.975e-01 2.894e-01 1.708e-03 1.301e-03 5.757e-03 -1.000 1.313e-02 -2.020 2.471 0.655 -0.888 -1.779 -2.555 -3.644 -4.433 -4.619
0.013 -0.05655 9.60206 1.3250375986 2.5222541982    1.317  2.755  3.5869  1.102    3  0.000  0.396    18.23    12.46     8.63     6.63     5.39  3 -9.47e-10      0.00 6.975e-01 2.894e-01 1.708e-03 1.301e-03 5.757e-03 -1.000 1.313e-02 -2.118 2.470 0.624 -0.932 -1.839 -2.643 -3.750 -4.548 -4.738
0.013 -0.05655 9.60206 1.3250955343 2.5222605461    1.316  2.793  3.5836  1.051    3  0.000  0.396    20.24    13.67     9.42     7.25     5.90  3  -1.1e-09      0.00 6.975e-01 2.894e-01 1.708e-03 1.301e-03 5.757e-03 -1.000 1.313e-02 -2.212 2.473 0.597 -0.973 -1.896 -2.726 -3.852 -4.658 -4.854
0.013 -0.05655 9.60206 1.3251495361 2.5222664623    1.316  2.830  3.5802  1.000    3  0.000  0.396    22.46    14.98    10.28     7.92     6.45  3 -1.27e-09      0.00 6.975e-01 2.894e-01 1.708e-03 1.301e-03 5.757e-03 -1.000 1.313e-02 -2.306 2.478 0.571 -1.012 -1.952 -2.808 -3.952 -4.768 -4.969
0.013 -0.05655 9.60206 1.3252013922 2.5222721430    1.315  2.868  3.5769  0.948    3  0.000  0.396    24.97    16.45    11.25     8.67     7.06  3 -1.47e-09      0.00 6.975e-01 2.894e-01 1.708e-03 1.302e-03 5.757e-03 -1.000 1.313e-02 -2.401 2.481 0.555 -1.038 -1.996 -2.891 -4.057 -4.880 -5.087
0.013 -0.05655 9.60206 1.3252593279 2.5222784891    1.314  2.914  3.5726  0.885    3  0.000  0.396    28.38    18.42    12.53     9.68     7.88  3 -1.76e-09      0.00 6.975e-01 2.894e-01 1.708e-03 1.302e-03 5.757e-03 -1.000 1.313e-02 -2.515 2.487 0.540 -1.063 -2.047 -2.988 -4.182 -5.015 -5.229
0.013 -0.05655 9.60206 1.3253132105 2.5222843907    1.313  2.959  3.5683  0.823    3  0.000  0.396    32.27    20.64    13.96    10.80     8.80  3 -2.11e-09      0.00 6.975e-01 2.894e-01 1.708e-03 1.302e-03 5.757e-03 -1.000 1.313e-02 -2.628 2.493 0.533 -1.077 -2.088 -3.083 -4.307 -5.150 -5.370
0.013 -0.05655 9.60206 1.3253629208 2.5222898347    1.312  3.003  3.5640  0.760    3  0.000  0.396    36.65    23.09    15.54    12.05     9.82  3 -2.52e-09      0.00 6.975e-01 2.894e-01 1.708e-03 1.302e-03 5.757e-03 -1.000 1.313e-02 -2.739 2.496 0.537 -1.075 -2.117 -3.172 -4.431 -5.283 -5.510
0.013 -0.05655 9.60206 1.3254088163 2.5222948606    1.311  3.047  3.5596  0.699    3  0.000  0.396    41.57    25.80    17.28    13.42    10.94  2    -3e-09      0.00 6.975e-01 2.894e-01 1.708e-03 1.302e-03 5.757e-03 -1.000 1.313e-02 -2.848 2.500 0.545 -1.068 -2.142 -3.260 -4.552 -5.414 -5.648
0.013 -0.05655 9.60206 1.3254514933 2.5222995337    1.310  3.090  3.5552  0.637    3  0.000  0.396    47.13    28.82    19.21    14.94    12.18  2 -3.57e-09      0.00 6.975e-01 2.894e-01 1.708e-03 1.302e-03 5.757e-03 -1.000 1.313e-02 -2.956 2.501 0.572 -1.034 -2.149 -3.339 -4.673 -5.544 -5.785
0.013 -0.05655 9.60206 1.3254909515 2.5223038540    1.308  3.133  3.5507  0.576    3  0.000  0.396    53.39    32.17    21.34    16.62    13.55  2 -4.24e-09      0.00 6.975e-01 2.894e-01 1.708e-03 1.302e-03 5.757e-03 -1.000 1.313e-02 -3.063 2.504 0.602 -0.996 -2.152 -3.416 -4.793 -5.673 -5.922
0.013 -0.05655 9.60206 1.3255271912 2.5223078217    1.306  3.175  3.5463  0.516    3  0.000  0.396    60.34    35.84    23.65    18.45    15.05  2 -5.03e-09      0.00 6.975e-01 2.894e-01 1.708e-03 1.302e-03 5.757e-03 -1.000 1.313e-02 -3.167 2.505 0.651 -0.932 -2.138 -3.480 -4.911 -5.798 -6.055
0.013 -0.05655 9.60206 1.3255618811 2.5223116194    1.305  3.217  3.5416  0.455    3  0.000  0.396    68.37    40.02    26.28    20.54    16.76  2 -5.97e-09      0.00 6.975e-01 2.894e-01 1.708e-03 1.302e-03 5.757e-03 -1.000 1.313e-02 -3.272 2.509 0.713 -0.852 -2.115 -3.542 -5.031 -5.926 -6.190
0.013 -0.05655 9.60206 1.3255934715 2.5223150776    1.303  3.257  3.5371  0.396    3  0.000  0.396    77.17    44.53    29.10    22.78    18.59  2 -7.06e-09      0.00 6.975e-01 2.894e-01 1.707e-03 1.302e-03 5.757e-03 -1.000 1.313e-02 -3.373 2.512 0.793 -0.751 -2.079 -3.591 -5.148 -6.049 -6.321
0.013 -0.05655 9.60206 1.3256237507 2.5223183921    1.300  3.298  3.5324  0.336    3  0.000  0.396    87.27    49.62    32.27    25.30    20.66  2 -8.37e-09      0.00 6.975e-01 2.894e-01 1.707e-03 1.302e-03 5.757e-03 -1.000 1.313e-02 -3.475 2.516 0.885 -0.634 -2.033 -3.631 -5.266 -6.173 -6.454
0.013 -0.05655 9.60206 1.3256515265 2.5223214325    1.298  3.337  3.5278  0.277    3  0.000  0.396    98.35    55.14    35.68    28.03    22.88  2 -9.87e-09      0.00 6.975e-01 2.894e-01 1.707e-03 1.302e-03 5.757e-03 -1.000 1.313e-02 -3.573 2.521 0.995 -0.494 -1.974 -3.654 -5.380 -6.292 -6.582
0.013 -0.05655 9.60206 1.3256773949 2.5223242639    1.295  3.374  3.5233  0.222    3  0.000  0.396   110.16    60.93    39.25    30.88    25.22  2 -1.15e-08      0.00 6.975e-01 2.894e-01 1.707e-03 1.302e-03 5.757e-03 -1.000 1.313e-02 -3.665 2.528 1.121 -0.336 -1.903 -3.659 -5.487 -6.404 -6.703
0.013 -0.05655 9.60206 1.3256958723 2.5223262862    1.293  3.399  3.5202  0.183    3  0.000  0.396   119.12    65.27    41.92    33.01    26.96  2 -1.29e-08      0.00 6.975e-01 2.894e-01 1.707e-03 1.302e-03 5.757e-03 -1.000 1.313e-02 -3.727 2.534 1.213 -0.222 -1.851 -3.660 -5.561 -6.480 -6.786
0.013 -0.05655 9.60206 1.3256958723 2.5223262862    1.293  1.739  3.6766  2.469    4  0.000  0.400     0.00     0.00     0.00     0.00     0.00 -1    -1e-30      0.00 6.937e-01 2.931e-01 1.735e-03 1.297e-03 5.773e-03 -1.000 1.322e-02 0.423 2.677 1.815 0.794 0.197 -0.287 -0.998 -1.568 -1.646
0.013 -0.05655 9.60206 1.3260077238 2.5223604086    1.293  1.751  3.6757  2.453    4  0.000  0.400     0.00     0.00     0.00     0.00     0.00 -1    -1e-30      0.00 6.937e-01 2.931e-01 1.734e-03 1.297e-03 5.773e-03 -1.000 1.322e-02 0.393 2.671 1.796 0.769 0.169 -0.317 -1.031 -1.604 -1.683
0.013 -0.05655 9.60206 1.3263139725 2.5223938999    1.294  1.756  3.6754  2.447    4  0.000  0.400     0.00     0.00     0.00     0.00     0.00 -1    -1e-30      0.00 6.937e-01 2.931e-01 1.734e-03 1.298e-03 5.773e-03 -1.000 1.322e-02 0.380 2.666 1.787 0.758 0.157 -0.329 -1.045 -1.618 -1.697
0.013 -0.05655 9.60206 1.3266193867 2.5224272823    1.294  1.756  3.6755  2.448    4  0.000  0.400     0.00     0.00     0.00     0.00     0.00 -1    -1e-30      0.00 6.937e-01 2.931e-01 1.734e-03 1.298e-03 5.773e-03 -1.000 1.322e-02 0.379 2.661 1.784 0.756 0.156 -0.330 -1.045 -1.618 -1.697
0.013 -0.05655 9.60206 1.3269253969 2.5224607121    1.294  1.755  3.6759  2.450    4  0.000  0.400     0.00     0.00     0.00     0.00     0.00 -1    -1e-30      0.00 6.937e-01 2.931e-01 1.733e-03 1.298e-03 5.773e-03 -1.000 1.322e-02 0.382 2.656 1.783 0.757 0.158 -0.327 -1.041 -1.613 -1.692
0.013 -0.05655 9.60206 1.3272078037 2.5224915477    1.295  1.754  3.6762  2.453    4  0.000  0.400     0.00     0.00     0.00     0.00     0.00 -1    -1e-30      0.00 6.937e-01 2.931e-01 1.733e-03 1.299e-03 5.773e-03 -1.000 1.322e-02 0.385 2.652 1.783 0.758 0.160 -0.325 -1.037 -1.608 -1.687
0.013 -0.05655 9.60206 1.3273637295 2.5225085665    1.295  1.753  3.6764  2.454    4  0.000  0.400     0.00     0.00     0.00     0.00     0.00 -1    -1e-30      0.00 6.937e-01 2.931e-01 1.733e-03 1.299e-03 5.773e-03 -1.000 1.322e-02 0.387 2.649 1.783 0.759 0.161 -0.323 -1.035 -1.605 -1.684
0.013 -0.05655 9.60206 1.3275580406 2.5225297685    1.295  1.752  3.6766  2.456    4  0.000  0.400     0.00     0.00     0.00     0.00     0.00 -1    -1e-30      0.00 6.937e-01 2.931e-01 1.733e-03 1.299e-03 5.773e-03 -1.000 1.322e-02 0.389 2.646 1.782 0.759 0.163 -0.321 -1.032 -1.602 -1.680
0.013 -0.05655 9.60206 1.3278803825 2.5225649248    1.295  1.751  3.6769  2.459    4  0.000  0.400     0.00     0.00     0.00     0.00     0.00 -1    -1e-30      0.00 6.937e-01 2.931e-01 1.732e-03 1.300e-03 5.773e-03 -1.000 1.322e-02 0.392 2.642 1.782 0.761 0.165 -0.318 -1.028 -1.597 -1.675
0.013 -0.05655 9.60206 1.3282089233 2.5226007369    1.296  1.750  3.6773  2.462    4  0.000  0.400     0.00     0.00     0.00     0.00     0.00 -1    -1e-30      0.00 6.937e-01 2.931e-01 1.732e-03 1.300e-03 5.773e-03 -1.000 1.322e-02 0.395 2.637 1.781 0.762 0.167 -0.315 -1.024 -1.592 -1.669
0.013 -0.05655 9.60206 1.3285228014 2.5226349317    1.296  1.749  3.6776  2.464    4  0.000  0.400     0.00     0.00     0.00     0.00     0.00 -1    -1e-30      0.00 6.937e-01 2.931e-01 1.732e-03 1.300e-03 5.773e-03 -1.000 1.322e-02 0.397 2.632 1.780 0.762 0.169 -0.313 -1.020 -1.587 -1.665
0.013 -0.05655 9.60206 1.3288415670 2.5226696399    1.297  1.748  3.6778  2.466    4  0.000  0.400     0.00     0.00     0.00     0.00     0.00 -1    -1e-30      0.00 6.937e-01 2.931e-01 1.732e-03 1.301e-03 5.773e-03 -1.000 1.322e-02 0.399 2.628 1.779 0.762 0.170 -0.311 -1.018 -1.584 -1.661
0.013 -0.05655 9.60206 1.3291506767 2.5227032785    1.297  1.748  3.6781  2.468    4  0.000  0.400     0.00     0.00     0.00     0.00     0.00 -1    -1e-30      0.00 6.937e-01 2.931e-01 1.731e-03 1.301e-03 5.773e-03 -1.000 1.322e-02 0.401 2.624 1.778 0.762 0.171 -0.310 -1.015 -1.581 -1.658
0.013 -0.05655 9.60206 1.3294614553 2.5227370806    1.297  1.747  3.6783  2.469    4  0.000  0.400     0.00     0.00     0.00     0.00     0.00 -1    -1e-30      0.00 6.937e-01 2.931e-01 1.731e-03 1.301e-03 5.773e-03 -1.000 1.322e-02 0.402 2.619 1.776 0.762 0.171 -0.309 -1.014 -1.578 -1.656
0.013 -0.05655 9.60206 1.3298014402 2.5227740385    1.298  1.747  3.6785  2.470    4  0.000  0.400     0.00     0.00     0.00     0.00     0.00 -1    -1e-30      0.00 6.937e-01 2.931e-01 1.731e-03 1.302e-03 5.773e-03 -1.000 1.322e-02 0.402 2.615 1.774 0.761 0.171 -0.309 -1.013 -1.577 -1.654
0.013 -0.05655 9.60206 1.3301105499 2.5228076213    1.298  1.747  3.6787  2.471    4  0.000  0.400     0.00     0.00     0.00     0.00     0.00 -1    -1e-30      0.00 6.937e-01 2.931e-01 1.730e-03 1.302e-03 5.773e-03 -1.000 1.322e-02 0.402 2.610 1.772 0.760 0.171 -0.309 -1.012 -1.575 -1.652
0.013 -0.05655 9.60206 1.3301800489 2.5228151694    1.298  1.747  3.6788  2.471    4  0.000  0.400     0.00     0.00     0.00     0.00     0.00 -1    -1e-30      0.00 6.937e-01 2.931e-01 1.730e-03 1.302e-03 5.773e-03 -1.000 1.322e-02 0.402 2.610 1.772 0.760 0.170 -0.309 -1.012 -1.575 -1.652
0.013 -0.05655 9.60206 1.3302198648 2.5228194933    1.298  1.747  3.6788  2.471    4  0.000  0.399     0.00     0.00     0.00     0.00     0.00 -1    -1e-30      0.00 6.937e-01 2.931e-01 1.730e-03 1.302e-03 5.773e-03 -1.000 1.322e-02 0.402 2.609 1.771 0.760 0.170 -0.309 -1.012 -1.575 -1.652
0.013 -0.05655 9.60206 1.3305373192 2.5228539575    1.298  1.747  3.6790  2.472    4  0.000  0.399     0.00     0.00     0.00     0.00     0.00 -1    -1e-30      0.00 6.937e-01 2.931e-01 1.730e-03 1.303e-03 5.773e-03 -1.000 1.322e-02 0.402 2.605 1.770 0.758 0.170 -0.309 -1.011 -1.574 -1.651
0.013 -0.05655 9.60206 1.3308675289 2.5228897864    1.299  1.747  3.6791  2.473    4  0.000  0.399     0.00     0.00     0.00     0.00     0.00 -1    -1e-30      0.00 6.937e-01 2.931e-01 1.730e-03 1.303e-03 5.773e-03 -1.000 1.322e-02 0.402 2.601 1.767 0.757 0.169 -0.310 -1.011 -1.574 -1.650
0.013 -0.05655 9.60206 1.3311988115 2.5229257112    1.299  1.748  3.6792  2.473    4  0.000  0.399     0.00     0.00     0.00     0.00     0.00 -1    -1e-30      0.00 6.937e-01 2.931e-01 1.729e-03 1.303e-03 5.773e-03 -1.000 1.322e-02 0.400 2.597 1.765 0.755 0.167 -0.311 -1.012 -1.574 -1.651
0.013 -0.05655 9.60206 1.3315266371 2.5229612408    1.300  1.748  3.6793  2.473    4  0.000  0.399     0.00     0.00     0.00     0.00     0.00 -1    -1e-30      0.00 6.937e-01 2.931e-01 1.729e-03 1.304e-03 5.773e-03 -1.000 1.322e-02 0.399 2.593 1.762 0.753 0.165 -0.313 -1.013 -1.575 -1.651
0.013 -0.05655 9.60206 1.3318578005 2.5229971118    1.300  1.749  3.6794  2.472    4  0.000  0.399     0.00     0.00     0.00     0.00     0.00 -1    -1e-30      0.00 6.937e-01 2.931e-01 1.729e-03 1.304e-03 5.773e-03 -1.000 1.322e-02 0.397 2.590 1.759 0.750 0.163 -0.315 -1.015 -1.577 -1.653
0.013 -0.05655 9.60206 1.3321931362 2.5230334138    1.300  1.751  3.6794  2.471    4  0.000  0.399     0.00     0.00     0.00     0.00     0.00 -1    -1e-30      0.00 6.937e-01 2.931e-01 1.728e-03 1.304e-03 5.773e-03 -1.000 1.322e-02 0.394 2.587 1.756 0.747 0.160 -0.318 -1.018 -1.579 -1.656
0.013 -0.05655 9.60206 1.3325121403 2.5230679283    1.301  1.752  3.6794  2.470    4  0.000  0.399     0.00     0.00     0.00     0.00     0.00 -1    -1e-30      0.00 6.937e-01 2.931e-01 1.728e-03 1.305e-03 5.773e-03 -1.000 1.322e-02 0.390 2.584 1.753 0.744 0.156 -0.322 -1.022 -1.583 -1.660
0.013 -0.05655 9.60206 1.3325426579 2.5230712292    1.301  1.752  3.6794  2.470    4  0.000  0.399     0.00     0.00     0.00     0.00     0.00 -1    -1e-30      0.00 6.937e-01 2.931e-01 1.728e-03 1.305e-03 5.773e-03 -1.000 1.322e-02 0.390 2.583 1.752 0.743 0.156 -0.322 -1.023 -1.584 -1.660
0.013 -0.05655 9.60206 1.3328466415 2.5231040992    1.301  1.754  3.6793  2.468    4  0.000  0.399     0.00     0.00     0.00     0.00     0.00 -1    -1e-30      0.00 6.937e-01 2.931e-01 1.728e-03 1.305e-03 5.773e-03 -1.000 1.322e-02 0.385 2.581 1.749 0.739 0.151 -0.327 -1.027 -1.589 -1.665
0.013 -0.05655 9.60206 1.3331823349 2.5231403779    1.301  1.756  3.6792  2.465    4  0.000  0.399     0.00     0.00     0.00     0.00     0.00 -1    -1e-30      0.00 6.937e-01 2.931e-01 1.727e-03 1.305e-03 5.773e-03 -1.000 1.322e-02 0.379 2.578 1.744 0.734 0.146 -0.333 -1.034 -1.596 -1.672
0.013 -0.05655 9.60206 1.3334990740 2.5231745890    1.302  1.759  3.6790  2.461    4  0.000  0.399     0.00     0.00     0.00     0.00     0.00 -1    -1e-30      0.00 6.937e-01 2.931e-01 1.727e-03 1.306e-03 5.773e-03 -1.000 1.322e-02 0.372 2.576 1.739 0.728 0.139 -0.339 -1.041 -1.604 -1.680
0.013 -0.05655 9.60206 1.3338353634 2.5232108912    1.302  1.763  3.6788  2.457    4  0.000  0.399     0.00     0.00     0.00     0.00     0.00 -1    -1e-30      0.00 6.937e-01 2.931e-01 1.727e-03 1.306e-03 5.773e-03 -1.000 1.322e-02 0.363 2.573 1.734 0.720 0.131 -0.348 -1.051 -1.614 -1.691
0.013 -0.05655 9.60206 1.3341692686 2.5232469153    1.303  1.767  3.6784  2.451    4  0.000  0.399     0.00     0.00     0.00     0.00     0.00 -1    -1e-30      0.00 6.937e-01 2.931e-01 1.727e-03 1.307e-03 5.773e-03 -1.000 1.322e-02 0.352 2.571 1.727 0.711 0.121 -0.359 -1.064 -1.627 -1.705
0.013 -0.05655 9.60206 1.3344863653 2.5232811068    1.303  1.772  3.6780  2.445    4  0.000  0.399     0.00     0.00     0.00     0.00     0.00 -1    -1e-30      0.00 6.937e-01 2.931e-01 1.726e-03 1.307e-03 5.773e-03 -1.000 1.322e-02 0.340 2.569 1.719 0.701 0.109 -0.372 -1.077 -1.642 -1.720
0.013 -0.05655 9.60206 1.3348019123 2.5233151126    1.303  1.778  3.6775  2.437    4  0.000  0.399     0.00     0.00     0.00     0.00     0.00 -1    -1e-30      0.00 6.937e-01 2.931e-01 1.726e-03 1.307e-03 5.773e-03 -1.000 1.322e-02 0.325 2.567 1.710 0.690 0.096 -0.386 -1.093 -1.660 -1.737
0.013 -0.05655 9.60206 1.3351196051 2.5233493310    1.304  1.785  3.6770  2.428    4  0.000  0.398     0.00     0.00     0.00     0.00     0.00 -1    -1e-30      0.00 6.937e-01 2.931e-01 1.726e-03 1.308e-03 5.773e-03 -1.000 1.322e-02 0.309 2.565 1.700 0.676 0.081 -0.402 -1.112 -1.680 -1.758
0.013 -0.05655 9.60206 1.3354356289 2.5233833510    1.304  1.793  3.6762  2.417    4  0.000  0.398     0.00     0.00     0.00     0.00     0.00 -1    -1e-30      0.00 6.937e-01 2.931e-01 1.725e-03 1.308e-03 5.773e-03 -1.000 1.322e-02 0.286 2.562 1.687 0.659 0.061 -0.424 -1.136 -1.707 -1.785
0.013 -0.05655 9.60206 1.3357647657 2.5234187630    1.304  1.806  3.6751  2.400    4  0.000  0.398     0.00     0.00     0.00     0.00     0.00 -1    -1e-30      0.00 6.937e-01 2.931e-01 1.725e-03 1.308e-03 5.773e-03 -1.000 1.322e-02 0.256 2.560 1.670 0.635 0.033 -0.454 -1.171 -1.744 -1.823
0.013 -0.05655 9.60206 1.3360897303 2.5234537064    1.305  1.828  3.6729  2.369    4  0.000  0.398     0.00     0.00     0.00     0.00     0.00 -1    -1e-30      0.00 6.937e-01 2.931e-01 1.725e-03 1.309e-03 5.773e-03 -1.000 1.322e-02 0.200 2.557 1.639 0.591 -0.017 -0.509 -1.233 -1.813 -1.893
0.013 -0.05655 9.60206 1.3362959623 2.5234758724    1.305  1.864  3.6697  2.321    4  0.000  0.398     0.00     0.00     0.00     0.00     0.00 -1    -1e-30      0.00 6.937e-01 2.931e-01 1.725e-03 1.309e-03 5.773e-03 -1.000 1.322e-02 0.111 2.550 1.588 0.521 -0.098 -0.596 -1.333 -1.922 -2.004
0.013 -0.05655 9.60206 1.3364021778 2.5234872855    1.305  1.902  3.6662  2.268    4  0.000  0.398     0.00     0.00     0.00     0.00     0.00 -1    -1e-30      0.00 6.937e-01 2.931e-01 1.724e-03 1.309e-03 5.773e-03 -1.000 1.322e-02 0.014 2.547 1.535 0.448 -0.184 -0.690 -1.440 -2.040 -2.124
0.013 -0.05655 9.60206 1.3364593983 2.5234934330    1.305  1.943  3.6626  2.213    4  0.000  0.398     0.00     0.00     0.00     0.00     0.00 -1    -1e-30      0.00 6.937e-01 2.931e-01 1.724e-03 1.309e-03 5.773e-03 -1.000 1.322e-02 -0.087 2.541 1.478 0.370 -0.274 -0.788 -1.553 -2.163 -2.249
0.013 -0.05655 9.60206 1.3364863396 2.5234963273    1.305  1.979  3.6594  2.164    4  0.000  0.398     0.00     0.00     0.00     0.00     0.00 -1    -1e-30      0.00 6.937e-01 2.931e-01 1.724e-03 1.309e-03 5.773e-03 -1.000 1.322e-02 -0.177 2.536 1.428 0.300 -0.355 -0.876 -1.652 -2.272 -2.360
0.013 -0.05655 9.60206 1.3365021944 2.5234980305    1.305  2.018  3.6560  2.112    4  0.000  0.398     0.00     0.00     0.00     0.00     0.00 -1    -1e-30      0.00 6.937e-01 2.931e-01 1.724e-03 1.309e-03 5.773e-03 -1.000 1.322e-02 -0.274 2.535 1.376 0.228 -0.440 -0.969 -1.759 -2.389 -2.480
0.013 -0.05655 9.60206 1.3365119696 2.5234990806    1.305  2.057  3.6527  2.060    4  0.000  0.398     0.00     0.00     0.00     0.00     0.00 -1    -1e-30      0.00 6.937e-01 2.931e-01 1.724e-03 1.309e-03 5.773e-03 -1.000 1.322e-02 -0.372 2.532 1.324 0.155 -0.525 -1.063 -1.866 -2.507 -2.599
0.013 -0.05655 9.60206 1.3365184069 2.5234997721    1.305  2.094  3.6495  2.010    4  0.000  0.398     0.00     0.00     0.00     0.00     0.00 -1    -1e-30      0.00 6.937e-01 2.931e-01 1.724e-03 1.309e-03 5.773e-03 -1.000 1.322e-02 -0.465 2.530 1.274 0.085 -0.607 -1.152 -1.968 -2.618 -2.713
0.013 -0.05655 9.60206 1.3365191221 2.5234998489    1.305  2.099  3.6491  2.004    7  0.000  0.398     0.00     0.00     0.00     0.00     0.00 -1 -2.67e-28      0.00 6.937e-01 2.930e-01 1.724e-03 1.309e-03 5.773e-03 -1.000 1.330e-02 -0.476 2.530 1.268 0.076 -0.617 -1.163 -1.981 -2.632 -2.727
0.013 -0.05655 9.60206 1.3365248442 2.5235004636    1.305  2.140  3.6457  1.948    7  0.000  0.398     0.00     0.00     0.00     0.00     0.00 -1 -2.74e-28      0.00 6.937e-01 2.930e-01 1.724e-03 1.309e-03 5.773e-03 -1.000 1.330e-02 -0.580 2.510 1.216 -0.002 -0.706 -1.261 -2.093 -2.751 -2.850
0.013 -0.05655 9.60206 1.3365305662 2.5235010782    1.305  2.179  3.6424  1.896    7  0.000  0.398     0.00     0.00     0.00     0.00     0.00 -1  -2.8e-28      0.00 6.937e-01 2.930e-01 1.724e-03 1.309e-03 5.773e-03 -1.000 1.330e-02 -0.678 2.487 1.166 -0.077 -0.790 -1.353 -2.198 -2.861 -2.965
0.013 -0.05655 9.60206 1.3365451097 2.5235026405    1.305  2.216  3.6394  1.848    7  0.000  0.398     0.00     0.00     0.00     0.00     0.00 -1 -2.86e-28      0.00 6.937e-01 2.930e-01 1.724e-03 1.309e-03 5.773e-03 -1.000 1.330e-02 -0.769 2.462 1.119 -0.146 -0.868 -1.438 -2.296 -2.964 -3.073
0.013 -0.05655 9.60206 1.3365750313 2.5235058544    1.305  2.171  3.6432  1.908    7  0.000  0.398     0.00     0.00     0.00     0.00     0.00 -1 -3.08e-28      0.00 6.937e-01 2.930e-01 1.724e-03 1.309e-03 5.773e-03 -1.000 1.330e-02 -0.657 2.490 1.176 -0.061 -0.772 -1.333 -2.175 -2.837 -2.940
0.013 -0.05655 9.60206 1.3366869688 2.5235178765    1.305  2.136  3.6461  1.954    7  0.000  0.398     0.00     0.00     0.00     0.00     0.00 -1 -6.38e-27      0.00 6.937e-01 2.929e-01 1.724e-03 1.309e-03 5.773e-03 -1.000 1.335e-02 -0.571 2.509 1.219 0.004 -0.698 -1.252 -2.082 -2.739 -2.838
0.013 -0.05655 9.60206 1.3369612694 2.5235473265    1.305  2.171  3.6431  1.907    7  0.000  0.398     0.00     0.00     0.00     0.00     0.00 -1 -3.55e-10      0.00 6.937e-01 2.923e-01 1.724e-03 1.310e-03 5.773e-03 -1.000 1.399e-02 -0.658 2.492 1.176 -0.061 -0.773 -1.334 -2.176 -2.839 -2.942
0.013 -0.05655 9.60206 1.3371062279 2.5235628842    1.305  2.215  3.6394  1.848    7  0.000  0.398     0.00     0.00     0.00     0.00     0.00 -1 -4.46e-10      0.00 6.937e-01 2.923e-01 1.724e-03 1.310e-03 5.773e-03 -1.000 1.399e-02 -0.768 2.464 1.120 -0.145 -0.866 -1.436 -2.294 -2.963 -3.071
0.013 -0.05655 9.60206 1.3372210264 2.5235752023    1.304  2.258  3.6358  1.791    7  0.000  0.398     0.00     0.00     0.00     0.00     0.00 -1 -5.53e-10      0.00 6.937e-01 2.923e-01 1.724e-03 1.310e-03 5.773e-03 -1.000 1.399e-02 -0.874 2.436 1.067 -0.224 -0.955 -1.534 -2.408 -3.083 -3.197
0.013 -0.05655 9.60206 1.3373167515 2.5235854718    1.304  2.300  3.6323  1.735    7  0.000  0.398     0.00     0.00     0.00     0.00     0.00 -1 -6.83e-10      0.00 6.937e-01 2.923e-01 1.724e-03 1.310e-03 5.773e-03 -1.000 1.399e-02 -0.979 2.406 1.012 -0.302 -1.042 -1.631 -2.519 -3.200 -3.321
0.013 -0.05655 9.60206 1.3373984098 2.5235942310    1.303  2.341  3.6288  1.679    7  0.000  0.398     0.00     0.00     0.00     0.00     0.00 -1 -8.42e-10      0.00 6.937e-01 2.923e-01 1.723e-03 1.310e-03 5.773e-03 -1.000 1.399e-02 -1.083 2.373 0.958 -0.379 -1.128 -1.726 -2.630 -3.317 -3.443
0.013 -0.05655 9.60206 1.3374692202 2.5236018255    1.303  2.383  3.6253  1.623    7  0.000  0.398     0.00     0.00     0.00     0.00     0.00 -1 -1.04e-09      0.00 6.937e-01 2.923e-01 1.723e-03 1.310e-03 5.773e-03 -1.000 1.399e-02 -1.188 2.338 0.904 -0.455 -1.212 -1.821 -2.740 -3.434 -3.566
0.013 -0.05655 9.60206 1.3375307322 2.5236084220    1.302  2.424  3.6218  1.568    7  0.000  0.398     0.00     0.00     0.00     0.00     0.00 -1 -1.27e-09      0.00 6.937e-01 2.923e-01 1.723e-03 1.310e-03 5.773e-03 -1.000 1.399e-02 -1.291 2.302 0.850 -0.530 -1.296 -1.914 -2.850 -3.549 -3.689
0.013 -0.05655 9.60206 1.3375848532 2.5236142253    1.302  2.465  3.6183  1.512    7  0.000  0.398     0.00     0.00     0.00     0.00     0.00 -1 -1.56e-09      0.00 6.937e-01 2.923e-01 1.723e-03 1.310e-03 5.773e-03 -1.000 1.398e-02 -1.394 2.266 0.797 -0.604 -1.377 -2.006 -2.958 -3.664 -3.810
0.013 -0.05655 9.60206 1.3376339674 2.5236194913    1.301  2.506  3.6149  1.458    7  0.000  0.398     8.75     6.53     4.65     3.54     2.88  4 -1.91e-09      0.00 6.937e-01 2.923e-01 1.723e-03 1.310e-03 5.773e-03 -1.000 1.398e-02 -1.496 2.264 0.750 -0.670 -1.456 -2.099 -3.067 -3.782 -3.933
0.013 -0.05655 9.60206 1.3376787901 2.5236242968    1.300  2.547  3.6111  1.402    7  0.000  0.398     9.82     7.22     5.12     3.90     3.17  4 -2.35e-09      0.00 6.937e-01 2.923e-01 1.723e-03 1.310e-03 5.773e-03 -1.000 1.398e-02 -1.597 2.284 0.712 -0.731 -1.533 -2.191 -3.177 -3.903 -4.059
0.013 -0.05655 9.60206 1.3377201557 2.5236287313    1.299  2.587  3.6069  1.344    7  0.000  0.398    11.04     8.01     5.66     4.32     3.51  4 -2.85e-09      0.00 6.937e-01 2.923e-01 1.722e-03 1.311e-03 5.773e-03 -1.000 1.397e-02 -1.698 2.314 0.684 -0.783 -1.602 -2.281 -3.286 -4.025 -4.188
0.013 -0.05655 9.60206 1.3377497196 2.5236319004    1.298  2.618  3.6017  1.293    7  0.000  0.398    12.27     8.79     6.18     4.72     3.84  4 -3.31e-09      0.00 6.937e-01 2.923e-01 1.722e-03 1.311e-03 5.773e-03 -1.000 1.397e-02 -1.774 2.386 0.694 -0.798 -1.638 -2.343 -3.373 -4.128 -4.297
0.013 -0.05655 9.60206 1.3377863169 2.5236358232    1.297  2.657  3.5983  1.239    7  0.000  0.397    13.70     9.69     6.78     5.19     4.22  4 -3.99e-09      0.00 6.937e-01 2.923e-01 1.721e-03 1.311e-03 5.773e-03 -1.000 1.397e-02 -1.874 2.395 0.657 -0.853 -1.709 -2.433 -3.480 -4.245 -4.419
0.013 -0.05655 9.60206 1.3378213644 2.5236395798    1.296  2.698  3.5947  1.184    7  0.000  0.397    15.33    10.70     7.46     5.72     4.65  4 -4.89e-09      0.00 6.937e-01 2.923e-01 1.718e-03 1.314e-03 5.773e-03 -1.000 1.397e-02 -1.975 2.402 0.623 -0.905 -1.776 -2.523 -3.589 -4.364 -4.544
0.013 -0.05655 9.60206 1.3378533125 2.5236430039    1.294  2.737  3.5913  1.130    7  0.000  0.396    17.11    11.80     8.18     6.28     5.11  4 -5.85e-09      0.00 6.937e-01 2.923e-01 1.714e-03 1.318e-03 5.773e-03 -1.000 1.397e-02 -2.073 2.411 0.590 -0.955 -1.843 -2.612 -3.696 -4.480 -4.665
0.013 -0.05655 9.60206 1.3378853798 2.5236464405    1.293  2.776  3.5876  1.076    7  0.000  0.395    19.12    13.01     8.98     6.91     5.62  3 -7.06e-09      0.00 6.937e-01 2.923e-01 1.710e-03 1.324e-03 5.773e-03 -1.000 1.397e-02 -2.171 2.420 0.563 -0.998 -1.902 -2.698 -3.802 -4.596 -4.787
0.013 -0.05655 9.60206 1.3379175663 2.5236498898    1.290  2.817  3.5838  1.020    7  0.000  0.394    21.44    14.39     9.89     7.62     6.20  3  -8.6e-09      0.00 6.937e-01 2.923e-01 1.706e-03 1.328e-03 5.773e-03 -1.000 1.396e-02 -2.271 2.431 0.539 -1.036 -1.959 -2.786 -3.911 -4.715 -4.912
0.013 -0.05655 9.60206 1.3379479647 2.5236531473    1.288  2.860  3.5796  0.958    7  0.000  0.393    24.29    16.06    10.99     8.48     6.90  3 -1.05e-08      0.00 6.937e-01 2.924e-01 1.702e-03 1.333e-03 5.773e-03 -1.000 1.391e-02 -2.380 2.448 0.519 -1.074 -2.018 -2.880 -4.029 -4.845 -5.048
0.013 -0.05655 9.60206 1.3379708529 2.5236555999    1.285  2.909  3.5748  0.890    7  0.000  0.392    27.94    18.18    12.36     9.56     7.78  3 -1.33e-08      0.00 6.937e-01 2.924e-01 1.699e-03 1.337e-03 5.773e-03 -1.000 1.392e-02 -2.502 2.461 0.509 -1.095 -2.067 -2.984 -4.164 -4.991 -5.201
0.013 -0.05655 9.60206 1.3379846811 2.5236570816    1.284  2.952  3.5704  0.828    7  0.000  0.391    31.70    20.32    13.75    10.64     8.67  3 -1.61e-08      0.00 6.937e-01 2.924e-01 1.696e-03 1.341e-03 5.773e-03 -1.000 1.392e-02 -2.610 2.474 0.503 -1.112 -2.110 -3.075 -4.284 -5.121 -5.339
0.013 -0.05655 9.60206 1.3379957676 2.5236582695    1.282  2.993  3.5661  0.770    7  0.000  0.391    35.71    22.56    15.20    11.79     9.60  3 -1.93e-08      0.00 6.937e-01 2.924e-01 1.694e-03 1.343e-03 5.773e-03 -1.000 1.392e-02 -2.711 2.484 0.513 -1.103 -2.131 -3.156 -4.397 -5.244 -5.469
0.013 -0.05655 9.60206 1.3380057812 2.5236593424    1.280  3.033  3.5617  0.711    7  0.000  0.391    40.23    25.06    16.80    13.05    10.63  2 -2.32e-08      0.00 6.937e-01 2.924e-01 1.692e-03 1.345e-03 5.773e-03 -1.000 1.393e-02 -2.812 2.495 0.527 -1.089 -2.148 -3.235 -4.510 -5.367 -5.598
0.013 -0.05655 9.60206 1.3380150795 2.5236603387    1.278  3.072  3.5574  0.654    7  0.000  0.390    45.22    27.78    18.54    14.42    11.75  2 -2.77e-08      0.00 6.937e-01 2.924e-01 1.690e-03 1.347e-03 5.773e-03 -1.000 1.393e-02 -2.910 2.504 0.555 -1.058 -2.153 -3.307 -4.621 -5.486 -5.724
0.013 -0.05655 9.60206 1.3380244970 2.5236613477    1.275  3.114  3.5526  0.592    7  0.000  0.390    51.34    31.07    20.62    16.07    13.10  2 -3.34e-08      0.00 6.937e-01 2.924e-01 1.690e-03 1.348e-03 5.773e-03 -1.000 1.394e-02 -3.014 2.515 0.596 -1.007 -2.147 -3.380 -4.739 -5.615 -5.861
0.013 -0.05655 9.60206 1.3380326033 2.5236622162    1.273  3.148  3.5484  0.540    7  0.000  0.390    57.10    34.12    22.55    17.60    14.35  2 -3.91e-08      0.00 6.937e-01 2.924e-01 1.690e-03 1.348e-03 5.773e-03 -1.000 1.394e-02 -3.101 2.524 0.642 -0.950 -2.131 -3.435 -4.838 -5.722 -5.975
0.013 -0.05655 9.60206 1.3380421400 2.5236632380    1.269  3.184  3.5441  0.486    7  0.000  0.390    63.77    37.60    24.74    19.34    15.77  2 -4.59e-08      0.00 6.937e-01 2.924e-01 1.689e-03 1.348e-03 5.773e-03 -1.000 1.394e-02 -3.190 2.534 0.705 -0.870 -2.102 -3.483 -4.941 -5.832 -6.092
0.013 -0.05655 9.60206 1.3380481005 2.5236638766    1.266  3.206  3.5414  0.452    7  0.000  0.390    68.30    39.94    26.21    20.51    16.73  2 -5.07e-08      0.00 6.937e-01 2.924e-01 1.689e-03 1.348e-03 5.773e-03 -1.000 1.394e-02 -3.245 2.542 0.750 -0.815 -2.081 -3.513 -5.005 -5.900 -6.165
0.013 -0.05655 9.60206 1.3380511999 2.5236642087    1.265  3.223  3.5393  0.426    7  0.000  0.390    71.97    41.82    27.39    21.44    17.49  2 -5.47e-08      0.00 6.937e-01 2.924e-01 1.689e-03 1.348e-03 5.773e-03 -1.000 1.394e-02 -3.287 2.547 0.788 -0.767 -2.062 -3.533 -5.054 -5.952 -6.221
0.013 -0.05655 9.60206 1.3380519152 2.5236642853    1.264  3.220  3.5396  0.431    7  0.000  0.390    71.37    41.51    27.19    21.29    17.37  2  -5.4e-08      0.00 6.937e-01 2.924e-01 1.689e-03 1.348e-03 5.773e-03 -1.000 1.394e-02 -3.280 2.547 0.781 -0.776 -2.065 -3.530 -5.045 -5.943 -6.211
0.013 -0.05655 9.60206 1.3380523920 2.5236643364    1.264  3.214  3.5403  0.439    7  0.000  0.390    70.20    40.91    26.82    20.99    17.12  2 -5.28e-08      0.00 6.937e-01 2.924e-01 1.689e-03 1.348e-03 5.773e-03 -1.000 1.394e-02 -3.266 2.546 0.770 -0.790 -2.070 -3.523 -5.029 -5.926 -6.193
0.013 -0.05655 9.60206 1.3380533457 2.5236644386    1.264  3.223  3.5392  0.425    7  0.000  0.390    72.12    41.89    27.43    21.48    17.52  2 -5.49e-08      0.00 6.937e-01 2.924e-01 1.689e-03 1.348e-03 5.773e-03 -1.000 1.394e-02 -3.287 2.549 0.791 -0.763 -2.059 -3.532 -5.055 -5.953 -6.222
0.013 -0.05655 9.60206 1.3380540609 2.5236645152    1.263  3.232  3.5381  0.412    7  0.000  0.390    74.19    42.95    28.10    22.01    17.95  2 -5.71e-08      0.00 6.937e-01 2.924e-01 1.689e-03 1.348e-03 5.773e-03 -1.000 1.394e-02 -3.311 2.550 0.815 -0.734 -2.047 -3.541 -5.082 -5.982 -6.253
0.013 -0.05655 9.60206 1.3380547762 2.5236645918    1.263  3.242  3.5369  0.397    7  0.000  0.390    76.38    44.06    28.79    22.56    18.41  2 -5.94e-08      0.00 6.937e-01 2.924e-01 1.689e-03 1.348e-03 5.773e-03 -1.000 1.394e-02 -3.334 2.553 0.840 -0.702 -2.033 -3.548 -5.109 -6.011 -6.284
0.013 -0.05655 9.60206 1.3380558491 2.5236647068    1.262  3.233  3.5378  0.409    7  0.000  0.390    74.49    43.10    28.19    22.08    18.02  2 -5.72e-08      0.00 6.937e-01 2.924e-01 1.689e-03 1.349e-03 5.773e-03 -1.000 1.394e-02 -3.312 2.553 0.823 -0.724 -2.041 -3.539 -5.084 -5.985 -6.256
0.013 -0.05655 9.60206 1.3380582333 2.5236649622    1.261  3.184  3.5436  0.481    7  0.000  0.390    64.35    37.90    24.93    19.49    15.90  2 -4.68e-08      0.00 6.937e-01 2.924e-01 1.689e-03 1.349e-03 5.773e-03 -1.000 1.394e-02 -3.191 2.543 0.722 -0.851 -2.089 -3.480 -4.944 -5.836 -6.097
0.013 -0.05655 9.60206 1.3380584717 2.5236649877    1.261  3.192  3.5428  0.470    7  0.000  0.390    65.81    38.65    25.40    19.87    16.20  2 -4.85e-08      0.00 6.937e-01 2.924e-01 1.689e-03 1.349e-03 5.773e-03 -1.000 1.394e-02 -3.210 2.544 0.734 -0.836 -2.085 -3.491 -4.966 -5.859 -6.121
0.013 -0.05655 9.60206 1.3380585909 2.5236650005    1.261  3.221  3.5391  0.426    7  0.000  0.390    71.95    41.80    27.38    21.44    17.49  2 -5.48e-08      0.00 6.937e-01 2.924e-01 1.688e-03 1.350e-03 5.773e-03 -1.000 1.392e-02 -3.281 2.555 0.802 -0.751 -2.049 -3.524 -5.049 -5.948 -6.217
0.013 -0.05655 9.60206 1.3380587101 2.5236650133    1.261  3.210  3.5406  0.443    7  0.000  0.390    69.47    40.53    26.58    20.80    16.97  2 -5.23e-08      0.00 6.937e-01 2.924e-01 1.688e-03 1.350e-03 5.773e-03 -1.000 1.392e-02 -3.254 2.549 0.768 -0.793 -2.069 -3.515 -5.017 -5.913 -6.180
0.013 -0.05655 9.60206 1.3380588293 2.5236650261    1.261  3.193  3.5427  0.468    7  0.000  0.390    66.01    38.75    25.46    19.92    16.24  2  -4.9e-08      0.00 6.937e-01 2.924e-01 1.688e-03 1.350e-03 5.773e-03 -1.000 1.392e-02 -3.213 2.543 0.734 -0.836 -2.086 -3.493 -4.969 -5.862 -6.124
0.013 -0.05655 9.60206 1.3380589485 2.5236650388    1.261  3.187  3.5434  0.477    7  0.000  0.390    64.88    38.17    25.10    19.63    16.01  2 -4.76e-08      0.00 6.937e-01 2.924e-01 1.688e-03 1.350e-03 5.773e-03 -1.000 1.392e-02 -3.199 2.542 0.724 -0.848 -2.090 -3.485 -4.952 -5.844 -6.106
0.013 -0.05655 9.60206 1.3380590677 2.5236650516    1.261  3.170  3.5452  0.502    7  0.000  0.390    61.64    36.49    24.04    18.79    15.32  2 -4.42e-08      0.00 6.937e-01 2.924e-01 1.688e-03 1.350e-03 5.773e-03 -1.000 1.392e-02 -3.155 2.541 0.699 -0.880 -2.098 -3.459 -4.903 -5.791 -6.050
0.013 -0.05655 9.60206 1.3380591869 2.5236650644    1.261  3.224  3.5390  0.423    7  0.000  0.390    72.45    42.06    27.54    21.56    17.59  2 -5.57e-08      0.00 6.937e-01 2.924e-01 1.688e-03 1.350e-03 5.773e-03 -1.000 1.392e-02 -3.289 2.551 0.798 -0.755 -2.054 -3.531 -5.057 -5.956 -6.225
0.013 -0.05655 9.60206 1.3380593061 2.5236650772    1.260  3.216  3.5399  0.434    7  0.000  0.390    70.84    41.24    27.02    21.15    17.26  2 -5.38e-08      0.00 6.937e-01 2.924e-01 1.688e-03 1.350e-03 5.773e-03 -1.000 1.392e-02 -3.270 2.551 0.781 -0.777 -2.063 -3.524 -5.035 -5.933 -6.201
0.013 -0.05655 9.60206 1.3380594254 2.5236650899    1.260  3.212  3.5404  0.440    7  0.000  0.390    69.91    40.76    26.72    20.92    17.06  2 -5.29e-08      0.00 6.937e-01 2.924e-01 1.688e-03 1.350e-03 5.773e-03 -1.000 1.392e-02 -3.259 2.550 0.773 -0.788 -2.067 -3.518 -5.023 -5.920 -6.186
0.013 -0.05655 9.60206 1.3380595446 2.5236651027    1.260  3.213  3.5401  0.437    7  0.000  0.390    70.31    40.97    26.85    21.02    17.15  2 -5.33e-08      0.00 6.937e-01 2.924e-01 1.688e-03 1.350e-03 5.773e-03 -1.000 1.392e-02 -3.264 2.551 0.778 -0.782 -2.064 -3.520 -5.028 -5.925 -6.192
0.013 -0.05655 9.60206 1.3380603790 2.5236651921    1.260  3.256  3.5347  0.373    7  0.000  0.390    80.25    46.02    30.01    23.53    19.20  2  -6.4e-08      0.00 6.937e-01 2.924e-01 1.688e-03 1.350e-03 5.773e-03 -1.000 1.392e-02 -3.370 2.562 0.892 -0.637 -2.001 -3.557 -5.153 -6.058 -6.335
0.013 -0.05655 9.60206 1.3380610943 2.5236652687    1.259  3.286  3.5309  0.328    7  0.000  0.390    88.06    49.94    32.44    25.47    20.79  2 -7.21e-08      0.00 6.937e-01 2.924e-01 1.688e-03 1.350e-03 5.773e-03 -1.000 1.392e-02 -3.445 2.571 0.974 -0.533 -1.956 -3.581 -5.241 -6.150 -6.434
0.013 -0.05655 9.60206 1.3380616903 2.5236653326    1.259  3.310  3.5278  0.291    7  0.000  0.390    94.93    53.35    34.55    27.16    22.17  2 -7.98e-08      0.00 6.937e-01 2.924e-01 1.688e-03 1.350e-03 5.773e-03 -1.000 1.392e-02 -3.506 2.576 1.054 -0.432 -1.910 -3.588 -5.312 -6.225 -6.514
0.013 -0.05655 9.60206 1.3380624056 2.5236654092    1.258  3.333  3.5249  0.257    7  0.000  0.390   101.84    56.75    36.66    28.83    23.54  2 -8.78e-08      0.00 6.937e-01 2.924e-01 1.688e-03 1.350e-03 5.773e-03 -1.000 1.392e-02 -3.562 2.582 1.138 -0.327 -1.861 -3.588 -5.378 -6.294 -6.589
0.013 -0.05655 9.60206 1.3380632401 2.5236654986    1.258  3.355  3.5220  0.223    7  0.529  0.390   109.28    60.38    38.89    30.62    25.00  2 -9.66e-08      0.00 6.937e-01 2.924e-01 1.688e-03 1.350e-03 5.773e-03 -1.000 1.392e-02 -3.617 2.590 1.226 -0.217 -1.808 -3.585 -5.444 -6.363 -6.664
0.013 -0.05655 9.60206 1.3380644321 2.5236656263    1.257  3.379  3.5186  0.185    7  0.528  0.390   118.10    64.65    41.51    32.72    26.72  1 -1.07e-07      0.00 6.937e-01 2.924e-01 1.688e-03 1.350e-03 5.773e-03 -1.000 1.392e-02 -3.678 2.600 1.339 -0.074 -1.737 -3.568 -5.516 -6.438 -6.746
0.013 -0.05655 9.60206 1.3380651474 2.5236657030    1.256  3.388  3.5174  0.170    7  0.528  0.390   121.59    66.32    42.53    33.54    27.39  1 -1.12e-07      0.00 6.937e-01 2.924e-01 1.688e-03 1.350e-03 5.773e-03 -1.000 1.392e-02 -3.700 2.604 1.386 -0.012 -1.706 -3.555 -5.542 -6.465 -6.777
0.013 -0.05655 9.60206 1.3380652666 2.5236657157    1.255  3.388  3.5174  0.170    8  0.528  0.410   121.59    66.32    42.54    33.54    27.39  1 -1.12e-07      0.00 6.937e-01 2.932e-01 1.780e-03 1.352e-03 5.787e-03 -1.000 1.318e-02 -3.700 2.604 1.386 -0.012 -1.706 -3.555 -5.542 -6.465 -6.777
0.013 -0.05655 9.60206 1.3380653858 2.5236657285    1.255  3.136  3.5486  0.547    8  0.528  0.410    56.09    33.57    22.20    17.33    14.13  2 -3.88e-08      0.00 6.937e-01 2.932e-01 1.780e-03 1.352e-03 5.787e-03 -1.000 1.318e-02 -3.071 2.546 0.664 -0.928 -2.107 -3.407 -4.808 -5.691 -5.943
0.013 -0.05655 9.60206 1.3380655050 2.5236657413    1.255  3.037  3.5608  0.695    8  0.528  0.410    41.39    25.70    17.20    13.37    10.90  2 -2.53e-08      0.00 6.937e-01 2.932e-01 1.780e-03 1.352e-03 5.787e-03 -1.000 1.318e-02 -2.823 2.511 0.542 -1.076 -2.142 -3.241 -4.524 -5.382 -5.615
0.013 -0.05655 9.60206 1.3380659819 2.5236657924    1.255  2.847  3.5840  0.977    8  0.528  0.410    23.16    15.42    10.56     8.15     6.63  3 -1.08e-08      0.00 6.937e-01 2.932e-01 1.780e-03 1.352e-03 5.787e-03 -1.000 1.318e-02 -2.348 2.381 0.468 -1.116 -2.039 -2.864 -3.988 -4.790 -4.988
0.013 -0.05655 9.60206 1.3380664587 2.5236658434    1.254  2.864  3.5818  0.951    8  0.528  0.410    24.45    16.17    11.05     8.53     6.94  3 -1.17e-08      0.00 6.937e-01 2.932e-01 1.780e-03 1.352e-03 5.787e-03 -1.000 1.318e-02 -2.391 2.403 0.471 -1.121 -2.056 -2.899 -4.036 -4.845 -5.045
0.013 -0.05655 9.60206 1.3380671740 2.5236659201    1.253  2.980  3.5673  0.777    8  0.528  0.410    34.95    22.14    14.92    11.58     9.43  3 -1.98e-08      0.00 6.937e-01 2.932e-01 1.780e-03 1.352e-03 5.787e-03 -1.000 1.318e-02 -2.681 2.491 0.515 -1.103 -2.123 -3.131 -4.364 -5.207 -5.430
0.013 -0.05655 9.60206 1.3380681276 2.5236660222    1.252  3.140  3.5474  0.537    8  0.528  0.410    57.19    34.15    22.56    17.62    14.37  2 -3.97e-08      0.00 6.937e-01 2.932e-01 1.780e-03 1.352e-03 5.787e-03 -1.000 1.318e-02 -3.080 2.560 0.696 -0.889 -2.082 -3.404 -4.821 -5.706 -5.961
0.013 -0.05655 9.60206 1.3380692005 2.5236661372    1.251  3.278  3.5302  0.331    8  0.529  0.410    87.43    49.61    32.23    25.31    20.65  2 -7.12e-08      0.00 6.937e-01 2.932e-01 1.780e-03 1.352e-03 5.787e-03 -1.000 1.318e-02 -3.424 2.598 1.021 -0.479 -1.911 -3.550 -5.222 -6.133 -6.417
0.013 -0.05655 9.60206 1.3380705118 2.5236662777    1.250  3.369  3.5186  0.193    8  0.529  0.410   116.03    63.63    40.88    32.22    26.31  2 -1.04e-07      0.00 6.937e-01 2.932e-01 1.780e-03 1.352e-03 5.787e-03 -1.000 1.318e-02 -3.651 2.620 1.364 -0.046 -1.709 -3.540 -5.489 -6.412 -6.720
0.013 -0.05655 9.60206 1.3380719423 2.5236664309    1.248  3.418  3.5121  0.117    8  0.529  0.410   135.61    72.97    46.60    36.80    30.06  1 -1.28e-07      0.00 6.937e-01 2.932e-01 1.780e-03 1.352e-03 5.787e-03 -1.000 1.318e-02 -3.775 2.635 1.605 0.269 -1.551 -3.481 -5.634 -6.563 -6.885
0.013 -0.05655 9.60206 1.3380736113 2.5236666097    1.247  3.443  3.5086  0.077    8  0.529  0.410   147.00    78.33    49.85    39.41    32.20  1 -1.42e-07      0.00 6.937e-01 2.932e-01 1.780e-03 1.352e-03 5.787e-03 -1.000 1.318e-02 -3.837 2.643 1.729 0.431 -1.468 -3.446 -5.707 -6.640 -6.969
0.013 -0.05655 9.60206 1.3380753994 2.5236668013    1.245  3.458  3.5061  0.051    8  0.530  0.410   155.04    82.07    52.12    41.24    33.70  0 -1.52e-07      0.00 6.937e-01 2.932e-01 1.780e-03 1.352e-03 5.787e-03 -1.000 1.318e-02 -3.876 2.649 1.810 0.536 -1.412 -3.417 -5.754 -6.689 -7.022
0.013 -0.05655 9.60206 1.3380755186 2.5236668141    1.245  3.273  3.5289  0.328    8  0.530  0.410    87.74    49.75    32.32    25.38    20.71  2 -7.06e-08      0.00 6.937e-01 2.932e-01 1.780e-03 1.352e-03 5.787e-03 -1.000 1.318e-02 -3.412 2.626 1.085 -0.403 -1.856 -3.515 -5.214 -6.126 -6.413
0.013 -0.05655 9.60206 1.3380757570 2.5236668396    1.244  3.113  3.5486  0.567    8  0.530  0.410    53.74    32.33    21.41    16.71    13.62  2 -3.58e-08      0.00 6.937e-01 2.932e-01 1.780e-03 1.352e-03 5.787e-03 -1.000 1.318e-02 -3.012 2.590 0.719 -0.868 -2.046 -3.347 -4.748 -5.632 -5.884
0.013 -0.05655 9.60206 1.3380761147 2.5236668779    1.244  2.922  3.5720  0.851    8  0.530  0.410    29.95    19.33    13.10    10.15     8.26  3 -1.56e-08      0.00 6.937e-01 2.932e-01 1.780e-03 1.352e-03 5.787e-03 -1.000 1.318e-02 -2.535 2.505 0.541 -1.069 -2.058 -3.006 -4.204 -5.038 -5.253
0.013 -0.05655 9.60206 1.3380767107 2.5236669418    1.243  2.937  3.5701  0.828    8  0.530  0.410    31.42    20.16    13.64    10.57     8.61  3 -1.67e-08      0.00 6.937e-01 2.932e-01 1.780e-03 1.352e-03 5.787e-03 -1.000 1.318e-02 -2.573 2.518 0.548 -1.067 -2.067 -3.036 -4.247 -5.086 -5.304
0.013 -0.05655 9.60206 1.3380775452 2.5236670312    1.242  3.049  3.5561  0.659    8  0.530  0.410    44.40    27.33    18.24    14.20    11.57  2 -2.74e-08      0.00 6.937e-01 2.932e-01 1.780e-03 1.352e-03 5.787e-03 -1.000 1.318e-02 -2.853 2.573 0.644 -0.961 -2.067 -3.242 -4.568 -5.437 -5.676
0.013 -0.05655 9.60206 1.3380786180 2.5236671461    1.241  3.204  3.5369  0.427    8  0.530  0.410    71.55    41.57    27.22    21.33    17.40  2 -5.33e-08      0.00 6.937e-01 2.932e-01 1.780e-03 1.352e-03 5.787e-03 -1.000 1.318e-02 -3.240 2.621 0.922 -0.611 -1.940 -3.454 -5.015 -5.918 -6.190
0.013 -0.05655 9.60206 1.3380798101 2.5236672738    1.240  3.336  3.5204  0.228    8  0.531  0.410   107.62    59.52    38.35    30.20    24.66  2  -9.3e-08      0.00 6.937e-01 2.932e-01 1.780e-03 1.352e-03 5.787e-03 -1.000 1.318e-02 -3.571 2.650 1.341 -0.083 -1.704 -3.506 -5.403 -6.324 -6.628
0.013 -0.05655 9.60206 1.3380811214 2.5236674143    1.238  3.422  3.5095  0.099    8  0.531  0.410   140.43    75.20    47.94    37.89    30.95  1 -1.33e-07      0.00 6.937e-01 2.932e-01 1.780e-03 1.352e-03 5.787e-03 -1.000 1.318e-02 -3.785 2.668 1.729 0.425 -1.453 -3.419 -5.652 -6.584 -6.911
0.013 -0.05655 9.60206 1.3380827904 2.5236675931    1.236  3.466  3.5038  0.032    8  0.531  0.410   161.26    84.91    53.83    42.63    34.83  0  -1.6e-07      0.00 6.937e-01 2.932e-01 1.780e-03 1.352e-03 5.787e-03 -1.000 1.318e-02 -3.895 2.670 1.906 0.657 -1.339 -3.370 -5.780 -6.717 -7.055
0.013 -0.05655 9.60206 1.3380845785 2.5236677847    1.234  3.485  3.5012  0.001    8  0.532  0.410   171.54    89.63    56.69    44.93    36.71  0 -1.73e-07      0.00 6.937e-01 2.932e-01 1.780e-03 1.352e-03 5.787e-03 -1.000 1.318e-02 -3.942 2.676 2.000 0.778 -1.276 -3.337 -5.835 -6.776 -7.118
0.013 -0.05655 9.60206 1.3380866051 2.5236680018    1.232  3.494  3.4997 -0.015    8  0.532  0.410   177.23    92.22    58.25    46.19    37.74  0 -1.81e-07      0.00 6.937e-01 2.932e-01 1.780e-03 1.352e-03 5.787e-03 -1.000 1.318e-02 -3.965 2.681 2.054 0.847 -1.239 -3.316 -5.863 -6.805 -7.151
0.013 -0.05655 9.60206 1.3380867243 2.5236680146    1.231  3.316  3.5219  0.252    8  0.532  0.410   102.28    56.89    36.72    28.91    23.60  2 -8.69e-08      0.00 6.937e-01 2.932e-01 1.780e-03 1.352e-03 5.787e-03 -1.000 1.318e-02 -3.519 2.663 1.314 -0.120 -1.709 -3.485 -5.345 -6.265 -6.566
0.013 -0.05655 9.60206 1.3380869627 2.5236680401    1.231  3.157  3.5417  0.490    8  0.532  0.410    62.69    37.00    24.35    19.05    15.53  2 -4.46e-08      0.00 6.937e-01 2.932e-01 1.780e-03 1.352e-03 5.787e-03 -1.000 1.318e-02 -3.121 2.629 0.849 -0.707 -1.966 -3.391 -4.880 -5.776 -6.039
0.013 -0.05655 9.60206 1.3380874395 2.5236680912    1.230  2.966  3.5654  0.775    8  0.532  0.410    34.87    22.10    14.88    11.56     9.41  3 -1.96e-08      0.00 6.937e-01 2.932e-01 1.780e-03 1.352e-03 5.787e-03 -1.000 1.318e-02 -2.645 2.556 0.595 -1.018 -2.050 -3.086 -4.333 -5.182 -5.407
0.013 -0.05655 9.60206 1.3380881548 2.5236681678    1.229  2.981  3.5634  0.752    8  0.533  0.410    36.57    23.04    15.49    12.03     9.80  3  -2.1e-08      0.00 6.937e-01 2.932e-01 1.780e-03 1.352e-03 5.787e-03 -1.000 1.318e-02 -2.683 2.566 0.607 -1.005 -2.051 -3.114 -4.376 -5.230 -5.458
0.013 -0.05655 9.60206 1.3380889893 2.5236682572    1.228  3.092  3.5495  0.586    8  0.533  0.410    51.51    31.13    20.65    16.11    13.13  2  -3.4e-08      0.00 6.937e-01 2.932e-01 1.780e-03 1.352e-03 5.787e-03 -1.000 1.318e-02 -2.959 2.615 0.736 -0.852 -2.019 -3.303 -4.693 -5.576 -5.826
0.013 -0.05655 9.60206 1.3380900621 2.5236683721    1.226  3.244  3.5304  0.356    8  0.533  0.410    82.53    47.10    30.66    24.08    19.64  2 -6.52e-08      0.00 6.937e-01 2.932e-01 1.780e-03 1.352e-03 5.787e-03 -1.000 1.318e-02 -3.340 2.658 1.087 -0.408 -1.834 -3.468 -5.137 -6.048 -6.332
0.013 -0.05655 9.60206 1.3380914927 2.5236685254    1.225  3.374  3.5139  0.160    8  0.533  0.410   123.51    67.12    43.00    33.94    27.71  1 -1.12e-07      0.00 6.937e-01 2.932e-01 1.780e-03 1.352e-03 5.787e-03 -1.000 1.318e-02 -3.664 2.687 1.600 0.249 -1.522 -3.422 -5.517 -6.444 -6.762
0.013 -0.05655 9.60206 1.3380930424 2.5236686914    1.222  3.457  3.5032  0.033    8  0.534  0.410   160.58    84.50    53.58    42.44    34.67  0 -1.59e-07      0.00 6.937e-01 2.932e-01 1.780e-03 1.352e-03 5.787e-03 -1.000 1.318e-02 -3.874 2.695 1.954 0.713 -1.295 -3.331 -5.761 -6.699 -7.037
0.013 -0.05655 9.60206 1.3380947113 2.5236688702    1.220  3.500  3.4975 -0.034    8  0.534  0.410   183.97    95.21    60.04    47.64    38.93  0  -1.9e-07      0.00 6.937e-01 2.932e-01 1.780e-03 1.352e-03 5.787e-03 -1.000 1.318e-02 -3.981 2.700 2.137 0.945 -1.177 -3.270 -5.886 -6.829 -7.179
0.013 -0.05655 9.60206 1.3380967379 2.5236690873    1.217  3.518  3.4950 -0.063    8  0.535  0.410   195.42   100.37    63.14    50.14    40.98  0 -2.06e-07      0.00 6.937e-01 2.932e-01 1.780e-03 1.352e-03 5.787e-03 -1.000 1.318e-02 -4.026 2.704 2.215 1.040 -1.128 -3.241 -5.940 -6.885 -7.239
0.013 -0.05655 9.60206 1.3380990028 2.5236693300    1.214  3.527  3.4936 -0.079    8  0.535  0.410   201.69   103.16    64.81    51.50    42.09  0 -2.15e-07      0.00 6.937e-01 2.932e-01 1.780e-03 1.352e-03 5.787e-03 -1.000 1.318e-02 -4.048 2.708 2.260 1.095 -1.098 -3.222 -5.966 -6.913 -7.270
0.013 -0.05655 9.60206 1.3380991220 2.5236693427    1.214  3.358  3.5150  0.176    8  0.535  0.410   119.31    65.06    41.73    32.94    26.89  1 -1.08e-07      0.00 6.937e-01 2.932e-01 1.780e-03 1.352e-03 5.787e-03 -1.000 1.318e-02 -3.625 2.700 1.579 0.216 -1.529 -3.413 -5.474 -6.401 -6.716
0.013 -0.05655 9.60206 1.3380993605 2.5236693683    1.213  3.200  3.5350  0.413    8  0.536  0.410    73.19    42.37    27.70    21.73    17.72  2  -5.6e-08      0.00 6.937e-01 2.932e-01 1.780e-03 1.352e-03 5.787e-03 -1.000 1.318e-02 -3.231 2.665 1.006 -0.514 -1.871 -3.420 -5.012 -5.918 -6.193
0.013 -0.05655 9.60206 1.3380999565 2.5236694321    1.212  3.010  3.5591  0.700    8  0.536  0.410    40.59    25.25    16.90    13.15    10.71  2 -2.49e-08      0.00 6.937e-01 2.932e-01 1.780e-03 1.352e-03 5.787e-03 -1.000 1.318e-02 -2.756 2.598 0.650 -0.959 -2.038 -3.164 -4.462 -5.325 -5.559
0.013 -0.05655 9.60206 1.3381006718 2.5236695088    1.211  3.026  3.5571  0.676    8  0.536  0.410    42.59    26.34    17.60    13.70    11.16  2 -2.67e-08      0.00 6.937e-01 2.932e-01 1.780e-03 1.352e-03 5.787e-03 -1.000 1.318e-02 -2.794 2.606 0.672 -0.933 -2.030 -3.189 -4.505 -5.372 -5.610
0.013 -0.05655 9.60206 1.3381016254 2.5236696109    1.210  3.134  3.5432  0.511    8  0.536  0.410    59.81    35.48    23.39    18.30    14.91  2 -4.27e-08      0.00 6.937e-01 2.932e-01 1.780e-03 1.352e-03 5.787e-03 -1.000 1.318e-02 -3.066 2.649 0.850 -0.711 -1.952 -3.350 -4.819 -5.713 -5.974
0.013 -0.05655 9.60206 1.3381028175 2.5236697386    1.208  3.283  3.5240  0.285    8  0.537  0.410    95.29    53.39    34.55    27.19    22.19  2 -8.04e-08      0.00 6.937e-01 2.932e-01 1.780e-03 1.352e-03 5.787e-03 -1.000 1.318e-02 -3.438 2.691 1.288 -0.161 -1.707 -3.446 -5.257 -6.175 -6.471
0.013 -0.05655 9.60206 1.3381042480 2.5236698919    1.205  3.410  3.5076  0.091    8  0.537  0.410   141.91    75.72    48.23    38.16    31.16  1 -1.36e-07      0.00 6.937e-01 2.932e-01 1.780e-03 1.352e-03 5.787e-03 -1.000 1.318e-02 -3.756 2.720 1.842 0.560 -1.354 -3.340 -5.629 -6.563 -6.893
0.013 -0.05655 9.60206 1.3381060362 2.5236700834    1.203  3.492  3.4969 -0.035    8  0.538  0.410   183.94    95.06    59.93    47.58    38.88  0 -1.92e-07      0.00 6.937e-01 2.932e-01 1.780e-03 1.352e-03 5.787e-03 -1.000 1.318e-02 -3.961 2.726 2.183 0.997 -1.135 -3.233 -5.868 -6.813 -7.163
0.013 -0.05655 9.60206 1.3381079435 2.5236702878    1.199  3.534  3.4912 -0.100    8  0.538  0.410   209.47   106.96    67.07    53.34    43.60  0 -2.29e-07      0.00 6.937e-01 2.932e-01 1.780e-03 1.352e-03 5.787e-03 -1.000 1.318e-02 -4.066 2.729 2.350 1.201 -1.031 -3.172 -5.991 -6.940 -7.301
0.013 -0.05655 9.60206 1.3381100893 2.5236705176    1.196  3.552  3.4887 -0.130    8  0.539  0.410   218.74   112.75    70.53    56.15    45.90  0 -2.48e-07      0.00 6.937e-01 2.932e-01 1.780e-03 1.352e-03 5.787e-03 -1.000 1.318e-02 -4.111 2.731 2.411 1.265 -0.998 -3.153 -6.045 -6.995 -7.361
0.013 -0.05655 9.60206 1.3381125927 2.5236707858    1.192  3.561  3.4873 -0.146    8  0.540  0.410   223.76   115.94    72.43    57.69    47.16  0  -2.6e-07      0.00 6.937e-01 2.932e-01 1.780e-03 1.352e-03 5.787e-03 -1.000 1.318e-02 -4.133 2.733 2.438 1.286 -0.987 -3.145 -6.071 -7.022 -7.390
0.013 -0.05655 9.60206 1.3381127119 2.5236707986    1.192  3.403  3.5078  0.094    8  0.540  0.410   140.78    75.12    47.85    37.87    30.93  1 -1.37e-07      0.00 6.937e-01 2.932e-01 1.780e-03 1.352e-03 5.787e-03 -1.000 1.318e-02 -3.738 2.734 1.852 0.569 -1.342 -3.326 -5.611 -6.545 -6.874
0.013 -0.05655 9.60206 1.3381129503 2.5236708241    1.191  3.247  3.5280  0.331    8  0.540  0.410    86.44    48.98    31.80    25.01    20.41  2 -7.21e-08      0.00 6.937e-01 2.932e-01 1.780e-03 1.352e-03 5.787e-03 -1.000 1.318e-02 -3.348 2.698 1.188 -0.289 -1.759 -3.433 -5.153 -6.067 -6.356
0.013 -0.05655 9.60206 1.3381135464 2.5236708880    1.190  3.058  3.5526  0.618    8  0.540  0.410    47.77    29.12    19.36    15.11    12.31  2 -3.24e-08      0.00 6.937e-01 2.932e-01 1.780e-03 1.352e-03 5.787e-03 -1.000 1.318e-02 -2.875 2.633 0.728 -0.870 -2.007 -3.240 -4.599 -5.475 -5.721
0.013 -0.05655 9.60206 1.3381143808 2.5236709774    1.188  3.073  3.5506  0.594    8  0.540  0.410    50.17    30.39    20.16    15.75    12.83  2 -3.47e-08      0.00 6.937e-01 2.932e-01 1.780e-03 1.352e-03 5.787e-03 -1.000 1.318e-02 -2.912 2.642 0.751 -0.842 -1.998 -3.265 -4.643 -5.523 -5.772
0.013 -0.05655 9.60206 1.3381153345 2.5236710795    1.186  3.179  3.5366  0.431    8  0.540  0.410    70.20    40.80    26.71    20.96    17.09  2 -5.49e-08      0.00 6.937e-01 2.932e-01 1.780e-03 1.352e-03 5.787e-03 -1.000 1.318e-02 -3.178 2.684 0.994 -0.536 -1.868 -3.388 -4.954 -5.857 -6.130
0.013 -0.05655 9.60206 1.3381166458 2.5236712200    1.184  3.325  3.5174  0.208    8  0.541  0.410   111.10    61.00    39.22    30.95    25.26  1 -1.01e-07      0.00 6.937e-01 2.932e-01 1.780e-03 1.352e-03 5.787e-03 -1.000 1.318e-02 -3.541 2.729 1.526 0.137 -1.550 -3.397 -5.383 -6.307 -6.617
0.013 -0.05655 9.60206 1.3381181955 2.5236713860    1.181  3.448  3.5009  0.018    8  0.541  0.410   164.54    86.04    54.46    43.21    35.29  0 -1.69e-07      0.00 6.937e-01 2.932e-01 1.780e-03 1.352e-03 5.787e-03 -1.000 1.318e-02 -3.850 2.754 2.089 0.874 -1.180 -3.242 -5.745 -6.686 -7.028
0.013 -0.05655 9.60206 1.3381199837 2.5236715776    1.177  3.528  3.4901 -0.107    8  0.542  0.410   209.94   107.66    67.46    53.70    43.89  0 -2.35e-07      0.00 6.937e-01 2.932e-01 1.780e-03 1.352e-03 5.787e-03 -1.000 1.318e-02 -4.050 2.760 2.414 1.273 -0.976 -3.125 -5.979 -6.929 -7.292
0.013 -0.05655 9.60206 1.3381220102 2.5236717947    1.173  3.569  3.4844 -0.172    8  0.543  0.410   231.25   121.00    75.42    60.14    49.17  0 -2.79e-07      0.00 6.937e-01 2.932e-01 1.780e-03 1.352e-03 5.787e-03 -1.000 1.318e-02 -4.152 2.757 2.513 1.351 -0.939 -3.105 -6.099 -7.051 -7.424
0.013 -0.05655 9.60206 1.3381242752 2.5236720373    1.168  3.586  3.4817 -0.202    8  0.544  0.410   241.58   127.61    79.34    63.33    51.78  0 -3.03e-07      0.00 6.937e-01 2.932e-01 1.780e-03 1.352e-03 5.787e-03 -1.000 1.318e-02 -4.196 2.761 2.564 1.391 -0.918 -3.090 -6.151 -7.105 -7.482
0.013 -0.05655 9.60206 1.3381268978 2.5236723182    1.163  3.595  3.4802 -0.219    8  0.544  0.410   247.37   131.39    81.57    65.15    53.27  0 -3.18e-07      0.00 6.937e-01 2.932e-01 1.780e-03 1.352e-03 5.787e-03 -1.000 1.318e-02 -4.218 2.766 2.596 1.416 -0.903 -3.079 -6.177 -7.133 -7.513
0.013 -0.05655 9.60206 1.3381270170 2.5236723310    1.163  3.450  3.4996  0.004    8  0.544  0.410   168.72    87.82    55.52    44.08    36.00  0 -1.78e-07      0.00 6.937e-01 2.932e-01 1.780e-03 1.352e-03 5.787e-03 -1.000 1.318e-02 -3.854 2.775 2.153 0.951 -1.131 -3.206 -5.752 -6.695 -7.040
0.013 -0.05655 9.60206 1.3381272554 2.5236723566    1.162  3.296  3.5201  0.240    8  0.545  0.410   103.66    57.33    36.95    29.15    23.79  2  -9.5e-08      0.00 6.937e-01 2.932e-01 1.780e-03 1.352e-03 5.787e-03 -1.000 1.318e-02 -3.469 2.744 1.446 0.027 -1.596 -3.400 -5.302 -6.224 -6.528
0.013 -0.05655 9.60206 1.3381278515 2.5236724204    1.160  3.107  3.5454  0.529    8  0.545  0.410    57.01    33.97    22.41    17.55    14.30  2 -4.32e-08      0.00 6.937e-01 2.932e-01 1.780e-03 1.352e-03 5.787e-03 -1.000 1.318e-02 -2.997 2.675 0.844 -0.729 -1.944 -3.302 -4.744 -5.633 -5.890
0.013 -0.05655 9.60206 1.3381285667 2.5236724970    1.158  3.122  3.5433  0.505    8  0.545  0.410    59.88    35.46    23.35    18.30    14.91  2 -4.63e-08      0.00 6.937e-01 2.932e-01 1.780e-03 1.352e-03 5.787e-03 -1.000 1.318e-02 -3.034 2.684 0.880 -0.684 -1.924 -3.319 -4.787 -5.680 -5.941
0.013 -0.05655 9.60206 1.3381296396 2.5236726120    1.155  3.225  3.5292  0.345    8  0.546  0.410    83.40    47.38    30.79    24.23    19.76  2  -7.2e-08      0.00 6.937e-01 2.932e-01 1.780e-03 1.352e-03 5.787e-03 -1.000 1.318e-02 -3.292 2.728 1.186 -0.301 -1.747 -3.401 -5.093 -6.006 -6.292
0.013 -0.05655 9.60206 1.3381308317 2.5236727397    1.152  3.365  3.5100  0.126    8  0.546  0.410   130.88    70.26    44.86    35.51    28.99  1  -1.3e-07      0.00 6.937e-01 2.932e-01 1.780e-03 1.352e-03 5.787e-03 -1.000 1.318e-02 -3.643 2.781 1.835 0.532 -1.333 -3.291 -5.508 -6.441 -6.766
0.013 -0.05655 9.60206 1.3381323814 2.5236729057    1.147  3.484  3.4936 -0.061    8  0.547  0.410   192.41    98.38    61.86    49.22    40.21  0 -2.12e-07      0.00 6.937e-01 2.932e-01 1.780e-03 1.352e-03 5.787e-03 -1.000 1.318e-02 -3.941 2.797 2.351 1.190 -0.997 -3.119 -5.859 -6.806 -7.162
0.013 -0.05655 9.60206 1.3381341696 2.5236730972    1.142  3.561  3.4827 -0.182    8  0.547  0.410   232.68   122.49    76.26    60.88    49.76  0 -2.91e-07      0.00 6.937e-01 2.932e-01 1.780e-03 1.352e-03 5.787e-03 -1.000 1.318e-02 -4.133 2.798 2.584 1.418 -0.882 -3.051 -6.084 -7.038 -7.413
0.013 -0.05655 9.60206 1.3381361961 2.5236733143    1.137  3.600  3.4770 -0.246    8  0.548  0.410   255.78   137.30    85.03    68.02    55.61  0 -3.44e-07      0.00 6.937e-01 2.932e-01 1.780e-03 1.352e-03 5.787e-03 -1.000 1.318e-02 -4.229 2.798 2.675 1.483 -0.851 -3.035 -6.198 -7.155 -7.539
0.013 -0.05655 9.60206 1.3381384611 2.5236735569    1.130  3.616  3.4742 -0.276    8  0.549  0.410   266.95   144.64    89.36    71.55    58.49  0 -3.73e-07      0.00 6.937e-01 2.932e-01 1.780e-03 1.352e-03 5.787e-03 -1.000 1.318e-02 -4.270 2.799 2.714 1.511 -0.836 -3.028 -6.247 -7.205 -7.593
0.013 -0.05655 9.60206 1.3381409645 2.5236738251    1.123  3.624  3.4727 -0.293    8  0.550  0.410   273.19   148.84    91.82    73.56    60.15  0 -3.94e-07      0.00 6.937e-01 2.932e-01 1.780e-03 1.352e-03 5.787e-03 -1.000 1.318e-02 -4.289 2.804 2.740 1.531 -0.823 -3.020 -6.270 -7.229 -7.619
0.013 -0.05655 9.60206 1.3381410837 2.5236738379    1.123  3.492  3.4909 -0.088    8  0.550  0.410   200.44   102.81    64.49    51.39    41.98  0 -2.33e-07      0.00 6.937e-01 2.932e-01 1.780e-03 1.352e-03 5.787e-03 -1.000 1.318e-02 -3.960 2.826 2.457 1.314 -0.919 -3.061 -5.886 -6.835 -7.196
0.013 -0.05655 9.60206 1.3381413221 2.5236738634    1.121  3.340  3.5119  0.147    8  0.550  0.410   124.68    67.18    42.95    34.01    27.76  1 -1.27e-07      0.00 6.937e-01 2.932e-01 1.780e-03 1.352e-03 5.787e-03 -1.000 1.318e-02 -3.580 2.805 1.793 0.469 -1.351 -3.281 -5.439 -6.370 -6.691
0.013 -0.05655 9.60206 1.3381419182 2.5236739273    1.119  3.152  3.5380  0.439    8  0.550  0.410    68.16    39.64    25.95    20.40    16.62  2 -5.85e-08      0.00 6.937e-01 2.932e-01 1.780e-03 1.352e-03 5.787e-03 -1.000 1.318e-02 -3.110 2.729 1.008 -0.532 -1.843 -3.338 -4.881 -5.782 -6.052
0.013 -0.05655 9.60206 1.3381426334 2.5236740039    1.116  3.167  3.5357  0.414    8  0.551  0.410    71.71    41.44    27.07    21.29    17.35  2 -6.27e-08      0.00 6.937e-01 2.932e-01 1.780e-03 1.352e-03 5.787e-03 -1.000 1.318e-02 -3.147 2.740 1.063 -0.464 -1.810 -3.345 -4.925 -5.829 -6.104
0.013 -0.05655 9.60206 1.3381435871 2.5236741060    1.112  3.267  3.5214  0.255    8  0.551  0.410    99.66    55.21    35.61    28.12    22.94  1 -9.62e-08      0.00 6.937e-01 2.932e-01 1.780e-03 1.352e-03 5.787e-03 -1.000 1.318e-02 -3.398 2.788 1.455 0.027 -1.571 -3.354 -5.226 -6.146 -6.448
0.013 -0.05655 9.60206 1.3381447792 2.5236742337    1.106  3.403  3.5020  0.039    8  0.552  0.410   155.55    81.39    51.57    40.98    33.45  0 -1.69e-07      0.00 6.937e-01 2.932e-01 1.780e-03 1.352e-03 5.787e-03 -1.000 1.318e-02 -3.737 2.837 2.137 0.913 -1.116 -3.164 -5.628 -6.568 -6.907
0.013 -0.05655 9.60206 1.3381462097 2.5236743870    1.100  3.518  3.4853 -0.145    8  0.552  0.410   216.94   113.42    70.80    56.54    46.19  0 -2.73e-07      0.00 6.937e-01 2.932e-01 1.780e-03 1.352e-03 5.787e-03 -1.000 1.318e-02 -4.025 2.853 2.594 1.440 -0.840 -3.001 -5.968 -6.921 -7.291
0.013 -0.05655 9.60206 1.3381478786 2.5236745658    1.093  3.592  3.4743 -0.266    8  0.553  0.410   260.04   140.93    87.10    69.80    57.05  0 -3.72e-07      0.00 6.937e-01 2.932e-01 1.780e-03 1.352e-03 5.787e-03 -1.000 1.318e-02 -4.210 2.851 2.765 1.565 -0.780 -2.971 -6.186 -7.144 -7.532
0.013 -0.05655 9.60206 1.3381497860 2.5236747701    1.085  3.629  3.4683 -0.331    8  0.554  0.410   286.10   158.09    97.18    78.03    63.79  0 -4.73e-07      0.01 6.937e-01 2.932e-01 1.780e-03 1.352e-03 5.787e-03 -1.000 1.318e-02 -4.303 2.852 2.845 1.619 -0.754 -2.963 -6.296 -7.257 -7.653
0.013 -0.05655 9.60206 1.3381520510 2.5236750127    1.076  3.645  3.4653 -0.362    8  0.555  0.410   299.28   166.99   102.38    82.30    67.29  0 -5.75e-07      0.01 6.937e-01 2.932e-01 1.780e-03 1.352e-03 5.787e-03 -1.000 1.318e-02 -4.343 2.872 2.896 1.655 -0.735 -2.955 -6.343 -7.305 -7.706
0.013 -0.05655 9.60206 1.3381544352 2.5236752681    1.065  3.653  3.4634 -0.382    8  0.556  0.410   307.21   172.48   105.57    84.93    69.44  0 -6.45e-07      0.01 6.937e-01 2.932e-01 1.780e-03 1.352e-03 5.787e-03 -1.000 1.318e-02 -4.362 2.891 2.935 1.683 -0.717 -2.943 -6.366 -7.329 -7.734
0.013 -0.05655 9.60206 1.3381545544 2.5236752809    1.065  3.534  3.4805 -0.195    8  0.556  0.410   231.20   123.05    76.47    61.22    50.01  0  -3.2e-07      0.00 6.937e-01 2.932e-01 1.780e-03 1.352e-03 5.787e-03 -1.000 1.318e-02 -4.065 2.895 2.720 1.546 -0.765 -2.938 -6.023 -6.979 -7.358
0.013 -0.05655 9.60206 1.3381547928 2.5236753064    1.062  3.385  3.5020  0.040    8  0.556  0.410   154.27    80.46    50.96    40.55    33.09  0 -1.77e-07      0.00 6.937e-01 2.932e-01 1.780e-03 1.352e-03 5.787e-03 -1.000 1.318e-02 -3.692 2.882 2.182 0.958 -1.070 -3.119 -5.582 -6.522 -6.862
0.013 -0.05655 9.60206 1.3381552696 2.5236753575    1.059  3.197  3.5290  0.334    8  0.556  0.410    83.73    47.27    30.66    24.21    19.73  2 -8.35e-08      0.00 6.937e-01 2.932e-01 1.780e-03 1.352e-03 5.787e-03 -1.000 1.318e-02 -3.223 2.810 1.270 -0.218 -1.670 -3.327 -5.025 -5.938 -6.224
0.013 -0.05655 9.60206 1.3381559849 2.5236754341    1.054  3.212  3.5266  0.307    8  0.556  0.410    88.34    49.51    32.05    25.32    20.64  1 -8.99e-08      0.00 6.937e-01 2.932e-01 1.780e-03 1.352e-03 5.787e-03 -1.000 1.318e-02 -3.259 2.823 1.348 -0.120 -1.619 -3.316 -5.070 -5.985 -6.276
0.013 -0.05655 9.60206 1.3381569386 2.5236755362    1.047  3.309  3.5119  0.148    8  0.557  0.410   122.84    65.90    42.11    33.42    27.25  0 -1.36e-07      0.00 6.937e-01 2.932e-01 1.780e-03 1.352e-03 5.787e-03 -1.000 1.318e-02 -3.503 2.882 1.873 0.548 -1.272 -3.203 -5.362 -6.293 -6.614
0.013 -0.05655 9.60206 1.3381580114 2.5236756512    1.039  3.440  3.4920 -0.066    8  0.557  0.410   188.17    96.78    60.76    48.51    39.60  0 -2.36e-07      0.00 6.937e-01 2.932e-01 1.780e-03 1.352e-03 5.787e-03 -1.000 1.318e-02 -3.831 2.926 2.524 1.375 -0.835 -2.967 -5.753 -6.702 -7.060
0.013 -0.05655 9.60206 1.3381594419 2.5236758044    1.029  3.551  3.4749 -0.249    8  0.558  0.410   248.14   134.54    83.21    66.78    54.55  0 -3.75e-07      0.00 6.937e-01 2.932e-01 1.780e-03 1.352e-03 5.787e-03 -1.000 1.318e-02 -4.108 2.935 2.840 1.644 -0.695 -2.883 -6.082 -7.040 -7.427
0.013 -0.05655 9.60206 1.3381609917 2.5236759704    1.018  3.622  3.4634 -0.371    8  0.559  0.410   297.78   167.20   102.38    82.46    67.39  0 -5.51e-07      0.01 6.937e-01 2.932e-01 1.780e-03 1.352e-03 5.787e-03 -1.000 1.318e-02 -4.286 2.943 2.991 1.746 -0.649 -2.874 -6.291 -7.254 -7.657
0.013 -0.05655 9.60206 1.3381627798 2.5236761619    1.005  3.658  3.4570 -0.438    8  0.560  0.410   328.54   188.09   114.53    92.46    75.57  0 -8.38e-07      0.02 6.937e-01 2.932e-01 1.780e-03 1.352e-03 5.787e-03 -1.000 1.318e-02 -4.375 2.996 3.100 1.831 -0.608 -2.862 -6.393 -7.359 -7.774
0.013 -0.05655 9.60206 1.3381649256 2.5236763918    0.991  3.673  3.4536 -0.473    8  0.560  0.410   344.95   199.66   121.21    97.98    80.09  0 -1.03e-06      0.02 6.937e-01 2.932e-01 1.780e-03 1.352e-03 5.787e-03 -1.000 1.318e-02 -4.413 3.038 3.167 1.891 -0.575 -2.848 -6.436 -7.402 -7.824
0.013 -0.05655 9.60206 1.3381671906 2.5236766344    0.976  3.681  3.4513 -0.496    8  0.562  0.410   355.52   207.45   125.68   101.71    83.14  0 -1.18e-06      0.03 6.937e-01 2.932e-01 1.780e-03 1.352e-03 5.787e-03 -1.000 1.318e-02 -4.432 3.091 3.231 1.947 -0.541 -2.827 -6.455 -7.424 -7.851
0.013 -0.05655 9.60206 1.3381673098 2.5236766472    0.974  3.575  3.4674 -0.327    8  0.562  0.410   274.04   152.61    93.74    75.52    61.68  0 -4.81e-07      0.01 6.937e-01 2.932e-01 1.780e-03 1.352e-03 5.787e-03 -1.000 1.318e-02 -4.167 2.989 2.992 1.766 -0.608 -2.819 -6.162 -7.123 -7.520
0.013 -0.05655 9.60206 1.3381675482 2.5236766727    0.971  3.428  3.4897 -0.092    8  0.562  0.410   190.96    99.70    62.42    49.98    40.78  0 -2.74e-07      0.00 6.937e-01 2.932e-01 1.780e-03 1.352e-03 5.787e-03 -1.000 1.318e-02 -3.799 3.003 2.666 1.529 -0.719 -2.868 -5.728 -6.679 -7.042
0.013 -0.05655 9.60206 1.3381680250 2.5236767238    0.965  3.241  3.5180  0.206    8  0.562  0.410   107.32    58.16    37.30    29.64    24.15  1 -1.32e-07      0.00 6.937e-01 2.932e-01 1.780e-03 1.352e-03 5.787e-03 -1.000 1.318e-02 -3.332 2.936 1.706 0.307 -1.367 -3.205 -5.171 -6.095 -6.404
0.013 -0.05655 9.60206 1.3381686211 2.5236767876    0.956  3.255  3.5155  0.177    8  0.562  0.410   113.67    61.07    39.07    31.08    25.33  0 -1.44e-07      0.00 6.937e-01 2.932e-01 1.780e-03 1.352e-03 5.787e-03 -1.000 1.318e-02 -3.368 2.953 1.813 0.444 -1.292 -3.169 -5.215 -6.142 -6.456
0.013 -0.05655 9.60206 1.3381695747 2.5236768898    0.945  3.350  3.5003  0.017    8  0.563  0.410   158.77    81.39    51.39    41.07    33.49  0 -2.18e-07      0.00 6.937e-01 2.932e-01 1.780e-03 1.352e-03 5.787e-03 -1.000 1.318e-02 -3.604 3.010 2.368 1.159 -0.908 -2.977 -5.500 -6.442 -6.786
0.013 -0.05655 9.60206 1.3381706476 2.5236770047    0.931  3.476  3.4799 -0.197    8  0.563  0.410   221.17   119.45    74.11    59.59    48.63  0 -3.74e-07      0.00 6.937e-01 2.932e-01 1.780e-03 1.352e-03 5.787e-03 -1.000 1.318e-02 -3.920 3.053 2.887 1.711 -0.604 -2.779 -5.879 -6.836 -7.215
0.013 -0.05655 9.60206 1.3381718397 2.5236771324    0.915  3.583  3.4622 -0.382    8  0.564  0.410   291.85   166.14   101.52    82.08    67.03  0 -5.94e-07      0.01 6.937e-01 2.932e-01 1.780e-03 1.352e-03 5.787e-03 -1.000 1.318e-02 -4.186 3.070 3.130 1.878 -0.524 -2.753 -6.194 -7.158 -7.563
0.013 -0.05655 9.60206 1.3381733894 2.5236772984    0.896  3.651  3.4503 -0.507    8  0.565  0.410   318.38    -1.00    -1.00    -1.00    -1.00  0 -1.14e-06      0.03 6.937e-01 2.932e-01 1.780e-03 1.352e-03 5.787e-03 -1.000 1.318e-02 -4.356 3.177 3.329 2.045 -0.449 -2.740 -6.382 -7.351 -7.780
0.013 -0.05655 9.60206 1.3381750584 2.5236774772    0.876  3.685  3.4439 -0.577    8  0.565  0.410   305.14    -1.00    -1.00    -1.00    -1.00  0 -1.77e-06      0.06 6.937e-01 2.932e-01 1.780e-03 1.352e-03 5.787e-03 -1.000 1.318e-02 -4.441 3.332 3.486 2.185 -0.386 -2.720 -6.463 -7.439 -7.886
0.013 -0.05655 9.60206 1.3381770849 2.5236776942    0.853  3.699  3.4408 -0.615    8  0.566  0.410   290.88    -1.00    -1.00    -1.00    -1.00  0 -2.24e-06      0.09 6.937e-01 2.932e-01 1.780e-03 1.352e-03 5.787e-03 -1.000 1.318e-02 -4.477 3.494 3.623 2.296 -0.326 -2.686 -6.487 -7.472 -7.933
0.013 -0.05655 9.60206 1.3381792307 2.5236779241    0.828  3.706  3.4391 -0.641    8  0.567  0.410   275.75    -1.00    -1.00    -1.00    -1.00  0 -2.64e-06      0.11 6.937e-01 2.932e-01 1.780e-03 1.352e-03 5.787e-03 -1.000 1.318e-02 -4.494 3.636 3.730 2.378 -0.281 -2.658 -6.491 -7.484 -7.956
0.013 -0.05655 9.60206 1.3381904364 2.5236791244    0.572 -9.999  4.0000  1.588    9  0.573  0.000     0.00     0.00     0.00     0.00     0.00 -1    -1e-30      0.00 6.937e-01 2.932e-01 1.780e-03 1.352e-03 5.787e-03 -1.000 1.318e-02 29.767 29.725 29.988 30.036 30.024 30.021 30.069 30.067 30.084
#isochrone terminated
